trade_id,timestamp,symbol,book,direction,side,price,qty,notional,fee,slippage,reason,realized_pnl,equity_after,cycle_id
1,2026-06-07 20:00:00+00:00,BTC_USDT,long,long,buy,61884.68785,0.00030000000000000003,18.565406355000004,0.0009282703177500003,6.187850000002072,mart_open,0.0,2329.997215374682,0
2,2026-06-07 20:00:00+00:00,BTC_USDT,short,short,sell,61872.31215,0.00030000000000000003,18.561693645000002,0.0009280846822500001,6.187850000002072,mart_open,0.0,2329.9944309350003,0
3,2026-06-07 22:00:00+00:00,BTC_USDT,long,long,sell,62497.284375027164,0.00030000000000000003,18.74918531250815,0.0009374592656254075,6.250353472845745,mart_tp,0.18284149824252102,2329.880508788243,1
4,2026-06-07 22:00:00+00:00,BTC_USDT,short,short,sell,62794.11679256677,0.0004,25.11764671702671,0.0012558823358513355,6.280039683224459,mart_add,0.0,2329.8473396229333,0
5,2026-06-07 23:00:00+00:00,BTC_USDT,long,long,buy,63337.43311,0.00030000000000000003,19.001229933,0.0009500614966500001,6.333109999999579,mart_open,0.0,2329.5244496284367,1
6,2026-06-08 00:00:00+00:00,BTC_USDT,long,long,funding,63331.1,0.00030000000000000003,18.99933,0.0,0.0,funding,-0.0018999330000000001,2329.5225496954367,1
7,2026-06-08 00:00:00+00:00,BTC_USDT,short,short,funding,63331.1,0.0007000000000000001,44.331770000000006,0.0,0.0,funding,0.004433177000000001,2329.5269828724367,0
8,2026-06-08 00:00:00+00:00,BTC_USDT,short,short,sell,63729.65494160082,0.0007,44.610758459120575,0.0022305379229560288,6.373602854444471,mart_add,0.0,2329.4652707936343,0
9,2026-06-08 05:00:00+00:00,BTC_USDT,short,short,buy,62439.95610908506,0.0014000000000000002,87.4159385527191,0.004370796927635955,6.2433712737838505,mart_tp,0.8697894715005438,2330.876931443988,1
10,2026-06-08 06:00:00+00:00,BTC_USDT,short,short,sell,62985.7008,0.00030000000000000003,18.89571024,0.000944785512,6.299200000001292,mart_open,0.0,2330.9424068984754,1
11,2026-06-08 08:00:00+00:00,BTC_USDT,long,long,funding,63283.0,0.00030000000000000003,18.984900000000003,0.0,0.0,funding,-0.0018984900000000005,2330.9405084084756,1
12,2026-06-08 08:00:00+00:00,BTC_USDT,short,short,funding,63283.0,0.00030000000000000003,18.984900000000003,0.0,0.0,funding,0.0018984900000000005,2330.9424068984754,1
13,2026-06-08 12:00:00+00:00,BTC_USDT,short,short,sell,63924.09326336879,0.0004,25.569637305347516,0.001278481865267376,6.393048631201964,mart_add,0.0,2330.9660057219576,1
14,2026-06-08 14:00:00+00:00,BTC_USDT,long,long,sell,63964.41036035589,0.00030000000000000003,19.18932310810677,0.0009594661554053385,6.39708074410737,mart_tp,0.18713370895136242,2330.922859363909,2
15,2026-06-08 15:00:00+00:00,BTC_USDT,long,long,buy,63778.77724,0.00030000000000000003,19.133633172000003,0.0009566816586000002,6.3772400000016205,mart_open,0.0,2331.05557951025,2
16,2026-06-08 16:00:00+00:00,BTC_USDT,long,long,funding,63772.5,0.00030000000000000003,19.13175,0.0,0.0,funding,-0.001913175,2331.0536263352506,2
17,2026-06-08 16:00:00+00:00,BTC_USDT,short,short,funding,63772.5,0.0007000000000000001,44.640750000000004,0.0,0.0,funding,0.0044640750000000005,2331.0580904102503,1
18,2026-06-09 00:00:00+00:00,BTC_USDT,long,long,funding,63082.3,0.00030000000000000003,18.924690000000002,0.0,0.0,funding,-0.0018924690000000004,2331.33227794125,2
19,2026-06-09 00:00:00+00:00,BTC_USDT,short,short,funding,63082.3,0.0007000000000000001,44.157610000000005,0.0,0.0,funding,0.004415761000000001,2331.33669370225,1
20,2026-06-09 00:00:00+00:00,BTC_USDT,long,long,buy,62828.37779095814,0.0004,25.131351116383257,0.001256567555819163,6.282209558135946,mart_add,0.0,2331.4370060183114,2
21,2026-06-09 00:00:00+00:00,BTC_USDT,short,short,buy,62892.994484715746,0.0007000000000000001,44.02509613930103,0.0022012548069650513,6.288670581416227,mart_tp,0.4380501512395205,2331.2012886242032,2
22,2026-06-09 01:00:00+00:00,BTC_USDT,short,short,sell,62755.12386,0.00030000000000000003,18.826537158,0.0009413268579000001,6.27614000000176,mart_open,0.0,2331.3398644553454,2
23,2026-06-09 08:00:00+00:00,BTC_USDT,long,long,funding,63196.3,0.0007000000000000001,44.23741000000001,0.0,0.0,funding,-0.004423741000000001,2331.5094007143452,2
24,2026-06-09 08:00:00+00:00,BTC_USDT,short,short,funding,63196.3,0.00030000000000000003,18.958890000000004,0.0,0.0,funding,0.0018958890000000004,2331.5112966033453,2
25,2026-06-09 14:00:00+00:00,BTC_USDT,long,long,buy,61892.140719306175,0.0007,43.32449850351432,0.002166224925175716,6.1885952124066534,mart_add,0.0,2330.603191874906,2
26,2026-06-09 14:00:00+00:00,BTC_USDT,short,short,buy,62133.78537866214,0.00030000000000000003,18.640135613598645,0.0009320067806799322,6.212757262139348,mart_tp,0.18546953762067747,2330.4249642545265,3
27,2026-06-09 15:00:00+00:00,BTC_USDT,short,short,sell,61121.48724,0.00030000000000000003,18.336446172000002,0.0009168223086000001,6.112759999996342,mart_open,0.0,2329.8409336042178,3
28,2026-06-09 16:00:00+00:00,BTC_USDT,long,long,funding,61126.5,0.0014000000000000002,85.57710000000002,0.0,0.0,funding,-0.008557710000000001,2329.8311658942175,2
29,2026-06-09 16:00:00+00:00,BTC_USDT,short,short,funding,61126.5,0.00030000000000000003,18.337950000000003,0.0,0.0,funding,0.0018337950000000005,2329.832999689218,3
30,2026-06-09 16:00:00+00:00,BTC_USDT,long,long,buy,60969.85498437743,0.0011,67.06684048281518,0.0033533420241407593,6.096375860848639,mart_add,0.0,2330.5774758643784,2
31,2026-06-09 19:00:00+00:00,BTC_USDT,short,short,sell,62032.105717645136,0.0004,24.812842287058057,0.001240642114352903,6.203830954858859,mart_add,0.0,2332.1166975093224,3
32,2026-06-10 00:00:00+00:00,BTC_USDT,long,long,funding,61720.8,0.0025000000000000005,154.30200000000005,0.0,0.0,funding,-0.015430200000000005,2331.4172673093226,2
33,2026-06-10 00:00:00+00:00,BTC_USDT,short,short,funding,61720.8,0.0007000000000000001,43.20456000000001,0.0,0.0,funding,0.004320456000000001,2331.4215877653223,3
34,2026-06-10 08:00:00+00:00,BTC_USDT,long,long,funding,61685.4,0.0025000000000000005,154.21350000000004,0.0,0.0,funding,-0.015421350000000004,2331.3424464153222,2
35,2026-06-10 08:00:00+00:00,BTC_USDT,short,short,funding,61685.4,0.0007000000000000001,43.17978000000001,0.0,0.0,funding,0.004317978000000001,2331.3467643933222,3
36,2026-06-10 09:00:00+00:00,BTC_USDT,short,short,buy,61031.52479146416,0.0007000000000000001,42.722067354024915,0.002136103367701246,6.102542224922217,mart_tp,0.4250850016654362,2330.9153409359296,4
37,2026-06-10 10:00:00+00:00,BTC_USDT,short,short,sell,61376.76171,0.00030000000000000003,18.413028513,0.00092065142565,6.138290000002598,mart_open,0.0,2331.043328797504,4
38,2026-06-10 13:00:00+00:00,BTC_USDT,short,short,sell,62291.183394336425,0.0004,24.91647335773457,0.0012458236678867286,6.2297413135675015,mart_add,0.0,2332.778256331571,4
39,2026-06-10 15:00:00+00:00,BTC_USDT,long,long,sell,62474.906487523636,0.0025000000000000005,156.18726621880913,0.007809363310940457,6.248115460301051,mart_tp,1.5231335807854285,2333.248683187069,3
40,2026-06-10 16:00:00+00:00,BTC_USDT,short,short,funding,62638.6,0.0007000000000000001,43.84702000000001,0.0,0.0,funding,0.004384702000000001,2333.252997889069,4
41,2026-06-10 16:00:00+00:00,BTC_USDT,long,long,buy,62223.82176,0.00030000000000000003,18.667146528,0.0009333573264,6.221760000000359,mart_open,0.0,2333.5448980037427,3
42,2026-06-10 21:00:00+00:00,BTC_USDT,long,long,buy,61296.59348004336,0.0004,24.518637392017347,0.0012259318696008674,6.129046443362313,mart_add,0.0,2333.912074679856,3
43,2026-06-10 21:00:00+00:00,BTC_USDT,short,short,buy,61286.42353244632,0.0007000000000000001,42.90049647271243,0.0021450248236356217,6.128029550287465,mart_tp,0.4268603731985078,2333.9591231823197,5
44,2026-06-10 22:00:00+00:00,BTC_USDT,short,short,sell,61380.261360000004,0.00030000000000000003,18.414078408,0.0009207039204000002,6.138639999997395,mart_open,0.0,2333.977150886399,5
45,2026-06-11 00:00:00+00:00,BTC_USDT,long,long,funding,61516.8,0.0007000000000000001,43.06176000000001,0.0,0.0,funding,-0.004306176000000001,2334.025004710399,3
46,2026-06-11 00:00:00+00:00,BTC_USDT,short,short,funding,61516.8,0.00030000000000000003,18.455040000000004,0.0,0.0,funding,0.0018455040000000004,2334.026850214399,5
47,2026-06-11 01:00:00+00:00,BTC_USDT,long,long,sell,62304.68570720227,0.0007000000000000001,43.613279995041594,0.00218066399975208,6.231091679888777,mart_tp,0.42531541102450077,2334.369279545441,4
48,2026-06-11 01:00:00+00:00,BTC_USDT,short,short,sell,62294.73518387196,0.0004,24.917894073548787,0.0012458947036774394,6.230096528037393,mart_add,0.0,2334.403327724286,5
49,2026-06-11 02:00:00+00:00,BTC_USDT,long,long,buy,62152.81466,0.00030000000000000003,18.645844398,0.0009322922199000002,6.214659999997821,mart_open,0.0,2334.442461034066,4
50,2026-06-11 03:00:00+00:00,BTC_USDT,long,long,sell,62768.06537231934,0.00030000000000000003,18.830419611695802,0.0009415209805847902,6.277434280658781,mart_tp,0.18363369271521804,2334.249539124781,5
51,2026-06-11 04:00:00+00:00,BTC_USDT,long,long,buy,62735.272899999996,0.00030000000000000003,18.82058187,0.0009410290935000001,6.272899999996298,mart_open,0.0,2334.217456225688,5
52,2026-06-11 08:00:00+00:00,BTC_USDT,long,long,funding,62717.8,0.00030000000000000003,18.815340000000003,0.0,0.0,funding,-0.0018815340000000002,2334.220054691688,5
53,2026-06-11 08:00:00+00:00,BTC_USDT,short,short,funding,62717.8,0.0007000000000000001,43.902460000000005,0.0,0.0,funding,0.004390246,2334.2244449376876,5
54,2026-06-11 10:00:00+00:00,BTC_USDT,short,short,sell,63222.833296008874,0.0007,44.25598330720621,0.0022127991653603106,6.322915621160064,mart_add,0.0,2334.1126554457287,5
55,2026-06-11 16:00:00+00:00,BTC_USDT,long,long,funding,62746.4,0.00030000000000000003,18.82392,0.0,0.0,funding,-0.001882392,2334.5424130537285,5
56,2026-06-11 16:00:00+00:00,BTC_USDT,short,short,funding,62746.4,0.0014000000000000002,87.84496000000001,0.0,0.0,funding,0.008784496000000003,2334.551197549729,5
57,2026-06-11 17:00:00+00:00,BTC_USDT,long,long,sell,63356.28936643709,0.00030000000000000003,19.006886809931128,0.0009503443404965564,6.336262562901538,mart_tp,0.1853545955906325,2333.4837140153195,6
58,2026-06-11 18:00:00+00:00,BTC_USDT,long,long,buy,63466.44601,0.00030000000000000003,19.039933803,0.0009519966901500001,6.346010000001115,mart_open,0.0,2333.7311782156294,6
59,2026-06-12 00:00:00+00:00,BTC_USDT,long,long,funding,63619.4,0.00030000000000000003,19.085820000000002,0.0,0.0,funding,-0.0019085820000000002,2333.554039633629,6
60,2026-06-12 00:00:00+00:00,BTC_USDT,short,short,funding,63619.4,0.0014000000000000002,89.06716000000002,0.0,0.0,funding,0.008906716000000002,2333.562946349629,5
61,2026-06-12 08:00:00+00:00,BTC_USDT,long,long,funding,63093.9,0.00030000000000000003,18.92817,0.0,0.0,funding,-0.0018928170000000002,2334.139103532629,6
62,2026-06-12 08:00:00+00:00,BTC_USDT,short,short,funding,63093.9,0.0014000000000000002,88.33146000000002,0.0,0.0,funding,0.008833146000000002,2334.147936678629,5
63,2026-06-12 15:00:00+00:00,BTC_USDT,long,long,sell,64094.700359052986,0.00030000000000000003,19.2284101077159,0.000961420505385795,6.410111047007376,mart_tp,0.1875148842105122,2333.7445553658395,7
64,2026-06-12 15:00:00+00:00,BTC_USDT,short,short,sell,64164.75867786946,0.001,64.16475867786946,0.003208237933893473,6.417117579541809,mart_add,0.0,2334.310305805775,5
65,2026-06-12 16:00:00+00:00,BTC_USDT,short,short,funding,63595.9,0.0024000000000000002,152.63016000000002,0.0,0.0,funding,0.015263016000000003,2334.325328821775,5
66,2026-06-12 16:00:00+00:00,BTC_USDT,long,long,buy,63987.298090000004,0.00030000000000000003,19.196189427000004,0.0009598094713500002,6.398090000002412,mart_open,0.0,2333.3984495853038,7
67,2026-06-13 00:00:00+00:00,BTC_USDT,long,long,funding,63577.6,0.00030000000000000003,19.07328,0.0,0.0,funding,-0.0019073280000000002,2334.243472257304,7
68,2026-06-13 00:00:00+00:00,BTC_USDT,short,short,funding,63577.6,0.0024000000000000002,152.58624,0.0,0.0,funding,0.015258624000000002,2334.2587308813036,5
69,2026-06-13 08:00:00+00:00,BTC_USDT,long,long,funding,63844.3,0.00030000000000000003,19.153290000000002,0.0,0.0,funding,-0.0019153290000000003,2333.6967455523036,7
70,2026-06-13 08:00:00+00:00,BTC_USDT,short,short,funding,63844.3,0.0024000000000000002,153.22632000000002,0.0,0.0,funding,0.015322632000000003,2333.712068184304,5
71,2026-06-13 16:00:00+00:00,BTC_USDT,long,long,funding,64300.0,0.00030000000000000003,19.290000000000003,0.0,0.0,funding,-0.0019290000000000004,2332.7531691843037,7
72,2026-06-13 16:00:00+00:00,BTC_USDT,short,short,funding,64300.0,0.0024000000000000002,154.32000000000002,0.0,0.0,funding,0.015432000000000003,2332.768601184304,5
73,2026-06-13 21:00:00+00:00,BTC_USDT,long,long,sell,64620.708353792914,0.00030000000000000003,19.386212506137877,0.0009693106253068939,6.462717107089702,mart_tp,0.1890537685125661,2332.459924379816,8
74,2026-06-13 22:00:00+00:00,BTC_USDT,long,long,buy,64466.94605,0.00030000000000000003,19.340083815,0.00096700419075,6.44604999999865,mart_open,0.0,2332.4757435606252,8
75,2026-06-14 00:00:00+00:00,BTC_USDT,long,long,funding,64454.4,0.00030000000000000003,19.33632,0.0,0.0,funding,-0.0019336320000000002,2332.4866199286253,8
76,2026-06-14 00:00:00+00:00,BTC_USDT,short,short,funding,64454.4,0.0024000000000000002,154.69056,0.0,0.0,funding,0.015469056000000002,2332.5020889846255,5
77,2026-06-14 08:00:00+00:00,BTC_USDT,long,long,funding,64428.4,0.00030000000000000003,19.32852,0.0,0.0,funding,-0.001932852,2332.5547561326252,8
78,2026-06-14 08:00:00+00:00,BTC_USDT,short,short,funding,64428.4,0.0024000000000000002,154.62816,0.0,0.0,funding,0.015462816,2332.5702189486256,5
79,2026-06-14 16:00:00+00:00,BTC_USDT,long,long,funding,64026.9,0.00030000000000000003,19.208070000000003,0.0,0.0,funding,-0.0019208070000000003,2333.4114481416254,8
80,2026-06-14 16:00:00+00:00,BTC_USDT,short,short,funding,64026.9,0.0024000000000000002,153.66456000000002,0.0,0.0,funding,0.015366456000000002,2333.4268145976257,5
81,2026-06-14 21:00:00+00:00,BTC_USDT,long,long,sell,65105.104348948946,0.00030000000000000003,19.531531304684684,0.0009765765652342343,6.5111615510468255,mart_tp,0.19047091311945208,2330.6808993257446,9
82,2026-06-14 21:00:00+00:00,BTC_USDT,short,short,sell,65120.71733503169,0.0015,97.68107600254753,0.004884053800127377,6.512723005806038,mart_add,0.0,2330.3989912744923,5
83,2026-06-14 22:00:00+00:00,BTC_USDT,long,long,buy,65419.5413,0.00030000000000000003,19.62586239,0.0009812931195000002,6.541299999997136,mart_open,0.0,2329.976407591373,9
84,2026-06-15 00:00:00+00:00,BTC_USDT,long,long,funding,65742.1,0.00030000000000000003,19.722630000000002,0.0,0.0,funding,-0.001972263,2328.789675328373,9
85,2026-06-15 00:00:00+00:00,BTC_USDT,short,short,funding,65742.1,0.0039000000000000003,256.39419000000004,0.0,0.0,funding,0.025639419000000004,2328.815314747373,5
86,2026-06-15 08:00:00+00:00,BTC_USDT,long,long,funding,65670.2,0.00030000000000000003,19.701060000000002,0.0,0.0,funding,-0.001970106,2329.072184641373,9
87,2026-06-15 08:00:00+00:00,BTC_USDT,short,short,funding,65670.2,0.0039000000000000003,256.11378,0.0,0.0,funding,0.025611378000000004,2329.097796019373,5
88,2026-06-15 11:00:00+00:00,BTC_USDT,long,long,sell,66067.12933932869,0.00030000000000000003,19.82013880179861,0.0009910069400899306,6.607373671300593,mart_tp,0.1932854048585181,2327.0182338142313,10
89,2026-06-15 11:00:00+00:00,BTC_USDT,short,short,sell,66090.91834224766,0.0022,145.40002035294486,0.007270001017647244,6.609752809497877,mart_add,0.0,2326.696844166159,5
90,2026-06-15 12:00:00+00:00,BTC_USDT,long,long,buy,66568.35617,0.00030000000000000003,19.970506851000003,0.0009985253425500002,6.656170000002021,mart_open,0.0,2324.693048789816,10
91,2026-06-15 15:00:00+00:00,BTC_USDT,long,long,sell,67227.31632772683,0.00030000000000000003,20.168194898318053,0.0010084097449159027,6.723403973170207,mart_tp,0.19667963757313406,2320.413105278389,11
92,2026-06-15 15:00:00+00:00,BTC_USDT,short,short,sell,67075.57388916964,0.0033,221.3493938342598,0.01106746969171299,6.708228211733513,mart_add,0.0,2319.674961642957,5
93,2026-06-15 16:00:00+00:00,BTC_USDT,short,short,funding,67286.6,0.0094,632.49404,0.0,0.0,funding,0.06324940400000001,2319.825631046957,5
94,2026-06-15 16:00:00+00:00,BTC_USDT,long,long,buy,67163.21565,0.0002,13.43264313,0.0006716321565,6.715649999998277,mart_open,0.0,2321.0465562848008,11
95,2026-06-15 22:00:00+00:00,BTC_USDT,long,long,buy,66162.38299199152,0.0004,26.464953196796607,0.0013232476598398304,6.615576741518453,mart_add,0.0,2329.8468798403446,11
96,2026-06-16 00:00:00+00:00,BTC_USDT,long,long,funding,66326.4,0.0006000000000000001,39.79584,0.0,0.0,funding,-0.003979584,2328.7437802563445,11
97,2026-06-16 00:00:00+00:00,BTC_USDT,short,short,funding,66326.4,0.0094,623.46816,0.0,0.0,funding,0.062346816000000006,2328.806127072344,5
98,2026-06-16 08:00:00+00:00,BTC_USDT,long,long,funding,66368.1,0.0006000000000000001,39.82086000000001,0.0,0.0,funding,-0.003982086000000001,2328.435184986344,11
99,2026-06-16 08:00:00+00:00,BTC_USDT,short,short,funding,66368.1,0.0094,623.8601400000001,0.0,0.0,funding,0.06238601400000002,2328.497571000344,5
100,2026-06-16 16:00:00+00:00,BTC_USDT,long,long,funding,65865.1,0.0006000000000000001,39.51906000000001,0.0,0.0,funding,-0.0039519060000000016,2332.920019094344,11
101,2026-06-16 16:00:00+00:00,BTC_USDT,short,short,funding,65865.1,0.0094,619.1319400000001,0.0,0.0,funding,0.06191319400000001,2332.981932288344,5
102,2026-06-17 00:00:00+00:00,BTC_USDT,long,long,funding,65671.8,0.0006000000000000001,39.40308,0.0,0.0,funding,-0.003940308000000001,2334.679031980344,11
103,2026-06-17 00:00:00+00:00,BTC_USDT,short,short,funding,65671.8,0.0094,617.31492,0.0,0.0,funding,0.061731492000000006,2334.740763472344,5
104,2026-06-17 08:00:00+00:00,BTC_USDT,long,long,funding,65536.7,0.0006000000000000001,39.32202,0.0,0.0,funding,-0.003932202,2335.9257112703444,11
105,2026-06-17 08:00:00+00:00,BTC_USDT,short,short,funding,65536.7,0.0094,616.04498,0.0,0.0,funding,0.061604498,2335.987315768344,5
106,2026-06-17 08:00:00+00:00,BTC_USDT,long,long,buy,65176.46424183635,0.0006000000000000001,39.10587854510182,0.0019552939272550907,6.516994724712276,mart_add,0.0,2341.196941929315,11
107,2026-06-17 08:00:00+00:00,BTC_USDT,short,short,buy,64902.380292241905,0.0094,610.0823747470739,0.030504118737353696,6.489589070319198,mart_tp,6.070325790565396,2341.4025630635037,6
108,2026-06-17 09:00:00+00:00,BTC_USDT,short,short,sell,64901.409210000005,0.00030000000000000003,19.470422763000002,0.0009735211381500001,6.4907899999961955,mart_open,0.0,2341.3761223053657,6
109,2026-06-17 16:00:00+00:00,BTC_USDT,long,long,funding,65751.4,0.0012000000000000001,78.90168,0.0,0.0,funding,-0.007890168,2342.1273821373657,11
110,2026-06-17 16:00:00+00:00,BTC_USDT,short,short,funding,65751.4,0.00030000000000000003,19.72542,0.0,0.0,funding,0.001972542,2342.1293546793654,6
111,2026-06-17 16:00:00+00:00,BTC_USDT,short,short,sell,65868.34285511519,0.0004,26.347337142046076,0.0013173668571023038,6.587493034807267,mart_add,0.0,2342.2297144545546,6
112,2026-06-17 18:00:00+00:00,BTC_USDT,short,short,buy,64805.88323460886,0.0007000000000000001,45.36411826422621,0.0022682059132113105,6.479940329423698,mart_tp,0.4513734349066518,2342.545327984415,7
113,2026-06-17 19:00:00+00:00,BTC_USDT,long,long,buy,64205.23715993663,0.001,64.20523715993663,0.003210261857996832,6.41988172782294,mart_add,0.0,2341.1794405626206,11
114,2026-06-17 19:00:00+00:00,BTC_USDT,short,short,sell,64291.370220000004,0.00030000000000000003,19.287411066000004,0.0009643705533000003,6.429779999998573,mart_open,0.0,2341.1765472580673,7
115,2026-06-18 00:00:00+00:00,BTC_USDT,long,long,funding,64506.2,0.0022,141.91364000000002,0.0,0.0,funding,-0.014191364000000001,2341.558315894067,11
116,2026-06-18 00:00:00+00:00,BTC_USDT,short,short,funding,64506.2,0.00030000000000000003,19.351860000000002,0.0,0.0,funding,0.0019351860000000002,2341.5602510800672,7
117,2026-06-18 08:00:00+00:00,BTC_USDT,long,long,funding,64508.1,0.0022,141.91782,0.0,0.0,funding,-0.014191782000000002,2341.549669298068,11
118,2026-06-18 08:00:00+00:00,BTC_USDT,short,short,funding,64508.1,0.00030000000000000003,19.352430000000002,0.0,0.0,funding,0.0019352430000000003,2341.5516045410677,7
119,2026-06-18 14:00:00+00:00,BTC_USDT,short,short,buy,63654.82136345179,0.00030000000000000003,19.09644640903554,0.000954822320451777,6.3648456517767045,mart_tp,0.1900098346440151,2340.2892933097114,8
120,2026-06-18 15:00:00+00:00,BTC_USDT,long,long,buy,63248.48281839783,0.0016,101.19757250943654,0.005059878625471827,6.32421586025157,mart_add,0.0,2335.6910409216493,11
121,2026-06-18 15:00:00+00:00,BTC_USDT,short,short,sell,62363.46303,0.00030000000000000003,18.709038909,0.0009354519454500001,6.236969999998109,mart_open,0.0,2335.688234378704,8
122,2026-06-18 16:00:00+00:00,BTC_USDT,long,long,funding,62362.7,0.0038000000000000004,236.97826,0.0,0.0,funding,-0.023697826,2335.6400365527043,11
123,2026-06-18 16:00:00+00:00,BTC_USDT,short,short,funding,62362.7,0.00030000000000000003,18.70881,0.0,0.0,funding,0.001870881,2335.641907433704,8
124,2026-06-18 17:00:00+00:00,BTC_USDT,long,long,buy,62305.98555167947,0.0024000000000000002,149.53436532403074,0.007476718266201538,6.229975557609578,mart_add,0.0,2337.2195853914072,11
125,2026-06-19 00:00:00+00:00,BTC_USDT,long,long,funding,62956.6,0.006200000000000001,390.33092000000005,0.0,0.0,funding,-0.039033092000000005,2339.235522299407,11
126,2026-06-19 00:00:00+00:00,BTC_USDT,short,short,funding,62956.6,0.00030000000000000003,18.88698,0.0,0.0,funding,0.0018886980000000003,2339.237410997407,8
127,2026-06-19 08:00:00+00:00,BTC_USDT,long,long,funding,62623.4,0.006200000000000001,388.26508000000007,0.0,0.0,funding,-0.03882650800000001,2337.232704489407,11
128,2026-06-19 08:00:00+00:00,BTC_USDT,short,short,funding,62623.4,0.00030000000000000003,18.787020000000002,0.0,0.0,funding,0.0018787020000000003,2337.234583191407,8
129,2026-06-19 13:00:00+00:00,BTC_USDT,short,short,sell,63292.58508395245,0.0004,25.31703403358098,0.0012658517016790492,6.329891497545759,mart_add,0.0,2340.7564413732866,8
130,2026-06-19 16:00:00+00:00,BTC_USDT,long,long,funding,63213.8,0.006200000000000001,391.9255600000001,0.0,0.0,funding,-0.03919255600000001,2340.7089988172866,11
131,2026-06-19 16:00:00+00:00,BTC_USDT,short,short,funding,63213.8,0.0007000000000000001,44.249660000000006,0.0,0.0,funding,0.004424966000000001,2340.7134237832865,8
132,2026-06-20 00:00:00+00:00,BTC_USDT,long,long,funding,63541.2,0.006200000000000001,393.95544,0.0,0.0,funding,-0.039395544000000005,2342.4747282392864,11
133,2026-06-20 00:00:00+00:00,BTC_USDT,short,short,funding,63541.2,0.0007000000000000001,44.478840000000005,0.0,0.0,funding,0.004447884000000001,2342.4791761232864,8
134,2026-06-20 08:00:00+00:00,BTC_USDT,long,long,funding,63655.5,0.006200000000000001,394.6641,0.0,0.0,funding,-0.03946641,2343.0683597132866,11
135,2026-06-20 08:00:00+00:00,BTC_USDT,short,short,funding,63655.5,0.0007000000000000001,44.55885000000001,0.0,0.0,funding,0.004455885000000001,2343.0728155982865,8
136,2026-06-20 15:00:00+00:00,BTC_USDT,long,long,sell,64167.78521908371,0.006200000000000001,397.840268358319,0.019892013417915952,6.417420263933309,mart_tp,3.879726479598732,2345.8792319431877,12
137,2026-06-20 15:00:00+00:00,BTC_USDT,short,short,sell,64235.54966282571,0.0007,44.964884763978,0.0022482442381989,6.424197386018932,mart_add,0.0,2345.933158462927,8
138,2026-06-20 16:00:00+00:00,BTC_USDT,short,short,funding,64155.4,0.0014000000000000002,89.81756000000001,0.0,0.0,funding,0.008981756000000002,2345.942000218927,8
139,2026-06-20 16:00:00+00:00,BTC_USDT,long,long,buy,64038.503209999995,0.00030000000000000003,19.211550963,0.0009605775481500001,6.403209999996761,mart_open,0.0,2346.111738678379,12
140,2026-06-21 00:00:00+00:00,BTC_USDT,long,long,funding,64304.0,0.00030000000000000003,19.291200000000003,0.0,0.0,funding,-0.0019291200000000005,2345.810719558379,12
141,2026-06-21 00:00:00+00:00,BTC_USDT,short,short,funding,64304.0,0.0014000000000000002,90.02560000000001,0.0,0.0,funding,0.009002560000000001,2345.819722118379,8
142,2026-06-21 08:00:00+00:00,BTC_USDT,long,long,funding,64193.3,0.00030000000000000003,19.257990000000003,0.0,0.0,funding,-0.0019257990000000004,2345.939566319379,12
143,2026-06-21 08:00:00+00:00,BTC_USDT,short,short,funding,64193.3,0.0014000000000000002,89.87062000000002,0.0,0.0,funding,0.008987062000000002,2345.948553381379,8
144,2026-06-21 16:00:00+00:00,BTC_USDT,long,long,funding,64215.1,0.00030000000000000003,19.26453,0.0,0.0,funding,-0.001926453,2345.922646928379,12
145,2026-06-21 16:00:00+00:00,BTC_USDT,short,short,funding,64215.1,0.0014000000000000002,89.90114000000001,0.0,0.0,funding,0.008990114000000002,2345.931637042379,8
146,2026-06-22 00:00:00+00:00,BTC_USDT,long,long,funding,63310.5,0.00030000000000000003,18.993150000000004,0.0,0.0,funding,-0.0018993150000000004,2346.924797727379,12
147,2026-06-22 00:00:00+00:00,BTC_USDT,short,short,funding,63310.5,0.0014000000000000002,88.63470000000001,0.0,0.0,funding,0.008863470000000002,2346.9336611973795,8
148,2026-06-22 01:00:00+00:00,BTC_USDT,long,long,sell,64672.42035327578,0.00030000000000000003,19.401726105982736,0.0009700863052991368,6.467888824212423,mart_tp,0.1892050566774369,2345.5198672170563,13
149,2026-06-22 02:00:00+00:00,BTC_USDT,long,long,buy,64265.025859999994,0.00030000000000000003,19.279507758,0.0009639753879000002,6.425859999995737,mart_open,0.0,2346.011035483669,13
150,2026-06-22 08:00:00+00:00,BTC_USDT,long,long,funding,64207.9,0.00030000000000000003,19.26237,0.0,0.0,funding,-0.0019262370000000001,2346.0648792466686,13
151,2026-06-22 08:00:00+00:00,BTC_USDT,short,short,funding,64207.9,0.0014000000000000002,89.89106000000001,0.0,0.0,funding,0.008989106000000002,2346.073868352669,8
152,2026-06-22 12:00:00+00:00,BTC_USDT,long,long,sell,64901.18535098813,0.00030000000000000003,19.47035560529644,0.0009735177802648221,6.490767611860065,mart_tp,0.1898743295161768,2344.9654404401845,14
153,2026-06-22 12:00:00+00:00,BTC_USDT,short,short,sell,65192.56299947731,0.001,65.19256299947732,0.003259628149973866,6.519908290778403,mart_add,0.0,2345.007243811512,8
154,2026-06-22 13:00:00+00:00,BTC_USDT,long,long,buy,65581.95753999999,0.00030000000000000003,19.674587262,0.0009837293631,6.557539999994333,mart_open,0.0,2343.977332820149,14
155,2026-06-22 16:00:00+00:00,BTC_USDT,long,long,funding,64836.2,0.00030000000000000003,19.450860000000002,0.0,0.0,funding,-0.0019450860000000004,2345.527707734149,14
156,2026-06-22 16:00:00+00:00,BTC_USDT,short,short,funding,64836.2,0.0024000000000000002,155.60688000000002,0.0,0.0,funding,0.015560688000000003,2345.5432684221487,8
157,2026-06-22 16:00:00+00:00,BTC_USDT,long,long,buy,64604.68799971768,0.0004,25.841875199887074,0.0012920937599943537,6.45982281769102,mart_add,0.0,2345.827871128502,14
158,2026-06-23 00:00:00+00:00,BTC_USDT,long,long,funding,64022.5,0.0007000000000000001,44.81575000000001,0.0,0.0,funding,-0.004481575000000001,2347.013389553502,14
159,2026-06-23 00:00:00+00:00,BTC_USDT,short,short,funding,64022.5,0.0024000000000000002,153.65400000000002,0.0,0.0,funding,0.015365400000000003,2347.028754953502,8
160,2026-06-23 04:00:00+00:00,BTC_USDT,long,long,buy,63641.981241489884,0.0007,44.54938686904292,0.002227469343452146,6.363561767968349,mart_add,0.0,2347.6872906151157,14
161,2026-06-23 05:00:00+00:00,BTC_USDT,short,short,buy,63607.062361469085,0.0024000000000000002,152.65694966752582,0.007632847483376291,6.360070229122357,mart_tp,1.518938191027088,2347.408568100106,9
162,2026-06-23 06:00:00+00:00,BTC_USDT,long,long,buy,62693.62025801982,0.001,62.69362025801983,0.0031346810129009913,6.268735152283625,mart_add,0.0,2347.0062131610734,14
163,2026-06-23 06:00:00+00:00,BTC_USDT,short,short,sell,62932.10616,0.00030000000000000003,18.879631848000002,0.0009439815924000001,6.293839999998454,mart_open,0.0,2347.0033810274813,9
164,2026-06-23 08:00:00+00:00,BTC_USDT,long,long,funding,62876.5,0.0024000000000000002,150.9036,0.0,0.0,funding,-0.015090360000000002,2346.858300667481,14
165,2026-06-23 08:00:00+00:00,BTC_USDT,short,short,funding,62876.5,0.00030000000000000003,18.86295,0.0,0.0,funding,0.0018862950000000003,2346.8601869624813,9
166,2026-06-23 08:00:00+00:00,BTC_USDT,short,short,buy,62309.01537690984,0.00030000000000000003,18.692704613072955,0.0009346352306536478,6.230278509836353,mart_tp,0.18599259969639537,2345.8597377141778,10
167,2026-06-23 09:00:00+00:00,BTC_USDT,short,short,sell,62378.661510000005,0.00030000000000000003,18.713598453000003,0.0009356799226500002,6.238489999996091,mart_open,0.0,2345.846850487255,10
168,2026-06-23 16:00:00+00:00,BTC_USDT,long,long,funding,62483.7,0.0024000000000000002,149.96088,0.0,0.0,funding,-0.014996088000000001,2346.039334399255,14
169,2026-06-23 16:00:00+00:00,BTC_USDT,short,short,funding,62483.7,0.00030000000000000003,18.74511,0.0,0.0,funding,0.0018745110000000001,2346.041208910255,10
170,2026-06-24 00:00:00+00:00,BTC_USDT,long,long,funding,62729.6,0.0024000000000000002,150.55104,0.0,0.0,funding,-0.015055104000000001,2346.5425438062553,14
171,2026-06-24 00:00:00+00:00,BTC_USDT,short,short,funding,62729.6,0.00030000000000000003,18.81888,0.0,0.0,funding,0.0018818880000000002,2346.544425694255,10
172,2026-06-24 08:00:00+00:00,BTC_USDT,long,long,funding,62650.9,0.0024000000000000002,150.36216000000002,0.0,0.0,funding,-0.015036216000000003,2346.364119478255,14
173,2026-06-24 08:00:00+00:00,BTC_USDT,short,short,funding,62650.9,0.00030000000000000003,18.795270000000002,0.0,0.0,funding,0.0018795270000000004,2346.365999005255,10
174,2026-06-24 13:00:00+00:00,BTC_USDT,long,long,buy,61759.39127574494,0.0016,98.81502604119191,0.004940751302059596,6.17532159541588,mart_add,0.0,2342.9130922127615,14
175,2026-06-24 13:00:00+00:00,BTC_USDT,short,short,buy,61761.0503823895,0.00030000000000000003,18.52831511471685,0.0009264157557358426,6.175487489490479,mart_tp,0.18435692252741642,2342.7839006822887,11
176,2026-06-24 14:00:00+00:00,BTC_USDT,short,short,sell,61107.08868,0.00030000000000000003,18.332126604000003,0.0009166063302000002,6.11131999999634,mart_open,0.0,2341.8999506799582,11
177,2026-06-24 15:00:00+00:00,BTC_USDT,long,long,buy,60839.083706649435,0.0024000000000000002,146.01380089595867,0.007300690044797934,6.083300040663744,mart_add,0.0,2337.402739093955,14
178,2026-06-24 15:00:00+00:00,BTC_USDT,short,short,buy,60502.06739497932,0.00030000000000000003,18.1506202184938,0.00090753101092469,6.049601779319346,mart_tp,0.18059885449527957,2337.33200134445,12
179,2026-06-24 16:00:00+00:00,BTC_USDT,long,long,funding,60269.2,0.0064,385.72288,0.0,0.0,funding,-0.038572287999999996,2337.29278905645,14
180,2026-06-24 16:00:00+00:00,BTC_USDT,long,long,buy,59932.49010079479,0.0038,227.74346238302022,0.01138717311915101,5.992649745101517,mart_add,0.0,2334.2860795003107,14
181,2026-06-24 16:00:00+00:00,BTC_USDT,short,short,sell,59844.11499,0.00030000000000000003,17.953234497000004,0.0008976617248500002,5.9850099999966915,mart_open,0.0,2334.2833863355863,12
182,2026-06-24 17:00:00+00:00,BTC_USDT,short,short,buy,59251.59840748402,0.00030000000000000003,17.77547952224521,0.0008887739761122605,5.9245673840123345,mart_tp,0.17686620077868345,2329.8649080393648,13
183,2026-06-24 18:00:00+00:00,BTC_USDT,short,short,sell,59598.83952,0.00030000000000000003,17.879651856000002,0.0008939825928000001,5.960480000001553,mart_open,0.0,2331.9573059127715,13
184,2026-06-24 20:00:00+00:00,BTC_USDT,short,short,sell,60486.772830588714,0.0004,24.194709132235488,0.0012097354566117744,6.0492822112792055,mart_add,0.0,2345.1661853095507,13
185,2026-06-25 00:00:00+00:00,BTC_USDT,long,long,funding,61077.9,0.0102,622.99458,0.0,0.0,funding,-0.06229945800000001,2346.241035851551,14
186,2026-06-25 00:00:00+00:00,BTC_USDT,short,short,funding,61077.9,0.0007000000000000001,42.75453000000001,0.0,0.0,funding,0.004275453000000001,2346.245311304551,13
187,2026-06-25 04:00:00+00:00,BTC_USDT,short,short,sell,61387.93501560524,0.0007,42.97155451092367,0.0021485777255461835,6.13940744230058,mart_add,0.0,2348.9488272377494,13
188,2026-06-25 07:00:00+00:00,BTC_USDT,long,long,sell,61913.91352848647,0.0102,631.521917990562,0.0315760958995281,6.192010553902946,mart_tp,6.15858298554191,2353.7915691324115,15
189,2026-06-25 08:00:00+00:00,BTC_USDT,short,short,funding,61909.7,0.0014000000000000002,86.67358000000002,0.0,0.0,funding,0.008667358000000002,2353.8000964904113,13
190,2026-06-25 08:00:00+00:00,BTC_USDT,long,long,buy,61715.370919999994,0.00030000000000000003,18.514611276,0.0009257305638,6.1709199999968405,mart_open,0.0,2354.0780194838476,15
191,2026-06-25 13:00:00+00:00,BTC_USDT,long,long,buy,60795.71932023561,0.0004,24.318287728094244,0.0012159143864047123,6.078964035616082,mart_add,0.0,2356.827865841367,15
192,2026-06-25 13:00:00+00:00,BTC_USDT,short,short,buy,60145.625635572826,0.0014000000000000002,84.20387588980196,0.004210193794490099,6.013961167438538,mart_tp,0.8378294155626878,2354.2413197577703,14
193,2026-06-25 14:00:00+00:00,BTC_USDT,long,long,buy,59889.771908785115,0.0007,41.92284033614958,0.002096142016807479,5.988378353045846,mart_add,0.0,2354.762073279604,15
194,2026-06-25 14:00:00+00:00,BTC_USDT,short,short,sell,59462.95311,0.00030000000000000003,17.838885933000004,0.0008919442966500002,5.946889999999257,mart_open,0.0,2354.759397268307,14
195,2026-06-25 15:00:00+00:00,BTC_USDT,long,long,buy,58997.324472686356,0.0011,64.89705691995499,0.0032448528459977496,5.899142533016857,mart_add,0.0,2355.4618854955065,15
196,2026-06-25 16:00:00+00:00,BTC_USDT,long,long,funding,59560.7,0.0025000000000000005,148.90175000000002,0.0,0.0,funding,-0.014890175000000002,2355.461955320506,15
197,2026-06-25 16:00:00+00:00,BTC_USDT,short,short,funding,59560.7,0.00030000000000000003,17.86821,0.0,0.0,funding,0.0017868210000000003,2355.4637421415064,14
198,2026-06-26 00:00:00+00:00,BTC_USDT,long,long,funding,59805.3,0.0025000000000000005,149.51325000000003,0.0,0.0,funding,-0.014951325000000003,2355.986910816506,15
199,2026-06-26 00:00:00+00:00,BTC_USDT,short,short,funding,59805.3,0.00030000000000000003,17.94159,0.0,0.0,funding,0.0017941590000000002,2355.988704975506,14
200,2026-06-26 02:00:00+00:00,BTC_USDT,short,short,buy,58874.210411257896,0.00030000000000000003,17.66226312337737,0.0008831131561688687,5.8868323578863055,mart_tp,0.1757396964664651,2353.1638987389724,15
201,2026-06-26 03:00:00+00:00,BTC_USDT,short,short,sell,60037.39566,0.00030000000000000003,18.011218698000004,0.0009005609349000002,6.004339999999502,mart_open,0.0,2356.8596968760376,15
202,2026-06-26 07:00:00+00:00,BTC_USDT,long,long,sell,60453.6837161514,0.0025000000000000005,151.13420929037852,0.007556710464518926,6.045972968910064,mart_tp,1.4738563197152008,2357.7319594559517,16
203,2026-06-26 08:00:00+00:00,BTC_USDT,short,short,funding,60524.5,0.00030000000000000003,18.15735,0.0,0.0,funding,0.0018157350000000002,2357.7353351909514,15
204,2026-06-26 08:00:00+00:00,BTC_USDT,long,long,buy,60247.52415,0.00030000000000000003,18.074257245000002,0.0009037128622500001,6.024149999997462,mart_open,0.0,2357.8175242330894,16
205,2026-06-26 10:00:00+00:00,BTC_USDT,long,long,buy,59349.74566887877,0.0005,29.674872834439388,0.0014837436417219694,5.934381128776295,mart_add,0.0,2357.7993176550085,16
206,2026-06-26 10:00:00+00:00,BTC_USDT,short,short,buy,59442.96540557035,0.00030000000000000003,17.832889621671107,0.0008916444810835554,5.943702170341567,mart_tp,0.1774374318478141,2357.760426388856,16
207,2026-06-26 11:00:00+00:00,BTC_USDT,short,short,sell,59409.15849,0.00030000000000000003,17.822747547000002,0.0008911373773500002,5.941509999996924,mart_open,0.0,2357.8367927984787,16
208,2026-06-26 13:00:00+00:00,BTC_USDT,short,short,buy,58820.94841179051,0.00030000000000000003,17.646284523537155,0.0008823142261768578,5.881506690508104,mart_tp,0.1755807092366711,2358.6177559607154,17
209,2026-06-26 14:00:00+00:00,BTC_USDT,long,long,sell,60277.248397619696,0.0008,48.22179871809576,0.002411089935904788,6.028327672531304,mart_tp,0.4702575487204651,2358.7014635888754,17
210,2026-06-26 14:00:00+00:00,BTC_USDT,short,short,sell,59583.34107,0.00030000000000000003,17.875002321000004,0.0008937501160500002,5.9589300000006915,mart_open,0.0,2358.6987821597595,17
211,2026-06-26 15:00:00+00:00,BTC_USDT,long,long,buy,60332.332630000004,0.00030000000000000003,18.099699789000002,0.0009049849894500002,6.032630000001518,mart_open,0.0,2358.47496738577,17
212,2026-06-26 15:00:00+00:00,BTC_USDT,short,short,sell,60471.043476931394,0.0004,24.18841739077256,0.001209420869538628,6.0477091186039615,mart_add,0.0,2358.5316553556727,17
213,2026-06-26 16:00:00+00:00,BTC_USDT,long,long,funding,60326.4,0.00030000000000000003,18.097920000000002,0.0,0.0,funding,-0.0018097920000000004,2358.5298055636727,17
214,2026-06-26 16:00:00+00:00,BTC_USDT,short,short,funding,60326.4,0.0007000000000000001,42.228480000000005,0.0,0.0,funding,0.004222848,2358.534028411673,17
215,2026-06-27 00:00:00+00:00,BTC_USDT,long,long,funding,60103.5,0.00030000000000000003,18.03105,0.0,0.0,funding,-0.0018031050000000002,2358.621385306673,17
216,2026-06-27 00:00:00+00:00,BTC_USDT,short,short,funding,60103.5,0.0007000000000000001,42.07245,0.0,0.0,funding,0.004207245000000001,2358.625592551673,17
217,2026-06-27 08:00:00+00:00,BTC_USDT,long,long,funding,60545.7,0.00030000000000000003,18.163710000000002,0.0,0.0,funding,-0.0018163710000000002,2358.446896180673,17
218,2026-06-27 08:00:00+00:00,BTC_USDT,short,short,funding,60545.7,0.0007000000000000001,42.38199,0.0,0.0,funding,0.004238199000000001,2358.451134379673,17
219,2026-06-27 15:00:00+00:00,BTC_USDT,long,long,sell,60929.56239070438,0.00030000000000000003,18.278868717211314,0.0009139434358605657,6.093565595627297,mart_tp,0.17825498477545132,2358.3612591534484,18
220,2026-06-27 16:00:00+00:00,BTC_USDT,short,short,funding,60837.4,0.0007000000000000001,42.586180000000006,0.0,0.0,funding,0.0042586180000000005,2358.365447771448,17
221,2026-06-27 16:00:00+00:00,BTC_USDT,long,long,buy,60810.78047,0.00030000000000000003,18.243234141000002,0.0009121617070500001,6.080470000000787,mart_open,0.0,2358.3856014687412,18
222,2026-06-27 22:00:00+00:00,BTC_USDT,long,long,buy,59904.608624826295,0.0005,29.952304312413148,0.0014976152156206575,5.989861876296345,mart_add,0.0,2358.7764895411124,18
223,2026-06-28 00:00:00+00:00,BTC_USDT,long,long,funding,60027.0,0.0008,48.0216,0.0,0.0,funding,-0.00480216,2358.7515773811124,18
224,2026-06-28 00:00:00+00:00,BTC_USDT,short,short,funding,60027.0,0.0007000000000000001,42.01890000000001,0.0,0.0,funding,0.0042018900000000015,2358.7557792711123,17
225,2026-06-28 08:00:00+00:00,BTC_USDT,long,long,funding,60219.7,0.0008,48.17576,0.0,0.0,funding,-0.004817576,2358.7702316951127,18
226,2026-06-28 08:00:00+00:00,BTC_USDT,short,short,funding,60219.7,0.0007000000000000001,42.15379,0.0,0.0,funding,0.004215379,2358.7744470741127,17
227,2026-06-28 16:00:00+00:00,BTC_USDT,long,long,funding,59893.1,0.0008,47.914480000000005,0.0,0.0,funding,-0.004791448000000001,2358.7369956261123,18
228,2026-06-28 16:00:00+00:00,BTC_USDT,short,short,funding,59893.1,0.0007000000000000001,41.92517000000001,0.0,0.0,funding,0.004192517000000001,2358.7411881431126,17
229,2026-06-28 17:00:00+00:00,BTC_USDT,short,short,buy,59495.64256172328,0.0007000000000000001,41.6469497932063,0.0020823474896603154,5.9489693592331605,mart_tp,0.4143875710766024,2358.7728460024164,18
230,2026-06-28 18:00:00+00:00,BTC_USDT,short,short,sell,59601.13929,0.00030000000000000003,17.880341787000003,0.0008940170893500002,5.960709999999381,mart_open,0.0,2358.785843772327,18
231,2026-06-28 22:00:00+00:00,BTC_USDT,long,long,buy,59011.940099403444,0.0007,41.30835806958241,0.0020654179034791205,5.900603949543438,mart_add,0.0,2358.5557502848415,18
232,2026-06-28 22:00:00+00:00,BTC_USDT,short,short,buy,59011.02840988972,0.00030000000000000003,17.703308522966918,0.0008851654261483459,5.900512789710774,mart_tp,0.17614809860693842,2358.5725265964484,19
233,2026-06-28 23:00:00+00:00,BTC_USDT,short,short,sell,59570.242379999996,0.00030000000000000003,17.871072714,0.0008935536357000001,5.957620000001043,mart_open,0.0,2359.3292957568124,19
234,2026-06-29 00:00:00+00:00,BTC_USDT,long,long,funding,59576.4,0.0015,89.36460000000001,0.0,0.0,funding,-0.008936460000000002,2359.3205992968124,18
235,2026-06-29 00:00:00+00:00,BTC_USDT,short,short,funding,59576.4,0.00030000000000000003,17.87292,0.0,0.0,funding,0.0017872920000000002,2359.3223865888126,19
236,2026-06-29 02:00:00+00:00,BTC_USDT,short,short,buy,58980.43741019561,0.00030000000000000003,17.694131223058687,0.0008847065611529344,5.89745399561798,mart_tp,0.17605678438016206,2359.7663906591924,20
237,2026-06-29 03:00:00+00:00,BTC_USDT,short,short,sell,60038.79552000001,0.00030000000000000003,18.011638656000002,0.0009005819328000001,6.004479999995965,mart_open,0.0,2360.2001887332594,20
238,2026-06-29 05:00:00+00:00,BTC_USDT,short,short,buy,59444.35140555648,0.00030000000000000003,17.833305421666946,0.0008916652710833473,5.943840756481222,mart_tp,0.17744156906197228,2360.467331646322,21
239,2026-06-29 06:00:00+00:00,BTC_USDT,long,long,sell,60259.93039645113,0.0015,90.38989559467669,0.0045194947797338346,6.02659569921525,mart_tp,0.8814795769014033,2360.6976077462186,19
240,2026-06-29 06:00:00+00:00,BTC_USDT,short,short,sell,60070.69233,0.00030000000000000003,18.021207699,0.0009010603849500001,6.007669999999052,mart_open,0.0,2360.6949043848335,21
241,2026-06-29 07:00:00+00:00,BTC_USDT,long,long,buy,60036.10301,0.00030000000000000003,18.010830903000002,0.0009005415451500002,6.003010000000359,mart_open,0.0,2360.7061829402883,19
242,2026-06-29 08:00:00+00:00,BTC_USDT,long,long,funding,60030.0,0.00030000000000000003,18.009,0.0,0.0,funding,-0.0018009,2360.7043820402887,19
243,2026-06-29 08:00:00+00:00,BTC_USDT,short,short,funding,60030.0,0.00030000000000000003,18.009,0.0,0.0,funding,0.0018009,2360.7061829402887,21
244,2026-06-29 12:00:00+00:00,BTC_USDT,long,long,sell,60630.40039369599,0.00030000000000000003,18.1891201181088,0.0009094560059054401,6.063646404007159,mart_tp,0.17737975910289266,2360.9090036023917,20
245,2026-06-29 13:00:00+00:00,BTC_USDT,long,long,buy,59587.358140000004,0.00030000000000000003,17.876207442000002,0.0008938103721000001,5.958140000002459,mart_open,0.0,2361.0172923500195,20
246,2026-06-29 13:00:00+00:00,BTC_USDT,short,short,buy,59475.93240524067,0.00030000000000000003,17.842779721572203,0.0008921389860786102,5.946998540668574,mart_tp,0.17753583844172088,2361.048040489461,22
247,2026-06-29 14:00:00+00:00,BTC_USDT,short,short,sell,59453.95401,0.00030000000000000003,17.836186203,0.0008918093101500001,5.945990000000165,mart_open,0.0,2361.008914883151,22
248,2026-06-29 16:00:00+00:00,BTC_USDT,long,long,funding,59820.4,0.00030000000000000003,17.94612,0.0,0.0,funding,-0.0017946120000000001,2361.007120271151,20
249,2026-06-29 16:00:00+00:00,BTC_USDT,short,short,funding,59820.4,0.00030000000000000003,17.94612,0.0,0.0,funding,0.0017946120000000001,2361.0089148831507,22
250,2026-06-29 17:00:00+00:00,BTC_USDT,long,long,sell,60177.21339822787,0.00030000000000000003,18.053164019468362,0.0009026582009734181,6.01832317213848,mart_tp,0.17605391926738592,2360.939196244418,21
251,2026-06-29 17:00:00+00:00,BTC_USDT,short,short,sell,60339.72874381798,0.0004,24.135891497527194,0.0012067945748763598,6.034576332014694,mart_add,0.0,2360.9112409473705,22
252,2026-06-29 18:00:00+00:00,BTC_USDT,long,long,buy,60296.32903,0.00030000000000000003,18.088898709000002,0.0009044449354500001,6.029029999997874,mart_open,0.0,2360.9899377934353,21
253,2026-06-30 00:00:00+00:00,BTC_USDT,long,long,funding,60256.9,0.00030000000000000003,18.077070000000003,0.0,0.0,funding,-0.0018077070000000004,2361.0014900864353,21
254,2026-06-30 00:00:00+00:00,BTC_USDT,short,short,funding,60256.9,0.0007000000000000001,42.17983000000001,0.0,0.0,funding,0.0042179830000000015,2361.005708069435,22
255,2026-06-30 05:00:00+00:00,BTC_USDT,long,long,buy,59397.82328295945,0.0005,29.698911641479725,0.0014849455820739863,5.939188409451162,mart_add,0.0,2361.3732314823733,21
256,2026-06-30 08:00:00+00:00,BTC_USDT,long,long,funding,59529.7,0.0008,47.62376,0.0,0.0,funding,-0.004762376,2361.356279106373,21
257,2026-06-30 08:00:00+00:00,BTC_USDT,short,short,funding,59529.7,0.0007000000000000001,41.670790000000004,0.0,0.0,funding,0.004167079000000001,2361.360446185373,22
258,2026-06-30 08:00:00+00:00,BTC_USDT,short,short,buy,59366.445941734666,0.0007000000000000001,41.55651215921427,0.0020778256079607136,5.9360509890757385,mart_tp,0.41348771570496,2361.302166200551,23
259,2026-06-30 09:00:00+00:00,BTC_USDT,short,short,sell,59367.16269,0.00030000000000000003,17.810148807,0.0008905074403500001,5.937310000001162,mart_open,0.0,2361.3446945001106,23
260,2026-06-30 12:00:00+00:00,BTC_USDT,long,long,buy,58512.70661930843,0.0007,40.958894633515904,0.0020479447316757954,5.8506855933737825,mart_add,0.0,2360.791721921863,21
261,2026-06-30 12:00:00+00:00,BTC_USDT,short,short,buy,58779.368412206306,0.00030000000000000003,17.633810523661893,0.0008816905261830947,5.877349106311158,mart_tp,0.17545659281192436,2360.6806597076747,24
262,2026-06-30 13:00:00+00:00,BTC_USDT,short,short,sell,58728.726539999996,0.00030000000000000003,17.618617962000002,0.0008809308981000001,5.873460000002524,mart_open,0.0,2361.161766738777,24
263,2026-06-30 16:00:00+00:00,BTC_USDT,long,long,funding,58381.8,0.0015,87.57270000000001,0.0,0.0,funding,-0.008757270000000001,2360.7296494687766,21
264,2026-06-30 16:00:00+00:00,BTC_USDT,short,short,funding,58381.8,0.00030000000000000003,17.514540000000004,0.0,0.0,funding,0.0017514540000000004,2360.7314009227766,24
265,2026-07-01 00:00:00+00:00,BTC_USDT,long,long,funding,58632.5,0.0015,87.94875,0.0,0.0,funding,-0.008794875,2361.023446047777,21
266,2026-07-01 00:00:00+00:00,BTC_USDT,short,short,funding,58632.5,0.00030000000000000003,17.589750000000002,0.0,0.0,funding,0.0017589750000000003,2361.025205022777,24
267,2026-07-01 01:00:00+00:00,BTC_USDT,short,short,buy,58147.25341852746,0.00030000000000000003,17.444176025558242,0.0008722088012779122,5.814143927462283,mart_tp,0.17356972764048403,2361.377506788417,25
268,2026-07-01 02:00:00+00:00,BTC_USDT,short,short,sell,59082.19119,0.00030000000000000003,17.724657357,0.0008862328678500001,5.908810000000813,mart_open,0.0,2361.850647912549,25
269,2026-07-01 08:00:00+00:00,BTC_USDT,long,long,funding,58765.9,0.0015,88.14885000000001,0.0,0.0,funding,-0.008814885000000001,2361.4551930275493,21
270,2026-07-01 08:00:00+00:00,BTC_USDT,short,short,funding,58765.9,0.00030000000000000003,17.62977,0.0,0.0,funding,0.0017629770000000002,2361.4569560045493,25
271,2026-07-01 12:00:00+00:00,BTC_USDT,short,short,buy,58497.21841502781,0.00030000000000000003,17.549165524508346,0.0008774582762254173,5.849136927812651,mart_tp,0.17461437421543038,2361.186583021765,26
272,2026-07-01 13:00:00+00:00,BTC_USDT,short,short,sell,59487.15069,0.00030000000000000003,17.846145207000003,0.0008923072603500002,5.949309999996331,mart_open,0.0,2362.624805921504,26
273,2026-07-01 14:00:00+00:00,BTC_USDT,long,long,sell,59750.13907775481,0.0015,89.62520861663221,0.004481260430831611,5.97561146892258,mart_tp,0.8740223722057382,2362.9910932777057,22
274,2026-07-01 15:00:00+00:00,BTC_USDT,long,long,buy,60148.81428,0.00030000000000000003,18.044644284,0.0009022322142000001,6.014279999995779,mart_open,0.0,2362.8082667614913,22
275,2026-07-01 15:00:00+00:00,BTC_USDT,short,short,sell,60373.420004554966,0.0004,24.149368001821987,0.0012074684000910993,6.037945795033011,mart_add,0.0,2362.8993072949133,26
276,2026-07-01 16:00:00+00:00,BTC_USDT,long,long,funding,60142.8,0.00030000000000000003,18.04284,0.0,0.0,funding,-0.0018042840000000002,2362.8975030109136,22
277,2026-07-01 16:00:00+00:00,BTC_USDT,short,short,funding,60142.8,0.0007000000000000001,42.09996000000001,0.0,0.0,funding,0.0042099960000000014,2362.9017130069137,26
278,2026-07-01 21:00:00+00:00,BTC_USDT,long,long,sell,60744.22739255772,0.00030000000000000003,18.223268217767316,0.0009111634108883659,6.075030242282082,mart_tp,0.17771277035642727,2362.6120900612696,23
279,2026-07-01 22:00:00+00:00,BTC_USDT,long,long,buy,60479.84738,0.00030000000000000003,18.143954214,0.0009071977107,6.047379999996338,mart_open,0.0,2362.846808649559,23
280,2026-07-01 22:00:00+00:00,BTC_USDT,short,short,sell,61272.893402492824,0.0007,42.891025381744974,0.0021445512690872488,6.1279021304580965,mart_add,0.0,2363.404029480035,26
281,2026-07-01 23:00:00+00:00,BTC_USDT,short,short,buy,60032.912122844114,0.0014000000000000002,84.04607697198178,0.004202303848599089,6.002690943190828,mart_tp,0.8362593147366002,2363.882970204205,27
282,2026-07-02 00:00:00+00:00,BTC_USDT,long,long,funding,60033.8,0.00030000000000000003,18.010140000000003,0.0,0.0,funding,-0.0018010140000000005,2363.883269190205,23
283,2026-07-02 00:00:00+00:00,BTC_USDT,short,short,sell,59745.924810000004,0.00030000000000000003,17.923777443000002,0.0008961888721500001,5.975189999997383,mart_open,0.0,2363.7960104443323,27
284,2026-07-02 03:00:00+00:00,BTC_USDT,long,long,sell,61078.53738921462,0.00030000000000000003,18.32356121676439,0.0009161780608382195,6.108464585377078,mart_tp,0.1786908247035491,2363.7989454830363,24
285,2026-07-02 03:00:00+00:00,BTC_USDT,short,short,sell,60636.049470781785,0.0004,24.254419788312717,0.0012127209894156358,6.064211368211545,mart_add,0.0,2363.6258725503594,27
286,2026-07-02 04:00:00+00:00,BTC_USDT,long,long,buy,60794.67886,0.00030000000000000003,18.238403658000003,0.0009119201829000001,6.078860000001441,mart_open,0.0,2363.8171069721766,24
287,2026-07-02 08:00:00+00:00,BTC_USDT,long,long,funding,60146.9,0.00030000000000000003,18.04407,0.0,0.0,funding,-0.0018044070000000003,2364.0719825651763,24
288,2026-07-02 08:00:00+00:00,BTC_USDT,short,short,funding,60146.9,0.0007000000000000001,42.102830000000004,0.0,0.0,funding,0.004210283,2364.076192848176,27
289,2026-07-02 09:00:00+00:00,BTC_USDT,long,long,sell,61396.48538603514,0.00030000000000000003,18.418945615810543,0.0009209472807905272,6.140262564862496,mart_tp,0.17962101052975024,2363.725857516706,25
290,2026-07-02 10:00:00+00:00,BTC_USDT,long,long,buy,61270.226409999996,0.00030000000000000003,18.381067923,0.00091905339615,6.126409999997122,mart_open,0.0,2363.66535054031,25
291,2026-07-02 12:00:00+00:00,BTC_USDT,short,short,sell,61539.43565382222,0.0007,43.077604957675554,0.0021538802478837777,6.154559021284513,mart_add,0.0,2363.552111617738,27
292,2026-07-02 13:00:00+00:00,BTC_USDT,long,long,sell,61876.74038123259,0.00030000000000000003,18.563022114369776,0.0009281511057184889,6.188292867409473,mart_tp,0.1810260402640588,2363.1012155810017,26
293,2026-07-02 14:00:00+00:00,BTC_USDT,long,long,buy,61698.76926,0.00030000000000000003,18.509630778000002,0.0009254815389000002,6.169260000002396,mart_open,0.0,2363.4361193214627,26
294,2026-07-02 16:00:00+00:00,BTC_USDT,long,long,funding,61613.3,0.00030000000000000003,18.483990000000002,0.0,0.0,funding,-0.0018483990000000004,2363.521500922463,26
295,2026-07-02 16:00:00+00:00,BTC_USDT,short,short,funding,61613.3,0.0014000000000000002,86.25862000000002,0.0,0.0,funding,0.008625862000000003,2363.530126784463,27
296,2026-07-03 00:00:00+00:00,BTC_USDT,long,long,funding,61560.3,0.00030000000000000003,18.468090000000004,0.0,0.0,funding,-0.0018468090000000005,2363.586579975463,26
297,2026-07-03 00:00:00+00:00,BTC_USDT,short,short,funding,61560.3,0.0014000000000000002,86.18442000000002,0.0,0.0,funding,0.008618442000000002,2363.5951984174626,27
298,2026-07-03 08:00:00+00:00,BTC_USDT,long,long,funding,61753.8,0.00030000000000000003,18.52614,0.0,0.0,funding,-0.0018526140000000003,2363.380495803463,26
299,2026-07-03 08:00:00+00:00,BTC_USDT,short,short,funding,61753.8,0.0014000000000000002,86.45532000000001,0.0,0.0,funding,0.008645532000000003,2363.3891413354627,27
300,2026-07-03 15:00:00+00:00,BTC_USDT,long,long,sell,62309.52537690474,0.00030000000000000003,18.692857613071425,0.0009346428806535713,6.23157569525938,mart_tp,0.18229219219076856,2363.3166443056534,27
301,2026-07-03 16:00:00+00:00,BTC_USDT,short,short,funding,61924.1,0.0014000000000000002,86.69374,0.0,0.0,funding,0.008669374,2363.3251736796537,27
302,2026-07-03 16:00:00+00:00,BTC_USDT,long,long,buy,62116.31101,0.00030000000000000003,18.634893303000002,0.0009317446651500002,6.211009999999078,mart_open,0.0,2363.0619786319885,27
303,2026-07-03 20:00:00+00:00,BTC_USDT,long,long,sell,62731.20037268799,0.00030000000000000003,18.8193601118064,0.00094096800559032,6.273747412007651,mart_tp,0.18352584080080803,2362.315947775789,28
304,2026-07-03 20:00:00+00:00,BTC_USDT,short,short,sell,62456.28093591068,0.001,62.456280935910684,0.0031228140467955343,6.246252718861797,mart_add,0.0,2361.993705897653,27
305,2026-07-03 21:00:00+00:00,BTC_USDT,long,long,buy,62735.272899999996,0.00030000000000000003,18.82058187,0.0009410290935000001,6.272899999996298,mart_open,0.0,2362.1022429985596,28
306,2026-07-04 00:00:00+00:00,BTC_USDT,long,long,funding,62581.2,0.00030000000000000003,18.77436,0.0,0.0,funding,-0.0018774360000000003,2362.41074556256,28
307,2026-07-04 00:00:00+00:00,BTC_USDT,short,short,funding,62581.2,0.0024000000000000002,150.19488,0.0,0.0,funding,0.015019488000000003,2362.4257650505597,27
308,2026-07-04 08:00:00+00:00,BTC_USDT,long,long,funding,62577.2,0.00030000000000000003,18.77316,0.0,0.0,funding,-0.0018773160000000002,2362.43228773456,28
309,2026-07-04 08:00:00+00:00,BTC_USDT,short,short,funding,62577.2,0.0024000000000000002,150.18528,0.0,0.0,funding,0.015018528000000001,2362.44730626256,27
310,2026-07-04 16:00:00+00:00,BTC_USDT,long,long,funding,62934.6,0.00030000000000000003,18.880380000000002,0.0,0.0,funding,-0.0018880380000000003,2361.6948782245595,28
311,2026-07-04 16:00:00+00:00,BTC_USDT,short,short,funding,62934.6,0.0024000000000000002,151.04304000000002,0.0,0.0,funding,0.015104304000000002,2361.7099825285595,27
312,2026-07-04 17:00:00+00:00,BTC_USDT,long,long,sell,63356.28936643709,0.00030000000000000003,19.006886809931128,0.0009503443404965564,6.336262562901538,mart_tp,0.1853545955906325,2361.01857899415,29
313,2026-07-04 17:00:00+00:00,BTC_USDT,short,short,sell,63386.78583743434,0.0015,95.08017875615151,0.004754008937807576,6.3393125149959815,mart_add,0.0,2361.1815037413644,27
314,2026-07-04 18:00:00+00:00,BTC_USDT,long,long,buy,63172.516619999995,0.00030000000000000003,18.951754986,0.0009475877493000001,6.3166199999977835,mart_open,0.0,2361.602981167615,29
315,2026-07-05 00:00:00+00:00,BTC_USDT,long,long,funding,63141.5,0.00030000000000000003,18.94245,0.0,0.0,funding,-0.0018942450000000001,2361.690006922615,29
316,2026-07-05 00:00:00+00:00,BTC_USDT,short,short,funding,63141.5,0.0039000000000000003,246.25185000000002,0.0,0.0,funding,0.024625185000000004,2361.7146321076148,27
317,2026-07-05 08:00:00+00:00,BTC_USDT,long,long,funding,63018.9,0.00030000000000000003,18.90567,0.0,0.0,funding,-0.0018905670000000001,2362.1541015406146,29
318,2026-07-05 08:00:00+00:00,BTC_USDT,short,short,funding,63018.9,0.0039000000000000003,245.77371000000002,0.0,0.0,funding,0.024577371000000004,2362.178678911615,27
319,2026-07-05 16:00:00+00:00,BTC_USDT,long,long,funding,62743.2,0.00030000000000000003,18.822960000000002,0.0,0.0,funding,-0.0018822960000000003,2363.169316615615,29
320,2026-07-05 16:00:00+00:00,BTC_USDT,short,short,funding,62743.2,0.0039000000000000003,244.69848000000002,0.0,0.0,funding,0.024469848000000002,2363.193786463615,27
321,2026-07-05 22:00:00+00:00,BTC_USDT,long,long,sell,63797.86136202137,0.00030000000000000003,19.139358408606412,0.0009569679204303207,6.38042417862016,mart_tp,0.18664645468598307,2359.641207904301,30
322,2026-07-05 23:00:00+00:00,BTC_USDT,long,long,buy,63653.46471,0.00030000000000000003,19.096039413000003,0.0009548019706500002,6.364710000001651,mart_open,0.0,2359.9811536893303,30
323,2026-07-06 00:00:00+00:00,BTC_USDT,long,long,funding,63644.2,0.00030000000000000003,19.09326,0.0,0.0,funding,-0.0019093260000000003,2359.9896843633305,30
324,2026-07-06 00:00:00+00:00,BTC_USDT,short,short,funding,63644.2,0.0039000000000000003,248.21238,0.0,0.0,funding,0.024821238000000002,2360.0145056013307,27
325,2026-07-06 08:00:00+00:00,BTC_USDT,long,long,funding,63092.5,0.00030000000000000003,18.927750000000003,0.0,0.0,funding,-0.0018927750000000004,2361.9987328263305,30
326,2026-07-06 08:00:00+00:00,BTC_USDT,short,short,funding,63092.5,0.0039000000000000003,246.06075,0.0,0.0,funding,0.024606075,2362.02333890133,27
327,2026-07-06 09:00:00+00:00,BTC_USDT,long,long,buy,62704.93260562394,0.0004,25.081973042249576,0.0012540986521124787,6.269866273934895,mart_add,0.0,2363.5316717604287,30
328,2026-07-06 12:00:00+00:00,BTC_USDT,long,long,buy,61770.53505240123,0.0007,43.23937453668086,0.0021619687268340433,6.1764358616565005,mart_add,0.0,2366.4460752550212,30
329,2026-07-06 13:00:00+00:00,BTC_USDT,short,short,buy,61638.04505029902,0.0039000000000000003,240.3883756961662,0.01201941878480831,6.16318818621221,mart_tp,2.3918667660994832,2366.91184014007,28
330,2026-07-06 14:00:00+00:00,BTC_USDT,short,short,sell,62037.59562,0.00030000000000000003,18.611278686000002,0.0009305639343000001,6.204380000002857,mart_open,0.0,2367.2897082621357,28
331,2026-07-06 15:00:00+00:00,BTC_USDT,long,long,sell,63059.09407554539,0.0014000000000000002,88.28273170576357,0.004414136585288179,6.3065400615596445,mart_tp,0.8609305772478324,2368.2558658313137,31
332,2026-07-06 15:00:00+00:00,BTC_USDT,short,short,sell,62961.862738344564,0.0004,25.184745095337828,0.0012592372547668915,6.296815955429338,mart_add,0.0,2368.020711689397,28
333,2026-07-06 16:00:00+00:00,BTC_USDT,short,short,funding,63546.7,0.0007000000000000001,44.482690000000005,0.0,0.0,funding,0.004448269,2368.025089958397,28
334,2026-07-06 16:00:00+00:00,BTC_USDT,long,long,buy,63735.57292,0.00030000000000000003,19.120671876000003,0.0009560335938000002,6.3729200000016135,mart_open,0.0,2367.894472048803,31
335,2026-07-06 17:00:00+00:00,BTC_USDT,short,short,sell,63899.90005035178,0.0007,44.72993003524625,0.0022364965017623124,6.390629067944246,mart_add,0.0,2368.1689155875474,28
336,2026-07-06 21:00:00+00:00,BTC_USDT,long,long,sell,64366.49135633509,0.00030000000000000003,19.30994740690053,0.0009654973703450265,6.437292864917254,mart_tp,0.18831003353018108,2367.1420074970774,32
337,2026-07-06 22:00:00+00:00,BTC_USDT,long,long,buy,64253.72473,0.00030000000000000003,19.276117419000002,0.0009638058709500001,6.424729999998817,mart_open,0.0,2367.4737162722067,32
338,2026-07-07 00:00:00+00:00,BTC_USDT,long,long,funding,64040.3,0.00030000000000000003,19.212090000000003,0.0,0.0,funding,-0.0019212090000000003,2367.6994950632065,32
339,2026-07-07 00:00:00+00:00,BTC_USDT,short,short,funding,64040.3,0.0014000000000000002,89.65642000000001,0.0,0.0,funding,0.008965642000000001,2367.7084607052066,28
340,2026-07-07 03:00:00+00:00,BTC_USDT,long,long,buy,63296.2478509359,0.0004,25.31849914037436,0.001265924957018718,6.328991885900905,mart_add,0.0,2368.599955639875,32
341,2026-07-07 08:00:00+00:00,BTC_USDT,long,long,funding,63084.5,0.0007000000000000001,44.159150000000004,0.0,0.0,funding,-0.004415915,2368.669459724875,32
342,2026-07-07 08:00:00+00:00,BTC_USDT,short,short,funding,63084.5,0.0014000000000000002,88.31830000000001,0.0,0.0,funding,0.00883183,2368.678291554875,28
343,2026-07-07 16:00:00+00:00,BTC_USDT,long,long,funding,63938.1,0.0007000000000000001,44.75667000000001,0.0,0.0,funding,-0.004475667000000001,2368.0762958878754,32
344,2026-07-07 16:00:00+00:00,BTC_USDT,short,short,funding,63938.1,0.0014000000000000002,89.51334000000001,0.0,0.0,funding,0.008951334000000002,2368.0852472218753,28
345,2026-07-08 00:00:00+00:00,BTC_USDT,long,long,funding,63368.6,0.0007000000000000001,44.35802,0.0,0.0,funding,-0.004435802000000001,2368.4794614198754,32
346,2026-07-08 00:00:00+00:00,BTC_USDT,short,short,funding,63368.6,0.0014000000000000002,88.71604,0.0,0.0,funding,0.008871604000000002,2368.4883330238754,28
347,2026-07-08 02:00:00+00:00,BTC_USDT,short,short,buy,62606.755962747186,0.0014000000000000002,87.64945834784608,0.004382472917392304,6.260049591313873,mart_tp,0.8721129958206121,2369.280752203112,29
348,2026-07-08 03:00:00+00:00,BTC_USDT,short,short,sell,62759.12346,0.00030000000000000003,18.827737038000002,0.0009413868519000002,6.276539999998931,mart_open,0.0,2369.12546785426,29
349,2026-07-08 08:00:00+00:00,BTC_USDT,long,long,funding,62887.4,0.0007000000000000001,44.02118000000001,0.0,0.0,funding,-0.004402118000000001,2369.1698657362604,32
350,2026-07-08 08:00:00+00:00,BTC_USDT,short,short,funding,62887.4,0.00030000000000000003,18.866220000000002,0.0,0.0,funding,0.0018866220000000003,2369.17175235826,29
351,2026-07-08 08:00:00+00:00,BTC_USDT,long,long,buy,62353.038813585175,0.0007,43.64712716950962,0.0021823563584754814,6.234680413319438,mart_add,0.0,2368.5875028323917,32
352,2026-07-08 08:00:00+00:00,BTC_USDT,short,short,buy,62137.74537862254,0.00030000000000000003,18.641323613586763,0.0009320661806793382,6.213153222539404,mart_tp,0.1854813582325601,2368.5507071526245,30
353,2026-07-08 09:00:00+00:00,BTC_USDT,short,short,sell,62053.09407000001,0.00030000000000000003,18.615928221000004,0.0009307964110500003,6.205929999996442,mart_open,0.0,2368.6054545772135,30
354,2026-07-08 16:00:00+00:00,BTC_USDT,long,long,funding,61702.4,0.0014000000000000002,86.38336000000001,0.0,0.0,funding,-0.008638336000000002,2368.2042262412137,32
355,2026-07-08 16:00:00+00:00,BTC_USDT,short,short,funding,61702.4,0.00030000000000000003,18.510720000000003,0.0,0.0,funding,0.0018510720000000003,2368.2060773132134,30
356,2026-07-09 00:00:00+00:00,BTC_USDT,long,long,funding,62287.3,0.0014000000000000002,87.20222000000001,0.0,0.0,funding,-0.008720222000000001,2368.8407470912134,32
357,2026-07-09 00:00:00+00:00,BTC_USDT,short,short,funding,62287.3,0.00030000000000000003,18.686190000000003,0.0,0.0,funding,0.0018686190000000004,2368.8426157102135,30
358,2026-07-09 07:00:00+00:00,BTC_USDT,short,short,sell,62977.5920920019,0.0004,25.19103683680076,0.001259551841840038,6.298389048104582,mart_add,0.0,2369.6189529951725,30
359,2026-07-09 08:00:00+00:00,BTC_USDT,long,long,funding,63003.7,0.0014000000000000002,88.20518000000001,0.0,0.0,funding,-0.008820518000000001,2369.6101324771726,32
360,2026-07-09 08:00:00+00:00,BTC_USDT,short,short,funding,63003.7,0.0007000000000000001,44.102590000000006,0.0,0.0,funding,0.004410259000000001,2369.6145427361726,30
361,2026-07-09 16:00:00+00:00,BTC_USDT,long,long,funding,62870.8,0.0014000000000000002,88.01912000000002,0.0,0.0,funding,-0.008801912000000002,2369.5127108241727,32
362,2026-07-09 16:00:00+00:00,BTC_USDT,short,short,funding,62870.8,0.0007000000000000001,44.00956000000001,0.0,0.0,funding,0.004400956000000001,2369.5171117801724,30
363,2026-07-10 00:00:00+00:00,BTC_USDT,long,long,funding,63222.0,0.0014000000000000002,88.51080000000002,0.0,0.0,funding,-0.008851080000000002,2369.754100700173,32
364,2026-07-10 00:00:00+00:00,BTC_USDT,short,short,funding,63222.0,0.0007000000000000001,44.25540000000001,0.0,0.0,funding,0.004425540000000001,2369.7585262401726,30
365,2026-07-10 01:00:00+00:00,BTC_USDT,long,long,sell,63653.749107183,0.0014000000000000002,89.11524875005621,0.004455762437502811,6.3660115118691465,mart_tp,0.8690492587347237,2369.9893392277913,33
366,2026-07-10 01:00:00+00:00,BTC_USDT,short,short,sell,63915.863747784584,0.0007,44.74110462344921,0.0022370552311724605,6.392225597337529,mart_add,0.0,2370.1036267960094,30
367,2026-07-10 02:00:00+00:00,BTC_USDT,long,long,buy,63968.49621,0.00030000000000000003,19.190548863,0.00095952744315,6.396209999998973,mart_open,0.0,2369.802968405566,33
368,2026-07-10 08:00:00+00:00,BTC_USDT,long,long,funding,63978.2,0.00030000000000000003,19.19346,0.0,0.0,funding,-0.0019193460000000002,2369.783339059566,33
369,2026-07-10 08:00:00+00:00,BTC_USDT,short,short,funding,63978.2,0.0014000000000000002,89.56948000000001,0.0,0.0,funding,0.008956948000000001,2369.792296007566,30
370,2026-07-10 13:00:00+00:00,BTC_USDT,long,long,sell,64601.72035398279,0.00030000000000000003,19.38051610619484,0.0009690258053097421,6.460818117207964,mart_tp,0.1889982173895279,2369.2667630879555,34
371,2026-07-10 14:00:00+00:00,BTC_USDT,long,long,buy,63921.991559999995,0.00030000000000000003,19.176597468,0.0009588298734000001,6.391559999996389,mart_open,0.0,2370.063146790082,34
372,2026-07-10 16:00:00+00:00,BTC_USDT,long,long,funding,64036.5,0.00030000000000000003,19.21095,0.0,0.0,funding,-0.001921095,2369.928235695082,34
373,2026-07-10 16:00:00+00:00,BTC_USDT,short,short,funding,64036.5,0.0014000000000000002,89.65110000000001,0.0,0.0,funding,0.008965110000000002,2369.9372008050823,30
374,2026-07-11 00:00:00+00:00,BTC_USDT,long,long,funding,64165.2,0.00030000000000000003,19.249560000000002,0.0,0.0,funding,-0.0019249560000000002,2369.7937058490825,34
375,2026-07-11 00:00:00+00:00,BTC_USDT,short,short,funding,64165.2,0.0014000000000000002,89.83128,0.0,0.0,funding,0.008983128000000002,2369.802688977082,30
376,2026-07-11 08:00:00+00:00,BTC_USDT,long,long,funding,64161.0,0.00030000000000000003,19.2483,0.0,0.0,funding,-0.0019248300000000002,2369.805384147082,34
377,2026-07-11 08:00:00+00:00,BTC_USDT,short,short,funding,64161.0,0.0014000000000000002,89.82540000000002,0.0,0.0,funding,0.008982540000000002,2369.814366687082,30
378,2026-07-11 16:00:00+00:00,BTC_USDT,long,long,funding,64174.4,0.00030000000000000003,19.25232,0.0,0.0,funding,-0.0019252320000000002,2369.7977014550825,34
379,2026-07-11 16:00:00+00:00,BTC_USDT,short,short,funding,64174.4,0.0014000000000000002,89.84416000000002,0.0,0.0,funding,0.008984416000000002,2369.806685871082,30
380,2026-07-12 00:00:00+00:00,BTC_USDT,long,long,funding,63822.2,0.00030000000000000003,19.14666,0.0,0.0,funding,-0.0019146660000000002,2370.192191205082,34
381,2026-07-12 00:00:00+00:00,BTC_USDT,short,short,funding,63822.2,0.0014000000000000002,89.35108000000001,0.0,0.0,funding,0.008935108,2370.2011263130826,30
382,2026-07-12 08:00:00+00:00,BTC_USDT,long,long,funding,63886.5,0.00030000000000000003,19.165950000000002,0.0,0.0,funding,-0.0019165950000000003,2370.1284797180824,34
383,2026-07-12 08:00:00+00:00,BTC_USDT,short,short,funding,63886.5,0.0014000000000000002,89.44110000000002,0.0,0.0,funding,0.008944110000000002,2370.1374238280823,30
384,2026-07-12 16:00:00+00:00,BTC_USDT,long,long,funding,64175.9,0.00030000000000000003,19.25277,0.0,0.0,funding,-0.0019252770000000002,2369.817158551082,34
385,2026-07-12 16:00:00+00:00,BTC_USDT,short,short,funding,64175.9,0.0014000000000000002,89.84626000000002,0.0,0.0,funding,0.008984626000000002,2369.826143177082,30
386,2026-07-13 00:00:00+00:00,BTC_USDT,long,long,funding,63780.9,0.00030000000000000003,19.13427,0.0,0.0,funding,-0.001913427,2370.2587297500822,34
387,2026-07-13 00:00:00+00:00,BTC_USDT,short,short,funding,63780.9,0.0014000000000000002,89.29326000000002,0.0,0.0,funding,0.008929326000000003,2370.267659076082,30
388,2026-07-13 03:00:00+00:00,BTC_USDT,long,long,buy,62969.45800276865,0.0004,25.18778320110746,0.0012593891600553731,6.296316168656631,mart_add,0.0,2371.270816485815,34
389,2026-07-13 05:00:00+00:00,BTC_USDT,short,short,buy,62622.39660238279,0.0014000000000000002,87.67135524333592,0.004383567762166796,6.261613498885708,mart_tp,0.8723308701518968,2371.5191376747166,31
390,2026-07-13 06:00:00+00:00,BTC_USDT,short,short,sell,62790.42033,0.00030000000000000003,18.837126099000002,0.0009418563049500002,6.279669999996258,mart_open,0.0,2371.5167319174116,31
391,2026-07-13 08:00:00+00:00,BTC_USDT,long,long,funding,62990.4,0.0007000000000000001,44.09328000000001,0.0,0.0,funding,-0.0044093280000000006,2371.5898025894116,34
392,2026-07-13 08:00:00+00:00,BTC_USDT,short,short,funding,62990.4,0.00030000000000000003,18.89712,0.0,0.0,funding,0.0018897120000000002,2371.591692301412,31
393,2026-07-13 14:00:00+00:00,BTC_USDT,short,short,buy,62168.73237831267,0.00030000000000000003,18.650619713493803,0.0009325309856746902,6.216251612670021,mart_tp,0.18557385452052447,2371.695650056932,32
394,2026-07-13 15:00:00+00:00,BTC_USDT,short,short,sell,62608.43853,0.00030000000000000003,18.782531559000002,0.0009391265779500001,6.261469999997644,mart_open,0.0,2371.571452489354,32
395,2026-07-13 16:00:00+00:00,BTC_USDT,long,long,funding,62614.7,0.0007000000000000001,43.830290000000005,0.0,0.0,funding,-0.004383029000000001,2371.567069460354,34
396,2026-07-13 16:00:00+00:00,BTC_USDT,short,short,funding,62614.7,0.00030000000000000003,18.78441,0.0,0.0,funding,0.0018784410000000002,2371.5689479013545,32
397,2026-07-13 17:00:00+00:00,BTC_USDT,long,long,buy,62031.11862434039,0.0007,43.421783037038274,0.0021710891518519136,6.2024916132722865,mart_add,0.0,2371.1916437751643,34
398,2026-07-13 17:00:00+00:00,BTC_USDT,short,short,buy,61988.55238011447,0.00030000000000000003,18.596565714034345,0.0009298282857017172,6.198235414471128,mart_tp,0.18503601667995606,2371.164838232844,33
399,2026-07-13 18:00:00+00:00,BTC_USDT,short,short,sell,62013.39804,0.00030000000000000003,18.604019412000003,0.0009302009706000002,6.2019599999985076,mart_open,0.0,2371.326267443874,33
400,2026-07-14 00:00:00+00:00,BTC_USDT,long,long,funding,62337.2,0.0014000000000000002,87.27208,0.0,0.0,funding,-0.008727208,2371.6669002358735,34
401,2026-07-14 00:00:00+00:00,BTC_USDT,short,short,funding,62337.2,0.00030000000000000003,18.70116,0.0,0.0,funding,0.0018701160000000002,2371.6687703518737,33
402,2026-07-14 08:00:00+00:00,BTC_USDT,long,long,funding,62554.1,0.0014000000000000002,87.57574000000001,0.0,0.0,funding,-0.008757574,2371.8986027778733,34
403,2026-07-14 08:00:00+00:00,BTC_USDT,short,short,funding,62554.1,0.00030000000000000003,18.76623,0.0,0.0,funding,0.001876623,2371.9004794008733,33
404,2026-07-14 12:00:00+00:00,BTC_USDT,long,long,sell,63325.11352905205,0.0014000000000000002,88.65515894067288,0.004432757947033644,6.333144667369197,mart_tp,0.8645624765801041,2372.5560355835996,35
405,2026-07-14 12:00:00+00:00,BTC_USDT,short,short,sell,62937.304650698934,0.0004,25.174921860279575,0.0012587460930139787,6.294359901061398,mart_add,0.0,2372.148818697786,33
406,2026-07-14 13:00:00+00:00,BTC_USDT,long,long,buy,63848.98426,0.00030000000000000003,19.154695278000002,0.0009577347639000001,6.384259999998903,mart_open,0.0,2372.222665685022,35
407,2026-07-14 13:00:00+00:00,BTC_USDT,short,short,sell,63874.97608403737,0.0007,44.71248325882616,0.0022356241629413083,6.388136422043317,mart_add,0.0,2372.243093319685,33
408,2026-07-14 15:00:00+00:00,BTC_USDT,long,long,sell,64481.02535518974,0.00030000000000000003,19.344307606556924,0.0009672153803278463,6.448747410257056,mart_tp,0.18864511317659505,2371.1704337108617,36
409,2026-07-14 15:00:00+00:00,BTC_USDT,short,short,sell,64826.617415225395,0.001,64.8266174152254,0.00324133087076127,6.483310072530003,mart_add,0.0,2371.2489097952166,33
410,2026-07-14 16:00:00+00:00,BTC_USDT,short,short,funding,64745.0,0.0024000000000000002,155.388,0.0,0.0,funding,0.015538800000000002,2371.2642085952166,33
411,2026-07-14 16:00:00+00:00,BTC_USDT,long,long,buy,64732.67262,0.00030000000000000003,19.419801786,0.0009709900893,6.472620000000461,mart_open,0.0,2371.3064158191273,36
412,2026-07-15 00:00:00+00:00,BTC_USDT,long,long,funding,65035.3,0.00030000000000000003,19.510590000000004,0.0,0.0,funding,-0.0019510590000000004,2370.6553547601275,36
413,2026-07-15 00:00:00+00:00,BTC_USDT,short,short,funding,65035.3,0.0024000000000000002,156.08472000000003,0.0,0.0,funding,0.015608472000000003,2370.670963232127,33
414,2026-07-15 08:00:00+00:00,BTC_USDT,long,long,funding,64551.5,0.00030000000000000003,19.365450000000003,0.0,0.0,funding,-0.0019365450000000005,2371.6850066871275,36
415,2026-07-15 08:00:00+00:00,BTC_USDT,short,short,funding,64551.5,0.0024000000000000002,154.92360000000002,0.0,0.0,funding,0.015492360000000004,2371.7004990471273,33
416,2026-07-15 13:00:00+00:00,BTC_USDT,long,long,sell,65373.46134626538,0.00030000000000000003,19.612038403879616,0.000980601920193981,6.5379999346187105,mart_tp,0.19125601595942068,2370.5877068490868,37
417,2026-07-15 14:00:00+00:00,BTC_USDT,long,long,buy,65406.54,0.00030000000000000003,19.621962000000003,0.0009810981000000002,6.540000000000873,mart_open,0.0,2369.9067637509866,37
418,2026-07-15 16:00:00+00:00,BTC_USDT,long,long,funding,65424.5,0.00030000000000000003,19.627350000000003,0.0,0.0,funding,-0.0019627350000000006,2369.853351015987,37
419,2026-07-15 16:00:00+00:00,BTC_USDT,short,short,funding,65424.5,0.0024000000000000002,157.01880000000003,0.0,0.0,funding,0.015701880000000005,2369.869052895987,33
420,2026-07-16 00:00:00+00:00,BTC_USDT,long,long,funding,64753.6,0.00030000000000000003,19.426080000000002,0.0,0.0,funding,-0.0019426080000000004,2371.276000287987,37
421,2026-07-16 00:00:00+00:00,BTC_USDT,short,short,funding,64753.6,0.0024000000000000002,155.40864000000002,0.0,0.0,funding,0.015540864000000003,2371.2915411519866,33
422,2026-07-16 01:00:00+00:00,BTC_USDT,long,long,buy,64431.88444419,0.0004,25.772753777676,0.0012886376888838,6.4425441900020815,mart_add,0.0,2371.4582087366216,37
423,2026-07-16 08:00:00+00:00,BTC_USDT,long,long,funding,64239.3,0.0007000000000000001,44.96751000000001,0.0,0.0,funding,-0.004496751000000001,2372.2887519856217,37
424,2026-07-16 08:00:00+00:00,BTC_USDT,short,short,funding,64239.3,0.0024000000000000002,154.17432000000002,0.0,0.0,funding,0.015417432000000003,2372.304169417622,33
425,2026-07-16 16:00:00+00:00,BTC_USDT,long,long,funding,64702.4,0.0007000000000000001,45.29168000000001,0.0,0.0,funding,-0.004529168000000001,2371.5123702496217,37
426,2026-07-16 16:00:00+00:00,BTC_USDT,short,short,funding,64702.4,0.0024000000000000002,155.28576,0.0,0.0,funding,0.015528576000000002,2371.527898825622,33
427,2026-07-17 00:00:00+00:00,BTC_USDT,long,long,funding,63831.9,0.0007000000000000001,44.68233000000001,0.0,0.0,funding,-0.004468233000000001,2373.003280592622,37
428,2026-07-17 00:00:00+00:00,BTC_USDT,short,short,funding,63831.9,0.0024000000000000002,153.19656,0.0,0.0,funding,0.015319656000000001,2373.0186002486216,33
429,2026-07-17 02:00:00+00:00,BTC_USDT,long,long,buy,63471.7527181449,0.0007,44.43022690270143,0.0022215113451350714,6.34654061774927,mart_add,0.0,2373.615481834575,37
430,2026-07-17 05:00:00+00:00,BTC_USDT,short,short,buy,63250.01667209187,0.0024000000000000002,151.8000400130205,0.007590002000651025,6.324369230285811,mart_tp,1.5104119313099724,2373.265671819554,34
431,2026-07-17 06:00:00+00:00,BTC_USDT,short,short,sell,62938.90548,0.00030000000000000003,18.881671644,0.0009440835822000001,6.294519999995828,mart_open,0.0,2373.4131993799715,34
432,2026-07-17 08:00:00+00:00,BTC_USDT,long,long,funding,62827.5,0.0014000000000000002,87.95850000000002,0.0,0.0,funding,-0.008795850000000003,2373.274933529972,37
433,2026-07-17 08:00:00+00:00,BTC_USDT,short,short,funding,62827.5,0.00030000000000000003,18.84825,0.0,0.0,funding,0.0018848250000000001,2373.2768183549715,34
434,2026-07-17 16:00:00+00:00,BTC_USDT,long,long,funding,63450.5,0.0014000000000000002,88.83070000000001,0.0,0.0,funding,-0.008883070000000002,2373.9532352849715,37
435,2026-07-17 16:00:00+00:00,BTC_USDT,short,short,funding,63450.5,0.00030000000000000003,19.03515,0.0,0.0,funding,0.0019035150000000002,2373.955138799972,34
436,2026-07-17 17:00:00+00:00,BTC_USDT,short,short,sell,63876.600763293776,0.0004,25.55064030531751,0.0012775320152658756,6.388298906218552,mart_add,0.0,2374.5469615732736,34
437,2026-07-18 00:00:00+00:00,BTC_USDT,long,long,funding,63935.2,0.0014000000000000002,89.50928,0.0,0.0,funding,-0.008950928,2374.4546406452737,37
438,2026-07-18 00:00:00+00:00,BTC_USDT,short,short,funding,63935.2,0.0007000000000000001,44.75464,0.0,0.0,funding,0.004475464,2374.459116109274,34
439,2026-07-18 08:00:00+00:00,BTC_USDT,long,long,funding,64009.3,0.0014000000000000002,89.61302000000002,0.0,0.0,funding,-0.008961302000000003,2374.502024807274,37
440,2026-07-18 08:00:00+00:00,BTC_USDT,short,short,funding,64009.3,0.0007000000000000001,44.80651000000001,0.0,0.0,funding,0.004480651000000001,2374.5065054582738,34
441,2026-07-18 16:00:00+00:00,BTC_USDT,long,long,funding,64117.5,0.0014000000000000002,89.76450000000001,0.0,0.0,funding,-0.008976450000000002,2374.573269008274,37
442,2026-07-18 16:00:00+00:00,BTC_USDT,short,short,funding,64117.5,0.0007000000000000001,44.882250000000006,0.0,0.0,funding,0.004488225000000001,2374.577757233274,34
443,2026-07-18 21:00:00+00:00,BTC_USDT,long,long,sell,64795.79984855034,0.0014000000000000002,90.71411978797049,0.004535705989398525,6.4802280076546595,mart_tp,0.8846414016036608,2375.0926913152553,38
444,2026-07-18 21:00:00+00:00,BTC_USDT,short,short,sell,64828.2662997657,0.0006000000000000001,38.89695977985942,0.0019448479889929713,6.483474977474543,mart_add,0.0,2375.1485062471256,34
445,2026-07-18 22:00:00+00:00,BTC_USDT,long,long,buy,64814.38079,0.00030000000000000003,19.444314237000004,0.0009722157118500003,6.480790000001434,mart_open,0.0,2375.046919794414,38
446,2026-07-19 00:00:00+00:00,BTC_USDT,long,long,funding,64838.0,0.00030000000000000003,19.451400000000003,0.0,0.0,funding,-0.0019451400000000004,2375.0148746544137,38
447,2026-07-19 00:00:00+00:00,BTC_USDT,short,short,funding,64838.0,0.0013000000000000002,84.28940000000001,0.0,0.0,funding,0.008428940000000001,2375.023303594414,34
448,2026-07-19 08:00:00+00:00,BTC_USDT,long,long,funding,64717.4,0.00030000000000000003,19.41522,0.0,0.0,funding,-0.0019415220000000002,2375.1419620724137,38
449,2026-07-19 08:00:00+00:00,BTC_USDT,short,short,funding,64717.4,0.0013000000000000002,84.13262000000002,0.0,0.0,funding,0.008413262000000003,2375.1503753344136,34
450,2026-07-19 16:00:00+00:00,BTC_USDT,long,long,funding,64577.1,0.00030000000000000003,19.37313,0.0,0.0,funding,-0.001937313,2375.2887380214133,38
451,2026-07-19 16:00:00+00:00,BTC_USDT,short,short,funding,64577.1,0.0013000000000000002,83.95023,0.0,0.0,funding,0.008395023000000001,2375.2971330444134,34
452,2026-07-20 00:00:00+00:00,BTC_USDT,long,long,funding,64726.5,0.00030000000000000003,19.41795,0.0,0.0,funding,-0.0019417950000000003,2375.145791249414,38
453,2026-07-20 00:00:00+00:00,BTC_USDT,short,short,funding,64726.5,0.0013000000000000002,84.14445,0.0,0.0,funding,0.008414445000000001,2375.1542056944136,34
454,2026-07-20 06:00:00+00:00,BTC_USDT,long,long,buy,63848.549294657816,0.0004,25.539419717863126,0.0012769709858931563,6.384216507816745,mart_add,0.0,2375.9899290055646,38
455,2026-07-20 08:00:00+00:00,BTC_USDT,long,long,funding,64276.9,0.0007000000000000001,44.99383000000001,0.0,0.0,funding,-0.004499383000000001,2375.7693696225647,38
456,2026-07-20 08:00:00+00:00,BTC_USDT,short,short,funding,64276.9,0.0013000000000000002,83.55997,0.0,0.0,funding,0.008355997,2375.777725619565,34
457,2026-07-20 11:00:00+00:00,BTC_USDT,long,long,sell,64898.61133897473,0.0007000000000000001,45.42902793728232,0.002271451396864116,6.490510184914456,mart_tp,0.4430225310223285,2375.26841210545,39
458,2026-07-20 12:00:00+00:00,BTC_USDT,long,long,buy,64650.06436,0.00030000000000000003,19.395019308000002,0.0009697509654000002,6.464359999998123,mart_open,0.0,2375.7310330464848,39
459,2026-07-20 15:00:00+00:00,BTC_USDT,long,long,sell,65290.03534709965,0.00030000000000000003,19.587010604129897,0.000979350530206495,6.529656500359124,mart_tp,0.19101194559968696,2374.6810543000843,40
460,2026-07-20 16:00:00+00:00,BTC_USDT,short,short,funding,65599.6,0.0013000000000000002,85.27948000000002,0.0,0.0,funding,0.008527948000000002,2374.689712248084,34
461,2026-07-20 16:00:00+00:00,BTC_USDT,long,long,buy,65507.95014,0.00030000000000000003,19.652385042000002,0.0009826192521,6.550139999999374,mart_open,0.0,2374.814424586832,40
462,2026-07-21 00:00:00+00:00,BTC_USDT,long,long,funding,65256.0,0.00030000000000000003,19.576800000000002,0.0,0.0,funding,-0.0019576800000000003,2375.057866906832,40
463,2026-07-21 00:00:00+00:00,BTC_USDT,short,short,funding,65256.0,0.0013000000000000002,84.8328,0.0,0.0,funding,0.008483280000000001,2375.066350186832,34
464,2026-07-21 05:00:00+00:00,BTC_USDT,short,short,sell,65794.11022523275,0.001,65.79411022523276,0.003289705511261638,6.58006902942725,mart_add,0.0,2374.617170706553,34
465,2026-07-21 07:00:00+00:00,BTC_USDT,long,long,sell,66156.41333843587,0.00030000000000000003,19.846924001530763,0.000992346200076538,6.616302964132046,mart_tp,0.19354661333068482,2373.725092361884,41
466,2026-07-21 08:00:00+00:00,BTC_USDT,short,short,funding,66188.8,0.0023,152.23424,0.0,0.0,funding,0.015223424000000001,2373.7400857858843,34
467,2026-07-21 08:00:00+00:00,BTC_USDT,long,long,buy,66233.42268,0.00030000000000000003,19.870026804000002,0.0009935013402,6.6226800000004005,mart_open,0.0,2373.649705480544,41
468,2026-07-21 13:00:00+00:00,BTC_USDT,short,short,sell,66774.34377642338,0.0015,100.16151566463508,0.005008075783231754,6.678102187855984,mart_add,0.0,2372.514763069396,34
469,2026-07-21 14:00:00+00:00,BTC_USDT,long,long,sell,66889.06733110933,0.00030000000000000003,20.0667201993328,0.00100333600996664,6.689575690674246,mart_tp,0.19569005932283046,2372.3327699327187,42
470,2026-07-21 15:00:00+00:00,BTC_USDT,long,long,buy,66692.16855,0.0002,13.33843371,0.0006669216855000001,6.668550000002142,mart_open,0.0,2372.9186293010334,42
471,2026-07-21 16:00:00+00:00,BTC_USDT,long,long,funding,66685.6,0.0002,13.337120000000002,0.0,0.0,funding,-0.0013337120000000004,2372.9169355890335,42
472,2026-07-21 16:00:00+00:00,BTC_USDT,short,short,funding,66685.6,0.0038,253.40528000000003,0.0,0.0,funding,0.025340528000000005,2372.9422761170335,34
473,2026-07-22 00:00:00+00:00,BTC_USDT,long,long,funding,66557.6,0.0002,13.311520000000002,0.0,0.0,funding,-0.0013311520000000002,2373.4017449650332,42
474,2026-07-22 00:00:00+00:00,BTC_USDT,short,short,funding,66557.6,0.0038,252.91888000000003,0.0,0.0,funding,0.025291888000000005,2373.4270368530333,34
475,2026-07-22 08:00:00+00:00,BTC_USDT,long,long,funding,65842.1,0.0002,13.168420000000001,0.0,0.0,funding,-0.0013168420000000001,2376.0015200110333,42
476,2026-07-22 08:00:00+00:00,BTC_USDT,short,short,funding,65842.1,0.0038,250.19998,0.0,0.0,funding,0.025019998,2376.0265400090334,34
477,2026-07-22 12:00:00+00:00,BTC_USDT,long,long,buy,65698.35520035218,0.0004,26.27934208014087,0.0013139671040070437,6.569178602177999,mart_add,0.0,2376.7236839617885,42
478,2026-07-22 16:00:00+00:00,BTC_USDT,long,long,funding,66046.5,0.0006000000000000001,39.627900000000004,0.0,0.0,funding,-0.003962790000000001,2375.4246811717885,42
479,2026-07-22 16:00:00+00:00,BTC_USDT,short,short,funding,66046.5,0.0038,250.9767,0.0,0.0,funding,0.02509767,2375.4497788417884,34
480,2026-07-23 00:00:00+00:00,BTC_USDT,long,long,funding,66118.5,0.0006000000000000001,39.6711,0.0,0.0,funding,-0.00396711,2375.2154117317887,42
481,2026-07-23 00:00:00+00:00,BTC_USDT,short,short,funding,66118.5,0.0038,251.2503,0.0,0.0,funding,0.025125030000000003,2375.2405367617885,34
482,2026-07-23 08:00:00+00:00,BTC_USDT,long,long,funding,65441.4,0.0006000000000000001,39.26484000000001,0.0,0.0,funding,-0.003926484000000001,2377.403330277789,42
483,2026-07-23 08:00:00+00:00,BTC_USDT,short,short,funding,65441.4,0.0038,248.67732,0.0,0.0,funding,0.024867732000000004,2377.4281980097885,34
484,2026-07-23 13:00:00+00:00,BTC_USDT,short,short,buy,64951.77048624174,0.0038,246.8167278477186,0.01234083639238593,6.494527595867112,mart_tp,2.45582893493378,2378.9401493256773,35
485,2026-07-23 14:00:00+00:00,BTC_USDT,short,short,sell,64898.5095,0.00030000000000000003,19.469552850000003,0.0009734776425000002,6.490499999999884,mart_open,0.0,2378.951688698035,35
486,2026-07-23 16:00:00+00:00,BTC_USDT,long,long,funding,64960.9,0.0006000000000000001,38.97654000000001,0.0,0.0,funding,-0.003897654000000001,2378.964561044035,42
487,2026-07-23 16:00:00+00:00,BTC_USDT,short,short,funding,64960.9,0.00030000000000000003,19.488270000000004,0.0,0.0,funding,0.0019488270000000004,2378.9665098710348,35
488,2026-07-23 16:00:00+00:00,BTC_USDT,long,long,buy,64719.351160334125,0.0006000000000000001,38.83161069620048,0.001941580534810024,6.471287987231335,mart_add,0.0,2378.9217575942994,42
489,2026-07-24 00:00:00+00:00,BTC_USDT,long,long,funding,65099.2,0.0012000000000000001,78.11904,0.0,0.0,funding,-0.007811904000000001,2379.2261556902995,42
490,2026-07-24 00:00:00+00:00,BTC_USDT,short,short,funding,65099.2,0.00030000000000000003,19.52976,0.0,0.0,funding,0.0019529760000000001,2379.2281086662997,35
491,2026-07-24 08:00:00+00:00,BTC_USDT,long,long,funding,65503.0,0.0012000000000000001,78.60360000000001,0.0,0.0,funding,-0.007860360000000002,2379.5836683062994,42
492,2026-07-24 08:00:00+00:00,BTC_USDT,short,short,funding,65503.0,0.00030000000000000003,19.650900000000004,0.0,0.0,funding,0.0019650900000000005,2379.5856333962997,35
493,2026-07-24 13:00:00+00:00,BTC_USDT,short,short,buy,64255.949357440506,0.00030000000000000003,19.276784807232154,0.0009638392403616078,6.4249524405022385,mart_tp,0.19180420352748884,2378.3361447498273,36
494,2026-07-24 14:00:00+00:00,BTC_USDT,long,long,buy,63754.935749018405,0.001,63.75493574901841,0.0031877467874509204,6.374856089292734,mart_add,0.0,2378.5235612540214,42
495,2026-07-24 14:00:00+00:00,BTC_USDT,short,short,sell,64051.09425,0.00030000000000000003,19.215328275,0.0009607664137500001,6.405749999998079,mart_open,0.0,2378.5206787626075,36
496,2026-07-24 16:00:00+00:00,BTC_USDT,long,long,funding,64094.4,0.0022,141.00768000000002,0.0,0.0,funding,-0.014100768000000003,2378.5766879946077,42
497,2026-07-24 16:00:00+00:00,BTC_USDT,short,short,funding,64094.4,0.00030000000000000003,19.228320000000004,0.0,0.0,funding,0.0019228320000000004,2378.5786108266075,36
498,2026-07-25 00:00:00+00:00,BTC_USDT,long,long,funding,64145.9,0.0022,141.12098,0.0,0.0,funding,-0.014112098000000002,2378.6623487286074,42
499,2026-07-25 00:00:00+00:00,BTC_USDT,short,short,funding,64145.9,0.00030000000000000003,19.24377,0.0,0.0,funding,0.0019243770000000003,2378.6642731056077,36
500,2026-07-25 08:00:00+00:00,BTC_USDT,long,long,funding,64008.7,0.0022,140.81914,0.0,0.0,funding,-0.014081914000000001,2378.389511191607,42
501,2026-07-25 08:00:00+00:00,BTC_USDT,short,short,funding,64008.7,0.00030000000000000003,19.20261,0.0,0.0,funding,0.0019202610000000001,2378.3914314526073,36
502,2026-07-25 16:00:00+00:00,BTC_USDT,long,long,funding,64186.2,0.0022,141.20964,0.0,0.0,funding,-0.014120964000000001,2378.7145604886073,42
503,2026-07-25 16:00:00+00:00,BTC_USDT,short,short,funding,64186.2,0.00030000000000000003,19.255860000000002,0.0,0.0,funding,0.0019255860000000004,2378.7164860746075,36
504,2026-07-26 00:00:00+00:00,BTC_USDT,long,long,funding,64372.0,0.0022,141.6184,0.0,0.0,funding,-0.014161840000000002,2379.055344234607,42
505,2026-07-26 00:00:00+00:00,BTC_USDT,short,short,funding,64372.0,0.00030000000000000003,19.311600000000002,0.0,0.0,funding,0.0019311600000000003,2379.057275394607,36
506,2026-07-26 08:00:00+00:00,BTC_USDT,long,long,funding,64364.8,0.0022,141.60256,0.0,0.0,funding,-0.014160256000000001,2379.0294351386074,42
507,2026-07-26 08:00:00+00:00,BTC_USDT,short,short,funding,64364.8,0.00030000000000000003,19.309440000000002,0.0,0.0,funding,0.0019309440000000004,2379.0313660826073,36
508,2026-07-26 16:00:00+00:00,BTC_USDT,long,long,funding,64766.0,0.0022,142.48520000000002,0.0,0.0,funding,-0.014248520000000002,2379.7793975626073,42
509,2026-07-26 16:00:00+00:00,BTC_USDT,short,short,funding,64766.0,0.00030000000000000003,19.4298,0.0,0.0,funding,0.0019429800000000002,2379.781340542607,36
510,2026-07-26 22:00:00+00:00,BTC_USDT,long,long,sell,65278.183100530725,0.0022,143.6120028211676,0.007180600141058381,6.528471157165768,mart_tp,1.40049998566677,2380.7093827636336,43
511,2026-07-26 22:00:00+00:00,BTC_USDT,short,short,sell,65005.359477683625,0.0004,26.00214379107345,0.0013001071895536727,6.501186066372611,mart_add,0.0,2380.5483864475177,36
512,2026-07-26 23:00:00+00:00,BTC_USDT,long,long,buy,65405.939940000004,0.00030000000000000003,19.621781982,0.0009810890991000002,6.539940000002389,mart_open,0.0,2380.5490833764184,43
513,2026-07-27 00:00:00+00:00,BTC_USDT,long,long,funding,65400.7,0.00030000000000000003,19.62021,0.0,0.0,funding,-0.001962021,2380.5466013554183,43
514,2026-07-27 00:00:00+00:00,BTC_USDT,short,short,funding,65400.7,0.0007000000000000001,45.78049000000001,0.0,0.0,funding,0.004578049000000001,2380.5511794044182,36
515,2026-07-27 08:00:00+00:00,BTC_USDT,long,long,funding,65230.1,0.00030000000000000003,19.56903,0.0,0.0,funding,-0.0019569030000000003,2380.6174625014182,43
516,2026-07-27 08:00:00+00:00,BTC_USDT,short,short,funding,65230.1,0.0007000000000000001,45.66107,0.0,0.0,funding,0.004566107000000001,2380.6220286084185,36
517,2026-07-27 15:00:00+00:00,BTC_USDT,long,long,buy,64431.293325984094,0.0004,25.77251733039364,0.001288625866519682,6.442485084087821,mart_add,0.0,2380.9402626521583,43
518,2026-07-27 16:00:00+00:00,BTC_USDT,long,long,funding,64553.7,0.0007000000000000001,45.18759000000001,0.0,0.0,funding,-0.004518759000000001,2380.9357438931584,43
519,2026-07-27 16:00:00+00:00,BTC_USDT,short,short,funding,64553.7,0.0007000000000000001,45.18759000000001,0.0,0.0,funding,0.004518759000000001,2380.9402626521583,36
520,2026-07-27 22:00:00+00:00,BTC_USDT,short,short,buy,63956.819821638936,0.0007000000000000001,44.76977387514726,0.002238488693757363,6.395042477917741,mart_tp,0.4454597022324371,2380.8265702883173,37
521,2026-07-27 23:00:00+00:00,BTC_USDT,short,short,sell,63753.324029999996,0.00030000000000000003,19.125997209,0.0009562998604500001,6.375970000000962,mart_open,0.0,2380.797171197457,37
522,2026-07-28 00:00:00+00:00,BTC_USDT,long,long,funding,63759.7,0.0007000000000000001,44.63179,0.0,0.0,funding,-0.004463179,2380.792708018457,43
523,2026-07-28 00:00:00+00:00,BTC_USDT,short,short,funding,63759.7,0.00030000000000000003,19.12791,0.0,0.0,funding,0.001912791,2380.794620809457,37
524,2026-07-28 01:00:00+00:00,BTC_USDT,long,long,buy,63471.17040848694,0.0007,44.42981928594086,0.002221490964297043,6.346482392611506,mart_add,0.0,2380.4155500325514,43
525,2026-07-28 01:00:00+00:00,BTC_USDT,short,short,buy,63122.102368778964,0.00030000000000000003,18.93663071063369,0.0009468315355316845,6.311579078967043,mart_tp,0.18841966683077802,2380.4480224903828,38
526,2026-07-28 02:00:00+00:00,BTC_USDT,short,short,sell,63180.981270000004,0.00030000000000000003,18.954294381000004,0.0009477147190500002,6.31872999999905,mart_open,0.0,2380.3804991566635,38
527,2026-07-28 08:00:00+00:00,BTC_USDT,long,long,funding,63506.1,0.0014000000000000002,88.90854000000002,0.0,0.0,funding,-0.008890854000000002,2380.7222883026634,43
528,2026-07-28 08:00:00+00:00,BTC_USDT,short,short,funding,63506.1,0.00030000000000000003,19.051830000000002,0.0,0.0,funding,0.0019051830000000004,2380.7241934856634,38
529,2026-07-28 16:00:00+00:00,BTC_USDT,long,long,funding,63927.5,0.0014000000000000002,89.4985,0.0,0.0,funding,-0.00894985,2381.1787836356634,43
530,2026-07-28 16:00:00+00:00,BTC_USDT,short,short,funding,63927.5,0.00030000000000000003,19.178250000000002,0.0,0.0,funding,0.0019178250000000004,2381.1807014606634,38
531,2026-07-29 00:00:00+00:00,BTC_USDT,long,long,funding,63923.4,0.0014000000000000002,89.49276000000002,0.0,0.0,funding,-0.008949276000000003,2381.1672421846633,43
532,2026-07-29 00:00:00+00:00,BTC_USDT,short,short,funding,63923.4,0.00030000000000000003,19.177020000000002,0.0,0.0,funding,0.0019177020000000003,2381.1691598866632,38
533,2026-07-29 00:00:00+00:00,BTC_USDT,short,short,sell,64122.283119451095,0.0004,25.64891324778044,0.001282445662389022,6.412869598905672,mart_add,0.0,2381.2717206887814,38
534,2026-07-29 08:00:00+00:00,BTC_USDT,long,long,funding,64564.3,0.0014000000000000002,90.39002000000002,0.0,0.0,funding,-0.009039002000000003,2381.6870216867815,43
535,2026-07-29 08:00:00+00:00,BTC_USDT,short,short,funding,64564.3,0.0007000000000000001,45.19501000000001,0.0,0.0,funding,0.004519501000000001,2381.6915411877817,38
536,2026-07-29 16:00:00+00:00,BTC_USDT,long,long,funding,63966.9,0.0014000000000000002,89.55366000000002,0.0,0.0,funding,-0.008955366000000003,2381.264405821781,43
537,2026-07-29 16:00:00+00:00,BTC_USDT,short,short,funding,63966.9,0.0007000000000000001,44.77683000000001,0.0,0.0,funding,0.004477683000000001,2381.268883504781,38
538,2026-07-30 00:00:00+00:00,BTC_USDT,long,long,funding,63980.9,0.0014000000000000002,89.57326000000002,0.0,0.0,funding,-0.008957326000000002,2381.269726178781,43
539,2026-07-30 00:00:00+00:00,BTC_USDT,short,short,funding,63980.9,0.0007000000000000001,44.78663000000001,0.0,0.0,funding,0.004478663000000001,2381.2742048417813,38
540,2026-07-30 08:00:00+00:00,BTC_USDT,long,long,funding,64013.6,0.0014000000000000002,89.61904000000001,0.0,0.0,funding,-0.008961904000000001,2381.2881329377815,43
541,2026-07-30 08:00:00+00:00,BTC_USDT,short,short,funding,64013.6,0.0007000000000000001,44.809520000000006,0.0,0.0,funding,0.004480952000000001,2381.2926138897815,38
542,2026-07-30 11:00:00+00:00,BTC_USDT,long,long,sell,64795.20539167101,0.0014000000000000002,90.71328754833942,0.004535664377416971,6.480168556023273,mart_tp,0.8846332856274967,2381.8410157737435,44
543,2026-07-30 12:00:00+00:00,BTC_USDT,long,long,buy,64928.292180000004,0.00030000000000000003,19.478487654000002,0.0009739243827000002,6.492180000001099,mart_open,0.0,2381.743664195361,44
544,2026-07-30 13:00:00+00:00,BTC_USDT,short,short,sell,65077.608954506235,0.0006000000000000001,39.046565372703746,0.0019523282686351874,6.508411736620474,mart_add,0.0,2381.735197239796,38
545,2026-07-30 16:00:00+00:00,BTC_USDT,long,long,funding,64730.8,0.00030000000000000003,19.419240000000002,0.0,0.0,funding,-0.0019419240000000003,2382.024255315796,44
546,2026-07-30 16:00:00+00:00,BTC_USDT,short,short,funding,64730.8,0.0013000000000000002,84.15004000000002,0.0,0.0,funding,0.008415004000000002,2382.032670319796,38
547,2026-07-31 00:00:00+00:00,BTC_USDT,long,long,funding,64783.9,0.00030000000000000003,19.435170000000003,0.0,0.0,funding,-0.0019435170000000003,2381.9776268027963,44
548,2026-07-31 00:00:00+00:00,BTC_USDT,short,short,funding,64783.9,0.0013000000000000002,84.21907000000002,0.0,0.0,funding,0.008421907000000003,2381.986048709796,38
549,2026-07-31 07:00:00+00:00,BTC_USDT,long,long,buy,63960.76323407973,0.0004,25.584305293631893,0.0012792152646815948,6.395436779726879,mart_add,0.0,2382.8167642008993,44
550,2026-07-31 08:00:00+00:00,BTC_USDT,long,long,funding,63946.0,0.0007000000000000001,44.76220000000001,0.0,0.0,funding,-0.004476220000000001,2382.8122879808993,44
551,2026-07-31 08:00:00+00:00,BTC_USDT,short,short,funding,63946.0,0.0013000000000000002,83.1298,0.0,0.0,funding,0.008312980000000001,2382.8206009608994,38
552,2026-07-31 09:00:00+00:00,BTC_USDT,short,short,buy,63708.88969153576,0.0013000000000000002,82.8215565989965,0.004141077829949825,6.370251943961193,mart_tp,0.8240753246577442,2382.968043284073,39
553,2026-07-31 10:00:00+00:00,BTC_USDT,short,short,sell,63920.80728,0.00030000000000000003,19.176242184000003,0.0009588121092000002,6.392719999996189,mart_open,0.0,2383.1086666559636,39
554,2026-07-31 13:00:00+00:00,BTC_USDT,short,short,buy,63287.92736712072,0.00030000000000000003,18.986378210136216,0.0009493189105068109,6.328159920718463,mart_tp,0.1889146549532777,2382.8415591269168,40
555,2026-07-31 14:00:00+00:00,BTC_USDT,long,long,buy,63007.65192074709,0.0007,44.10535634452297,0.0022052678172261486,6.300135178556957,mart_add,0.0,2382.216877514577,44
556,2026-07-31 14:00:00+00:00,BTC_USDT,short,short,sell,62689.43043,0.00030000000000000003,18.806829129,0.0009403414564500001,6.269569999996747,mart_open,0.0,2382.2140563021208,40
557,2026-07-31 16:00:00+00:00,BTC_USDT,long,long,funding,62718.0,0.0014000000000000002,87.80520000000001,0.0,0.0,funding,-0.008780520000000002,2382.2298057821204,44
558,2026-07-31 16:00:00+00:00,BTC_USDT,short,short,funding,62718.0,0.00030000000000000003,18.8154,0.0,0.0,funding,0.0018815400000000001,2382.2316873221207,40
559,2026-08-01 00:00:00+00:00,BTC_USDT,long,long,funding,62892.7,0.0014000000000000002,88.04978000000001,0.0,0.0,funding,-0.008804978000000001,2382.415052344121,44
560,2026-08-01 00:00:00+00:00,BTC_USDT,short,short,funding,62892.7,0.00030000000000000003,18.867810000000002,0.0,0.0,funding,0.0018867810000000004,2382.4169391251207,40
561,2026-08-01 08:00:00+00:00,BTC_USDT,long,long,funding,63053.5,0.0014000000000000002,88.27490000000002,0.0,0.0,funding,-0.008827490000000002,2382.584991635121,44
562,2026-08-01 08:00:00+00:00,BTC_USDT,short,short,funding,63053.5,0.00030000000000000003,18.916050000000002,0.0,0.0,funding,0.0018916050000000002,2382.586883240121,40
563,2026-08-01 16:00:00+00:00,BTC_USDT,long,long,funding,63004.0,0.0014000000000000002,88.20560000000002,0.0,0.0,funding,-0.008820560000000002,2382.523612680121,44
564,2026-08-01 16:00:00+00:00,BTC_USDT,short,short,funding,63004.0,0.00030000000000000003,18.901200000000003,0.0,0.0,funding,0.0018901200000000003,2382.525502800121,40
565,2026-08-02 00:00:00+00:00,BTC_USDT,long,long,funding,62821.4,0.0014000000000000002,87.94996000000002,0.0,0.0,funding,-0.008794996000000003,2382.315847804121,44
566,2026-08-02 00:00:00+00:00,BTC_USDT,short,short,funding,62821.4,0.00030000000000000003,18.846420000000002,0.0,0.0,funding,0.0018846420000000004,2382.3177324461208,40
567,2026-08-02 08:00:00+00:00,BTC_USDT,long,long,funding,63498.9,0.0014000000000000002,88.89846000000001,0.0,0.0,funding,-0.008889846000000002,2383.054092600121,44
568,2026-08-02 08:00:00+00:00,BTC_USDT,short,short,funding,63498.9,0.00030000000000000003,19.049670000000003,0.0,0.0,funding,0.0019049670000000002,2383.055997567121,40
569,2026-08-02 16:00:00+00:00,BTC_USDT,long,long,funding,63108.6,0.0014000000000000002,88.35204000000002,0.0,0.0,funding,-0.008835204000000003,2382.617832363121,44
570,2026-08-02 16:00:00+00:00,BTC_USDT,short,short,funding,63108.6,0.00030000000000000003,18.93258,0.0,0.0,funding,0.0018932580000000003,2382.619725621121,40
571,2026-08-02 21:00:00+00:00,BTC_USDT,short,short,sell,63623.40890926135,0.0004,25.44936356370454,0.0012724681781852271,6.362977188640798,mart_add,0.0,2383.1532367166474,40
572,2026-08-03 00:00:00+00:00,BTC_USDT,long,long,funding,63565.6,0.0014000000000000002,88.99184000000001,0.0,0.0,funding,-0.008899184000000001,2383.135377532647,44
573,2026-08-03 00:00:00+00:00,BTC_USDT,short,short,funding,63565.6,0.0007000000000000001,44.495920000000005,0.0,0.0,funding,0.0044495920000000005,2383.139827124647,40
574,2026-08-03 07:00:00+00:00,BTC_USDT,short,short,buy,62597.16018407724,0.0007000000000000001,43.81801212885408,0.002190900606442704,6.259090109393583,mart_tp,0.4359896632440261,2382.484144095187,41
575,2026-08-03 08:00:00+00:00,BTC_USDT,long,long,funding,62614.6,0.0014000000000000002,87.66044000000001,0.0,0.0,funding,-0.008766044,2382.4753780511865,44
576,2026-08-03 08:00:00+00:00,BTC_USDT,short,short,sell,62535.84579,0.00030000000000000003,18.760753737,0.0009380376868500001,6.254209999999148,mart_open,0.0,2382.3710637505,41
577,2026-08-03 14:00:00+00:00,BTC_USDT,short,short,sell,63467.53608850231,0.0004,25.387014435400925,0.0012693507217700463,6.347388347683591,mart_add,0.0,2383.740268835179,41
578,2026-08-03 16:00:00+00:00,BTC_USDT,long,long,funding,63693.8,0.0014000000000000002,89.17132000000002,0.0,0.0,funding,-0.008917132000000003,2383.5372417031786,44
579,2026-08-03 16:00:00+00:00,BTC_USDT,short,short,funding,63693.8,0.0007000000000000001,44.58566000000001,0.0,0.0,funding,0.0044585660000000015,2383.541700269179,41
580,2026-08-04 00:00:00+00:00,BTC_USDT,long,long,funding,63526.7,0.0014000000000000002,88.93738,0.0,0.0,funding,-0.008893738000000002,2383.4158365311787,44
581,2026-08-04 00:00:00+00:00,BTC_USDT,short,short,funding,63526.7,0.0007000000000000001,44.46869,0.0,0.0,funding,0.004446869000000001,2383.420283400179,41
582,2026-08-04 08:00:00+00:00,BTC_USDT,long,long,funding,63688.2,0.0014000000000000002,89.16348,0.0,0.0,funding,-0.008916348000000001,2383.5244170521787,44
583,2026-08-04 08:00:00+00:00,BTC_USDT,short,short,funding,63688.2,0.0007000000000000001,44.58174,0.0,0.0,funding,0.0044581740000000005,2383.528875226179,41
584,2026-08-04 16:00:00+00:00,BTC_USDT,long,long,funding,64124.9,0.0014000000000000002,89.77486000000002,0.0,0.0,funding,-0.008977486000000002,2383.825587740179,44
585,2026-08-04 16:00:00+00:00,BTC_USDT,short,short,funding,64124.9,0.0007000000000000001,44.88743000000001,0.0,0.0,funding,0.004488743000000001,2383.830076483179,41
586,2026-08-04 18:00:00+00:00,BTC_USDT,long,long,sell,64322.01771571277,0.0014000000000000002,90.05082480199789,0.0045025412400998945,6.432845056078804,mart_tp,0.8781729686029385,2383.9719687439365,45
587,2026-08-04 19:00:00+00:00,BTC_USDT,long,long,buy,64233.22268,0.00030000000000000003,19.269966804000003,0.0009634983402000001,6.422679999996035,mart_open,0.0,2384.0273184415964,45
588,2026-08-04 20:00:00+00:00,BTC_USDT,short,short,sell,64413.107174916855,0.0006000000000000001,38.64786430495012,0.001932393215247506,6.4419549129816005,mart_add,0.0,2384.0185703533316,41
589,2026-08-05 00:00:00+00:00,BTC_USDT,long,long,funding,64106.6,0.00030000000000000003,19.23198,0.0,0.0,funding,-0.001923198,2384.2554471553312,45
590,2026-08-05 00:00:00+00:00,BTC_USDT,short,short,funding,64106.6,0.0013000000000000002,83.33858000000001,0.0,0.0,funding,0.008333858000000001,2384.2637810133315,41
591,2026-08-05 08:00:00+00:00,BTC_USDT,long,long,funding,64164.2,0.00030000000000000003,19.24926,0.0,0.0,funding,-0.001924926,2384.2042560873315,45
592,2026-08-05 08:00:00+00:00,BTC_USDT,short,short,funding,64164.2,0.0013000000000000002,83.41346,0.0,0.0,funding,0.008341346000000001,2384.212597433331,41
593,2026-08-05 16:00:00+00:00,BTC_USDT,long,long,funding,64392.2,0.00030000000000000003,19.31766,0.0,0.0,funding,-0.0019317660000000001,2383.9826656673313,45
594,2026-08-05 16:00:00+00:00,BTC_USDT,short,short,funding,64392.2,0.0013000000000000002,83.70986,0.0,0.0,funding,0.008370986,2383.9910366533313,41
595,2026-08-05 19:00:00+00:00,BTC_USDT,long,long,sell,64869.06735130933,0.00030000000000000003,19.4607202053928,0.00097303601026964,6.487555490675732,mart_tp,0.1897803653825269,2383.550073822714,46
596,2026-08-05 20:00:00+00:00,BTC_USDT,long,long,buy,64837.4831,0.00030000000000000003,19.45124493,0.0009725622465000002,6.483099999997648,mart_open,0.0,2383.5597663304675,46
597,2026-08-06 00:00:00+00:00,BTC_USDT,long,long,funding,64656.8,0.00030000000000000003,19.397040000000004,0.0,0.0,funding,-0.0019397040000000004,2383.7320266264674,46
598,2026-08-06 00:00:00+00:00,BTC_USDT,short,short,funding,64656.8,0.0013000000000000002,84.05384000000001,0.0,0.0,funding,0.008405384000000002,2383.7404320104674,41
599,2026-08-06 08:00:00+00:00,BTC_USDT,long,long,funding,64815.4,0.00030000000000000003,19.444620000000004,0.0,0.0,funding,-0.0019444620000000005,2383.5798875484675,46
600,2026-08-06 08:00:00+00:00,BTC_USDT,short,short,funding,64815.4,0.0013000000000000002,84.26002000000001,0.0,0.0,funding,0.008426002000000002,2383.5883135504673,41
601,2026-08-06 16:00:00+00:00,BTC_USDT,long,long,funding,64630.8,0.00030000000000000003,19.38924,0.0,0.0,funding,-0.0019389240000000003,2383.7709746264677,46
602,2026-08-06 16:00:00+00:00,BTC_USDT,short,short,funding,64630.8,0.0013000000000000002,84.02004000000001,0.0,0.0,funding,0.008402004000000001,2383.7793766304676,41
603,2026-08-07 00:00:00+00:00,BTC_USDT,long,long,funding,64329.5,0.00030000000000000003,19.29885,0.0,0.0,funding,-0.0019298850000000003,2384.0787467454675,46
604,2026-08-07 00:00:00+00:00,BTC_USDT,short,short,funding,64329.5,0.0013000000000000002,83.62835000000001,0.0,0.0,funding,0.008362835,2384.0871095804678,41
605,2026-08-07 08:00:00+00:00,BTC_USDT,long,long,funding,64316.5,0.00030000000000000003,19.29495,0.0,0.0,funding,-0.001929495,2384.0981800854674,46
606,2026-08-07 08:00:00+00:00,BTC_USDT,short,short,funding,64316.5,0.0013000000000000002,83.61145,0.0,0.0,funding,0.008361145,2384.1065412304674,41
607,2026-08-07 12:00:00+00:00,BTC_USDT,short,short,sell,65372.765852162345,0.001,65.37276585216235,0.0032686382926081173,6.5379303782538045,mart_add,0.0,2383.219138444337,41
608,2026-08-07 16:00:00+00:00,BTC_USDT,long,long,funding,64910.4,0.00030000000000000003,19.47312,0.0,0.0,funding,-0.0019473120000000003,2383.9697911323374,46
609,2026-08-07 16:00:00+00:00,BTC_USDT,short,short,funding,64910.4,0.0023,149.29392,0.0,0.0,funding,0.014929392000000001,2383.9847205243373,41
610,2026-08-08 00:00:00+00:00,BTC_USDT,long,long,funding,64919.2,0.00030000000000000003,19.47576,0.0,0.0,funding,-0.0019475760000000001,2383.9651729483376,46
611,2026-08-08 00:00:00+00:00,BTC_USDT,short,short,funding,64919.2,0.0023,149.31416,0.0,0.0,funding,0.014931416,2383.9801043643374,41
612,2026-08-08 08:00:00+00:00,BTC_USDT,long,long,funding,64963.2,0.00030000000000000003,19.488960000000002,0.0,0.0,funding,-0.0019488960000000003,2383.8901554683375,46
613,2026-08-08 08:00:00+00:00,BTC_USDT,short,short,funding,64963.2,0.0023,149.41536,0.0,0.0,funding,0.014941536,2383.905097004337,41
614,2026-08-08 16:00:00+00:00,BTC_USDT,long,long,funding,65078.9,0.00030000000000000003,19.523670000000003,0.0,0.0,funding,-0.0019523670000000004,2383.6717446373373,46
615,2026-08-08 16:00:00+00:00,BTC_USDT,short,short,funding,65078.9,0.0023,149.68147,0.0,0.0,funding,0.014968147,2383.6867127843375,41
616,2026-08-09 00:00:00+00:00,BTC_USDT,long,long,funding,64958.0,0.00030000000000000003,19.4874,0.0,0.0,funding,-0.0019487400000000002,2383.9265640443373,46
617,2026-08-09 00:00:00+00:00,BTC_USDT,short,short,funding,64958.0,0.0023,149.4034,0.0,0.0,funding,0.014940340000000002,2383.9415043843373,41
618,2026-08-09 08:00:00+00:00,BTC_USDT,long,long,funding,64827.4,0.00030000000000000003,19.448220000000003,0.0,0.0,funding,-0.0019448220000000003,2384.200759562337,46
619,2026-08-09 08:00:00+00:00,BTC_USDT,short,short,funding,64827.4,0.0023,149.10302000000001,0.0,0.0,funding,0.014910302000000002,2384.2156698643375,41
620,2026-08-09 16:00:00+00:00,BTC_USDT,long,long,funding,65234.8,0.00030000000000000003,19.57044,0.0,0.0,funding,-0.0019570440000000002,2383.3989128203375,46
621,2026-08-09 16:00:00+00:00,BTC_USDT,short,short,funding,65234.8,0.0023,150.04004,0.0,0.0,funding,0.015004004000000001,2383.413916824338,41
622,2026-08-10 00:00:00+00:00,BTC_USDT,long,long,funding,64889.9,0.00030000000000000003,19.466970000000003,0.0,0.0,funding,-0.0019466970000000005,2384.1017701273377,46
623,2026-08-10 00:00:00+00:00,BTC_USDT,short,short,funding,64889.9,0.0023,149.24677,0.0,0.0,funding,0.014924677,2384.1166948043374,41
624,2026-08-10 08:00:00+00:00,BTC_USDT,long,long,funding,65207.2,0.00030000000000000003,19.562160000000002,0.0,0.0,funding,-0.001956216,2383.4801385883375,46
625,2026-08-10 08:00:00+00:00,BTC_USDT,short,short,funding,65207.2,0.0023,149.97655999999998,0.0,0.0,funding,0.014997655999999998,2383.4951362443376,41
626,2026-08-10 16:00:00+00:00,BTC_USDT,long,long,funding,64296.8,0.00030000000000000003,19.289040000000004,0.0,0.0,funding,-0.0019289040000000004,2385.3140073403374,46
627,2026-08-10 16:00:00+00:00,BTC_USDT,short,short,funding,64296.8,0.0023,147.88264,0.0,0.0,funding,0.014788264000000002,2385.3287956043373,41
628,2026-08-10 16:00:00+00:00,BTC_USDT,long,long,buy,63871.30734558535,0.0004,25.548522938234143,0.0012774261469117073,6.386492085352074,mart_add,0.0,2386.1260352399563,46
629,2026-08-11 00:00:00+00:00,BTC_USDT,long,long,funding,63973.8,0.0007000000000000001,44.78166000000001,0.0,0.0,funding,-0.004478166000000001,2386.0100370739565,46
630,2026-08-11 00:00:00+00:00,BTC_USDT,short,short,funding,63973.8,0.0023,147.13974000000002,0.0,0.0,funding,0.014713974000000003,2386.024751047956,41
631,2026-08-11 08:00:00+00:00,BTC_USDT,long,long,funding,64057.7,0.0007000000000000001,44.840390000000006,0.0,0.0,funding,-0.004484039,2385.8860270089563,46
632,2026-08-11 08:00:00+00:00,BTC_USDT,short,short,funding,64057.7,0.0023,147.33271,0.0,0.0,funding,0.014733271,2385.9007602799566,41
633,2026-08-11 14:00:00+00:00,BTC_USDT,short,short,buy,63783.21000767517,0.0023,146.7013830176529,0.0073350691508826445,6.377683232443815,mart_tp,1.4596802427096345,2386.3224521931525,42
634,2026-08-11 15:00:00+00:00,BTC_USDT,short,short,sell,63600.53931,0.00030000000000000003,19.080161793000002,0.0009540080896500001,6.360690000001341,mart_open,0.0,2386.206329978063,42
635,2026-08-11 16:00:00+00:00,BTC_USDT,long,long,funding,63607.0,0.0007000000000000001,44.52490000000001,0.0,0.0,funding,-0.004452490000000001,2386.201917488063,46
636,2026-08-11 16:00:00+00:00,BTC_USDT,short,short,funding,63607.0,0.00030000000000000003,19.0821,0.0,0.0,funding,0.0019082100000000002,2386.203825698063,42
637,2026-08-12 00:00:00+00:00,BTC_USDT,long,long,funding,63598.1,0.0007000000000000001,44.51867000000001,0.0,0.0,funding,-0.004451867000000001,2386.1958138310633,46
638,2026-08-12 00:00:00+00:00,BTC_USDT,short,short,funding,63598.1,0.00030000000000000003,19.079430000000002,0.0,0.0,funding,0.0019079430000000003,2386.197721774063,42
639,2026-08-12 08:00:00+00:00,BTC_USDT,long,long,funding,63837.5,0.0007000000000000001,44.68625000000001,0.0,0.0,funding,-0.004468625000000001,2386.289013149063,46
640,2026-08-12 08:00:00+00:00,BTC_USDT,short,short,funding,63837.5,0.00030000000000000003,19.15125,0.0,0.0,funding,0.0019151250000000002,2386.2909282740634,42
641,2026-08-12 16:00:00+00:00,BTC_USDT,long,long,funding,63442.3,0.0007000000000000001,44.40961000000001,0.0,0.0,funding,-0.004440961000000001,2386.1284073130632,46
642,2026-08-12 16:00:00+00:00,BTC_USDT,short,short,funding,63442.3,0.00030000000000000003,19.032690000000002,0.0,0.0,funding,0.0019032690000000004,2386.1303105820634,42
643,2026-08-13 00:00:00+00:00,BTC_USDT,long,long,funding,63480.7,0.0007000000000000001,44.436490000000006,0.0,0.0,funding,-0.004443649000000001,2386.141226933063,46
644,2026-08-13 00:00:00+00:00,BTC_USDT,short,short,funding,63480.7,0.00030000000000000003,19.04421,0.0,0.0,funding,0.0019044210000000001,2386.1431313540634,42
645,2026-08-13 08:00:00+00:00,BTC_USDT,long,long,funding,63860.0,0.0007000000000000001,44.702000000000005,0.0,0.0,funding,-0.0044702000000000006,2386.290381154063,46
646,2026-08-13 08:00:00+00:00,BTC_USDT,short,short,funding,63860.0,0.00030000000000000003,19.158,0.0,0.0,funding,0.0019158000000000003,2386.292296954063,42
647,2026-08-13 16:00:00+00:00,BTC_USDT,long,long,funding,63420.1,0.0007000000000000001,44.394070000000006,0.0,0.0,funding,-0.004439407000000001,2386.111897547063,46
648,2026-08-13 16:00:00+00:00,BTC_USDT,short,short,funding,63420.1,0.00030000000000000003,19.026030000000002,0.0,0.0,funding,0.0019026030000000003,2386.113800150063,42
649,2026-08-13 16:00:00+00:00,BTC_USDT,long,long,buy,62919.52905917511,0.0007,44.043670341422576,0.002202183517071129,6.29132377354108,mart_add,0.0,2386.174677625124,46
650,2026-08-13 16:00:00+00:00,BTC_USDT,short,short,buy,62970.83037029169,0.00030000000000000003,18.891249111087507,0.0009445624555543754,6.296453391689283,mart_tp,0.18796811945693892,2386.2301539515806,43
651,2026-08-13 17:00:00+00:00,BTC_USDT,short,short,sell,63140.78529,0.00030000000000000003,18.942235587000003,0.0009471117793500002,6.31470999999874,mart_open,0.0,2386.210792426801,43
652,2026-08-14 00:00:00+00:00,BTC_USDT,long,long,funding,63486.5,0.0014000000000000002,88.88110000000002,0.0,0.0,funding,-0.008888110000000003,2386.575244316801,46
653,2026-08-14 00:00:00+00:00,BTC_USDT,short,short,funding,63486.5,0.00030000000000000003,19.04595,0.0,0.0,funding,0.0019045950000000002,2386.577148911801,43
654,2026-08-14 08:00:00+00:00,BTC_USDT,long,long,funding,62920.0,0.0014000000000000002,88.08800000000001,0.0,0.0,funding,-0.008808800000000002,2385.945190111801,46
655,2026-08-14 08:00:00+00:00,BTC_USDT,short,short,funding,62920.0,0.00030000000000000003,18.876,0.0,0.0,funding,0.0018876000000000001,2385.9470777118013,43
656,2026-08-14 16:00:00+00:00,BTC_USDT,long,long,funding,62988.5,0.0014000000000000002,88.18390000000001,0.0,0.0,funding,-0.00881839,2386.013609321801,46
657,2026-08-14 16:00:00+00:00,BTC_USDT,short,short,funding,62988.5,0.00030000000000000003,18.89655,0.0,0.0,funding,0.0018896550000000003,2386.015498976801,43
658,2026-08-15 00:00:00+00:00,BTC_USDT,long,long,funding,63039.9,0.0014000000000000002,88.25586000000001,0.0,0.0,funding,-0.008825586000000002,2386.063213390801,46
659,2026-08-15 00:00:00+00:00,BTC_USDT,short,short,funding,63039.9,0.00030000000000000003,18.911970000000004,0.0,0.0,funding,0.0018911970000000005,2386.065104587801,43
660,2026-08-15 08:00:00+00:00,BTC_USDT,long,long,funding,63070.5,0.0014000000000000002,88.29870000000001,0.0,0.0,funding,-0.008829870000000002,2386.089934717801,46
661,2026-08-15 08:00:00+00:00,BTC_USDT,short,short,funding,63070.5,0.00030000000000000003,18.92115,0.0,0.0,funding,0.0018921150000000002,2386.0918268328014,43
662,2026-08-15 16:00:00+00:00,BTC_USDT,long,long,funding,63096.3,0.0014000000000000002,88.33482000000002,0.0,0.0,funding,-0.008833482000000002,2386.111373350801,46
663,2026-08-15 16:00:00+00:00,BTC_USDT,short,short,funding,63096.3,0.00030000000000000003,18.928890000000003,0.0,0.0,funding,0.0018928890000000005,2386.1132662398013,43
664,2026-08-16 00:00:00+00:00,BTC_USDT,long,long,funding,63083.5,0.0014000000000000002,88.31690000000002,0.0,0.0,funding,-0.008831690000000001,2386.0903545498013,46
665,2026-08-16 00:00:00+00:00,BTC_USDT,short,short,funding,63083.5,0.00030000000000000003,18.925050000000002,0.0,0.0,funding,0.0018925050000000003,2386.092247054801,43
666,2026-08-16 08:00:00+00:00,BTC_USDT,long,long,funding,63059.5,0.0014000000000000002,88.28330000000001,0.0,0.0,funding,-0.008828330000000002,2386.0570187248013,46
667,2026-08-16 08:00:00+00:00,BTC_USDT,short,short,funding,63059.5,0.00030000000000000003,18.91785,0.0,0.0,funding,0.0018917850000000002,2386.058910509801,43
668,2026-08-16 16:00:00+00:00,BTC_USDT,long,long,funding,63141.4,0.0014000000000000002,88.39796000000001,0.0,0.0,funding,-0.008839796000000002,2386.140160713801,46
669,2026-08-16 16:00:00+00:00,BTC_USDT,short,short,funding,63141.4,0.00030000000000000003,18.942420000000002,0.0,0.0,funding,0.0018942420000000002,2386.142054955801,43
670,2026-08-17 00:00:00+00:00,BTC_USDT,long,long,funding,62898.4,0.0014000000000000002,88.05776000000002,0.0,0.0,funding,-0.008805776000000001,2385.8659491798007,46
671,2026-08-17 00:00:00+00:00,BTC_USDT,short,short,funding,62898.4,0.00030000000000000003,18.86952,0.0,0.0,funding,0.0018869520000000003,2385.8678361318007,43
672,2026-08-17 08:00:00+00:00,BTC_USDT,long,long,funding,63518.8,0.0014000000000000002,88.92632000000002,0.0,0.0,funding,-0.008892632000000003,2386.5413834998008,46
673,2026-08-17 08:00:00+00:00,BTC_USDT,short,short,funding,63518.8,0.00030000000000000003,19.055640000000004,0.0,0.0,funding,0.0019055640000000004,2386.5432890638012,43
674,2026-08-17 15:00:00+00:00,BTC_USDT,short,short,sell,64081.48827964306,0.0004,25.632595311857227,0.0012816297655928613,6.408789706933021,mart_add,0.0,2387.2449727458925,43
675,2026-08-17 16:00:00+00:00,BTC_USDT,long,long,funding,64201.6,0.0014000000000000002,89.88224000000001,0.0,0.0,funding,-0.008988224000000001,2387.2360545218926,46
676,2026-08-17 16:00:00+00:00,BTC_USDT,short,short,funding,64201.6,0.0007000000000000001,44.941120000000005,0.0,0.0,funding,0.004494112000000001,2387.2405486338926,43
677,2026-08-17 17:00:00+00:00,BTC_USDT,long,long,sell,64232.05657463865,0.0014000000000000002,89.92487920449412,0.004496243960224706,6.423848042264581,mart_tp,0.8769447508771724,2387.1904215944264,47
678,2026-08-17 18:00:00+00:00,BTC_USDT,long,long,buy,64435.34289,0.00030000000000000003,19.330602867000003,0.0009665301433500002,6.442889999998442,mart_open,0.0,2387.1166821972834,47
679,2026-08-18 00:00:00+00:00,BTC_USDT,long,long,funding,64536.6,0.00030000000000000003,19.36098,0.0,0.0,funding,-0.0019360980000000002,2387.0716660992834,47
680,2026-08-18 00:00:00+00:00,BTC_USDT,short,short,funding,64536.6,0.0007000000000000001,45.17562,0.0,0.0,funding,0.004517562,2387.0761836612833,43
681,2026-08-18 08:00:00+00:00,BTC_USDT,long,long,funding,64194.0,0.00030000000000000003,19.258200000000002,0.0,0.0,funding,-0.0019258200000000004,2387.2112978412833,47
682,2026-08-18 08:00:00+00:00,BTC_USDT,short,short,funding,64194.0,0.0007000000000000001,44.93580000000001,0.0,0.0,funding,0.004493580000000001,2387.215791421283,43
683,2026-08-18 14:00:00+00:00,BTC_USDT,short,short,sell,65036.20633277732,0.0006000000000000001,39.0217237996664,0.00195108618998332,6.504271060381143,mart_add,0.0,2387.1936641347597,43
684,2026-08-18 16:00:00+00:00,BTC_USDT,long,long,funding,64855.6,0.00030000000000000003,19.456680000000002,0.0,0.0,funding,-0.0019456680000000002,2387.0556184667594,47
685,2026-08-18 16:00:00+00:00,BTC_USDT,short,short,funding,64855.6,0.0013000000000000002,84.31228,0.0,0.0,funding,0.008431228,2387.06404969476,43
686,2026-08-19 00:00:00+00:00,BTC_USDT,long,long,funding,64727.4,0.00030000000000000003,19.41822,0.0,0.0,funding,-0.0019418220000000002,2387.1903078727596,47
687,2026-08-19 00:00:00+00:00,BTC_USDT,short,short,funding,64727.4,0.0013000000000000002,84.14562000000001,0.0,0.0,funding,0.008414562,2387.19872243476,43
688,2026-08-19 08:00:00+00:00,BTC_USDT,long,long,funding,64298.1,0.00030000000000000003,19.289430000000003,0.0,0.0,funding,-0.0019289430000000005,2387.62609349176,47
689,2026-08-19 08:00:00+00:00,BTC_USDT,short,short,funding,64298.1,0.0013000000000000002,83.58753000000002,0.0,0.0,funding,0.008358753000000002,2387.63445224476,43
690,2026-08-19 13:00:00+00:00,BTC_USDT,long,long,sell,65073.18834926812,0.00030000000000000003,19.521956504780437,0.000976097825239022,6.507969631886226,mart_tp,0.19037753995519566,2386.942222651715,48
691,2026-08-19 14:00:00+00:00,BTC_USDT,long,long,buy,65928.19216,0.00030000000000000003,19.778457648000003,0.0009889228824000002,6.592160000000149,mart_open,0.0,2385.7524860808326,48
692,2026-08-19 15:00:00+00:00,BTC_USDT,long,long,sell,66580.81533419185,0.00030000000000000003,19.974244600257556,0.0009987122300128778,6.658747408160707,mart_tp,0.19478824002754078,2382.53168196886,49
693,2026-08-19 15:00:00+00:00,BTC_USDT,short,short,sell,66005.1482528262,0.001,66.0051482528262,0.0033002574126413105,6.60117494277074,mart_add,0.0,2379.9830299642736,43
694,2026-08-19 16:00:00+00:00,BTC_USDT,short,short,funding,68550.5,0.0023,157.66615,0.0,0.0,funding,0.015766615,2379.998796579274,43
695,2026-08-19 16:00:00+00:00,BTC_USDT,long,long,buy,68467.8461,0.0002,13.69356922,0.0006846784610000001,6.846099999995204,mart_open,0.0,2380.202592680813,49
696,2026-08-19 16:00:00+00:00,BTC_USDT,short,short,sell,66988.52595407092,0.0015,100.48278893110638,0.005024139446555319,6.69952254765667,mart_add,0.0,2377.988857472473,43
697,2026-08-19 17:00:00+00:00,BTC_USDT,short,short,sell,67986.55450799764,0.0022,149.57041991759482,0.007478520995879741,6.799335384333972,mart_add,0.0,2378.4861988690714,43
698,2026-08-19 20:00:00+00:00,BTC_USDT,long,long,sell,69145.6093085439,0.0002,13.829121861708781,0.0006914560930854391,6.915252456092276,mart_tp,0.13486118561569674,2373.563829274687,50
699,2026-08-19 20:00:00+00:00,BTC_USDT,short,short,sell,68999.45219033504,0.0033,227.69819222810563,0.011384909611405283,6.900635282567237,mart_add,0.0,2373.3988365931814,43
700,2026-08-19 21:00:00+00:00,BTC_USDT,long,long,buy,69723.87169,0.0002,13.944774338,0.0006972387169000001,6.971690000005765,mart_open,0.0,2367.1573750164644,50
701,2026-08-19 21:00:00+00:00,BTC_USDT,short,short,sell,70027.44052879275,0.0048000000000000004,336.13171453820524,0.016806585726910264,7.003444397312705,mart_add,0.0,2368.6311629689426,43
702,2026-08-20 00:00:00+00:00,BTC_USDT,long,long,funding,69342.9,0.0002,13.86858,0.0,0.0,funding,-0.001386858,2373.828376110943,50
703,2026-08-20 00:00:00+00:00,BTC_USDT,short,short,funding,69342.9,0.0141,977.73489,0.0,0.0,funding,0.097773489,2373.9261495999426,43
704,2026-08-20 08:00:00+00:00,BTC_USDT,long,long,funding,69832.0,0.0002,13.9664,0.0,0.0,funding,-0.00139664,2367.126262959943,50
705,2026-08-20 08:00:00+00:00,BTC_USDT,short,short,funding,69832.0,0.0141,984.6311999999999,0.0,0.0,funding,0.09846312,2367.2247260799427,43
706,2026-08-20 08:00:00+00:00,BTC_USDT,long,long,sell,70414.06829585931,0.0002,14.082813659171862,0.0007041406829585931,7.042111040689633,mart_tp,0.13733518048890336,2342.6527455984315,51
707,2026-08-20 08:00:00+00:00,BTC_USDT,short,short,sell,71070.74435151096,0.007200000000000001,511.70935933087895,0.02558546796654395,7.10778521366592,mart_add,0.0,2338.939639461344,43
708,2026-08-20 09:00:00+00:00,BTC_USDT,long,long,buy,71795.97888,0.0002,14.359195776,0.0007179597888,7.178879999992205,mart_open,0.0,2334.551815725555,51
709,2026-08-20 10:00:00+00:00,BTC_USDT,short,short,sell,72129.59183623194,0.0106,764.5736734640585,0.03822868367320293,7.213680551678408,mart_add,0.0,2331.43728050594,43
710,2026-08-20 15:00:00+00:00,BTC_USDT,long,long,sell,72506.68727493311,0.0002,14.501337454986622,0.0007250668727493312,7.251393866885337,mart_tp,0.14141661211387338,2316.4205228940546,52
711,2026-08-20 16:00:00+00:00,BTC_USDT,short,short,funding,72473.7,0.0319,2311.9110299999998,0.0,0.0,funding,0.23119110299999998,2316.6517139970547,43
712,2026-08-20 16:00:00+00:00,BTC_USDT,long,long,buy,72841.98346999999,0.0002,14.568396693999999,0.0007284198347,7.28346999999485,mart_open,0.0,2305.13362888322,52
713,2026-08-20 23:00:00+00:00,BTC_USDT,short,short,sell,73204.21456020403,0.015700000000000002,1149.3061685952034,0.05746530842976017,7.32115357137809,mart_add,0.0,2301.999522169993,43
714,2026-08-21 00:00:00+00:00,BTC_USDT,long,long,funding,73028.2,0.0002,14.60564,0.0,0.0,funding,-0.001460564,2301.7041816059927,52
715,2026-08-21 00:00:00+00:00,BTC_USDT,short,short,funding,73028.2,0.0476,3476.14232,0.0,0.0,funding,0.347614232,2302.051795837993,43
716,2026-08-21 00:00:00+00:00,BTC_USDT,long,long,sell,73563.04626436954,0.0002,14.712609252873907,0.0007356304626436954,7.357040330462041,mart_tp,0.14347692841126503,2270.0232694604038,53
717,2026-08-21 01:00:00+00:00,BTC_USDT,long,long,buy,75135.5128,0.0002,15.02710256,0.000751355128,7.512799999996787,mart_open,0.0,2202.205295545276,53
718,2026-08-21 01:00:00+00:00,BTC_USDT,short,short,sell,74294.84755082922,0.023200000000000002,1723.640463179238,0.0861820231589619,7.430227777862456,mart_add,0.0,2182.7899767013546,43
719,2026-08-21 02:00:00+00:00,BTC_USDT,short,short,buy,74389.93824999999,0.0708,5266.807628099999,0.263340381405,7.438249999991967,force_exit_pre_liq,-154.3564853456646,2234.6428082199504,44
720,2026-08-21 07:00:00+00:00,BTC_USDT,long,long,sell,75879.27924120719,0.0002,15.175855848241438,0.0007587927924120719,7.5886867928056745,mart_tp,0.14799449544902593,2234.9309052753993,54
721,2026-08-21 08:00:00+00:00,BTC_USDT,long,long,buy,79282.42745,0.0002,15.85648549,0.0007928242745000001,7.927450000002864,mart_open,0.0,2234.9285269611246,54
722,2026-08-21 09:00:00+00:00,BTC_USDT,long,long,buy,78101.00035735383,0.00030000000000000003,23.43030010720615,0.0011715150053603076,7.809319103820599,mart_add,0.0,2234.5993553389135,54
723,2026-08-21 11:00:00+00:00,BTC_USDT,long,long,buy,76937.17830052871,0.0005,38.46858915026436,0.001923429457513218,7.69294853520114,mart_add,0.0,2233.9167427591915,54
724,2026-08-21 16:00:00+00:00,BTC_USDT,long,long,funding,77205.3,0.001,77.20530000000001,0.0,0.0,funding,-0.0077205300000000015,2234.3692222291916,54
725,2026-08-21 21:00:00+00:00,BTC_USDT,long,long,sell,78525.07520209573,0.001,78.52507520209573,0.003926253760104787,7.853292849496938,mart_tp,0.765774200865109,2235.685071177527,55
726,2026-08-21 22:00:00+00:00,BTC_USDT,long,long,buy,78469.74618999999,0.0002,15.693949237999998,0.0007846974618999999,7.846189999996568,mart_open,0.0,2235.6827172420653,55
727,2026-08-22 00:00:00+00:00,BTC_USDT,long,long,funding,78336.0,0.0002,15.667200000000001,0.0,0.0,funding,-0.0015667200000000002,2235.655970522065,55
728,2026-08-22 05:00:00+00:00,BTC_USDT,long,long,buy,77300.42926714971,0.00030000000000000003,23.190128780144914,0.0011595064390072457,7.7292699997196905,mart_add,0.0,2235.492982235481,55
729,2026-08-22 08:00:00+00:00,BTC_USDT,long,long,funding,77298.5,0.0005,38.64925,0.0,0.0,funding,-0.0038649250000000004,2235.4428673104812,55
730,2026-08-22 16:00:00+00:00,BTC_USDT,long,long,funding,76985.0,0.0005,38.4925,0.0,0.0,funding,-0.0038492500000000002,2235.2822680604813,55
731,2026-08-23 00:00:00+00:00,BTC_USDT,long,long,funding,77078.1,0.0005,38.53905,0.0,0.0,funding,-0.0038539050000000004,2235.324964155481,55
732,2026-08-23 05:00:00+00:00,BTC_USDT,long,long,buy,76148.53692042528,0.0005,38.07426846021264,0.0019037134230106322,7.614092282819911,mart_add,0.0,2234.764641981845,55
733,2026-08-23 08:00:00+00:00,BTC_USDT,long,long,funding,76004.3,0.001,76.0043,0.0,0.0,funding,-0.00760043,2234.7064415518453,55
734,2026-08-23 13:00:00+00:00,BTC_USDT,long,long,sell,77720.15715014681,0.001,77.72015715014682,0.003886007857507341,7.772792994306656,mart_tp,0.7579246639317587,2236.4184126941345,56
735,2026-08-23 14:00:00+00:00,BTC_USDT,long,long,buy,77198.7191,0.0002,15.43974382,0.000771987191,7.719100000002072,mart_open,0.0,2236.4160968869437,56
736,2026-08-23 16:00:00+00:00,BTC_USDT,long,long,funding,77147.9,0.0002,15.42958,0.0,0.0,funding,-0.001542958,2236.405933928944,56
737,2026-08-23 21:00:00+00:00,BTC_USDT,long,long,sell,77962.90922037092,0.0002,15.592581844074184,0.0007796290922037092,7.797070629094378,mart_tp,0.1520583949819789,2236.5681561439255,57
738,2026-08-23 22:00:00+00:00,BTC_USDT,long,long,buy,77606.95992,0.0002,15.521391984,0.0007760695992,7.759919999996782,mart_open,0.0,2236.5658280903262,57
739,2026-08-24 00:00:00+00:00,BTC_USDT,long,long,funding,77727.0,0.0002,15.5454,0.0,0.0,funding,-0.00155454,2236.5898335503266,57
740,2026-08-24 08:00:00+00:00,BTC_USDT,long,long,funding,77315.7,0.0002,15.463140000000001,0.0,0.0,funding,-0.0015463140000000002,2236.506027236326,57
741,2026-08-24 11:00:00+00:00,BTC_USDT,long,long,sell,78375.19121624807,0.0002,15.675038243249615,0.0007837519121624808,7.838302951917285,mart_tp,0.15286250733745335,2236.717141727664,58
742,2026-08-24 12:00:00+00:00,BTC_USDT,long,long,buy,79165.11572,0.0002,15.833023144,0.0007916511572000001,7.915720000004512,mart_open,0.0,2236.714766932507,58
743,2026-08-24 13:00:00+00:00,BTC_USDT,long,long,buy,77985.43674809842,0.00030000000000000003,23.39563102442953,0.0011697815512214766,7.797763898415724,mart_add,0.0,2236.783376126526,58
744,2026-08-24 14:00:00+00:00,BTC_USDT,long,long,sell,79233.95723208564,0.0005,39.61697861604282,0.001980848930802141,7.9241881420166465,mart_tp,0.3863435986824874,2237.101523893638,59
745,2026-08-24 15:00:00+00:00,BTC_USDT,long,long,buy,79105.50976,0.0002,15.821101952000001,0.0007910550976000001,7.9097599999950035,mart_open,0.0,2237.0991508865404,59
746,2026-08-24 16:00:00+00:00,BTC_USDT,long,long,funding,79097.6,0.0002,15.819520000000002,0.0,0.0,funding,-0.0015819520000000004,2237.0975689345405,59
747,2026-08-25 00:00:00+00:00,BTC_USDT,long,long,funding,78984.9,0.0002,15.79698,0.0,0.0,funding,-0.001579698,2237.0734492365405,59
748,2026-08-25 01:00:00+00:00,BTC_USDT,long,long,sell,79888.57520111423,0.0002,15.977715040222847,0.0007988857520111424,7.98965648576268,mart_tp,0.15581420247083513,2237.253385391011,60
749,2026-08-25 02:00:00+00:00,BTC_USDT,long,long,buy,80650.96428999999,0.0002,16.130192857999997,0.0008065096428999999,8.064289999994799,mart_open,0.0,2237.250966023368,60
750,2026-08-25 07:00:00+00:00,BTC_USDT,long,long,buy,79449.14394563256,0.00030000000000000003,23.83474318368977,0.0011917371591844885,7.944119982566917,mart_add,0.0,2237.137001102519,60
751,2026-08-25 08:00:00+00:00,BTC_USDT,long,long,funding,79701.1,0.0005,39.850550000000005,0.0,0.0,funding,-0.003985055,2237.133016047519,60
752,2026-08-25 13:00:00+00:00,BTC_USDT,long,long,buy,78265.23252712672,0.0005,39.13261626356336,0.001956630813178168,7.825740678643342,mart_add,0.0,2236.802593153143,60
753,2026-08-25 16:00:00+00:00,BTC_USDT,long,long,funding,79496.3,0.001,79.4963,0.0,0.0,funding,-0.007949630000000001,2237.6362435231426,60
754,2026-08-26 00:00:00+00:00,BTC_USDT,long,long,funding,78529.9,0.001,78.5299,0.0,0.0,funding,-0.00785299,2236.6619905331427,60
755,2026-08-26 08:00:00+00:00,BTC_USDT,long,long,funding,78929.7,0.001,78.9297,0.0,0.0,funding,-0.007892970000000001,2237.0538975631425,60
756,2026-08-26 16:00:00+00:00,BTC_USDT,long,long,funding,78009.2,0.001,78.00919999999999,0.0,0.0,funding,-0.007800919999999999,2236.1255966431427,60
757,2026-08-27 00:00:00+00:00,BTC_USDT,long,long,funding,79027.3,0.001,79.02730000000001,0.0,0.0,funding,-0.007902730000000002,2237.135793913143,60
758,2026-08-27 08:00:00+00:00,BTC_USDT,long,long,funding,79083.0,0.001,79.083,0.0,0.0,funding,-0.0079083,2237.183585613143,60
759,2026-08-27 08:00:00+00:00,BTC_USDT,long,long,sell,79880.53897552282,0.001,79.88053897552282,0.003994026948776141,7.988852782829781,mart_tp,0.7789926433209274,2237.977130561717,61
760,2026-08-27 09:00:00+00:00,BTC_USDT,long,long,buy,79996.39884,0.0002,15.999279768,0.0007999639884,7.9988400000002,mart_open,0.0,2237.9747308297283,61
761,2026-08-27 15:00:00+00:00,BTC_USDT,long,long,sell,80788.28319211716,0.0002,16.157656638423433,0.0008078828319211717,8.07963628284051,mart_tp,0.15756898759151197,2238.13389958532,62
762,2026-08-27 16:00:00+00:00,BTC_USDT,long,long,buy,80374.13661,0.0002,16.074827322,0.0008037413661000001,8.036609999995562,mart_open,0.0,2238.1314885219535,62
763,2026-08-28 00:00:00+00:00,BTC_USDT,long,long,funding,80256.4,0.0002,16.05128,0.0,0.0,funding,-0.001605128,2238.107943393954,62
764,2026-08-28 01:00:00+00:00,BTC_USDT,long,long,sell,81169.76018830239,0.0002,16.23395203766048,0.000811697601883024,8.117787797615165,mart_tp,0.15831301805859452,2238.2898037340124,63
765,2026-08-28 02:00:00+00:00,BTC_USDT,long,long,buy,79937.993,0.0002,15.987598600000002,0.0007993799300000001,7.993000000002212,mart_open,0.0,2238.287405754082,63
766,2026-08-28 08:00:00+00:00,BTC_USDT,long,long,funding,79667.0,0.0002,15.9334,0.0,0.0,funding,-0.0015933400000000002,2238.233212414082,63
767,2026-08-28 14:00:00+00:00,BTC_USDT,long,long,buy,78746.79699731049,0.00030000000000000003,23.62403909919315,0.0011812019549596576,7.873892310497467,mart_add,0.0,2238.4476921129344,63
768,2026-08-28 16:00:00+00:00,BTC_USDT,long,long,funding,78325.5,0.0005,39.16275,0.0,0.0,funding,-0.003916275,2237.833425837934,63
769,2026-08-28 16:00:00+00:00,BTC_USDT,long,long,buy,77573.35160185507,0.0005,38.78667580092754,0.0019393337900463772,7.7565595042397035,mart_add,0.0,2237.6741607032163,63
770,2026-08-29 00:00:00+00:00,BTC_USDT,long,long,funding,77845.5,0.001,77.8455,0.0,0.0,funding,-0.00778455,2237.7197761532166,63
771,2026-08-29 08:00:00+00:00,BTC_USDT,long,long,funding,77626.0,0.001,77.626,0.0,0.0,funding,-0.007762600000000001,2237.4925135532167,63
772,2026-08-29 16:00:00+00:00,BTC_USDT,long,long,funding,77861.4,0.001,77.86139999999999,0.0,0.0,funding,-0.0077861399999999996,2237.7201274132167,63
773,2026-08-30 00:00:00+00:00,BTC_USDT,long,long,funding,78230.8,0.001,78.2308,0.0,0.0,funding,-0.007823080000000001,2238.0817043332163,63
774,2026-08-30 08:00:00+00:00,BTC_USDT,long,long,funding,78110.5,0.001,78.1105,0.0,0.0,funding,-0.007811050000000001,2237.9535932832164,63
775,2026-08-30 16:00:00+00:00,BTC_USDT,long,long,funding,78824.2,0.001,78.8242,0.0,0.0,funding,-0.007882420000000001,2238.6594108632166,63
776,2026-08-30 16:00:00+00:00,BTC_USDT,long,long,sell,79174.3784054584,0.001,79.1743784054584,0.00395871892027292,7.918229663511738,mart_tp,0.7721061864174255,2239.0056305497546,64
777,2026-08-30 17:00:00+00:00,BTC_USDT,long,long,buy,79026.9019,0.0002,15.80538038,0.000790269019,7.901899999997113,mart_open,0.0,2239.0032599007354,64
778,2026-08-30 23:00:00+00:00,BTC_USDT,long,long,buy,77849.28252133715,0.00030000000000000003,23.35478475640115,0.0011677392378200574,7.784149837156292,mart_add,0.0,2238.6852074050967,64
779,2026-08-31 00:00:00+00:00,BTC_USDT,long,long,funding,77683.3,0.0005,38.84165,0.0,0.0,funding,-0.003884165,2238.6812732400967,64
780,2026-08-31 08:00:00+00:00,BTC_USDT,long,long,funding,78191.0,0.0005,39.0955,0.0,0.0,funding,-0.00390955,2238.9312136900967,64
781,2026-08-31 16:00:00+00:00,BTC_USDT,long,long,funding,78577.8,0.0005,39.288900000000005,0.0,0.0,funding,-0.003928890000000001,2239.1206848000966,64
782,2026-08-31 18:00:00+00:00,BTC_USDT,long,long,sell,79095.62322217277,0.0005,39.54781161108639,0.0019773905805543193,7.910353357554413,mart_tp,0.38566908410468187,2239.3776190206027,65
783,2026-08-31 19:00:00+00:00,BTC_USDT,long,long,buy,78904.38965,0.0002,15.78087793,0.0007890438965000001,7.889649999997346,mart_open,0.0,2239.375252046706,65
784,2026-09-01 00:00:00+00:00,BTC_USDT,long,long,funding,78583.2,0.0002,15.71664,0.0,0.0,funding,-0.0015716640000000002,2239.311020382706,65
785,2026-09-01 08:00:00+00:00,BTC_USDT,long,long,funding,78634.4,0.0002,15.72688,0.0,0.0,funding,-0.001572688,2239.319687694706,65
786,2026-09-01 13:00:00+00:00,BTC_USDT,long,long,buy,77728.59588763052,0.00030000000000000003,23.31857876628916,0.0011659289383144581,7.772082380528445,mart_add,0.0,2239.3107129994787,65
787,2026-09-01 16:00:00+00:00,BTC_USDT,long,long,funding,77918.3,0.0005,38.95915,0.0,0.0,funding,-0.0038959150000000002,2239.2283170844785,65
788,2026-09-01 18:00:00+00:00,BTC_USDT,long,long,buy,76570.32321601099,0.0005,38.285161608005495,0.0019142580804002748,7.656266694932128,mart_add,0.0,2239.1315912183927,65
789,2026-09-02 00:00:00+00:00,BTC_USDT,long,long,funding,77437.5,0.001,77.4375,0.0,0.0,funding,-0.007743750000000001,2239.4118474683924,65
790,2026-09-02 08:00:00+00:00,BTC_USDT,long,long,funding,77474.1,0.001,77.4741,0.0,0.0,funding,-0.0077474100000000014,2239.4407000583924,65
791,2026-09-02 16:00:00+00:00,BTC_USDT,long,long,funding,77291.9,0.001,77.2919,0.0,0.0,funding,-0.00772919,2239.2507708683925,65
792,2026-09-03 00:00:00+00:00,BTC_USDT,long,long,funding,77335.7,0.001,77.3357,0.0,0.0,funding,-0.00773357,2239.2868372983926,65
793,2026-09-03 07:00:00+00:00,BTC_USDT,long,long,sell,78150.64864088887,0.001,78.15064864088887,0.003907532432044444,7.815846448735101,mart_tp,0.7621228041621646,2240.0978784068493,66
794,2026-09-03 08:00:00+00:00,BTC_USDT,long,long,buy,77850.38426,0.0002,15.570076852000001,0.0007785038426000001,7.784260000000359,mart_open,0.0,2240.0955430510066,66
795,2026-09-03 12:00:00+00:00,BTC_USDT,long,long,sell,78621.02521378975,0.0002,15.72420504275795,0.0007862102521378976,7.862888810253935,mart_tp,0.15334198050581044,2240.2504418835124,67
796,2026-09-03 13:00:00+00:00,BTC_USDT,long,long,buy,78850.08421999999,0.0002,15.770016843999999,0.0007885008422,7.884219999992638,mart_open,0.0,2240.2480765386704,67
797,2026-09-03 14:00:00+00:00,BTC_USDT,long,long,sell,79630.62120369376,0.0002,15.926124240738753,0.0007963062120369377,7.9638585062202765,mart_tp,0.15531109052671813,2240.404964473197,68
798,2026-09-03 15:00:00+00:00,BTC_USDT,long,long,buy,81353.1345,0.0002,16.2706269,0.0008135313450000001,8.134500000000116,mart_open,0.0,2240.4025240418523,68
799,2026-09-03 16:00:00+00:00,BTC_USDT,long,long,funding,81345.0,0.0002,16.269000000000002,0.0,0.0,funding,-0.0016269000000000004,2240.400897141852,68
800,2026-09-03 21:00:00+00:00,BTC_USDT,long,long,sell,82158.4491784155,0.0002,16.4316898356831,0.0008215844917841549,8.216666584499762,mart_tp,0.16024135119131505,2240.5627653930433,69
801,2026-09-03 22:00:00+00:00,BTC_USDT,long,long,buy,81150.01418999999,0.0002,16.230002837999997,0.0008115001418999999,8.11418999999296,mart_open,0.0,2240.560331054902,69
802,2026-09-04 00:00:00+00:00,BTC_USDT,long,long,funding,81262.5,0.0002,16.2525,0.0,0.0,funding,-0.0016252500000000002,2240.582825804902,69
803,2026-09-04 08:00:00+00:00,BTC_USDT,long,long,funding,80662.0,0.0002,16.1324,0.0,0.0,funding,-0.0016132400000000002,2240.4611125649017,69
804,2026-09-04 12:00:00+00:00,BTC_USDT,long,long,buy,79940.7572535477,0.00030000000000000003,23.98222717606431,0.0011991113588032155,7.9932763977121795,mart_add,0.0,2240.075286277479,69
805,2026-09-04 14:00:00+00:00,BTC_USDT,long,long,buy,78749.52005933395,0.0005,39.37476002966698,0.0019687380014833493,7.8741645894770045,mart_add,0.0,2239.8773575098103,69
806,2026-09-04 16:00:00+00:00,BTC_USDT,long,long,funding,79422.8,0.001,79.42280000000001,0.0,0.0,funding,-0.007942280000000001,2240.38341522981,69
807,2026-09-05 00:00:00+00:00,BTC_USDT,long,long,funding,79656.7,0.001,79.6567,0.0,0.0,funding,-0.007965670000000001,2240.60934955981,69
808,2026-09-05 08:00:00+00:00,BTC_USDT,long,long,funding,79715.2,0.001,79.7152,0.0,0.0,funding,-0.00797152,2240.6598780398103,69
809,2026-09-05 16:00:00+00:00,BTC_USDT,long,long,funding,79802.2,0.001,79.8022,0.0,0.0,funding,-0.00798022,2240.73889781981,69
