trade_id,timestamp,symbol,book,direction,side,price,qty,notional,fee,slippage,reason,realized_pnl,equity_after,cycle_id
1,2026-06-07 20:00:00+00:00,BTC_USDT,long,long,buy,61701.381652173906,0.0006000000000000001,37.02082899130435,0.000740416579826087,0.0,grid_buy,0.0,2000.1055305921159,0
2,2026-06-07 22:00:00+00:00,BTC_USDT,long,long,buy,62272.16960869564,0.0006000000000000001,37.363301765217386,0.0007472660353043478,0.0,grid_buy,0.0,2001.0630615608634,0
3,2026-06-07 22:00:00+00:00,BTC_USDT,long,long,buy,62842.95756521739,0.0006000000000000001,37.70577453913044,0.0007541154907826089,0.0,grid_buy,0.0,2001.0808729062421,0
4,2026-06-07 22:00:00+00:00,BTC_USDT,long,long,sell,62272.16960869564,0.0006000000000000001,37.363301765217386,0.0007472660353043478,0.0,grid_sell_tp,-0.0007472660352999822,2000.7190874054243,0
5,2026-06-07 23:00:00+00:00,BTC_USDT,long,long,buy,63413.745521739125,0.0006000000000000001,38.048247313043476,0.0007609649462608696,0.0,grid_buy,0.0,2001.2173791274345,0
6,2026-06-07 23:00:00+00:00,BTC_USDT,long,long,sell,62842.95756521739,0.0006000000000000001,37.70577453913044,0.0007541154907826089,0.0,grid_sell_tp,0.11340347581357066,2000.923739551074,0
7,2026-06-07 23:00:00+00:00,BTC_USDT,long,long,sell,63413.745521739125,0.0006000000000000001,38.048247313043476,0.0007609649462608696,0.0,grid_sell_tp,0.45586940027113476,2000.9725658991713,0
8,2026-06-08 00:00:00+00:00,BTC_USDT,long,long,funding,63331.1,0.0006000000000000001,37.99866,0.0,0.0,funding,-0.0037998660000000003,2000.9687660331713,0
9,2026-06-08 01:00:00+00:00,BTC_USDT,long,long,buy,62842.95756521739,0.0006000000000000001,37.70577453913044,0.0007541154907826089,0.0,grid_buy,0.0,2001.1182173785498,0
10,2026-06-08 03:00:00+00:00,BTC_USDT,long,long,sell,63413.745521739125,0.0006000000000000001,38.048247313043476,0.0007609649462608696,0.0,grid_sell_tp,0.3987906046189603,2001.187203726647,0
11,2026-06-08 06:00:00+00:00,BTC_USDT,long,long,buy,62842.95756521739,0.0006000000000000001,37.70577453913044,0.0007541154907826089,0.0,grid_buy,0.0,2001.1949350720258,0
12,2026-06-08 08:00:00+00:00,BTC_USDT,long,long,funding,63283.0,0.0012000000000000001,75.93960000000001,0.0,0.0,funding,-0.007593960000000002,2001.5365411120258,0
13,2026-06-08 09:00:00+00:00,BTC_USDT,long,long,sell,63413.745521739125,0.0006000000000000001,38.048247313043476,0.0007609649462608696,0.0,grid_sell_tp,0.37025120679286655,2001.7435274601232,0
14,2026-06-08 12:00:00+00:00,BTC_USDT,long,long,buy,62842.95756521739,0.0006000000000000001,37.70577453913044,0.0007541154907826089,0.0,grid_buy,0.0,2002.5721788055018,0
15,2026-06-08 13:00:00+00:00,BTC_USDT,long,long,sell,63413.745521739125,0.0006000000000000001,38.048247313043476,0.0007609649462608696,0.0,grid_sell_tp,0.3559815078798262,2002.2403651535992,0
16,2026-06-08 14:00:00+00:00,BTC_USDT,long,long,buy,63984.53347826086,0.0006000000000000001,38.39072008695652,0.0007678144017391305,0.0,grid_buy,0.0,2002.3532172522407,0
17,2026-06-08 14:00:00+00:00,BTC_USDT,long,long,sell,63984.53347826086,0.0006000000000000001,38.39072008695652,0.0007678144017391305,0.0,grid_sell_tp,0.3488398089678278,2002.3635095247955,0
18,2026-06-08 16:00:00+00:00,BTC_USDT,long,long,funding,63772.5,0.0006000000000000001,38.2635,0.0,0.0,funding,-0.00382635,2002.2435231747954,0
19,2026-06-08 17:00:00+00:00,BTC_USDT,long,long,buy,63413.745521739125,0.0006000000000000001,38.048247313043476,0.0007609649462608696,0.0,grid_buy,0.0,2002.1936548968056,0
20,2026-06-09 00:00:00+00:00,BTC_USDT,long,long,funding,63082.3,0.0012000000000000001,75.69876000000001,0.0,0.0,funding,-0.007569876000000001,2001.6222050208057,0
21,2026-06-09 01:00:00+00:00,BTC_USDT,long,long,buy,62842.95756521739,0.0006000000000000001,37.70577453913044,0.0007541154907826089,0.0,grid_buy,0.0,2001.1874363661846,0
22,2026-06-09 04:00:00+00:00,BTC_USDT,long,long,sell,63413.745521739125,0.0006000000000000001,38.048247313043476,0.0007609649462608696,0.0,grid_sell_tp,0.11577490951026288,2002.1615227142815,0
23,2026-06-09 08:00:00+00:00,BTC_USDT,long,long,funding,63196.3,0.0012000000000000001,75.83556000000002,0.0,0.0,funding,-0.007583556000000002,2002.0923791582813,0
24,2026-06-09 08:00:00+00:00,BTC_USDT,long,long,buy,62842.95756521739,0.0006000000000000001,37.70577453913044,0.0007541154907826089,0.0,grid_buy,0.0,2001.6792105036602,0
25,2026-06-09 13:00:00+00:00,BTC_USDT,long,long,buy,62272.16960869564,0.0006000000000000001,37.363301765217386,0.0007472660353043478,0.0,grid_buy,0.0,2000.6299214724077,0
26,2026-06-09 15:00:00+00:00,BTC_USDT,long,long,buy,61130.59369565217,0.0006000000000000001,36.678356217391304,0.0007335671243478262,0.0,grid_buy,0.0,1997.8899516878919,0
27,2026-06-09 16:00:00+00:00,BTC_USDT,long,long,funding,61126.5,0.003,183.3795,0.0,0.0,funding,-0.018337950000000002,1997.868313737892,0
28,2026-06-09 17:00:00+00:00,BTC_USDT,long,long,buy,61701.381652173906,0.0006000000000000001,37.02082899130435,0.000740416579826087,0.0,grid_buy,0.0,1999.5498043300079,0
29,2026-06-09 17:00:00+00:00,BTC_USDT,long,long,sell,61701.381652173906,0.0006000000000000001,37.02082899130435,0.000740416579826087,0.0,grid_sell_tp,-0.4185254903117138,1999.5561329047325,0
30,2026-06-09 20:00:00+00:00,BTC_USDT,long,long,sell,62272.16960869564,0.0006000000000000001,37.363301765217386,0.0007472660353043478,0.0,grid_sell_tp,-0.0760595658541497,2001.0211674039144,0
31,2026-06-09 21:00:00+00:00,BTC_USDT,long,long,buy,61701.381652173906,0.0006000000000000001,37.02082899130435,0.000740416579826087,0.0,grid_buy,0.0,2000.1080179960304,0
32,2026-06-10 00:00:00+00:00,BTC_USDT,long,long,funding,61720.8,0.003,185.16240000000002,0.0,0.0,funding,-0.018516240000000003,1999.9722017560302,0
33,2026-06-10 05:00:00+00:00,BTC_USDT,long,long,buy,61130.59369565217,0.0006000000000000001,36.678356217391304,0.0007335671243478262,0.0,grid_buy,0.0,1999.010871971515,0
34,2026-06-10 07:00:00+00:00,BTC_USDT,long,long,sell,61701.381652173906,0.0006000000000000001,37.02082899130435,0.000740416579826087,0.0,grid_sell_tp,-0.22218500341557823,2000.2067005462393,0
35,2026-06-10 08:00:00+00:00,BTC_USDT,long,long,funding,61685.4,0.003,185.05620000000002,0.0,0.0,funding,-0.018505620000000004,2000.1884949262392,0
36,2026-06-10 09:00:00+00:00,BTC_USDT,long,long,buy,61130.59369565217,0.0006000000000000001,36.678356217391304,0.0007335671243478262,0.0,grid_buy,0.0,1999.2433651417236,0
37,2026-06-10 12:00:00+00:00,BTC_USDT,long,long,sell,61701.381652173906,0.0006000000000000001,37.02082899130435,0.000740416579826087,0.0,grid_sell_tp,-0.1281987766241103,2000.1745937164483,0
38,2026-06-10 13:00:00+00:00,BTC_USDT,long,long,sell,62272.16960869564,0.0006000000000000001,37.363301765217386,0.0007472660353043478,0.0,grid_sell_tp,0.2142671478334538,2001.9852882156304,0
39,2026-06-10 15:00:00+00:00,BTC_USDT,long,long,sell,62842.95756521739,0.0006000000000000001,37.70577453913044,0.0007541154907826089,0.0,grid_sell_tp,0.5567330722910222,2003.29016863927,0
40,2026-06-10 16:00:00+00:00,BTC_USDT,long,long,funding,62638.6,0.0018000000000000002,112.74948,0.0,0.0,funding,-0.011274948000000002,2003.27907369127,0
41,2026-06-10 16:00:00+00:00,BTC_USDT,long,long,buy,62272.16960869564,0.0006000000000000001,37.363301765217386,0.0007472660353043478,0.0,grid_buy,0.0,2002.4877846600175,0
42,2026-06-10 17:00:00+00:00,BTC_USDT,long,long,buy,61701.381652173906,0.0006000000000000001,37.02082899130435,0.000740416579826087,0.0,grid_buy,0.0,2002.0653752521332,0
43,2026-06-10 22:00:00+00:00,BTC_USDT,long,long,buy,61130.59369565217,0.0006000000000000001,36.678356217391304,0.0007335671243478262,0.0,grid_buy,0.0,2000.4559254676178,0
44,2026-06-11 00:00:00+00:00,BTC_USDT,long,long,funding,61516.8,0.0036,221.46048000000002,0.0,0.0,funding,-0.022146048,2000.9032194196177,0
45,2026-06-11 00:00:00+00:00,BTC_USDT,long,long,sell,61701.381652173906,0.0006000000000000001,37.02082899130435,0.000740416579826087,0.0,grid_sell_tp,-0.06446959660197037,2001.9327279943425,0
46,2026-06-11 01:00:00+00:00,BTC_USDT,long,long,sell,62272.16960869564,0.0006000000000000001,37.363301765217386,0.0007472660353043478,0.0,grid_sell_tp,0.27799632785559375,2003.1209824935245,0
47,2026-06-11 03:00:00+00:00,BTC_USDT,long,long,sell,62842.95756521739,0.0006000000000000001,37.70577453913044,0.0007541154907826089,0.0,grid_sell_tp,0.6204622523131622,2004.367362917164,0
48,2026-06-11 08:00:00+00:00,BTC_USDT,long,long,funding,62717.8,0.0018000000000000002,112.89204000000002,0.0,0.0,funding,-0.011289204000000002,2004.4111537131641,0
49,2026-06-11 16:00:00+00:00,BTC_USDT,long,long,funding,62746.4,0.0018000000000000002,112.94352,0.0,0.0,funding,-0.011294352,2004.451339361164,0
50,2026-06-11 17:00:00+00:00,BTC_USDT,long,long,sell,63413.745521739125,0.0006000000000000001,38.048247313043476,0.0007609649462608696,0.0,grid_sell_tp,0.9629281767707263,2005.9219857092612,0
51,2026-06-12 00:00:00+00:00,BTC_USDT,long,long,funding,63619.4,0.0012000000000000001,76.34328000000001,0.0,0.0,funding,-0.007634328000000001,2005.8909513812612,0
52,2026-06-12 08:00:00+00:00,BTC_USDT,long,long,funding,63093.9,0.0012000000000000001,75.71268,0.0,0.0,funding,-0.007571268000000001,2005.2527801132612,0
53,2026-06-12 14:00:00+00:00,BTC_USDT,long,long,sell,63984.53347826086,0.0006000000000000001,38.39072008695652,0.0007678144017391305,0.0,grid_sell_tp,1.3053941012282904,2006.327532385816,0
54,2026-06-12 16:00:00+00:00,BTC_USDT,long,long,funding,63595.9,0.0006000000000000001,38.157540000000004,0.0,0.0,funding,-0.0038157540000000006,2006.0837766318161,0
55,2026-06-12 20:00:00+00:00,BTC_USDT,long,long,buy,63413.745521739125,0.0006000000000000001,38.048247313043476,0.0007609649462608696,0.0,grid_buy,0.0,2006.0178283538262,0
56,2026-06-13 00:00:00+00:00,BTC_USDT,long,long,funding,63577.6,0.0012000000000000001,76.29312,0.0,0.0,funding,-0.007629312000000001,2006.1627190418262,0
57,2026-06-13 08:00:00+00:00,BTC_USDT,long,long,funding,63844.3,0.0012000000000000001,76.61316000000001,0.0,0.0,funding,-0.007661316000000001,2006.4750977258263,0
58,2026-06-13 12:00:00+00:00,BTC_USDT,long,long,sell,63984.53347826086,0.0006000000000000001,38.39072008695652,0.0007678144017391305,0.0,grid_sell_tp,0.823549530369799,2006.729529998381,0
59,2026-06-13 16:00:00+00:00,BTC_USDT,long,long,funding,64300.0,0.0006000000000000001,38.580000000000005,0.0,0.0,funding,-0.0038580000000000008,2006.828031998381,0
60,2026-06-13 21:00:00+00:00,BTC_USDT,long,long,buy,64555.3214347826,0.0006000000000000001,38.733192860869565,0.0007746638572173913,0.0,grid_buy,0.0,2006.876024473654,0
61,2026-06-13 21:00:00+00:00,BTC_USDT,long,long,sell,64555.3214347826,0.0006000000000000001,38.733192860869565,0.0007746638572173913,0.0,grid_sell_tp,0.582620395485075,2006.9274626706665,0
62,2026-06-14 00:00:00+00:00,BTC_USDT,long,long,funding,64454.4,0.0006000000000000001,38.67264,0.0,0.0,funding,-0.0038672640000000005,2006.9152554066663,0
63,2026-06-14 08:00:00+00:00,BTC_USDT,long,long,funding,64428.4,0.0006000000000000001,38.65704,0.0,0.0,funding,-0.003865704,2006.8957897026664,0
64,2026-06-14 14:00:00+00:00,BTC_USDT,long,long,buy,63984.53347826086,0.0006000000000000001,38.39072008695652,0.0007678144017391305,0.0,grid_buy,0.0,2006.626021801308,0
65,2026-06-14 16:00:00+00:00,BTC_USDT,long,long,funding,64026.9,0.0012000000000000001,76.83228000000001,0.0,0.0,funding,-0.007683228000000001,2006.671858573308,0
66,2026-06-14 21:00:00+00:00,BTC_USDT,long,long,buy,65126.109391304344,0.0006000000000000001,39.07566563478261,0.0007815133126956522,0.0,grid_buy,0.0,2008.3128514252128,0
67,2026-06-14 21:00:00+00:00,BTC_USDT,long,long,sell,65126.109391304344,0.0006000000000000001,39.07566563478261,0.0007815133126956522,0.0,grid_sell_tp,0.5361562803811124,2008.2044955466827,0
68,2026-06-14 21:00:00+00:00,BTC_USDT,long,long,sell,64555.3214347826,0.0006000000000000001,38.733192860869565,0.0007746638572173913,0.0,grid_sell_tp,0.19369035592354383,2007.753673743695,0
69,2026-06-14 23:00:00+00:00,BTC_USDT,long,long,buy,65696.89734782607,0.0006000000000000001,39.41813840869565,0.000788362768173913,0.0,grid_buy,0.0,2008.043466972231,0
70,2026-06-14 23:00:00+00:00,BTC_USDT,long,long,sell,65696.89734782607,0.0006000000000000001,39.41813840869565,0.000788362768173913,0.0,grid_sell_tp,0.4389169210352534,2008.0148370181585,0
71,2026-06-15 00:00:00+00:00,BTC_USDT,long,long,funding,65742.1,0.0006000000000000001,39.445260000000005,0.0,0.0,funding,-0.003944526,2008.0101724921585,0
72,2026-06-15 08:00:00+00:00,BTC_USDT,long,long,funding,65670.2,0.0006000000000000001,39.402120000000004,0.0,0.0,funding,-0.003940212,2007.9630922801584,0
73,2026-06-15 11:00:00+00:00,BTC_USDT,long,long,buy,66267.68530434782,0.0006000000000000001,39.76061118260869,0.0007952122236521739,0.0,grid_buy,0.0,2008.280005885326,0
74,2026-06-15 11:00:00+00:00,BTC_USDT,long,long,sell,66267.68530434782,0.0006000000000000001,39.76061118260869,0.0007952122236521739,0.0,grid_sell_tp,0.390293816634587,2008.2996018557112,0
75,2026-06-15 13:00:00+00:00,BTC_USDT,long,long,sell,66838.47326086956,0.0006000000000000001,40.10308395652174,0.0008020616791304349,0.0,grid_sell_tp,0.7327597410921555,2008.6616637505538,1
76,2026-06-15 15:00:00+00:00,BTC_USDT,long,long,buy,66838.47326086956,0.0005,33.41923663043478,0.0006683847326086957,0.0,grid_buy,0.0,2008.8897087353864,1
77,2026-06-15 16:00:00+00:00,BTC_USDT,long,long,funding,67286.6,0.0005,33.6433,0.0,0.0,funding,-0.0033643300000000004,2008.8816944053865,1
78,2026-06-15 22:00:00+00:00,BTC_USDT,long,long,buy,66267.68530434782,0.0006000000000000001,39.76061118260869,0.0007952122236521739,0.0,grid_buy,0.0,2008.298638010554,1
79,2026-06-16 00:00:00+00:00,BTC_USDT,long,long,funding,66326.4,0.0011,72.95904,0.0,0.0,funding,-0.007295904000000001,2008.428732106554,1
80,2026-06-16 02:00:00+00:00,BTC_USDT,long,long,buy,65696.89734782607,0.0006000000000000001,39.41813840869565,0.000788362768173913,0.0,grid_buy,0.0,2007.8131853350899,1
81,2026-06-16 04:00:00+00:00,BTC_USDT,long,long,sell,66267.68530434782,0.0006000000000000001,39.76061118260869,0.0007952122236521739,0.0,grid_sell_tp,0.019350245065349034,2008.238981305475,1
82,2026-06-16 08:00:00+00:00,BTC_USDT,long,long,funding,66368.1,0.0011,73.00491000000001,0.0,0.0,funding,-0.007300491000000001,2008.808190814475,1
83,2026-06-16 08:00:00+00:00,BTC_USDT,long,long,sell,66838.47326086956,0.0006000000000000001,40.10308395652174,0.0008020616791304349,0.0,grid_sell_tp,0.3618161695229175,2009.3533127093176,1
84,2026-06-16 14:00:00+00:00,BTC_USDT,long,long,buy,65696.89734782607,0.0006000000000000001,39.41813840869565,0.000788362768173913,0.0,grid_buy,0.0,2008.7037259378537,1
85,2026-06-16 16:00:00+00:00,BTC_USDT,long,long,funding,65865.1,0.0011,72.45161000000002,0.0,0.0,funding,-0.007245161000000002,2008.9310007768538,1
86,2026-06-17 00:00:00+00:00,BTC_USDT,long,long,funding,65671.8,0.0011,72.23898000000001,0.0,0.0,funding,-0.007223898000000001,2008.711146878854,1
87,2026-06-17 08:00:00+00:00,BTC_USDT,long,long,funding,65536.7,0.0011,72.09037000000001,0.0,0.0,funding,-0.0072090370000000015,2008.555327841854,1
88,2026-06-17 13:00:00+00:00,BTC_USDT,long,long,buy,65126.109391304344,0.0006000000000000001,39.07566563478261,0.0007815133126956522,0.0,grid_buy,0.0,2008.3504006937585,1
89,2026-06-17 15:00:00+00:00,BTC_USDT,long,long,sell,65696.89734782607,0.0006000000000000001,39.41813840869565,0.000788362768173913,0.0,grid_sell_tp,0.025282229017596462,2009.1322907396861,1
90,2026-06-17 16:00:00+00:00,BTC_USDT,long,long,funding,65751.4,0.0011,72.32654,0.0,0.0,funding,-0.007232654,2009.125168085686,1
91,2026-06-17 16:00:00+00:00,BTC_USDT,long,long,sell,66267.68530434782,0.0006000000000000001,39.76061118260869,0.0007952122236521739,0.0,grid_sell_tp,0.36774815347516493,2009.489044056071,1
92,2026-06-17 18:00:00+00:00,BTC_USDT,long,long,buy,65126.109391304344,0.0006000000000000001,39.07566563478261,0.0007815133126956522,0.0,grid_buy,0.0,2009.5435469079757,1
93,2026-06-17 22:00:00+00:00,BTC_USDT,long,long,buy,63984.53347826086,0.0006000000000000001,38.39072008695652,0.0007678144017391305,0.0,grid_buy,0.0,2008.394219006617,1
94,2026-06-18 00:00:00+00:00,BTC_USDT,long,long,funding,64506.2,0.0017000000000000001,109.66054,0.0,0.0,funding,-0.010966054000000001,2008.7400829526173,1
95,2026-06-18 00:00:00+00:00,BTC_USDT,long,long,buy,64555.3214347826,0.0006000000000000001,38.733192860869565,0.0007746638572173913,0.0,grid_buy,0.0,2008.6169154278905,1
96,2026-06-18 00:00:00+00:00,BTC_USDT,long,long,sell,64555.3214347826,0.0006000000000000001,38.733192860869565,0.0007746638572173913,0.0,grid_sell_tp,-0.14400834995294093,2008.6698536249028,1
97,2026-06-18 04:00:00+00:00,BTC_USDT,long,long,buy,63984.53347826086,0.0006000000000000001,38.39072008695652,0.0007678144017391305,0.0,grid_buy,0.0,2007.5973957235444,1
98,2026-06-18 08:00:00+00:00,BTC_USDT,long,long,funding,64508.1,0.0023,148.36863,0.0,0.0,funding,-0.014836863,2009.0402988605445,1
99,2026-06-18 08:00:00+00:00,BTC_USDT,long,long,sell,64555.3214347826,0.0006000000000000001,38.733192860869565,0.0007746638572173913,0.0,grid_sell_tp,-0.0173023169071744,2008.8781370575566,1
100,2026-06-18 10:00:00+00:00,BTC_USDT,long,long,buy,63984.53347826086,0.0006000000000000001,38.39072008695652,0.0007678144017391305,0.0,grid_buy,0.0,2008.3993591561984,1
101,2026-06-18 16:00:00+00:00,BTC_USDT,long,long,funding,62362.7,0.0023,143.43420999999998,0.0,0.0,funding,-0.014343420999999999,2004.4324657351983,1
102,2026-06-18 17:00:00+00:00,BTC_USDT,long,long,buy,62272.16960869564,0.0006000000000000001,37.363301765217386,0.0007472660353043478,0.0,grid_buy,0.0,2005.1982767039458,1
103,2026-06-18 18:00:00+00:00,BTC_USDT,long,long,sell,62842.95756521739,0.0006000000000000001,37.70577453913044,0.0007541154907826089,0.0,grid_sell_tp,-0.6835788815215667,2005.5687771275855,1
104,2026-06-18 19:00:00+00:00,BTC_USDT,long,long,buy,62842.95756521739,0.0006000000000000001,37.70577453913044,0.0007541154907826089,0.0,grid_buy,0.0,2006.183348472964,1
105,2026-06-19 00:00:00+00:00,BTC_USDT,long,long,funding,62956.6,0.0029,182.57413999999997,0.0,0.0,funding,-0.018257414,2006.1885810589642,1
106,2026-06-19 08:00:00+00:00,BTC_USDT,long,long,funding,62623.4,0.0029,181.60786,0.0,0.0,funding,-0.018160785999999998,2005.2041402729642,1
107,2026-06-19 14:00:00+00:00,BTC_USDT,long,long,sell,63413.745521739125,0.0006000000000000001,38.048247313043476,0.0007609649462608696,0.0,grid_sell_tp,-0.19983886754039248,2007.0143466210616,1
108,2026-06-19 16:00:00+00:00,BTC_USDT,long,long,funding,63213.8,0.0023,145.39174,0.0,0.0,funding,-0.014539174,2007.0209674470616,1
109,2026-06-19 23:00:00+00:00,BTC_USDT,long,long,buy,63413.745521739125,0.0006000000000000001,38.048247313043476,0.0007609649462608696,0.0,grid_buy,0.0,2007.8517291690716,1
110,2026-06-20 00:00:00+00:00,BTC_USDT,long,long,funding,63541.2,0.0029,184.26948,0.0,0.0,funding,-0.018426948,2007.8312722210715,1
111,2026-06-20 08:00:00+00:00,BTC_USDT,long,long,funding,63655.5,0.0029,184.60094999999998,0.0,0.0,funding,-0.018460095,2008.1442821260716,1
112,2026-06-20 14:00:00+00:00,BTC_USDT,long,long,sell,63984.53347826086,0.0006000000000000001,38.39072008695652,0.0007678144017391305,0.0,grid_sell_tp,0.183815588488369,2009.0111543986263,1
113,2026-06-20 16:00:00+00:00,BTC_USDT,long,long,funding,64155.4,0.0023,147.55742,0.0,0.0,funding,-0.014755742000000002,2009.4759486566263,1
114,2026-06-21 00:00:00+00:00,BTC_USDT,long,long,funding,64304.0,0.0023,147.8992,0.0,0.0,funding,-0.014789920000000002,2009.8029387366262,1
115,2026-06-21 04:00:00+00:00,BTC_USDT,long,long,sell,64555.3214347826,0.0006000000000000001,38.733192860869565,0.0007746638572173913,0.0,grid_sell_tp,0.5262815129459332,2009.9245669336387,1
116,2026-06-21 08:00:00+00:00,BTC_USDT,long,long,funding,64193.3,0.0017,109.12861,0.0,0.0,funding,-0.010912861,2009.7538540726387,1
117,2026-06-21 08:00:00+00:00,BTC_USDT,long,long,buy,63984.53347826086,0.0006000000000000001,38.39072008695652,0.0007678144017391305,0.0,grid_buy,0.0,2009.4687161712804,1
118,2026-06-21 16:00:00+00:00,BTC_USDT,long,long,funding,64215.1,0.0023,147.69473,0.0,0.0,funding,-0.014769473,2009.9137166982805,1
119,2026-06-21 23:00:00+00:00,BTC_USDT,long,long,buy,63413.745521739125,0.0006000000000000001,38.048247313043476,0.0007609649462608696,0.0,grid_buy,0.0,2007.7701384202908,1
120,2026-06-22 00:00:00+00:00,BTC_USDT,long,long,funding,63310.5,0.0029,183.60045,0.0,0.0,funding,-0.018360045000000002,2007.7520683752907,1
121,2026-06-22 00:00:00+00:00,BTC_USDT,long,long,sell,63984.53347826086,0.0006000000000000001,38.39072008695652,0.0007678144017391305,0.0,grid_sell_tp,0.17829268534343318,2009.5035206478456,1
122,2026-06-22 01:00:00+00:00,BTC_USDT,long,long,sell,64555.3214347826,0.0006000000000000001,38.733192860869565,0.0007746638572173913,0.0,grid_sell_tp,0.5207586098009973,2011.1135388448577,1
123,2026-06-22 03:00:00+00:00,BTC_USDT,long,long,buy,63984.53347826086,0.0006000000000000001,38.39072008695652,0.0007678144017391305,0.0,grid_buy,0.0,2010.0194809434995,1
124,2026-06-22 08:00:00+00:00,BTC_USDT,long,long,funding,64207.9,0.0023,147.67817,0.0,0.0,funding,-0.014767817,2010.5459031264995,1
125,2026-06-22 11:00:00+00:00,BTC_USDT,long,long,sell,64555.3214347826,0.0006000000000000001,38.733192860869565,0.0007746638572173913,0.0,grid_sell_tp,0.4740471750848684,2011.511441323512,1
126,2026-06-22 12:00:00+00:00,BTC_USDT,long,long,sell,65126.109391304344,0.0006000000000000001,39.07566563478261,0.0007815133126956522,0.0,grid_sell_tp,0.8165130995424369,2012.3372854449817,1
127,2026-06-22 16:00:00+00:00,BTC_USDT,long,long,funding,64836.2,0.0010999999999999998,71.31981999999999,0.0,0.0,funding,-0.007131981999999999,2011.9877234629819,1
128,2026-06-22 16:00:00+00:00,BTC_USDT,long,long,buy,64555.3214347826,0.0006000000000000001,38.733192860869565,0.0007746638572173913,0.0,grid_buy,0.0,2011.962185938255,1
129,2026-06-22 22:00:00+00:00,BTC_USDT,long,long,buy,63984.53347826086,0.0006000000000000001,38.39072008695652,0.0007678144017391305,0.0,grid_buy,0.0,2010.6739080368966,1
130,2026-06-23 00:00:00+00:00,BTC_USDT,long,long,funding,64022.5,0.0023,147.25175,0.0,0.0,funding,-0.014725175,2010.7794728618967,1
131,2026-06-23 05:00:00+00:00,BTC_USDT,long,long,buy,63413.745521739125,0.0006000000000000001,38.048247313043476,0.0007609649462608696,0.0,grid_buy,0.0,2009.3340745839068,1
132,2026-06-23 06:00:00+00:00,BTC_USDT,long,long,buy,62842.95756521739,0.0006000000000000001,37.70577453913044,0.0007541154907826089,0.0,grid_buy,0.0,2008.0565859292856,1
133,2026-06-23 08:00:00+00:00,BTC_USDT,long,long,funding,62876.5,0.0034999999999999996,220.06775,0.0,0.0,funding,-0.022006775,2007.8179291542856,1
134,2026-06-23 08:00:00+00:00,BTC_USDT,long,long,buy,62272.16960869564,0.0006000000000000001,37.363301765217386,0.0007472660353043478,0.0,grid_buy,0.0,2006.181440123033,1
135,2026-06-23 14:00:00+00:00,BTC_USDT,long,long,sell,62842.95756521739,0.0006000000000000001,37.70577453913044,0.0007541154907826089,0.0,grid_sell_tp,-0.3996015430068437,2006.8166505466727,1
136,2026-06-23 15:00:00+00:00,BTC_USDT,long,long,buy,62272.16960869564,0.0006000000000000001,37.363301765217386,0.0007472660353043478,0.0,grid_buy,0.0,2006.9098615154203,1
137,2026-06-23 16:00:00+00:00,BTC_USDT,long,long,funding,62483.7,0.0040999999999999995,256.18316999999996,0.0,0.0,funding,-0.025618316999999998,2006.8846531984202,1
138,2026-06-24 00:00:00+00:00,BTC_USDT,long,long,funding,62729.6,0.0040999999999999995,257.19136,0.0,0.0,funding,-0.025719136,2007.8671240624203,1
139,2026-06-24 00:00:00+00:00,BTC_USDT,long,long,sell,62842.95756521739,0.0006000000000000001,37.70577453913044,0.0007541154907826089,0.0,grid_sell_tp,-0.2911156598708752,2008.9094844860597,1
140,2026-06-24 08:00:00+00:00,BTC_USDT,long,long,funding,62650.9,0.0034999999999999996,219.27814999999998,0.0,0.0,funding,-0.021927815,2007.6370066710597,1
141,2026-06-24 14:00:00+00:00,BTC_USDT,long,long,buy,61130.59369565217,0.0006000000000000001,36.678356217391304,0.0007335671243478262,0.0,grid_buy,0.0,2002.2438868865443,1
142,2026-06-24 16:00:00+00:00,BTC_USDT,long,long,funding,60269.2,0.0040999999999999995,247.10371999999995,0.0,0.0,funding,-0.024710371999999998,1998.758776514544,1
143,2026-06-24 17:00:00+00:00,BTC_USDT,long,long,buy,59418.22982608695,0.0006000000000000001,35.65093789565217,0.0007130187579130435,0.0,grid_buy,0.0,1995.1805856001342,1
144,2026-06-24 19:00:00+00:00,BTC_USDT,long,long,buy,59989.01778260869,0.0006000000000000001,35.993410669565215,0.0007198682133913043,0.0,grid_buy,0.0,1997.8052250623557,1
145,2026-06-24 19:00:00+00:00,BTC_USDT,long,long,sell,59989.01778260869,0.0006000000000000001,35.993410669565215,0.0007198682133913043,0.0,grid_sell_tp,-1.362044889563666,1997.8210158637073,1
146,2026-06-24 20:00:00+00:00,BTC_USDT,long,long,buy,60559.80573913043,0.0006000000000000001,36.33588344347826,0.0007267176688695653,0.0,grid_buy,0.0,2002.7438157025601,1
147,2026-06-24 20:00:00+00:00,BTC_USDT,long,long,sell,60559.80573913043,0.0006000000000000001,36.33588344347826,0.0007267176688695653,0.0,grid_sell_tp,-0.9042372012452837,2002.5040524283697,1
148,2026-06-24 21:00:00+00:00,BTC_USDT,long,long,sell,61130.59369565217,0.0006000000000000001,36.678356217391304,0.0007335671243478262,0.0,grid_sell_tp,-0.5617712767877197,2003.2574250786365,1
149,2026-06-25 00:00:00+00:00,BTC_USDT,long,long,funding,61077.9,0.0040999999999999995,250.41938999999996,0.0,0.0,funding,-0.025041939,2003.0724831396367,1
150,2026-06-25 05:00:00+00:00,BTC_USDT,long,long,buy,61701.381652173906,0.0006000000000000001,37.02082899130435,0.000740416579826087,0.0,grid_buy,0.0,2005.1637437317527,1
151,2026-06-25 05:00:00+00:00,BTC_USDT,long,long,sell,61701.381652173906,0.0006000000000000001,37.02082899130435,0.000740416579826087,0.0,grid_sell_tp,-0.19140344563862322,2005.222272306477,1
152,2026-06-25 08:00:00+00:00,BTC_USDT,long,long,funding,61909.7,0.0040999999999999995,253.82976999999997,0.0,0.0,funding,-0.025382976999999998,2006.455999329477,1
153,2026-06-25 11:00:00+00:00,BTC_USDT,long,long,buy,61130.59369565217,0.0006000000000000001,36.678356217391304,0.0007335671243478262,0.0,grid_buy,0.0,2003.9466895449616,1
154,2026-06-25 12:00:00+00:00,BTC_USDT,long,long,sell,61701.381652173906,0.0006000000000000001,37.02082899130435,0.000740416579826087,0.0,grid_sell_tp,-0.1233435558975428,2004.054508119686,1
155,2026-06-25 13:00:00+00:00,BTC_USDT,long,long,buy,58276.653913043476,0.0006000000000000001,34.96599234782609,0.0006993198469565218,0.0,grid_buy,0.0,1992.015706452013,1
156,2026-06-25 14:00:00+00:00,BTC_USDT,long,long,buy,58847.44186956521,0.0006000000000000001,35.30846512173913,0.0007061693024347827,0.0,grid_buy,0.0,1997.8765351609713,1
157,2026-06-25 14:00:00+00:00,BTC_USDT,long,long,buy,59418.22982608695,0.0006000000000000001,35.65093789565217,0.0007130187579130435,0.0,grid_buy,0.0,1997.9062242465616,1
158,2026-06-25 14:00:00+00:00,BTC_USDT,long,long,sell,58847.44186956521,0.0006000000000000001,35.30846512173913,0.0007061693024347827,0.0,grid_sell_tp,-1.2758527347973585,1997.5326431989981,1
159,2026-06-25 15:00:00+00:00,BTC_USDT,long,long,sell,59418.22982608695,0.0006000000000000001,35.65093789565217,0.0007130187579130435,0.0,grid_sell_tp,-0.9333868103397944,1997.9010280758926,1
160,2026-06-25 16:00:00+00:00,BTC_USDT,long,long,funding,59560.7,0.004699999999999999,279.93528999999995,0.0,0.0,funding,-0.027993528999999996,1997.9049945468926,1
161,2026-06-25 16:00:00+00:00,BTC_USDT,long,long,sell,59989.01778260869,0.0006000000000000001,35.993410669565215,0.0007198682133913043,0.0,grid_sell_tp,-0.5909208858822302,1997.1215053482442,1
162,2026-06-25 17:00:00+00:00,BTC_USDT,long,long,buy,59418.22982608695,0.0006000000000000001,35.65093789565217,0.0007130187579130435,0.0,grid_buy,0.0,1998.7686744338343,1
163,2026-06-25 21:00:00+00:00,BTC_USDT,long,long,buy,59989.01778260869,0.0006000000000000001,35.993410669565215,0.0007198682133913043,0.0,grid_buy,0.0,2001.4444538960558,1
164,2026-06-25 21:00:00+00:00,BTC_USDT,long,long,sell,59989.01778260869,0.0006000000000000001,35.993410669565215,0.0007198682133913043,0.0,grid_sell_tp,-0.4185199640802622,2001.3094646974075,1
165,2026-06-26 00:00:00+00:00,BTC_USDT,long,long,funding,59805.3,0.004699999999999999,281.08491,0.0,0.0,funding,-0.028108491,1999.3661062064075,1
166,2026-06-26 01:00:00+00:00,BTC_USDT,long,long,buy,59418.22982608695,0.0006000000000000001,35.65093789565217,0.0007130187579130435,0.0,grid_buy,0.0,1997.6583652919976,1
167,2026-06-26 03:00:00+00:00,BTC_USDT,long,long,buy,58847.44186956521,0.0006000000000000001,35.30846512173913,0.0007061693024347827,0.0,grid_buy,0.0,2001.5764340009562,1
168,2026-06-26 03:00:00+00:00,BTC_USDT,long,long,sell,59989.01778260869,0.0006000000000000001,35.993410669565215,0.0007198682133913043,0.0,grid_sell_tp,-0.22906045423556545,2001.543084802308,1
169,2026-06-26 04:00:00+00:00,BTC_USDT,long,long,sell,59418.22982608695,0.0006000000000000001,35.65093789565217,0.0007130187579130435,0.0,grid_sell_tp,-0.5715263786931296,2000.574129679202,1
170,2026-06-26 07:00:00+00:00,BTC_USDT,long,long,buy,60559.80573913043,0.0006000000000000001,36.33588344347826,0.0007267176688695653,0.0,grid_buy,0.0,2003.434089518055,1
171,2026-06-26 07:00:00+00:00,BTC_USDT,long,long,sell,60559.80573913043,0.0006000000000000001,36.33588344347826,0.0007267176688695653,0.0,grid_sell_tp,0.10048484517774747,2003.4514262438645,1
172,2026-06-26 08:00:00+00:00,BTC_USDT,long,long,funding,60524.5,0.004699999999999999,284.46514999999994,0.0,0.0,funding,-0.028446514999999995,2003.3985397288645,1
173,2026-06-26 10:00:00+00:00,BTC_USDT,long,long,buy,59418.22982608695,0.0006000000000000001,35.65093789565217,0.0007130187579130435,0.0,grid_buy,0.0,1997.6581288144544,1
174,2026-06-26 12:00:00+00:00,BTC_USDT,long,long,sell,59989.01778260869,0.0006000000000000001,35.993410669565215,0.0007198682133913043,0.0,grid_sell_tp,-0.17589798664063755,1997.446749615806,1
175,2026-06-26 13:00:00+00:00,BTC_USDT,long,long,buy,58847.44186956521,0.0006000000000000001,35.30846512173913,0.0007061693024347827,0.0,grid_buy,0.0,2002.8641383247648,1
176,2026-06-26 13:00:00+00:00,BTC_USDT,long,long,buy,59418.22982608695,0.0006000000000000001,35.65093789565217,0.0007130187579130435,0.0,grid_buy,0.0,2003.3142474103545,1
177,2026-06-26 13:00:00+00:00,BTC_USDT,long,long,buy,59989.01778260869,0.0006000000000000001,35.993410669565215,0.0007198682133913043,0.0,grid_buy,0.0,2003.421876872576,1
178,2026-06-26 14:00:00+00:00,BTC_USDT,long,long,sell,59418.22982608695,0.0006000000000000001,35.65093789565217,0.0007130187579130435,0.0,grid_sell_tp,-0.37501443321935424,1999.5465717494703,1
179,2026-06-26 14:00:00+00:00,BTC_USDT,long,long,sell,59989.01778260869,0.0006000000000000001,35.993410669565215,0.0007198682133913043,0.0,grid_sell_tp,-0.03254850876179014,1999.785682550822,1
180,2026-06-26 16:00:00+00:00,BTC_USDT,long,long,funding,60326.4,0.005299999999999999,319.72991999999994,0.0,0.0,funding,-0.03197299199999999,2003.660339558822,1
181,2026-06-26 16:00:00+00:00,BTC_USDT,long,long,sell,60559.80573913043,0.0006000000000000001,36.33588344347826,0.0007267176688695653,0.0,grid_sell_tp,0.30991741569577835,2002.4667362846317,1
182,2026-06-26 17:00:00+00:00,BTC_USDT,long,long,buy,59989.01778260869,0.0006000000000000001,35.993410669565215,0.0007198682133913043,0.0,grid_buy,0.0,2002.394935746853,1
183,2026-06-27 00:00:00+00:00,BTC_USDT,long,long,funding,60103.5,0.005299999999999999,318.54855,0.0,0.0,funding,-0.031854855,2002.7881408918531,1
184,2026-06-27 07:00:00+00:00,BTC_USDT,long,long,sell,60559.80573913043,0.0006000000000000001,36.33588344347826,0.0007267176688695653,0.0,grid_sell_tp,0.31352065802201073,2005.1400076176626,1
185,2026-06-27 08:00:00+00:00,BTC_USDT,long,long,funding,60545.7,0.004699999999999999,284.56478999999996,0.0,0.0,funding,-0.028456478999999996,2005.1110811386627,1
186,2026-06-27 16:00:00+00:00,BTC_USDT,long,long,funding,60837.4,0.004699999999999999,285.93577999999997,0.0,0.0,funding,-0.028593577999999998,2006.4534775606626,1
187,2026-06-27 22:00:00+00:00,BTC_USDT,long,long,buy,59989.01778260869,0.0006000000000000001,35.993410669565215,0.0007198682133913043,0.0,grid_buy,0.0,2003.7324970228842,1
188,2026-06-28 00:00:00+00:00,BTC_USDT,long,long,funding,60027.0,0.005299999999999999,318.14309999999995,0.0,0.0,funding,-0.03181431,2002.6348527128841,1
189,2026-06-28 08:00:00+00:00,BTC_USDT,long,long,funding,60219.7,0.005299999999999999,319.1644099999999,0.0,0.0,funding,-0.031916441,2003.624246271884,1
190,2026-06-28 16:00:00+00:00,BTC_USDT,long,long,funding,59893.1,0.005299999999999999,317.43342999999993,0.0,0.0,funding,-0.03174334299999999,2001.861522928884,1
191,2026-06-28 17:00:00+00:00,BTC_USDT,long,long,buy,59418.22982608695,0.0006000000000000001,35.65093789565217,0.0007130187579130435,0.0,grid_buy,0.0,2000.342692014474,1
192,2026-06-29 00:00:00+00:00,BTC_USDT,long,long,funding,59576.4,0.005899999999999999,351.50075999999996,0.0,0.0,funding,-0.035150075999999995,2000.2420519384739,1
193,2026-06-29 03:00:00+00:00,BTC_USDT,long,long,sell,59989.01778260869,0.0006000000000000001,35.993410669565215,0.0007198682133913043,0.0,grid_sell_tp,0.011623232244846737,2002.9714227398258,1
194,2026-06-29 05:00:00+00:00,BTC_USDT,long,long,buy,59418.22982608695,0.0006000000000000001,35.65093789565217,0.0007130187579130435,0.0,grid_buy,0.0,2003.6923918254158,1
195,2026-06-29 06:00:00+00:00,BTC_USDT,long,long,sell,59989.01778260869,0.0006000000000000001,35.993410669565215,0.0007198682133913043,0.0,grid_sell_tp,0.045195741409735216,2003.4815326267674,1
196,2026-06-29 08:00:00+00:00,BTC_USDT,long,long,funding,60030.0,0.005299999999999999,318.15899999999993,0.0,0.0,funding,-0.031815899999999994,2003.2022067267674,1
197,2026-06-29 12:00:00+00:00,BTC_USDT,long,long,sell,60559.80573913043,0.0006000000000000001,36.33588344347826,0.0007267176688695653,0.0,grid_sell_tp,0.38766166586730366,2003.1494734525768,1
198,2026-06-29 13:00:00+00:00,BTC_USDT,long,long,buy,59418.22982608695,0.0006000000000000001,35.65093789565217,0.0007130187579130435,0.0,grid_buy,0.0,2001.5081325381668,1
199,2026-06-29 16:00:00+00:00,BTC_USDT,long,long,funding,59820.4,0.005299999999999999,317.04812,0.0,0.0,funding,-0.031704812,2002.7431277261667,1
200,2026-06-29 16:00:00+00:00,BTC_USDT,long,long,buy,59989.01778260869,0.0006000000000000001,35.993410669565215,0.0007198682133913043,0.0,grid_buy,0.0,2003.0377171883881,1
201,2026-06-29 16:00:00+00:00,BTC_USDT,long,long,sell,59989.01778260869,0.0006000000000000001,35.993410669565215,0.0007198682133913043,0.0,grid_sell_tp,0.07068471307076064,2003.0978479897396,1
202,2026-06-29 17:00:00+00:00,BTC_USDT,long,long,sell,60559.80573913043,0.0006000000000000001,36.33588344347826,0.0007267176688695653,0.0,grid_sell_tp,0.4131506375283291,2005.939744715549,1
203,2026-06-30 00:00:00+00:00,BTC_USDT,long,long,funding,60256.9,0.004699999999999999,283.20743,0.0,0.0,funding,-0.028320743,2005.2078339725492,1
204,2026-06-30 01:00:00+00:00,BTC_USDT,long,long,buy,59989.01778260869,0.0006000000000000001,35.993410669565215,0.0007198682133913043,0.0,grid_buy,0.0,2003.6792634347707,1
205,2026-06-30 05:00:00+00:00,BTC_USDT,long,long,buy,59418.22982608695,0.0006000000000000001,35.65093789565217,0.0007130187579130435,0.0,grid_buy,0.0,2002.2990625203606,1
206,2026-06-30 08:00:00+00:00,BTC_USDT,long,long,funding,59529.7,0.005899999999999999,351.2252299999999,0.0,0.0,funding,-0.03512252299999999,2001.5447299973607,1
207,2026-06-30 13:00:00+00:00,BTC_USDT,long,long,buy,58276.653913043476,0.0006000000000000001,34.96599234782609,0.0006993198469565218,0.0,grid_buy,0.0,1997.1277083296877,1
208,2026-06-30 14:00:00+00:00,BTC_USDT,long,long,sell,58847.44186956521,0.0006000000000000001,35.30846512173913,0.0007061693024347827,0.0,grid_sell_tp,-0.5075692264474747,1995.7031872821244,1
209,2026-06-30 15:00:00+00:00,BTC_USDT,long,long,buy,58276.653913043476,0.0006000000000000001,34.96599234782609,0.0006993198469565218,0.0,grid_buy,0.0,1995.1755756144514,1
210,2026-06-30 16:00:00+00:00,BTC_USDT,long,long,funding,58381.8,0.006499999999999999,379.48169999999993,0.0,0.0,funding,-0.037948169999999996,1995.1376274444515,1
211,2026-06-30 20:00:00+00:00,BTC_USDT,long,long,buy,58847.44186956521,0.0006000000000000001,35.30846512173913,0.0007061693024347827,0.0,grid_buy,0.0,1997.33259615341,1
212,2026-06-30 20:00:00+00:00,BTC_USDT,long,long,sell,58847.44186956521,0.0006000000000000001,35.30846512173913,0.0007061693024347827,0.0,grid_sell_tp,-0.3929608696979186,1997.4021151058466,1
213,2026-07-01 00:00:00+00:00,BTC_USDT,long,long,funding,58632.5,0.006499999999999999,381.1112499999999,0.0,0.0,funding,-0.038111124999999996,1996.7276539808468,1
214,2026-07-01 01:00:00+00:00,BTC_USDT,long,long,buy,58276.653913043476,0.0006000000000000001,34.96599234782609,0.0006993198469565218,0.0,grid_buy,0.0,1997.9231023131736,1
215,2026-07-01 02:00:00+00:00,BTC_USDT,long,long,sell,58847.44186956521,0.0006000000000000001,35.30846512173913,0.0007061693024347827,0.0,grid_sell_tp,-0.3308712239817068,2000.0301212656104,1
216,2026-07-01 04:00:00+00:00,BTC_USDT,long,long,sell,59418.22982608695,0.0006000000000000001,35.65093789565217,0.0007130187579130435,0.0,grid_sell_tp,0.011594700475857289,2001.6676761425047,1
217,2026-07-01 06:00:00+00:00,BTC_USDT,long,long,buy,58847.44186956521,0.0006000000000000001,35.30846512173913,0.0007061693024347827,0.0,grid_buy,0.0,1998.1852248514633,1
218,2026-07-01 08:00:00+00:00,BTC_USDT,long,long,funding,58765.9,0.006499999999999999,381.9783499999999,0.0,0.0,funding,-0.03819783499999999,1998.2386770164633,1
219,2026-07-01 13:00:00+00:00,BTC_USDT,long,long,sell,59418.22982608695,0.0006000000000000001,35.65093789565217,0.0007130187579130435,0.0,grid_sell_tp,0.04207147475394105,2002.9198418933574,1
220,2026-07-01 14:00:00+00:00,BTC_USDT,long,long,sell,59989.01778260869,0.0006000000000000001,35.993410669565215,0.0007198682133913043,0.0,grid_sell_tp,0.38453739921150515,2003.4779626947093,1
221,2026-07-01 16:00:00+00:00,BTC_USDT,long,long,funding,60142.8,0.005299999999999999,318.75683999999995,0.0,0.0,funding,-0.031875683999999994,2006.6282070107093,1
222,2026-07-01 21:00:00+00:00,BTC_USDT,long,long,sell,60559.80573913043,0.0006000000000000001,36.33588344347826,0.0007267176688695653,0.0,grid_sell_tp,0.7270033236690736,2010.0276237365188,1
223,2026-07-01 22:00:00+00:00,BTC_USDT,long,long,sell,61130.59369565217,0.0006000000000000001,36.678356217391304,0.0007335671243478262,0.0,grid_sell_tp,1.0694692481266377,2008.8267263867856,1
224,2026-07-01 23:00:00+00:00,BTC_USDT,long,long,buy,59989.01778260869,0.0006000000000000001,35.993410669565215,0.0007198682133913043,0.0,grid_buy,0.0,2007.0159758490072,1
225,2026-07-02 00:00:00+00:00,BTC_USDT,long,long,funding,60033.8,0.004699999999999999,282.15885999999995,0.0,0.0,funding,-0.028215885999999996,2007.0206599630071,1
226,2026-07-02 03:00:00+00:00,BTC_USDT,long,long,buy,60559.80573913043,0.0006000000000000001,36.33588344347826,0.0007267176688695653,0.0,grid_buy,0.0,2012.1733998018601,1
227,2026-07-02 03:00:00+00:00,BTC_USDT,long,long,sell,60559.80573913043,0.0006000000000000001,36.33588344347826,0.0007267176688695653,0.0,grid_sell_tp,0.6010047604128992,2011.8691365276693,1
228,2026-07-02 08:00:00+00:00,BTC_USDT,long,long,funding,60146.9,0.004699999999999999,282.69043,0.0,0.0,funding,-0.028269043,2007.5225074846694,1
229,2026-07-02 09:00:00+00:00,BTC_USDT,long,long,buy,61130.59369565217,0.0006000000000000001,36.678356217391304,0.0007335671243478262,0.0,grid_buy,0.0,2012.415467700154,1
230,2026-07-02 09:00:00+00:00,BTC_USDT,long,long,sell,61130.59369565217,0.0006000000000000001,36.678356217391304,0.0007335671243478262,0.0,grid_sell_tp,0.8365796374748227,2012.384130350421,1
231,2026-07-02 13:00:00+00:00,BTC_USDT,long,long,sell,61701.381652173906,0.0006000000000000001,37.02082899130435,0.000740416579826087,0.0,grid_sell_tp,1.1790455619323867,2015.7792789251455,1
232,2026-07-02 16:00:00+00:00,BTC_USDT,long,long,funding,61613.3,0.0040999999999999995,252.61452999999997,0.0,0.0,funding,-0.025261453,2014.4399674721456,1
233,2026-07-03 00:00:00+00:00,BTC_USDT,long,long,funding,61560.3,0.0040999999999999995,252.39722999999998,0.0,0.0,funding,-0.025239723,2014.1974277491456,1
234,2026-07-03 08:00:00+00:00,BTC_USDT,long,long,funding,61753.8,0.0040999999999999995,253.19057999999998,0.0,0.0,funding,-0.025319058,2014.9654586911456,1
235,2026-07-03 14:00:00+00:00,BTC_USDT,long,long,buy,62272.16960869564,0.0006000000000000001,37.363301765217386,0.0007472660353043478,0.0,grid_buy,0.0,2016.595729659893,1
236,2026-07-03 14:00:00+00:00,BTC_USDT,long,long,sell,62272.16960869564,0.0006000000000000001,37.363301765217386,0.0007472660353043478,0.0,grid_sell_tp,1.3271805818250288,2016.6580841590753,1
237,2026-07-03 16:00:00+00:00,BTC_USDT,long,long,funding,61924.1,0.0040999999999999995,253.88880999999995,0.0,0.0,funding,-0.025388880999999995,2015.6368052780751,1
238,2026-07-03 20:00:00+00:00,BTC_USDT,long,long,sell,62842.95756521739,0.0006000000000000001,37.70577453913044,0.0007541154907826089,0.0,grid_sell_tp,1.6696465062825971,2019.166915701715,1
239,2026-07-04 00:00:00+00:00,BTC_USDT,long,long,funding,62581.2,0.0034999999999999996,219.03419999999997,0.0,0.0,funding,-0.021903419999999996,2018.465312281715,1
240,2026-07-04 08:00:00+00:00,BTC_USDT,long,long,funding,62577.2,0.0034999999999999996,219.02019999999996,0.0,0.0,funding,-0.021902019999999998,2018.429410261715,1
241,2026-07-04 16:00:00+00:00,BTC_USDT,long,long,funding,62934.6,0.0034999999999999996,220.27109999999996,0.0,0.0,funding,-0.022027109999999996,2019.658283151715,1
242,2026-07-04 17:00:00+00:00,BTC_USDT,long,long,sell,63413.745521739125,0.0006000000000000001,38.048247313043476,0.0007609649462608696,0.0,grid_sell_tp,2.0121124307401614,2020.9321694998123,1
243,2026-07-05 00:00:00+00:00,BTC_USDT,long,long,funding,63141.5,0.0029,183.11034999999998,0.0,0.0,funding,-0.018311035,2020.5267084648124,1
244,2026-07-05 01:00:00+00:00,BTC_USDT,long,long,buy,62842.95756521739,0.0006000000000000001,37.70577453913044,0.0007541154907826089,0.0,grid_buy,0.0,2019.811179810191,1
245,2026-07-05 08:00:00+00:00,BTC_USDT,long,long,funding,63018.9,0.0034999999999999996,220.56615,0.0,0.0,funding,-0.022056615,2020.2539231951912,1
246,2026-07-05 16:00:00+00:00,BTC_USDT,long,long,funding,62743.2,0.0034999999999999996,219.60119999999998,0.0,0.0,funding,-0.02196012,2019.2670130751912,1
247,2026-07-05 22:00:00+00:00,BTC_USDT,long,long,sell,63413.745521739125,0.0006000000000000001,38.048247313043476,0.0007609649462608696,0.0,grid_sell_tp,1.7257580384361533,2022.5447994232882,1
248,2026-07-05 23:00:00+00:00,BTC_USDT,long,long,sell,63984.53347826086,0.0006000000000000001,38.39072008695652,0.0007678144017391305,0.0,grid_sell_tp,2.0682239628937173,2022.4915816958433,1
249,2026-07-06 00:00:00+00:00,BTC_USDT,long,long,funding,63644.2,0.0023,146.38165999999998,0.0,0.0,funding,-0.014638166,2022.470273529843,1
250,2026-07-06 00:00:00+00:00,BTC_USDT,long,long,buy,63413.745521739125,0.0006000000000000001,38.048247313043476,0.0007609649462608696,0.0,grid_buy,0.0,2022.9424452518533,1
251,2026-07-06 08:00:00+00:00,BTC_USDT,long,long,funding,63092.5,0.0029,182.96824999999998,0.0,0.0,funding,-0.018296825,2020.9895584268531,1
252,2026-07-06 08:00:00+00:00,BTC_USDT,long,long,buy,62842.95756521739,0.0006000000000000001,37.70577453913044,0.0007541154907826089,0.0,grid_buy,0.0,2020.4924297722318,1
253,2026-07-06 12:00:00+00:00,BTC_USDT,long,long,buy,61701.381652173906,0.0006000000000000001,37.02082899130435,0.000740416579826087,0.0,grid_buy,0.0,2016.4854303643476,1
254,2026-07-06 14:00:00+00:00,BTC_USDT,long,long,sell,62272.16960869564,0.0006000000000000001,37.363301765217386,0.0007472660353043478,0.0,grid_sell_tp,0.4833141044729564,2017.8090648635298,1
255,2026-07-06 15:00:00+00:00,BTC_USDT,long,long,buy,62272.16960869564,0.0006000000000000001,37.363301765217386,0.0007472660353043478,0.0,grid_buy,0.0,2023.8327758322773,1
256,2026-07-06 15:00:00+00:00,BTC_USDT,long,long,sell,63413.745521739125,0.0006000000000000001,38.048247313043476,0.0007609649462608696,0.0,grid_sell_tp,1.0974077040454173,2023.7523021803745,1
257,2026-07-06 16:00:00+00:00,BTC_USDT,long,long,funding,63546.7,0.0034999999999999996,222.41344999999995,0.0,0.0,funding,-0.022241344999999996,2023.7304108353744,1
258,2026-07-06 16:00:00+00:00,BTC_USDT,long,long,sell,62842.95756521739,0.0006000000000000001,37.70577453913044,0.0007541154907826089,0.0,grid_sell_tp,0.7549417795878531,2023.8366612590141,1
259,2026-07-06 21:00:00+00:00,BTC_USDT,long,long,sell,64555.3214347826,0.0006000000000000001,38.733192860869565,0.0007746638572173913,0.0,grid_sell_tp,1.7823395529605452,2026.0728894560266,1
260,2026-07-06 21:00:00+00:00,BTC_USDT,long,long,sell,63984.53347826086,0.0006000000000000001,38.39072008695652,0.0007678144017391305,0.0,grid_sell_tp,1.4398736285029814,2025.7710617285811,1
261,2026-07-07 00:00:00+00:00,BTC_USDT,long,long,funding,64040.3,0.0017,108.86851,0.0,0.0,funding,-0.010886851000000001,2025.0019748775812,1
262,2026-07-07 02:00:00+00:00,BTC_USDT,long,long,buy,63413.745521739125,0.0006000000000000001,38.048247313043476,0.0007609649462608696,0.0,grid_buy,0.0,2023.7296565995914,1
263,2026-07-07 05:00:00+00:00,BTC_USDT,long,long,buy,62842.95756521739,0.0006000000000000001,37.70577453913044,0.0007541154907826089,0.0,grid_buy,0.0,2023.4444879449702,1
264,2026-07-07 07:00:00+00:00,BTC_USDT,long,long,sell,63413.745521739125,0.0006000000000000001,38.048247313043476,0.0007609649462608696,0.0,grid_sell_tp,0.7138495183756957,2023.5195342930674,1
265,2026-07-07 08:00:00+00:00,BTC_USDT,long,long,funding,63084.5,0.0023,145.09435,0.0,0.0,funding,-0.014509435,2023.5052548580675,1
266,2026-07-07 14:00:00+00:00,BTC_USDT,long,long,buy,62842.95756521739,0.0006000000000000001,37.70577453913044,0.0007541154907826089,0.0,grid_buy,0.0,2025.025476203446,1
267,2026-07-07 15:00:00+00:00,BTC_USDT,long,long,buy,63984.53347826086,0.0006000000000000001,38.39072008695652,0.0007678144017391305,0.0,grid_buy,0.0,2026.0857383020877,1
268,2026-07-07 15:00:00+00:00,BTC_USDT,long,long,sell,63984.53347826086,0.0006000000000000001,38.39072008695652,0.0007678144017391305,0.0,grid_sell_tp,0.8113061342657301,2026.1146305746424,1
269,2026-07-07 15:00:00+00:00,BTC_USDT,long,long,sell,63413.745521739125,0.0006000000000000001,38.048247313043476,0.0007609649462608696,0.0,grid_sell_tp,0.46884020980816593,2025.8010569227395,1
270,2026-07-07 16:00:00+00:00,BTC_USDT,long,long,funding,63938.1,0.0023,147.05763,0.0,0.0,funding,-0.014705763,2025.7932511597396,1
271,2026-07-07 19:00:00+00:00,BTC_USDT,long,long,buy,63413.745521739125,0.0006000000000000001,38.048247313043476,0.0007609649462608696,0.0,grid_buy,0.0,2025.76374288175,1
272,2026-07-08 00:00:00+00:00,BTC_USDT,long,long,funding,63368.6,0.0029,183.76894,0.0,0.0,funding,-0.018376894,2024.4371759877497,1
273,2026-07-08 02:00:00+00:00,BTC_USDT,long,long,buy,62842.95756521739,0.0006000000000000001,37.70577453913044,0.0007541154907826089,0.0,grid_buy,0.0,2023.4029073331285,1
274,2026-07-08 08:00:00+00:00,BTC_USDT,long,long,funding,62887.4,0.0034999999999999996,220.1059,0.0,0.0,funding,-0.02201059,2023.0455967431283,1
275,2026-07-08 11:00:00+00:00,BTC_USDT,long,long,buy,62272.16960869564,0.0006000000000000001,37.363301765217386,0.0007472660353043478,0.0,grid_buy,0.0,2021.0191777118757,1
276,2026-07-08 13:00:00+00:00,BTC_USDT,long,long,buy,61701.381652173906,0.0006000000000000001,37.02082899130435,0.000740416579826087,0.0,grid_buy,0.0,2019.6979283039918,1
277,2026-07-08 16:00:00+00:00,BTC_USDT,long,long,funding,61702.4,0.004699999999999999,290.00127999999995,0.0,0.0,funding,-0.029000127999999997,2018.5263581759918,1
278,2026-07-08 17:00:00+00:00,BTC_USDT,long,long,sell,62272.16960869564,0.0006000000000000001,37.363301765217386,0.0007472660353043478,0.0,grid_sell_tp,-0.19356841215455936,2020.4890226751738,1
279,2026-07-09 00:00:00+00:00,BTC_USDT,long,long,funding,62287.3,0.0040999999999999995,255.37793,0.0,0.0,funding,-0.025537793,2021.2400248821739,1
280,2026-07-09 02:00:00+00:00,BTC_USDT,long,long,buy,61701.381652173906,0.0006000000000000001,37.02082899130435,0.000740416579826087,0.0,grid_buy,0.0,2019.2394254742896,1
281,2026-07-09 04:00:00+00:00,BTC_USDT,long,long,sell,62272.16960869564,0.0006000000000000001,37.363301765217386,0.0007472660353043478,0.0,grid_sell_tp,-0.1252330181078869,2022.2591499734717,1
282,2026-07-09 06:00:00+00:00,BTC_USDT,long,long,sell,62842.95756521739,0.0006000000000000001,37.70577453913044,0.0007541154907826089,0.0,grid_sell_tp,0.21723290634968156,2024.2415003971114,1
283,2026-07-09 08:00:00+00:00,BTC_USDT,long,long,funding,63003.7,0.0034999999999999996,220.51294999999996,0.0,0.0,funding,-0.022051295,2024.3989991021115,1
284,2026-07-09 16:00:00+00:00,BTC_USDT,long,long,funding,62870.8,0.0034999999999999996,220.0478,0.0,0.0,funding,-0.02200478,2023.9118443221114,1
285,2026-07-09 18:00:00+00:00,BTC_USDT,long,long,sell,63413.745521739125,0.0006000000000000001,38.048247313043476,0.0007609649462608696,0.0,grid_sell_tp,0.5596988308072457,2025.2295206702086,1
286,2026-07-10 00:00:00+00:00,BTC_USDT,long,long,funding,63222.0,0.0029,183.3438,0.0,0.0,funding,-0.01833438,2025.2369962902087,1
287,2026-07-10 02:00:00+00:00,BTC_USDT,long,long,sell,63984.53347826086,0.0006000000000000001,38.39072008695652,0.0007678144017391305,0.0,grid_sell_tp,0.9021647552648098,2027.3959785627633,1
288,2026-07-10 08:00:00+00:00,BTC_USDT,long,long,funding,63978.2,0.0023,147.14986,0.0,0.0,funding,-0.014714986,2027.4182935767633,1
289,2026-07-10 12:00:00+00:00,BTC_USDT,long,long,sell,64555.3214347826,0.0006000000000000001,38.733192860869565,0.0007746638572173913,0.0,grid_sell_tp,1.2446306797223738,2028.2989517737758,1
290,2026-07-10 14:00:00+00:00,BTC_USDT,long,long,buy,63984.53347826086,0.0006000000000000001,38.39072008695652,0.0007678144017391305,0.0,grid_buy,0.0,2027.6152438724175,1
291,2026-07-10 16:00:00+00:00,BTC_USDT,long,long,funding,64036.5,0.0023,147.28395,0.0,0.0,funding,-0.014728395000000002,2027.8785854774173,1
292,2026-07-11 00:00:00+00:00,BTC_USDT,long,long,funding,64165.2,0.0023,147.57996,0.0,0.0,funding,-0.014757996,2028.1598374814173,1
293,2026-07-11 08:00:00+00:00,BTC_USDT,long,long,funding,64161.0,0.0023,147.5703,0.0,0.0,funding,-0.01475703,2028.1354204514173,1
294,2026-07-11 16:00:00+00:00,BTC_USDT,long,long,funding,64174.4,0.0023,147.60112,0.0,0.0,funding,-0.014760112000000002,2028.1514803394173,1
295,2026-07-12 00:00:00+00:00,BTC_USDT,long,long,funding,63822.2,0.0023,146.79106,0.0,0.0,funding,-0.014679105999999999,2027.3267412334174,1
296,2026-07-12 08:00:00+00:00,BTC_USDT,long,long,funding,63886.5,0.0023,146.93895,0.0,0.0,funding,-0.014693895000000002,2027.4599373384174,1
297,2026-07-12 16:00:00+00:00,BTC_USDT,long,long,funding,64175.9,0.0023,147.60457,0.0,0.0,funding,-0.014760457,2028.1107968814174,1
298,2026-07-13 00:00:00+00:00,BTC_USDT,long,long,funding,63780.9,0.0023,146.69607,0.0,0.0,funding,-0.014669607,2027.1876272744173,1
299,2026-07-13 01:00:00+00:00,BTC_USDT,long,long,buy,63413.745521739125,0.0006000000000000001,38.048247313043476,0.0007609649462608696,0.0,grid_buy,0.0,2026.3318389964277,1
300,2026-07-13 03:00:00+00:00,BTC_USDT,long,long,buy,62842.95756521739,0.0006000000000000001,37.70577453913044,0.0007541154907826089,0.0,grid_buy,0.0,2024.5699703418063,1
301,2026-07-13 08:00:00+00:00,BTC_USDT,long,long,funding,62990.4,0.0034999999999999996,220.4664,0.0,0.0,funding,-0.02204664,2025.180373701806,1
302,2026-07-13 13:00:00+00:00,BTC_USDT,long,long,buy,62272.16960869564,0.0006000000000000001,37.363301765217386,0.0007472660353043478,0.0,grid_buy,0.0,2022.8627446705536,1
303,2026-07-13 15:00:00+00:00,BTC_USDT,long,long,sell,62842.95756521739,0.0006000000000000001,37.70577453913044,0.0007541154907826089,0.0,grid_sell_tp,-0.010605186604648665,2024.2063950941933,1
304,2026-07-13 16:00:00+00:00,BTC_USDT,long,long,funding,62614.7,0.0034999999999999996,219.15144999999995,0.0,0.0,funding,-0.021915144999999997,2024.1844799491932,1
305,2026-07-13 16:00:00+00:00,BTC_USDT,long,long,buy,62272.16960869564,0.0006000000000000001,37.363301765217386,0.0007472660353043478,0.0,grid_buy,0.0,2022.9895109179406,1
306,2026-07-14 00:00:00+00:00,BTC_USDT,long,long,funding,62337.2,0.0040999999999999995,255.58251999999996,0.0,0.0,funding,-0.025558251999999997,2023.2259426659405,1
307,2026-07-14 05:00:00+00:00,BTC_USDT,long,long,sell,62842.95756521739,0.0006000000000000001,37.70577453913044,0.0007541154907826089,0.0,grid_sell_tp,0.04095440047245658,2024.91744308958,1
308,2026-07-14 08:00:00+00:00,BTC_USDT,long,long,funding,62554.1,0.0034999999999999996,218.93934999999996,0.0,0.0,funding,-0.021893934999999996,2024.26589915458,1
309,2026-07-14 12:00:00+00:00,BTC_USDT,long,long,sell,63413.745521739125,0.0006000000000000001,38.048247313043476,0.0007609649462608696,0.0,grid_sell_tp,0.38342032493002065,2028.8354155026773,1
310,2026-07-14 13:00:00+00:00,BTC_USDT,long,long,sell,63984.53347826086,0.0006000000000000001,38.39072008695652,0.0007678144017391305,0.0,grid_sell_tp,0.7258862493875848,2028.6019677752322,1
311,2026-07-14 15:00:00+00:00,BTC_USDT,long,long,sell,64555.3214347826,0.0006000000000000001,38.733192860869565,0.0007746638572173913,0.0,grid_sell_tp,1.068352173845149,2030.5627359722444,1
312,2026-07-14 16:00:00+00:00,BTC_USDT,long,long,funding,64745.0,0.0017,110.06649999999999,0.0,0.0,funding,-0.01100665,2030.5518993222445,1
313,2026-07-15 00:00:00+00:00,BTC_USDT,long,long,funding,65035.3,0.0017,110.56001,0.0,0.0,funding,-0.011056001000000001,2031.0343533212445,1
314,2026-07-15 06:00:00+00:00,BTC_USDT,long,long,sell,65126.109391304344,0.0006000000000000001,39.07566563478261,0.0007815133126956522,0.0,grid_sell_tp,1.4108180983027174,2030.8434174427143,1
315,2026-07-15 07:00:00+00:00,BTC_USDT,long,long,buy,64555.3214347826,0.0006000000000000001,38.733192860869565,0.0007746638572173913,0.0,grid_buy,0.0,2030.5526399179876,1
316,2026-07-15 08:00:00+00:00,BTC_USDT,long,long,funding,64551.5,0.0017,109.73755,0.0,0.0,funding,-0.010973755,2030.5418361629877,1
317,2026-07-15 12:00:00+00:00,BTC_USDT,long,long,sell,65126.109391304344,0.0006000000000000001,39.07566563478261,0.0007815133126956522,0.0,grid_sell_tp,1.0334792144077676,2031.5561602844573,1
318,2026-07-15 16:00:00+00:00,BTC_USDT,long,long,funding,65424.5,0.0010999999999999998,71.96695,0.0,0.0,funding,-0.007196695,2031.8389235894574,1
319,2026-07-16 00:00:00+00:00,BTC_USDT,long,long,funding,64753.6,0.0010999999999999998,71.22895999999999,0.0,0.0,funding,-0.007122895999999999,2031.0938106934573,1
320,2026-07-16 00:00:00+00:00,BTC_USDT,long,long,buy,64555.3214347826,0.0006000000000000001,38.733192860869565,0.0007746638572173913,0.0,grid_buy,0.0,2030.9272531687307,1
321,2026-07-16 08:00:00+00:00,BTC_USDT,long,long,funding,64239.3,0.0017,109.20681,0.0,0.0,funding,-0.010920681000000002,2030.3267724877308,1
322,2026-07-16 08:00:00+00:00,BTC_USDT,long,long,buy,63984.53347826086,0.0006000000000000001,38.39072008695652,0.0007678144017391305,0.0,grid_buy,0.0,2030.2141345863722,1
323,2026-07-16 14:00:00+00:00,BTC_USDT,long,long,sell,64555.3214347826,0.0006000000000000001,38.733192860869565,0.0007746638572173913,0.0,grid_sell_tp,0.4194211681149526,2031.1775327833845,1
324,2026-07-16 16:00:00+00:00,BTC_USDT,long,long,funding,64702.4,0.0017,109.99408,0.0,0.0,funding,-0.010999408,2031.4439733753843,1
325,2026-07-16 22:00:00+00:00,BTC_USDT,long,long,buy,63984.53347826086,0.0006000000000000001,38.39072008695652,0.0007678144017391305,0.0,grid_buy,0.0,2030.174915474026,1
326,2026-07-17 00:00:00+00:00,BTC_USDT,long,long,funding,63831.9,0.0023,146.81337,0.0,0.0,funding,-0.014681337,2029.857094137026,1
327,2026-07-17 02:00:00+00:00,BTC_USDT,long,long,buy,63413.745521739125,0.0006000000000000001,38.048247313043476,0.0007609649462608696,0.0,grid_buy,0.0,2029.1009258590364,1
328,2026-07-17 05:00:00+00:00,BTC_USDT,long,long,buy,62842.95756521739,0.0006000000000000001,37.70577453913044,0.0007541154907826089,0.0,grid_buy,0.0,2027.220487204415,1
329,2026-07-17 08:00:00+00:00,BTC_USDT,long,long,funding,62827.5,0.0034999999999999996,219.89624999999998,0.0,0.0,funding,-0.021989625,2027.162447579415,1
330,2026-07-17 14:00:00+00:00,BTC_USDT,long,long,sell,63413.745521739125,0.0006000000000000001,38.048247313043476,0.0007609649462608696,0.0,grid_sell_tp,-0.12935368407530604,2028.5287239275124,1
331,2026-07-17 16:00:00+00:00,BTC_USDT,long,long,funding,63450.5,0.0029,184.00645,0.0,0.0,funding,-0.018400645,2029.3017332825125,1
332,2026-07-17 17:00:00+00:00,BTC_USDT,long,long,sell,63984.53347826086,0.0006000000000000001,38.39072008695652,0.0007678144017391305,0.0,grid_sell_tp,0.2131122403822581,2031.010125555067,1
333,2026-07-18 00:00:00+00:00,BTC_USDT,long,long,funding,63935.2,0.0023,147.05096,0.0,0.0,funding,-0.014705096,2030.7214904590671,1
334,2026-07-18 08:00:00+00:00,BTC_USDT,long,long,funding,64009.3,0.0023,147.22139,0.0,0.0,funding,-0.014722139000000002,2030.877198320067,1
335,2026-07-18 16:00:00+00:00,BTC_USDT,long,long,funding,64117.5,0.0023,147.47025,0.0,0.0,funding,-0.014747025,2031.111311295067,1
336,2026-07-18 18:00:00+00:00,BTC_USDT,long,long,sell,64555.3214347826,0.0006000000000000001,38.733192860869565,0.0007746638572173913,0.0,grid_sell_tp,0.5555781648398223,2032.0457494920797,1
337,2026-07-19 00:00:00+00:00,BTC_USDT,long,long,funding,64838.0,0.0017,110.2246,0.0,0.0,funding,-0.01102246,2032.5870570320797,1
338,2026-07-19 08:00:00+00:00,BTC_USDT,long,long,funding,64717.4,0.0017,110.01957999999999,0.0,0.0,funding,-0.011001958,2032.3710350740796,1
339,2026-07-19 16:00:00+00:00,BTC_USDT,long,long,funding,64577.1,0.0017,109.78106999999999,0.0,0.0,funding,-0.010978106999999999,2032.1215469670797,1
340,2026-07-20 00:00:00+00:00,BTC_USDT,long,long,funding,64726.5,0.0017,110.03505,0.0,0.0,funding,-0.011003505,2032.3645234620797,1
341,2026-07-20 06:00:00+00:00,BTC_USDT,long,long,buy,63984.53347826086,0.0006000000000000001,38.39072008695652,0.0007678144017391305,0.0,grid_buy,0.0,2030.9466255607213,1
342,2026-07-20 08:00:00+00:00,BTC_USDT,long,long,funding,64276.9,0.0023,147.83687,0.0,0.0,funding,-0.014783687000000002,2031.7600718737212,1
343,2026-07-20 11:00:00+00:00,BTC_USDT,long,long,sell,64555.3214347826,0.0006000000000000001,38.733192860869565,0.0007746638572173913,0.0,grid_sell_tp,0.4997833679396518,2033.1585100707337,1
344,2026-07-20 15:00:00+00:00,BTC_USDT,long,long,sell,65126.109391304344,0.0006000000000000001,39.07566563478261,0.0007815133126956522,0.0,grid_sell_tp,0.8422492923972204,2033.8901741922034,1
345,2026-07-20 16:00:00+00:00,BTC_USDT,long,long,funding,65599.6,0.0010999999999999998,72.15956,0.0,0.0,funding,-0.007215956,2033.8828482362035,1
346,2026-07-20 18:00:00+00:00,BTC_USDT,long,long,sell,65696.89734782607,0.0006000000000000001,39.41813840869565,0.000788362768173913,0.0,grid_sell_tp,1.18471521685478,2033.762688282131,1
347,2026-07-20 19:00:00+00:00,BTC_USDT,long,long,buy,65126.109391304344,0.0006000000000000001,39.07566563478261,0.0007815133126956522,0.0,grid_buy,0.0,2033.7211611340354,1
348,2026-07-21 00:00:00+00:00,BTC_USDT,long,long,funding,65256.0,0.0010999999999999998,71.78159999999998,0.0,0.0,funding,-0.0071781599999999985,2033.8386129740354,1
349,2026-07-21 04:00:00+00:00,BTC_USDT,long,long,sell,65696.89734782607,0.0006000000000000001,39.41813840869565,0.000788362768173913,0.0,grid_sell_tp,0.7248802319220958,2034.2355630199631,1
350,2026-07-21 05:00:00+00:00,BTC_USDT,long,long,buy,65696.89734782607,0.0006000000000000001,39.41813840869565,0.000788362768173913,0.0,grid_buy,0.0,2034.3782362484994,1
351,2026-07-21 08:00:00+00:00,BTC_USDT,long,long,funding,66188.8,0.0010999999999999998,72.80767999999999,0.0,0.0,funding,-0.007280767999999999,2034.8558354804993,1
352,2026-07-21 08:00:00+00:00,BTC_USDT,long,long,buy,66267.68530434782,0.0006000000000000001,39.76061118260869,0.0007952122236521739,0.0,grid_buy,0.0,2034.8723090856668,1
353,2026-07-21 08:00:00+00:00,BTC_USDT,long,long,sell,66267.68530434782,0.0006000000000000001,39.76061118260869,0.0007952122236521739,0.0,grid_sell_tp,0.4342367575701581,2034.8960450560517,1
354,2026-07-21 14:00:00+00:00,BTC_USDT,long,long,sell,66838.47326086956,0.0006000000000000001,40.10308395652174,0.0008020616791304349,0.0,grid_sell_tp,0.7767026820277266,2035.5689469508943,1
355,2026-07-21 16:00:00+00:00,BTC_USDT,long,long,funding,66685.6,0.0004999999999999998,33.34279999999999,0.0,0.0,funding,-0.003334279999999999,2035.4883126708944,1
356,2026-07-21 17:00:00+00:00,BTC_USDT,long,long,buy,66267.68530434782,0.0006000000000000001,39.76061118260869,0.0007952122236521739,0.0,grid_buy,0.0,2035.216646276062,1
357,2026-07-22 00:00:00+00:00,BTC_USDT,long,long,funding,66557.6,0.0010999999999999998,73.21336,0.0,0.0,funding,-0.0073213359999999995,2035.5901449400621,1
358,2026-07-22 08:00:00+00:00,BTC_USDT,long,long,funding,65842.1,0.0010999999999999998,72.42631,0.0,0.0,funding,-0.007242631,2034.795852309062,1
359,2026-07-22 12:00:00+00:00,BTC_USDT,long,long,buy,65696.89734782607,0.0006000000000000001,39.41813840869565,0.000788362768173913,0.0,grid_buy,0.0,2034.541675537598,1
360,2026-07-22 16:00:00+00:00,BTC_USDT,long,long,funding,66046.5,0.0017,112.27905,0.0,0.0,funding,-0.011227905,2035.2184376325981,1
361,2026-07-22 16:00:00+00:00,BTC_USDT,long,long,sell,66267.68530434782,0.0006000000000000001,39.76061118260869,0.0007952122236521739,0.0,grid_sell_tp,0.24802811086148654,2035.5569336029832,1
362,2026-07-22 19:00:00+00:00,BTC_USDT,long,long,buy,65696.89734782607,0.0006000000000000001,39.41813840869565,0.000788362768173913,0.0,grid_buy,0.0,2035.3509068315193,1
363,2026-07-23 00:00:00+00:00,BTC_USDT,long,long,funding,66118.5,0.0017,112.40145,0.0,0.0,funding,-0.011240145,2035.670486686519,1
364,2026-07-23 00:00:00+00:00,BTC_USDT,long,long,sell,66267.68530434782,0.0006000000000000001,39.76061118260869,0.0007952122236521739,0.0,grid_sell_tp,0.28108085821251083,2035.6978226569042,1
365,2026-07-23 02:00:00+00:00,BTC_USDT,long,long,buy,65696.89734782607,0.0006000000000000001,39.41813840869565,0.000788362768173913,0.0,grid_buy,0.0,2035.4876058854404,1
366,2026-07-23 08:00:00+00:00,BTC_USDT,long,long,funding,65441.4,0.0017,111.25037999999999,0.0,0.0,funding,-0.011125038,2034.8491808474405,1
367,2026-07-23 12:00:00+00:00,BTC_USDT,long,long,buy,65126.109391304344,0.0006000000000000001,39.07566563478261,0.0007815133126956522,0.0,grid_buy,0.0,2034.3974836993452,1
368,2026-07-23 16:00:00+00:00,BTC_USDT,long,long,funding,64960.9,0.0023,149.41007,0.0,0.0,funding,-0.014941007,2033.9174826923452,1
369,2026-07-24 00:00:00+00:00,BTC_USDT,long,long,funding,65099.2,0.0023,149.72816,0.0,0.0,funding,-0.014972816000000002,2034.2205998763452,1
370,2026-07-24 07:00:00+00:00,BTC_USDT,long,long,sell,65696.89734782607,0.0006000000000000001,39.41813840869565,0.000788362768173913,0.0,grid_sell_tp,0.0595713287636746,2035.2572399222724,1
371,2026-07-24 08:00:00+00:00,BTC_USDT,long,long,funding,65503.0,0.0017,111.3551,0.0,0.0,funding,-0.01113551,2035.2537544122724,1
372,2026-07-24 09:00:00+00:00,BTC_USDT,long,long,buy,65126.109391304344,0.0006000000000000001,39.07566563478261,0.0007815133126956522,0.0,grid_buy,0.0,2034.567847264177,1
373,2026-07-24 13:00:00+00:00,BTC_USDT,long,long,buy,63984.53347826086,0.0006000000000000001,38.39072008695652,0.0007678144017391305,0.0,grid_buy,0.0,2032.468039362819,1
374,2026-07-24 16:00:00+00:00,BTC_USDT,long,long,funding,64094.4,0.0029,185.87376,0.0,0.0,funding,-0.018587376000000003,2032.285891986819,1
375,2026-07-25 00:00:00+00:00,BTC_USDT,long,long,funding,64145.9,0.0029,186.02311,0.0,0.0,funding,-0.018602311,2032.416639675819,1
376,2026-07-25 08:00:00+00:00,BTC_USDT,long,long,funding,64008.7,0.0029,185.62523,0.0,0.0,funding,-0.018562523,2032.000197152819,1
377,2026-07-25 16:00:00+00:00,BTC_USDT,long,long,funding,64186.2,0.0029,186.13997999999998,0.0,0.0,funding,-0.018613998,2032.496333154819,1
378,2026-07-26 00:00:00+00:00,BTC_USDT,long,long,funding,64372.0,0.0029,186.6788,0.0,0.0,funding,-0.01866788,2033.016485274819,1
379,2026-07-26 03:00:00+00:00,BTC_USDT,long,long,buy,64555.3214347826,0.0006000000000000001,38.733192860869565,0.0007746638572173913,0.0,grid_buy,0.0,2033.515417750092,1
380,2026-07-26 03:00:00+00:00,BTC_USDT,long,long,sell,64555.3214347826,0.0006000000000000001,38.733192860869565,0.0007746638572173913,0.0,grid_sell_tp,-0.30414493691442146,2033.5201159471042,1
381,2026-07-26 08:00:00+00:00,BTC_USDT,long,long,funding,64364.8,0.0029,186.65792,0.0,0.0,funding,-0.018665792,2032.9753901551042,1
382,2026-07-26 16:00:00+00:00,BTC_USDT,long,long,funding,64766.0,0.0029,187.82139999999998,0.0,0.0,funding,-0.01878214,2034.120088015104,1
383,2026-07-26 22:00:00+00:00,BTC_USDT,long,long,sell,65126.109391304344,0.0006000000000000001,39.07566563478261,0.0007815133126956522,0.0,grid_sell_tp,0.038320987543147014,2035.8041521365742,1
384,2026-07-27 00:00:00+00:00,BTC_USDT,long,long,funding,65400.7,0.0023,150.42161,0.0,0.0,funding,-0.015042161,2035.780139975574,1
385,2026-07-27 06:00:00+00:00,BTC_USDT,long,long,sell,65696.89734782607,0.0006000000000000001,39.41813840869565,0.000788362768173913,0.0,grid_sell_tp,0.38078691200070675,2035.9818900215014,1
386,2026-07-27 08:00:00+00:00,BTC_USDT,long,long,funding,65230.1,0.0017,110.89116999999999,0.0,0.0,funding,-0.011089116999999999,2035.6559609045014,1
387,2026-07-27 09:00:00+00:00,BTC_USDT,long,long,buy,65126.109391304344,0.0006000000000000001,39.07566563478261,0.0007815133126956522,0.0,grid_buy,0.0,2035.8058937564062,1
388,2026-07-27 13:00:00+00:00,BTC_USDT,long,long,sell,65696.89734782607,0.0006000000000000001,39.41813840869565,0.000788362768173913,0.0,grid_sell_tp,0.3705862596035287,2035.9798638023335,1
389,2026-07-27 14:00:00+00:00,BTC_USDT,long,long,buy,64555.3214347826,0.0006000000000000001,38.733192860869565,0.0007746638572173913,0.0,grid_buy,0.0,2035.1522862776067,1
390,2026-07-27 16:00:00+00:00,BTC_USDT,long,long,funding,64553.7,0.0023,148.47351,0.0,0.0,funding,-0.014847351000000002,2034.8303889266065,1
391,2026-07-28 00:00:00+00:00,BTC_USDT,long,long,funding,63759.7,0.0023,146.64731,0.0,0.0,funding,-0.014664731,2032.9895241956065,1
392,2026-07-28 05:00:00+00:00,BTC_USDT,long,long,buy,63413.745521739125,0.0006000000000000001,38.048247313043476,0.0007609649462608696,0.0,grid_buy,0.0,2032.3109659176168,1
393,2026-07-28 08:00:00+00:00,BTC_USDT,long,long,funding,63506.1,0.0029,184.16769,0.0,0.0,funding,-0.018416769,2032.4424791486167,1
394,2026-07-28 13:00:00+00:00,BTC_USDT,long,long,buy,62842.95756521739,0.0006000000000000001,37.70577453913044,0.0007541154907826089,0.0,grid_buy,0.0,2031.4291104939955,1
395,2026-07-28 14:00:00+00:00,BTC_USDT,long,long,sell,63413.745521739125,0.0006000000000000001,38.048247313043476,0.0007609649462608696,0.0,grid_sell_tp,-0.5444642989247265,2032.5044568420926,1
396,2026-07-28 15:00:00+00:00,BTC_USDT,long,long,buy,63984.53347826086,0.0006000000000000001,38.39072008695652,0.0007678144017391305,0.0,grid_buy,0.0,2033.9701589407343,1
397,2026-07-28 15:00:00+00:00,BTC_USDT,long,long,sell,63984.53347826086,0.0006000000000000001,38.39072008695652,0.0007678144017391305,0.0,grid_sell_tp,-0.16750170702737638,2034.0036712132892,1
398,2026-07-28 16:00:00+00:00,BTC_USDT,long,long,funding,63927.5,0.0029,185.38975,0.0,0.0,funding,-0.018538975,2033.9854222382892,1
399,2026-07-29 00:00:00+00:00,BTC_USDT,long,long,funding,63923.4,0.0029,185.37786,0.0,0.0,funding,-0.018537786,2033.954994452289,1
400,2026-07-29 07:00:00+00:00,BTC_USDT,long,long,sell,64555.3214347826,0.0006000000000000001,38.733192860869565,0.0007746638572173913,0.0,grid_sell_tp,0.17496421743018772,2035.7904226493015,1
401,2026-07-29 08:00:00+00:00,BTC_USDT,long,long,funding,64564.3,0.0023,148.49789,0.0,0.0,funding,-0.014849789000000002,2035.7925928603015,1
402,2026-07-29 15:00:00+00:00,BTC_USDT,long,long,buy,63984.53347826086,0.0006000000000000001,38.39072008695652,0.0007678144017391305,0.0,grid_buy,0.0,2034.407514958943,1
403,2026-07-29 16:00:00+00:00,BTC_USDT,long,long,funding,63966.9,0.0029,185.50401,0.0,0.0,funding,-0.018550401,2034.388674557943,1
404,2026-07-29 18:00:00+00:00,BTC_USDT,long,long,sell,64555.3214347826,0.0006000000000000001,38.733192860869565,0.0007746638572173913,0.0,grid_sell_tp,0.2094608848699737,2035.9801927549552,1
405,2026-07-29 20:00:00+00:00,BTC_USDT,long,long,buy,63413.745521739125,0.0006000000000000001,38.048247313043476,0.0007609649462608696,0.0,grid_buy,0.0,2033.7720144769655,1
406,2026-07-29 22:00:00+00:00,BTC_USDT,long,long,buy,63984.53347826086,0.0006000000000000001,38.39072008695652,0.0007678144017391305,0.0,grid_buy,0.0,2034.9511865756072,1
407,2026-07-29 22:00:00+00:00,BTC_USDT,long,long,sell,63984.53347826086,0.0006000000000000001,38.39072008695652,0.0007678144017391305,0.0,grid_sell_tp,-0.02895694399592435,2034.979778848162,1
408,2026-07-30 00:00:00+00:00,BTC_USDT,long,long,funding,63980.9,0.0029,185.54460999999998,0.0,0.0,funding,-0.018554460999999998,2035.0925943871619,1
409,2026-07-30 08:00:00+00:00,BTC_USDT,long,long,funding,64013.6,0.0029,185.63943999999998,0.0,0.0,funding,-0.018563944,2035.1688604431617,1
410,2026-07-30 09:00:00+00:00,BTC_USDT,long,long,sell,64555.3214347826,0.0006000000000000001,38.733192860869565,0.0007746638572173913,0.0,grid_sell_tp,0.3135089804616397,2036.7723786401743,1
411,2026-07-30 13:00:00+00:00,BTC_USDT,long,long,buy,65126.109391304344,0.0006000000000000001,39.07566563478261,0.0007815133126956522,0.0,grid_buy,0.0,2037.748611492079,1
412,2026-07-30 13:00:00+00:00,BTC_USDT,long,long,sell,65126.109391304344,0.0006000000000000001,39.07566563478261,0.0007815133126956522,0.0,grid_sell_tp,0.5200942666643262,2037.8104156135487,1
413,2026-07-30 16:00:00+00:00,BTC_USDT,long,long,funding,64730.8,0.0023,148.88084,0.0,0.0,funding,-0.014888084000000001,2037.1262275295487,1
414,2026-07-31 00:00:00+00:00,BTC_USDT,long,long,funding,64783.9,0.0023,149.00297,0.0,0.0,funding,-0.014900297000000002,2037.233457232549,1
415,2026-07-31 01:00:00+00:00,BTC_USDT,long,long,buy,64555.3214347826,0.0006000000000000001,38.733192860869565,0.0007746638572173913,0.0,grid_buy,0.0,2036.731829707822,1
416,2026-07-31 07:00:00+00:00,BTC_USDT,long,long,buy,63984.53347826086,0.0006000000000000001,38.39072008695652,0.0007678144017391305,0.0,grid_buy,0.0,2034.9160318064637,1
417,2026-07-31 08:00:00+00:00,BTC_USDT,long,long,funding,63946.0,0.0034999999999999996,223.81099999999998,0.0,0.0,funding,-0.022381099999999998,2034.8936507064636,1
418,2026-07-31 16:00:00+00:00,BTC_USDT,long,long,funding,62718.0,0.0034999999999999996,219.51299999999998,0.0,0.0,funding,-0.0219513,2030.5736994064637,1
419,2026-07-31 16:00:00+00:00,BTC_USDT,long,long,buy,62842.95756521739,0.0006000000000000001,37.70577453913044,0.0007541154907826089,0.0,grid_buy,0.0,2031.1642207518423,1
420,2026-08-01 00:00:00+00:00,BTC_USDT,long,long,funding,62892.7,0.0040999999999999995,257.86006999999995,0.0,0.0,funding,-0.025786006999999996,2031.1884547448424,1
421,2026-08-01 08:00:00+00:00,BTC_USDT,long,long,funding,63053.5,0.0040999999999999995,258.51935,0.0,0.0,funding,-0.025851935,2031.8218828098425,1
422,2026-08-01 16:00:00+00:00,BTC_USDT,long,long,funding,63004.0,0.0040999999999999995,258.3164,0.0,0.0,funding,-0.02583164,2031.5931011698424,1
423,2026-08-01 18:00:00+00:00,BTC_USDT,long,long,buy,62272.16960869564,0.0006000000000000001,37.363301765217386,0.0007472660353043478,0.0,grid_buy,0.0,2030.0377121385898,1
424,2026-08-01 21:00:00+00:00,BTC_USDT,long,long,sell,62842.95756521739,0.0006000000000000001,37.70577453913044,0.0007541154907826089,0.0,grid_sell_tp,-0.5911094098406101,2031.1554825622293,1
425,2026-08-02 00:00:00+00:00,BTC_USDT,long,long,funding,62821.4,0.0040999999999999995,257.56773999999996,0.0,0.0,funding,-0.025756773999999996,2031.1596557882292,1
426,2026-08-02 02:00:00+00:00,BTC_USDT,long,long,buy,63413.745521739125,0.0006000000000000001,38.048247313043476,0.0007609649462608696,0.0,grid_buy,0.0,2033.7546175102395,1
427,2026-08-02 02:00:00+00:00,BTC_USDT,long,long,sell,63413.745521739125,0.0006000000000000001,38.048247313043476,0.0007609649462608696,0.0,grid_sell_tp,-0.21699890830601343,2033.7325238583367,1
428,2026-08-02 08:00:00+00:00,BTC_USDT,long,long,funding,63498.9,0.0040999999999999995,260.34549,0.0,0.0,funding,-0.026034549,2033.9098493093366,1
429,2026-08-02 16:00:00+00:00,BTC_USDT,long,long,funding,63108.6,0.0040999999999999995,258.74526,0.0,0.0,funding,-0.025874526,2032.2837447833365,1
430,2026-08-03 00:00:00+00:00,BTC_USDT,long,long,funding,63565.6,0.0040999999999999995,260.61895999999996,0.0,0.0,funding,-0.026061895999999998,2034.1313828873363,1
431,2026-08-03 03:00:00+00:00,BTC_USDT,long,long,buy,62842.95756521739,0.0006000000000000001,37.70577453913044,0.0007541154907826089,0.0,grid_buy,0.0,2031.315104232715,1
432,2026-08-03 08:00:00+00:00,BTC_USDT,long,long,funding,62614.6,0.004699999999999999,294.2886199999999,0.0,0.0,funding,-0.029428861999999993,2030.0650853707148,1
433,2026-08-03 14:00:00+00:00,BTC_USDT,long,long,sell,63984.53347826086,0.0006000000000000001,38.39072008695652,0.0007678144017391305,0.0,grid_sell_tp,0.19679178856934632,2036.4479276432698,1
434,2026-08-03 14:00:00+00:00,BTC_USDT,long,long,sell,63413.745521739125,0.0006000000000000001,38.048247313043476,0.0007609649462608696,0.0,grid_sell_tp,-0.14567413588821782,2036.1127539913668,1
435,2026-08-03 16:00:00+00:00,BTC_USDT,long,long,funding,63693.8,0.0034999999999999996,222.92829999999998,0.0,0.0,funding,-0.02229283,2035.1199111613669,1
436,2026-08-03 22:00:00+00:00,BTC_USDT,long,long,buy,63413.745521739125,0.0006000000000000001,38.048247313043476,0.0007609649462608696,0.0,grid_buy,0.0,2034.958362883377,1
437,2026-08-04 00:00:00+00:00,BTC_USDT,long,long,funding,63526.7,0.0040999999999999995,260.45946999999995,0.0,0.0,funding,-0.026045946999999996,2034.576026936377,1
438,2026-08-04 04:00:00+00:00,BTC_USDT,long,long,sell,63984.53347826086,0.0006000000000000001,38.39072008695652,0.0007678144017391305,0.0,grid_sell_tp,0.21799859407304648,2036.627609208932,1
439,2026-08-04 08:00:00+00:00,BTC_USDT,long,long,funding,63688.2,0.0034999999999999996,222.90869999999995,0.0,0.0,funding,-0.022290869999999997,2035.3929183389318,1
440,2026-08-04 16:00:00+00:00,BTC_USDT,long,long,funding,64124.9,0.0034999999999999996,224.43714999999997,0.0,0.0,funding,-0.022443715,2036.8989246239319,1
441,2026-08-05 00:00:00+00:00,BTC_USDT,long,long,funding,64106.6,0.0034999999999999996,224.37309999999997,0.0,0.0,funding,-0.02243731,2036.812437313932,1
442,2026-08-05 08:00:00+00:00,BTC_USDT,long,long,funding,64164.2,0.0034999999999999996,224.57469999999998,0.0,0.0,funding,-0.02245747,2036.991579843932,1
443,2026-08-05 12:00:00+00:00,BTC_USDT,long,long,sell,64555.3214347826,0.0006000000000000001,38.733192860869565,0.0007746638572173913,0.0,grid_sell_tp,0.5604645185306106,2037.7176080409442,1
444,2026-08-05 13:00:00+00:00,BTC_USDT,long,long,buy,63984.53347826086,0.0006000000000000001,38.39072008695652,0.0007678144017391305,0.0,grid_buy,0.0,2038.184410139586,1
445,2026-08-05 14:00:00+00:00,BTC_USDT,long,long,sell,64555.3214347826,0.0006000000000000001,38.733192860869565,0.0007746638572173913,0.0,grid_sell_tp,0.5229617056492183,2038.472368336598,1
446,2026-08-05 16:00:00+00:00,BTC_USDT,long,long,funding,64392.2,0.0029,186.73737999999997,0.0,0.0,funding,-0.018673738,2038.208934598598,1
447,2026-08-06 00:00:00+00:00,BTC_USDT,long,long,funding,64656.8,0.0029,187.50472,0.0,0.0,funding,-0.018750472,2038.9575241265982,1
448,2026-08-06 08:00:00+00:00,BTC_USDT,long,long,funding,64815.4,0.0029,187.96465999999998,0.0,0.0,funding,-0.018796465999999998,2039.3986676605982,1
449,2026-08-06 16:00:00+00:00,BTC_USDT,long,long,funding,64630.8,0.0029,187.42932,0.0,0.0,funding,-0.018742932,2038.8445847285984,1
450,2026-08-07 00:00:00+00:00,BTC_USDT,long,long,funding,64329.5,0.0029,186.55554999999998,0.0,0.0,funding,-0.018655555,2037.9521591735984,1
451,2026-08-07 08:00:00+00:00,BTC_USDT,long,long,funding,64316.5,0.0029,186.51784999999998,0.0,0.0,funding,-0.018651785,2037.8958073885985,1
452,2026-08-07 11:00:00+00:00,BTC_USDT,long,long,sell,65126.109391304344,0.0006000000000000001,39.07566563478261,0.0007815133126956522,0.0,grid_sell_tp,0.8654276301067868,2040.0022915100683,1
453,2026-08-07 16:00:00+00:00,BTC_USDT,long,long,funding,64910.4,0.0023,149.29392,0.0,0.0,funding,-0.014929392000000001,2039.7318321180683,1
454,2026-08-07 17:00:00+00:00,BTC_USDT,long,long,buy,64555.3214347826,0.0006000000000000001,38.733192860869565,0.0007746638572173913,0.0,grid_buy,0.0,2039.5009845933414,1
455,2026-08-08 00:00:00+00:00,BTC_USDT,long,long,funding,64919.2,0.0029,188.26567999999997,0.0,0.0,funding,-0.018826568,2039.9507980253416,1
456,2026-08-08 08:00:00+00:00,BTC_USDT,long,long,funding,64963.2,0.0029,188.39327999999998,0.0,0.0,funding,-0.018839328,2040.0595586973413,1
457,2026-08-08 14:00:00+00:00,BTC_USDT,long,long,sell,65126.109391304344,0.0006000000000000001,39.07566563478261,0.0007815133126956522,0.0,grid_sell_tp,0.7570683812433832,2040.5341828188111,1
458,2026-08-08 16:00:00+00:00,BTC_USDT,long,long,funding,65078.9,0.0023,149.68147,0.0,0.0,funding,-0.014968147,2040.4076646718113,1
459,2026-08-09 00:00:00+00:00,BTC_USDT,long,long,funding,64958.0,0.0023,149.4034,0.0,0.0,funding,-0.014940340000000002,2040.1146543318112,1
460,2026-08-09 08:00:00+00:00,BTC_USDT,long,long,funding,64827.4,0.0023,149.10302000000001,0.0,0.0,funding,-0.014910302000000002,2039.7993640298112,1
461,2026-08-09 16:00:00+00:00,BTC_USDT,long,long,funding,65234.8,0.0023,150.04004,0.0,0.0,funding,-0.015004004000000001,2040.721380025811,1
462,2026-08-10 00:00:00+00:00,BTC_USDT,long,long,funding,64889.9,0.0023,149.24677,0.0,0.0,funding,-0.014924677,2039.913185348811,1
463,2026-08-10 08:00:00+00:00,BTC_USDT,long,long,funding,65207.2,0.0023,149.97655999999998,0.0,0.0,funding,-0.014997655999999998,2040.6279776928109,1
464,2026-08-10 13:00:00+00:00,BTC_USDT,long,long,buy,64555.3214347826,0.0006000000000000001,38.733192860869565,0.0007746638572173913,0.0,grid_buy,0.0,2039.150730168084,1
465,2026-08-10 16:00:00+00:00,BTC_USDT,long,long,funding,64296.8,0.0029,186.46072,0.0,0.0,funding,-0.018646072000000003,2038.3595240960842,1
466,2026-08-10 16:00:00+00:00,BTC_USDT,long,long,buy,63984.53347826086,0.0006000000000000001,38.39072008695652,0.0007678144017391305,0.0,grid_buy,0.0,2037.1716661947257,1
467,2026-08-11 00:00:00+00:00,BTC_USDT,long,long,funding,63973.8,0.0034999999999999996,223.9083,0.0,0.0,funding,-0.02239083,2037.3932253647258,1
468,2026-08-11 08:00:00+00:00,BTC_USDT,long,long,funding,64057.7,0.0034999999999999996,224.20194999999995,0.0,0.0,funding,-0.022420194999999997,2037.664455169726,1
469,2026-08-11 16:00:00+00:00,BTC_USDT,long,long,funding,63607.0,0.0034999999999999996,222.62449999999998,0.0,0.0,funding,-0.02226245,2036.064742719726,1
470,2026-08-11 18:00:00+00:00,BTC_USDT,long,long,buy,63413.745521739125,0.0006000000000000001,38.048247313043476,0.0007609649462608696,0.0,grid_buy,0.0,2035.2389844417362,1
471,2026-08-12 00:00:00+00:00,BTC_USDT,long,long,funding,63598.1,0.0040999999999999995,260.75220999999993,0.0,0.0,funding,-0.026075220999999996,2036.1173692207362,1
472,2026-08-12 08:00:00+00:00,BTC_USDT,long,long,funding,63837.5,0.0040999999999999995,261.73375,0.0,0.0,funding,-0.026173375,2037.0727358457361,1
473,2026-08-12 09:00:00+00:00,BTC_USDT,long,long,sell,63984.53347826086,0.0006000000000000001,38.39072008695652,0.0007678144017391305,0.0,grid_sell_tp,0.04012974595897718,2038.1027381182907,1
474,2026-08-12 14:00:00+00:00,BTC_USDT,long,long,buy,63413.745521739125,0.0006000000000000001,38.048247313043476,0.0007609649462608696,0.0,grid_buy,0.0,2035.4940598403011,1
475,2026-08-12 16:00:00+00:00,BTC_USDT,long,long,funding,63442.3,0.0040999999999999995,260.11343,0.0,0.0,funding,-0.026011343,2035.767348497301,1
476,2026-08-13 00:00:00+00:00,BTC_USDT,long,long,funding,63480.7,0.0040999999999999995,260.27086999999995,0.0,0.0,funding,-0.026027086999999997,2035.898761410301,1
477,2026-08-13 05:00:00+00:00,BTC_USDT,long,long,sell,63984.53347826086,0.0006000000000000001,38.39072008695652,0.0007678144017391305,0.0,grid_sell_tp,0.08426270403980048,2037.5911936828556,1
478,2026-08-13 08:00:00+00:00,BTC_USDT,long,long,funding,63860.0,0.0034999999999999996,223.51,0.0,0.0,funding,-0.022351,2037.5054926828557,1
479,2026-08-13 11:00:00+00:00,BTC_USDT,long,long,buy,63413.745521739125,0.0006000000000000001,38.048247313043476,0.0007609649462608696,0.0,grid_buy,0.0,2036.2362144048657,1
480,2026-08-13 14:00:00+00:00,BTC_USDT,long,long,sell,63984.53347826086,0.0006000000000000001,38.39072008695652,0.0007678144017391305,0.0,grid_sell_tp,0.12193718045025631,2037.8516866774203,1
481,2026-08-13 16:00:00+00:00,BTC_USDT,long,long,funding,63420.1,0.0034999999999999996,221.97034999999997,0.0,0.0,funding,-0.022197034999999997,2036.2845896424203,1
482,2026-08-13 19:00:00+00:00,BTC_USDT,long,long,buy,63413.745521739125,0.0006000000000000001,38.048247313043476,0.0007609649462608696,0.0,grid_buy,0.0,2036.2216313644306,1
483,2026-08-14 00:00:00+00:00,BTC_USDT,long,long,funding,63486.5,0.0040999999999999995,260.29465,0.0,0.0,funding,-0.026029465,2036.5338518994306,1
484,2026-08-14 08:00:00+00:00,BTC_USDT,long,long,funding,62920.0,0.0040999999999999995,257.972,0.0,0.0,funding,-0.0257972,2034.1854046994306,1
485,2026-08-14 08:00:00+00:00,BTC_USDT,long,long,buy,62842.95756521739,0.0006000000000000001,37.70577453913044,0.0007541154907826089,0.0,grid_buy,0.0,2034.3220560448092,1
486,2026-08-14 16:00:00+00:00,BTC_USDT,long,long,funding,62988.5,0.004699999999999999,296.04594999999995,0.0,0.0,funding,-0.029604594999999997,2034.5232214498092,1
487,2026-08-15 00:00:00+00:00,BTC_USDT,long,long,funding,63039.9,0.004699999999999999,296.28752999999995,0.0,0.0,funding,-0.029628752999999997,2034.7351726968093,1
488,2026-08-15 08:00:00+00:00,BTC_USDT,long,long,funding,63070.5,0.004699999999999999,296.43134999999995,0.0,0.0,funding,-0.029643134999999998,2034.8493495618093,1
489,2026-08-15 16:00:00+00:00,BTC_USDT,long,long,funding,63096.3,0.004699999999999999,296.55260999999996,0.0,0.0,funding,-0.029655261,2034.9409543008092,1
490,2026-08-16 00:00:00+00:00,BTC_USDT,long,long,funding,63083.5,0.004699999999999999,296.49244999999996,0.0,0.0,funding,-0.029649244999999998,2034.8511450558092,1
491,2026-08-16 08:00:00+00:00,BTC_USDT,long,long,funding,63059.5,0.004699999999999999,296.37964999999997,0.0,0.0,funding,-0.029637965,2034.7087070908094,1
492,2026-08-16 16:00:00+00:00,BTC_USDT,long,long,funding,63141.4,0.004699999999999999,296.76457999999997,0.0,0.0,funding,-0.029676458,2035.0639606328093,1
493,2026-08-17 00:00:00+00:00,BTC_USDT,long,long,funding,62898.4,0.004699999999999999,295.62247999999994,0.0,0.0,funding,-0.029562247999999996,2033.8922983848092,1
494,2026-08-17 02:00:00+00:00,BTC_USDT,long,long,sell,63413.745521739125,0.0006000000000000001,38.048247313043476,0.0007609649462608696,0.0,grid_sell_tp,-0.12069789310921021,2036.2720647329065,1
495,2026-08-17 08:00:00+00:00,BTC_USDT,long,long,funding,63518.8,0.0040999999999999995,260.42708,0.0,0.0,funding,-0.026042708,2036.7183420249066,1
496,2026-08-17 15:00:00+00:00,BTC_USDT,long,long,sell,63984.53347826086,0.0006000000000000001,38.39072008695652,0.0007678144017391305,0.0,grid_sell_tp,0.2217680313483539,2039.3864642974613,1
497,2026-08-17 16:00:00+00:00,BTC_USDT,long,long,funding,64201.6,0.0034999999999999996,224.70559999999998,0.0,0.0,funding,-0.022470559999999997,2039.3643437374612,1
498,2026-08-17 18:00:00+00:00,BTC_USDT,long,long,sell,64555.3214347826,0.0006000000000000001,38.733192860869565,0.0007746638572173913,0.0,grid_sell_tp,0.5642339558059181,2040.2349719344738,1
499,2026-08-18 00:00:00+00:00,BTC_USDT,long,long,funding,64536.6,0.0029,187.15614,0.0,0.0,funding,-0.018715614000000002,2040.5285863204738,1
500,2026-08-18 08:00:00+00:00,BTC_USDT,long,long,funding,64194.0,0.0029,186.1626,0.0,0.0,funding,-0.01861626,2039.5164300604736,1
501,2026-08-18 16:00:00+00:00,BTC_USDT,long,long,funding,64855.6,0.0029,188.08123999999998,0.0,0.0,funding,-0.018808124,2041.4162619364736,1
502,2026-08-19 00:00:00+00:00,BTC_USDT,long,long,funding,64727.4,0.0029,187.70945999999998,0.0,0.0,funding,-0.018770946,2041.0257109904737,1
503,2026-08-19 08:00:00+00:00,BTC_USDT,long,long,funding,64298.1,0.0029,186.46448999999998,0.0,0.0,funding,-0.018646449,2039.7620945414735,1
504,2026-08-19 13:00:00+00:00,BTC_USDT,long,long,sell,65126.109391304344,0.0006000000000000001,39.07566563478261,0.0007815133126956522,0.0,grid_sell_tp,0.9066998802634865,2041.8924986629436,1
505,2026-08-19 14:00:00+00:00,BTC_USDT,long,long,sell,65696.89734782607,0.0006000000000000001,39.41813840869565,0.000788362768173913,0.0,grid_sell_tp,1.249165804721046,2043.856558708871,1
506,2026-08-19 15:00:00+00:00,BTC_USDT,long,long,buy,67409.2612173913,0.0005,33.704630608695645,0.000674092612173913,0.0,grid_buy,0.0,2048.895634007563,1
507,2026-08-19 15:00:00+00:00,BTC_USDT,long,long,buy,67980.04917391304,0.0005,33.99002458695652,0.0006798004917391305,0.0,grid_buy,0.0,2049.180179620115,1
508,2026-08-19 15:00:00+00:00,BTC_USDT,long,long,buy,68550.83713043478,0.0005,34.27541856521739,0.0006855083713043479,0.0,grid_buy,0.0,2049.1793255465263,1
509,2026-08-19 15:00:00+00:00,BTC_USDT,long,long,sell,67409.2612173913,0.0005,33.704630608695645,0.000674092612173913,0.0,grid_sell_tp,0.8737592591635084,2048.6080320626093,1
510,2026-08-19 15:00:00+00:00,BTC_USDT,long,long,sell,66838.47326086956,0.0006000000000000001,40.10308395652174,0.0008020616791304349,0.0,grid_sell_tp,0.7060451865386503,2047.5800139574521,1
511,2026-08-19 15:00:00+00:00,BTC_USDT,long,long,sell,66267.68530434782,0.0006000000000000001,39.76061118260869,0.0007952122236521739,0.0,grid_sell_tp,0.3635792620810819,2046.2095299278371,1
512,2026-08-19 16:00:00+00:00,BTC_USDT,long,long,funding,68550.5,0.0014999999999999994,102.82574999999996,0.0,0.0,funding,-0.010282574999999997,2046.1992473528371,1
513,2026-08-19 16:00:00+00:00,BTC_USDT,long,long,sell,67980.04917391304,0.0005,33.99002458695652,0.0006798004917391305,0.0,grid_sell_tp,1.1591475295448153,2045.8238421393019,1
514,2026-08-19 16:00:00+00:00,BTC_USDT,long,long,sell,68550.83713043478,0.0005,34.27541856521739,0.0006855083713043479,0.0,grid_sell_tp,1.4445357999261224,2045.868075196148,1
515,2026-08-19 17:00:00+00:00,BTC_USDT,long,long,buy,67980.04917391304,0.0005,33.99002458695652,0.0006798004917391305,0.0,grid_buy,0.0,2045.8408708086995,1
516,2026-08-19 20:00:00+00:00,BTC_USDT,long,long,buy,69121.62508695651,0.0005,34.56081254347826,0.0006912162508695652,0.0,grid_buy,0.0,2046.6543670489705,1
517,2026-08-19 20:00:00+00:00,BTC_USDT,long,long,sell,69121.62508695651,0.0005,34.56081254347826,0.0006912162508695652,0.0,grid_sell_tp,0.7664431981091376,2046.6914883761979,1
518,2026-08-19 20:00:00+00:00,BTC_USDT,long,long,sell,68550.83713043478,0.0005,34.27541856521739,0.0006855083713043479,0.0,grid_sell_tp,0.4810549277278379,2046.4432214330438,1
519,2026-08-19 21:00:00+00:00,BTC_USDT,long,long,buy,69692.41304347826,0.0005,34.84620652173913,0.0006969241304347826,0.0,grid_buy,0.0,2046.7902179871744,1
520,2026-08-19 21:00:00+00:00,BTC_USDT,long,long,sell,69692.41304347826,0.0005,34.84620652173913,0.0006969241304347826,0.0,grid_sell_tp,0.525567272180005,2046.777277584783,1
521,2026-08-19 22:00:00+00:00,BTC_USDT,long,long,buy,69121.62508695651,0.0005,34.56081254347826,0.0006912162508695652,0.0,grid_buy,0.0,2046.617023825054,1
522,2026-08-20 00:00:00+00:00,BTC_USDT,long,long,funding,69342.9,0.0009999999999999994,69.34289999999996,0.0,0.0,funding,-0.006934289999999996,2046.693289535054,1
523,2026-08-20 00:00:00+00:00,BTC_USDT,long,long,sell,69692.41304347826,0.0005,34.84620652173913,0.0006969241304347826,0.0,grid_sell_tp,0.4051321631552176,2046.9049491326628,1
524,2026-08-20 03:00:00+00:00,BTC_USDT,long,long,buy,69121.62508695651,0.0005,34.56081254347826,0.0006912162508695652,0.0,grid_buy,0.0,2046.8254953729336,1
525,2026-08-20 06:00:00+00:00,BTC_USDT,long,long,sell,69692.41304347826,0.0005,34.84620652173913,0.0006969241304347826,0.0,grid_sell_tp,0.3449146086428275,2047.4097049705424,1
526,2026-08-20 08:00:00+00:00,BTC_USDT,long,long,funding,69832.0,0.0004999999999999994,34.915999999999954,0.0,0.0,funding,-0.0034915999999999957,2047.3924133705425,1
527,2026-08-20 08:00:00+00:00,BTC_USDT,long,long,buy,70263.201,0.0005,35.131600500000005,0.0007026320100000002,0.0,grid_buy,0.0,2048.9270102385326,1
528,2026-08-20 08:00:00+00:00,BTC_USDT,long,long,buy,70833.98895652173,0.0005,35.41699447826087,0.0007083398895652174,0.0,grid_buy,0.0,2049.300757420382,1
529,2026-08-20 08:00:00+00:00,BTC_USDT,long,long,buy,71404.77691304348,0.0005,35.70238845652174,0.0007140477691304348,0.0,grid_buy,0.0,2049.389104916091,1
530,2026-08-20 08:00:00+00:00,BTC_USDT,long,long,sell,70263.201,0.0005,35.131600500000005,0.0007026320100000002,0.0,grid_sell_tp,-0.056996737947129644,2048.728552784081,1
531,2026-08-20 09:00:00+00:00,BTC_USDT,long,long,sell,70833.98895652173,0.0005,35.41699447826087,0.0007083398895652174,0.0,grid_sell_tp,0.2283915324341701,2048.559288922452,1
532,2026-08-20 09:00:00+00:00,BTC_USDT,long,long,sell,71404.77691304348,0.0005,35.70238845652174,0.0007140477691304348,0.0,grid_sell_tp,0.5137798028154772,2048.366563331205,1
533,2026-08-20 09:00:00+00:00,BTC_USDT,long,long,sell,71975.56486956522,0.0004999999999999991,35.987782434782545,0.000719755648695651,0.0,grid_sell_tp,0.7991680731967828,2048.459226010339,2
534,2026-08-20 10:00:00+00:00,BTC_USDT,long,long,buy,71975.56486956522,0.0005,35.98778243478261,0.0007197556486956522,0.0,grid_buy,0.0,2048.470623819908,2
535,2026-08-20 13:00:00+00:00,BTC_USDT,long,long,buy,71404.77691304348,0.0005,35.70238845652174,0.0007140477691304348,0.0,grid_buy,0.0,2048.4610213156166,2
536,2026-08-20 14:00:00+00:00,BTC_USDT,long,long,sell,71975.56486956522,0.0005,35.98778243478261,0.0007197556486956522,0.0,grid_sell_tp,0.14197723348174413,2048.664433994751,2
537,2026-08-20 15:00:00+00:00,BTC_USDT,long,long,buy,72546.35282608695,0.0005,36.27317641304347,0.0007254635282608695,0.0,grid_buy,0.0,2048.954482118179,2
538,2026-08-20 15:00:00+00:00,BTC_USDT,long,long,sell,72546.35282608695,0.0005,36.27317641304347,0.0007254635282608695,0.0,grid_sell_tp,0.21332002016739515,2048.9900830676943,2
539,2026-08-20 16:00:00+00:00,BTC_USDT,long,long,funding,72473.7,0.0005,36.23685,0.0,0.0,funding,-0.0036236849999999998,2048.986459382694,2
540,2026-08-20 20:00:00+00:00,BTC_USDT,long,long,sell,73117.1407826087,0.0005,36.55857039130435,0.0007311714078260871,0.0,grid_sell_tp,0.4987082905487022,2049.3074486025907,3
541,2026-08-20 22:00:00+00:00,BTC_USDT,long,long,buy,72546.35282608695,0.0005,36.27317641304347,0.0007254635282608695,0.0,grid_buy,0.0,2049.373496726019,3
542,2026-08-20 23:00:00+00:00,BTC_USDT,long,long,buy,73117.1407826087,0.0005,36.55857039130435,0.0007311714078260871,0.0,grid_buy,0.0,2049.496245163307,3
543,2026-08-20 23:00:00+00:00,BTC_USDT,long,long,sell,73117.1407826087,0.0005,36.55857039130435,0.0007311714078260871,0.0,grid_sell_tp,0.1419658177226064,2049.543084383203,3
544,2026-08-21 00:00:00+00:00,BTC_USDT,long,long,funding,73028.2,0.0005,36.5141,0.0,0.0,funding,-0.00365141,2049.5425329732034,3
545,2026-08-21 00:00:00+00:00,BTC_USDT,long,long,buy,73687.92873913042,0.0005,36.843964369565214,0.0007368792873913043,0.0,grid_buy,0.0,2049.887031724351,3
546,2026-08-21 00:00:00+00:00,BTC_USDT,long,long,sell,73687.92873913042,0.0005,36.843964369565214,0.0007368792873913043,0.0,grid_sell_tp,0.21330860440825744,2049.8786092146283,3
547,2026-08-21 01:00:00+00:00,BTC_USDT,long,long,buy,74258.71669565217,0.0005,37.129358347826084,0.0007425871669565217,0.0,grid_buy,0.0,2051.0248582796357,3
548,2026-08-21 01:00:00+00:00,BTC_USDT,long,long,buy,74829.5046521739,0.0005,37.41475232608695,0.000748295046521739,0.0,grid_buy,0.0,2051.173357658502,3
549,2026-08-21 01:00:00+00:00,BTC_USDT,long,long,sell,74258.71669565217,0.0005,37.129358347826084,0.0007425871669565217,0.0,grid_sell_tp,0.07060590739825973,2050.7379734191613,3
550,2026-08-21 02:00:00+00:00,BTC_USDT,long,long,sell,74829.5046521739,0.0005,37.41475232608695,0.000748295046521739,0.0,grid_sell_tp,0.3559941777795595,2050.2414774502017,3
551,2026-08-21 03:00:00+00:00,BTC_USDT,long,long,buy,74258.71669565217,0.0005,37.129358347826084,0.0007425871669565217,0.0,grid_buy,0.0,2050.4043765152087,3
552,2026-08-21 04:00:00+00:00,BTC_USDT,long,long,sell,74829.5046521739,0.0005,37.41475232608695,0.000748295046521739,0.0,grid_sell_tp,0.32031993049695134,2050.8224805462487,3
553,2026-08-21 05:00:00+00:00,BTC_USDT,long,long,buy,75400.29260869564,0.0005,37.700146304347825,0.0007540029260869566,0.0,grid_buy,0.0,2051.074980238975,3
554,2026-08-21 05:00:00+00:00,BTC_USDT,long,long,sell,75400.29260869564,0.0005,37.700146304347825,0.0007540029260869566,0.0,grid_sell_tp,0.30247709897607844,2051.0403725403967,3
555,2026-08-21 07:00:00+00:00,BTC_USDT,long,long,buy,75971.08056521739,0.0005,37.985540282608696,0.000759710805652174,0.0,grid_buy,0.0,2051.6365725469823,3
556,2026-08-21 07:00:00+00:00,BTC_USDT,long,long,sell,75971.08056521739,0.0005,37.985540282608696,0.000759710805652174,0.0,grid_sell_tp,0.2935528292758666,2051.4631031187855,3
557,2026-08-21 08:00:00+00:00,BTC_USDT,long,long,funding,76316.5,0.0005,38.15825,0.0,0.0,funding,-0.0038158250000000006,2051.4592872937856,3
558,2026-08-21 08:00:00+00:00,BTC_USDT,long,long,buy,76541.86852173912,0.0005,38.27093426086956,0.0007654186852173912,0.0,grid_buy,0.0,2054.303837614231,3
559,2026-08-21 08:00:00+00:00,BTC_USDT,long,long,buy,77112.65647826086,0.0005,38.55632823913043,0.0007711265647826086,0.0,grid_buy,0.0,2055.383988248535,3
560,2026-08-21 08:00:00+00:00,BTC_USDT,long,long,buy,77683.4444347826,0.0005,38.84172221739131,0.0007768344443478262,0.0,grid_buy,0.0,2056.1787391967,3
561,2026-08-21 08:00:00+00:00,BTC_USDT,long,long,buy,78254.23239130434,0.0005,39.12711619565217,0.0007825423239130435,0.0,grid_buy,0.0,2056.6880904587238,3
562,2026-08-21 08:00:00+00:00,BTC_USDT,long,long,buy,78825.02034782608,0.0005,39.41251017391304,0.0007882502034782609,0.0,grid_buy,0.0,2056.9120420346076,3
563,2026-08-21 08:00:00+00:00,BTC_USDT,long,long,buy,79395.80830434783,0.0005,39.69790415217391,0.0007939580830434783,0.0,grid_buy,0.0,2056.8505939243505,3
564,2026-08-21 08:00:00+00:00,BTC_USDT,long,long,sell,76541.86852173912,0.0005,38.27093426086956,0.0007654186852173912,0.0,grid_sell_tp,-0.5295087266238857,2055.4835127665347,3
565,2026-08-21 09:00:00+00:00,BTC_USDT,long,long,sell,77112.65647826086,0.0005,38.55632823913043,0.0007711265647826086,0.0,grid_sell_tp,-0.24412045624257867,2051.0015698791003,3
566,2026-08-21 09:00:00+00:00,BTC_USDT,long,long,sell,77683.4444347826,0.0005,38.84172221739131,0.0007768344443478262,0.0,grid_sell_tp,0.04126781413872837,2050.8853152620472,3
567,2026-08-21 09:00:00+00:00,BTC_USDT,long,long,sell,78254.23239130434,0.0005,39.12711619565217,0.0007825423239130435,0.0,grid_sell_tp,0.3266560845200281,2051.0544489153754,3
568,2026-08-21 09:00:00+00:00,BTC_USDT,long,long,sell,78825.02034782608,0.0005,39.41251017391304,0.0007882502034782609,0.0,grid_sell_tp,0.6120443549013351,2051.508970839085,3
569,2026-08-21 10:00:00+00:00,BTC_USDT,long,long,buy,77683.4444347826,0.0005,38.84172221739131,0.0007768344443478262,0.0,grid_buy,0.0,2051.4652717872495,3
570,2026-08-21 11:00:00+00:00,BTC_USDT,long,long,buy,76541.86852173912,0.0005,38.27093426086956,0.0007654186852173912,0.0,grid_buy,0.0,2049.970572107695,3
571,2026-08-21 12:00:00+00:00,BTC_USDT,long,long,buy,77112.65647826086,0.0005,38.55632823913043,0.0007711265647826086,0.0,grid_buy,0.0,2050.971022741999,3
572,2026-08-21 12:00:00+00:00,BTC_USDT,long,long,sell,77112.65647826086,0.0005,38.55632823913043,0.0007711265647826086,0.0,grid_sell_tp,-0.09811085843590393,2050.917029854565,3
573,2026-08-21 13:00:00+00:00,BTC_USDT,long,long,buy,76541.86852173912,0.0005,38.27093426086956,0.0007654186852173912,0.0,grid_buy,0.0,2051.36338017501,3
574,2026-08-21 13:00:00+00:00,BTC_USDT,long,long,sell,77683.4444347826,0.0005,38.84172221739131,0.0007768344443478262,0.0,grid_sell_tp,0.26382415397180614,2051.573075557957,3
575,2026-08-21 14:00:00+00:00,BTC_USDT,long,long,buy,77112.65647826086,0.0005,38.55632823913043,0.0007711265647826086,0.0,grid_buy,0.0,2051.954476192262,3
576,2026-08-21 14:00:00+00:00,BTC_USDT,long,long,sell,77112.65647826086,0.0005,38.55632823913043,0.0007711265647826086,0.0,grid_sell_tp,-0.01740551844056012,2051.8173333048276,3
577,2026-08-21 15:00:00+00:00,BTC_USDT,long,long,sell,77683.4444347826,0.0005,38.84172221739131,0.0007768344443478262,0.0,grid_sell_tp,0.2679827519407469,2051.723928687775,3
578,2026-08-21 16:00:00+00:00,BTC_USDT,long,long,funding,77205.3,0.0015,115.80795,0.0,0.0,funding,-0.011580795000000001,2051.683847892775,3
579,2026-08-21 16:00:00+00:00,BTC_USDT,long,long,buy,77112.65647826086,0.0005,38.55632823913043,0.0007711265647826086,0.0,grid_buy,0.0,2052.261598527079,3
580,2026-08-21 17:00:00+00:00,BTC_USDT,long,long,sell,77683.4444347826,0.0005,38.84172221739131,0.0007768344443478262,0.0,grid_sell_tp,0.27214134990968764,2052.2364939100257,3
581,2026-08-21 18:00:00+00:00,BTC_USDT,long,long,buy,77112.65647826086,0.0005,38.55632823913043,0.0007711265647826086,0.0,grid_buy,0.0,2051.8782445443308,3
582,2026-08-21 21:00:00+00:00,BTC_USDT,long,long,buy,78254.23239130434,0.0005,39.12711619565217,0.0007825423239130435,0.0,grid_buy,0.0,2054.7509958063547,3
583,2026-08-21 21:00:00+00:00,BTC_USDT,long,long,sell,78254.23239130434,0.0005,39.12711619565217,0.0007825423239130435,0.0,grid_sell_tp,0.448362346549379,2054.622079459683,3
584,2026-08-21 21:00:00+00:00,BTC_USDT,long,long,sell,77683.4444347826,0.0005,38.84172221739131,0.0007768344443478262,0.0,grid_sell_tp,0.1629740761680793,2054.20777484263,3
585,2026-08-22 00:00:00+00:00,BTC_USDT,long,long,funding,78336.0,0.0015,117.504,0.0,0.0,funding,-0.011750400000000001,2053.93427444263,3
586,2026-08-22 03:00:00+00:00,BTC_USDT,long,long,sell,78825.02034782608,0.0005,39.41251017391304,0.0007882502034782609,0.0,grid_sell_tp,0.7337506169306861,2054.2504963663396,3
587,2026-08-22 04:00:00+00:00,BTC_USDT,long,long,buy,78254.23239130434,0.0005,39.12711619565217,0.0007825423239130435,0.0,grid_buy,0.0,2054.376647628363,3
588,2026-08-22 05:00:00+00:00,BTC_USDT,long,long,buy,76541.86852173912,0.0005,38.27093426086956,0.0007654186852173912,0.0,grid_buy,0.0,2053.2243979488085,3
589,2026-08-22 05:00:00+00:00,BTC_USDT,long,long,buy,77112.65647826086,0.0005,38.55632823913043,0.0007711265647826086,0.0,grid_buy,0.0,2053.362798583113,3
590,2026-08-22 06:00:00+00:00,BTC_USDT,long,long,sell,77112.65647826086,0.0005,38.55632823913043,0.0007711265647826086,0.0,grid_sell_tp,-0.1065071492763322,2053.4208556956787,3
591,2026-08-22 08:00:00+00:00,BTC_USDT,long,long,funding,77298.5,0.002,154.597,0.0,0.0,funding,-0.015459700000000002,2053.022395995679,3
592,2026-08-22 10:00:00+00:00,BTC_USDT,long,long,buy,76541.86852173912,0.0005,38.27093426086956,0.0007654186852173912,0.0,grid_buy,0.0,2052.5894463161235,3
593,2026-08-22 11:00:00+00:00,BTC_USDT,long,long,sell,77112.65647826086,0.0005,38.55632823913043,0.0007711265647826086,0.0,grid_sell_tp,-0.028281149081850747,2052.9694534286896,3
594,2026-08-22 16:00:00+00:00,BTC_USDT,long,long,funding,76985.0,0.002,153.97,0.0,0.0,funding,-0.015397000000000001,2052.6638564286895,3
595,2026-08-23 00:00:00+00:00,BTC_USDT,long,long,funding,77078.1,0.002,154.1562,0.0,0.0,funding,-0.015415620000000001,2052.8346408086895,3
596,2026-08-23 04:00:00+00:00,BTC_USDT,long,long,buy,76541.86852173912,0.0005,38.27093426086956,0.0007654186852173912,0.0,grid_buy,0.0,2051.9059911291347,3
597,2026-08-23 05:00:00+00:00,BTC_USDT,long,long,buy,75971.08056521739,0.0005,37.985540282608696,0.000759710805652174,0.0,grid_buy,0.0,2050.5851411357203,3
598,2026-08-23 08:00:00+00:00,BTC_USDT,long,long,funding,76004.3,0.003,228.0129,0.0,0.0,funding,-0.022801290000000002,2050.41053984572,3
599,2026-08-23 08:00:00+00:00,BTC_USDT,long,long,sell,76541.86852173912,0.0005,38.27093426086956,0.0007654186852173912,0.0,grid_sell_tp,-0.16180242282703108,2051.8755586879047,3
600,2026-08-23 11:00:00+00:00,BTC_USDT,long,long,sell,77112.65647826086,0.0005,38.55632823913043,0.0007711265647826086,0.0,grid_sell_tp,0.12358584755427597,2053.82696580047,3
601,2026-08-23 13:00:00+00:00,BTC_USDT,long,long,sell,77683.4444347826,0.0005,38.84172221739131,0.0007768344443478262,0.0,grid_sell_tp,0.40897411793558297,2054.281161183417,3
602,2026-08-23 14:00:00+00:00,BTC_USDT,long,long,buy,77112.65647826086,0.0005,38.55632823913043,0.0007711265647826086,0.0,grid_buy,0.0,2053.889211817722,3
603,2026-08-23 16:00:00+00:00,BTC_USDT,long,long,funding,77147.9,0.002,154.29579999999999,0.0,0.0,funding,-0.01542958,2053.787582237722,3
604,2026-08-23 21:00:00+00:00,BTC_USDT,long,long,buy,77683.4444347826,0.0005,38.84172221739131,0.0007768344443478262,0.0,grid_buy,0.0,2055.246283185886,3
605,2026-08-23 21:00:00+00:00,BTC_USDT,long,long,sell,77683.4444347826,0.0005,38.84172221739131,0.0007768344443478262,0.0,grid_sell_tp,0.3021525326357793,2055.167828568833,3
606,2026-08-24 00:00:00+00:00,BTC_USDT,long,long,funding,77727.0,0.002,155.454,0.0,0.0,funding,-0.015545400000000001,2054.9286831688332,3
607,2026-08-24 02:00:00+00:00,BTC_USDT,long,long,buy,77112.65647826086,0.0005,38.55632823913043,0.0007711265647826086,0.0,grid_buy,0.0,2054.603083803138,3
608,2026-08-24 07:00:00+00:00,BTC_USDT,long,long,sell,77683.4444347826,0.0005,38.84172221739131,0.0007768344443478262,0.0,grid_sell_tp,0.2986454548719254,2054.389729186085,3
609,2026-08-24 08:00:00+00:00,BTC_USDT,long,long,funding,77315.7,0.002,154.63139999999999,0.0,0.0,funding,-0.015463139999999998,2054.3744660460848,3
610,2026-08-24 08:00:00+00:00,BTC_USDT,long,long,buy,77112.65647826086,0.0005,38.55632823913043,0.0007711265647826086,0.0,grid_buy,0.0,2053.7994666803893,3
611,2026-08-24 10:00:00+00:00,BTC_USDT,long,long,sell,77683.4444347826,0.0005,38.84172221739131,0.0007768344443478262,0.0,grid_sell_tp,0.29583979266084376,2055.258712063336,3
612,2026-08-24 11:00:00+00:00,BTC_USDT,long,long,sell,78254.23239130434,0.0005,39.12711619565217,0.0007825423239130435,0.0,grid_sell_tp,0.5812280630421435,2056.810845716664,3
613,2026-08-24 12:00:00+00:00,BTC_USDT,long,long,sell,78825.02034782608,0.0005,39.41251017391304,0.0007882502034782609,0.0,grid_sell_tp,0.8666163334234506,2057.722167640374,3
614,2026-08-24 13:00:00+00:00,BTC_USDT,long,long,buy,78254.23239130434,0.0005,39.12711619565217,0.0007825423239130435,0.0,grid_buy,0.0,2057.3276189023977,3
615,2026-08-24 13:00:00+00:00,BTC_USDT,long,long,sell,79395.80830434783,0.0005,39.69790415217391,0.0007939580830434783,0.0,grid_sell_tp,0.9580010686827363,2057.727879096489,3
616,2026-08-24 14:00:00+00:00,BTC_USDT,long,long,buy,78825.02034782608,0.0005,39.41251017391304,0.0007882502034782609,0.0,grid_buy,0.0,2058.9809306723723,3
617,2026-08-24 14:00:00+00:00,BTC_USDT,long,long,sell,78825.02034782608,0.0005,39.41251017391304,0.0007882502034782609,0.0,grid_sell_tp,0.4481457821331267,2058.639302596082,3
618,2026-08-24 15:00:00+00:00,BTC_USDT,long,long,sell,79966.59626086956,0.0005,39.983298130434775,0.0007996659626086955,0.0,grid_sell_tp,1.0189223228957336,2058.663901060554,3
619,2026-08-24 15:00:00+00:00,BTC_USDT,long,long,sell,79395.80830434783,0.0005,39.69790415217391,0.0007939580830434783,0.0,grid_sell_tp,0.7335340525144338,2058.812211254645,4
620,2026-08-24 17:00:00+00:00,BTC_USDT,long,long,buy,78825.02034782608,0.0005,39.41251017391304,0.0007882502034782609,0.0,grid_buy,0.0,2058.7813128305283,4
621,2026-08-25 00:00:00+00:00,BTC_USDT,long,long,funding,78984.9,0.0005,39.49245,0.0,0.0,funding,-0.003949245,2058.887413585528,4
622,2026-08-25 00:00:00+00:00,BTC_USDT,long,long,buy,79395.80830434783,0.0005,39.69790415217391,0.0007939580830434783,0.0,grid_buy,0.0,2059.431865475271,4
623,2026-08-25 00:00:00+00:00,BTC_USDT,long,long,sell,79395.80830434783,0.0005,39.69790415217391,0.0007939580830434783,0.0,grid_sell_tp,0.1419030310473963,2059.261175669362,4
624,2026-08-25 01:00:00+00:00,BTC_USDT,long,long,buy,79966.59626086956,0.0005,39.983298130434775,0.0007996659626086955,0.0,grid_buy,0.0,2059.228977872964,4
625,2026-08-25 01:00:00+00:00,BTC_USDT,long,long,sell,79966.59626086956,0.0005,39.983298130434775,0.0007996659626086955,0.0,grid_sell_tp,0.21324581773304732,2059.3016263374366,4
626,2026-08-25 02:00:00+00:00,BTC_USDT,long,long,buy,80537.3842173913,0.0004,32.21495368695652,0.0006442990737391304,0.0,grid_buy,0.0,2059.7547883514067,4
627,2026-08-25 02:00:00+00:00,BTC_USDT,long,long,sell,80537.3842173913,0.0005,40.26869210869565,0.0008053738421739131,0.0,grid_sell_tp,0.2766609939114488,2059.70122508626,4
628,2026-08-25 07:00:00+00:00,BTC_USDT,long,long,buy,79395.80830434783,0.0005,39.69790415217391,0.0007939580830434783,0.0,grid_buy,0.0,2059.4763569760025,4
629,2026-08-25 08:00:00+00:00,BTC_USDT,long,long,funding,79701.1,0.0009,71.73099,0.0,0.0,funding,-0.0071730990000000005,2059.4691838770027,4
630,2026-08-25 08:00:00+00:00,BTC_USDT,long,long,buy,79966.59626086956,0.0005,39.983298130434775,0.0007996659626086955,0.0,grid_buy,0.0,2059.6608560806053,4
631,2026-08-25 08:00:00+00:00,BTC_USDT,long,long,sell,79966.59626086956,0.0005,39.983298130434775,0.0007996659626086955,0.0,grid_sell_tp,0.09886172327134324,2059.6766545450773,4
632,2026-08-25 10:00:00+00:00,BTC_USDT,long,long,buy,79395.80830434783,0.0005,39.69790415217391,0.0007939580830434783,0.0,grid_buy,0.0,2059.07175643482,4
633,2026-08-25 12:00:00+00:00,BTC_USDT,long,long,buy,78825.02034782608,0.0005,39.41251017391304,0.0007882502034782609,0.0,grid_buy,0.0,2058.7021780107043,4
634,2026-08-25 13:00:00+00:00,BTC_USDT,long,long,buy,78254.23239130434,0.0005,39.12711619565217,0.0007825423239130435,0.0,grid_buy,0.0,2058.267979272728,4
635,2026-08-25 14:00:00+00:00,BTC_USDT,long,long,sell,78825.02034782608,0.0005,39.41251017391304,0.0007882502034782609,0.0,grid_sell_tp,-0.177460712936395,2059.4496011964375,4
636,2026-08-25 15:00:00+00:00,BTC_USDT,long,long,sell,79395.80830434783,0.0005,39.69790415217391,0.0007939580830434783,0.0,grid_sell_tp,0.10792755744491202,2059.9003513905286,4
637,2026-08-25 16:00:00+00:00,BTC_USDT,long,long,funding,79496.3,0.0014000000000000002,111.29482000000002,0.0,0.0,funding,-0.011129482000000001,2059.8892219085287,4
638,2026-08-25 17:00:00+00:00,BTC_USDT,long,long,buy,78825.02034782608,0.0005,39.41251017391304,0.0007882502034782609,0.0,grid_buy,0.0,2059.721523484412,4
639,2026-08-25 20:00:00+00:00,BTC_USDT,long,long,buy,78254.23239130434,0.0005,39.12711619565217,0.0007825423239130435,0.0,grid_buy,0.0,2057.7440047464365,4
640,2026-08-25 22:00:00+00:00,BTC_USDT,long,long,sell,78825.02034782608,0.0005,39.41251017391304,0.0007882502034782609,0.0,grid_sell_tp,-0.04439010799333586,2059.356876670146,4
641,2026-08-26 00:00:00+00:00,BTC_USDT,long,long,funding,78529.9,0.0019000000000000002,149.20681000000002,0.0,0.0,funding,-0.014920681000000003,2058.656815989146,4
642,2026-08-26 08:00:00+00:00,BTC_USDT,long,long,funding,78929.7,0.0019000000000000002,149.96643,0.0,0.0,funding,-0.014996643,2059.4014393461457,4
643,2026-08-26 09:00:00+00:00,BTC_USDT,long,long,buy,78254.23239130434,0.0005,39.12711619565217,0.0007825423239130435,0.0,grid_buy,0.0,2058.5851906081693,4
644,2026-08-26 10:00:00+00:00,BTC_USDT,long,long,sell,78825.02034782608,0.0005,39.41251017391304,0.0007882502034782609,0.0,grid_sell_tp,0.02415069118390134,2059.2953825318796,4
645,2026-08-26 12:00:00+00:00,BTC_USDT,long,long,buy,78254.23239130434,0.0005,39.12711619565217,0.0007825423239130435,0.0,grid_buy,0.0,2058.5447737939035,4
646,2026-08-26 15:00:00+00:00,BTC_USDT,long,long,buy,77683.4444347826,0.0005,38.84172221739131,0.0007768344443478262,0.0,grid_buy,0.0,2057.9754047420674,4
647,2026-08-26 16:00:00+00:00,BTC_USDT,long,long,funding,78009.2,0.0029000000000000002,226.22668000000002,0.0,0.0,funding,-0.022622668000000002,2057.952492074068,4
648,2026-08-26 17:00:00+00:00,BTC_USDT,long,long,sell,78254.23239130434,0.0005,39.12711619565217,0.0007825423239130435,0.0,grid_sell_tp,-0.12221963919604718,2059.107665727396,4
649,2026-08-26 21:00:00+00:00,BTC_USDT,long,long,sell,78825.02034782608,0.0005,39.41251017391304,0.0007882502034782609,0.0,grid_sell_tp,0.16316863118525987,2059.834147651106,4
650,2026-08-27 00:00:00+00:00,BTC_USDT,long,long,funding,79027.3,0.0019000000000000002,150.15187000000003,0.0,0.0,funding,-0.015015187000000004,2060.4007224641055,4
651,2026-08-27 08:00:00+00:00,BTC_USDT,long,long,funding,79083.0,0.0019000000000000002,150.25770000000003,0.0,0.0,funding,-0.015025770000000004,2060.491526694106,4
652,2026-08-27 08:00:00+00:00,BTC_USDT,long,long,sell,79966.59626086956,0.0005,39.983298130434775,0.0007996659626086955,0.0,grid_sell_tp,0.7339451719478666,2061.8846651585777,4
653,2026-08-27 08:00:00+00:00,BTC_USDT,long,long,sell,79395.80830434783,0.0005,39.69790415217391,0.0007939580830434783,0.0,grid_sell_tp,0.44855690156656686,2061.7002253526684,4
654,2026-08-27 10:00:00+00:00,BTC_USDT,long,long,buy,79395.80830434783,0.0005,39.69790415217391,0.0007939580830434783,0.0,grid_buy,0.0,2061.683157242412,4
655,2026-08-27 14:00:00+00:00,BTC_USDT,long,long,sell,79966.59626086956,0.0005,39.983298130434775,0.0007996659626086955,0.0,grid_sell_tp,0.5734627220730026,2062.3839857068842,4
656,2026-08-27 15:00:00+00:00,BTC_USDT,long,long,sell,80537.3842173913,0.0005,40.26869210869565,0.0008053738421739131,0.0,grid_sell_tp,0.8588509924543097,2062.5859624417376,4
657,2026-08-27 16:00:00+00:00,BTC_USDT,long,long,funding,80302.1,0.0004000000000000002,32.120840000000015,0.0,0.0,funding,-0.0032120840000000018,2062.5827503577375,4
658,2026-08-27 18:00:00+00:00,BTC_USDT,long,long,buy,79966.59626086956,0.0005,39.983298130434775,0.0007996659626086955,0.0,grid_buy,0.0,2062.62127256134,4
659,2026-08-28 00:00:00+00:00,BTC_USDT,long,long,funding,80256.4,0.0009000000000000002,72.23076,0.0,0.0,funding,-0.007223076000000001,2062.70134948534,4
660,2026-08-28 00:00:00+00:00,BTC_USDT,long,long,sell,80537.3842173913,0.0005,40.26869210869565,0.0008053738421739131,0.0,grid_sell_tp,0.5398163324345289,2062.9675562201937,4
661,2026-08-28 01:00:00+00:00,BTC_USDT,long,long,sell,81108.17217391304,0.0004,32.443268869565216,0.0006488653773913044,0.0,grid_sell_tp,0.6601636822526687,2063.1810962243817,5
662,2026-08-28 02:00:00+00:00,BTC_USDT,long,long,buy,79966.59626086956,0.0005,39.983298130434775,0.0007996659626086955,0.0,grid_buy,0.0,2063.1619984279846,5
663,2026-08-28 08:00:00+00:00,BTC_USDT,long,long,funding,79667.0,0.0005,39.8335,0.0,0.0,funding,-0.00398335,2063.0265150779846,5
664,2026-08-28 09:00:00+00:00,BTC_USDT,long,long,buy,79395.80830434783,0.0005,39.69790415217391,0.0007939580830434783,0.0,grid_buy,0.0,2062.773116967727,5
665,2026-08-28 14:00:00+00:00,BTC_USDT,long,long,buy,78825.02034782608,0.0005,39.41251017391304,0.0007882502034782609,0.0,grid_buy,0.0,2063.4003185436113,5
666,2026-08-28 15:00:00+00:00,BTC_USDT,long,long,sell,79395.80830434783,0.0005,39.69790415217391,0.0007939580830434783,0.0,grid_sell_tp,-0.0007939580830362024,2062.103628737702,5
667,2026-08-28 16:00:00+00:00,BTC_USDT,long,long,funding,78325.5,0.001,78.3255,0.0,0.0,funding,-0.00783255,2062.095796187702,5
668,2026-08-28 16:00:00+00:00,BTC_USDT,long,long,buy,77112.65647826086,0.0005,38.55632823913043,0.0007711265647826086,0.0,grid_buy,0.0,2061.901346822007,5
669,2026-08-28 16:00:00+00:00,BTC_USDT,long,long,buy,77683.4444347826,0.0005,38.84172221739131,0.0007768344443478262,0.0,grid_buy,0.0,2061.954897770171,5
670,2026-08-28 17:00:00+00:00,BTC_USDT,long,long,sell,77683.4444347826,0.0005,38.84172221739131,0.0007768344443478262,0.0,grid_sell_tp,-0.35751930727043635,2062.077693153118,5
671,2026-08-29 00:00:00+00:00,BTC_USDT,long,long,funding,77845.5,0.0015,116.76825000000001,0.0,0.0,funding,-0.011676825000000002,2061.968216328118,5
672,2026-08-29 08:00:00+00:00,BTC_USDT,long,long,funding,77626.0,0.0015,116.43900000000001,0.0,0.0,funding,-0.0116439,2061.6273224281176,5
673,2026-08-29 16:00:00+00:00,BTC_USDT,long,long,funding,77861.4,0.0015,116.79209999999999,0.0,0.0,funding,-0.011679209999999999,2061.968743218118,5
674,2026-08-29 18:00:00+00:00,BTC_USDT,long,long,buy,78254.23239130434,0.0005,39.12711619565217,0.0007825423239130435,0.0,grid_buy,0.0,2062.3815444801417,5
675,2026-08-29 18:00:00+00:00,BTC_USDT,long,long,sell,78254.23239130434,0.0005,39.12711619565217,0.0007825423239130435,0.0,grid_sell_tp,-0.05429391324782887,2062.42467813347,5
676,2026-08-30 00:00:00+00:00,BTC_USDT,long,long,funding,78230.8,0.0015,117.34620000000001,0.0,0.0,funding,-0.011734620000000001,2062.50954351347,5
677,2026-08-30 08:00:00+00:00,BTC_USDT,long,long,funding,78110.5,0.0015,117.16575,0.0,0.0,funding,-0.011716575000000002,2062.3173769384703,5
678,2026-08-30 12:00:00+00:00,BTC_USDT,long,long,buy,78825.02034782608,0.0005,39.41251017391304,0.0007882502034782609,0.0,grid_buy,0.0,2063.3007285143535,5
679,2026-08-30 12:00:00+00:00,BTC_USDT,long,long,sell,78825.02034782608,0.0005,39.41251017391304,0.0007882502034782609,0.0,grid_sell_tp,0.17312370529923543,2063.321850438063,5
680,2026-08-30 16:00:00+00:00,BTC_USDT,long,long,funding,78824.2,0.0015,118.2363,0.0,0.0,funding,-0.01182363,2063.374526808063,5
681,2026-08-30 16:00:00+00:00,BTC_USDT,long,long,sell,79395.80830434783,0.0005,39.69790415217391,0.0007939580830434783,0.0,grid_sell_tp,0.4585119756805424,2064.170437002154,5
682,2026-08-30 17:00:00+00:00,BTC_USDT,long,long,buy,78825.02034782608,0.0005,39.41251017391304,0.0007882502034782609,0.0,grid_buy,0.0,2063.9505385780376,5
683,2026-08-30 21:00:00+00:00,BTC_USDT,long,long,buy,78254.23239130434,0.0005,39.12711619565217,0.0007825423239130435,0.0,grid_buy,0.0,2063.6047398400615,5
684,2026-08-30 23:00:00+00:00,BTC_USDT,long,long,buy,77112.65647826086,0.0005,38.55632823913043,0.0007711265647826086,0.0,grid_buy,0.0,2061.9455404743658,5
685,2026-08-30 23:00:00+00:00,BTC_USDT,long,long,buy,77683.4444347826,0.0005,38.84172221739131,0.0007768344443478262,0.0,grid_buy,0.0,2061.9447414225306,5
686,2026-08-31 00:00:00+00:00,BTC_USDT,long,long,funding,77683.3,0.003,233.0499,0.0,0.0,funding,-0.02330499,2061.9211364325306,5
687,2026-08-31 00:00:00+00:00,BTC_USDT,long,long,sell,77683.4444347826,0.0005,38.84172221739131,0.0007768344443478262,0.0,grid_sell_tp,-0.22820016087097003,2062.5464318154773,5
688,2026-08-31 07:00:00+00:00,BTC_USDT,long,long,sell,78254.23239130434,0.0005,39.12711619565217,0.0007825423239130435,0.0,grid_sell_tp,0.057188109510329696,2063.220315468806,5
689,2026-08-31 08:00:00+00:00,BTC_USDT,long,long,funding,78191.0,0.002,156.382,0.0,0.0,funding,-0.0156382,2063.204877268806,5
690,2026-08-31 16:00:00+00:00,BTC_USDT,long,long,funding,78577.8,0.002,157.15560000000002,0.0,0.0,funding,-0.015715560000000003,2063.962761708806,5
691,2026-08-31 16:00:00+00:00,BTC_USDT,long,long,sell,78825.02034782608,0.0005,39.41251017391304,0.0007882502034782609,0.0,grid_sell_tp,0.3425763798916367,2064.1761836325154,5
692,2026-09-01 00:00:00+00:00,BTC_USDT,long,long,funding,78583.2,0.0015,117.8748,0.0,0.0,funding,-0.01178748,2064.0818961525156,5
693,2026-09-01 02:00:00+00:00,BTC_USDT,long,long,buy,78254.23239130434,0.0005,39.12711619565217,0.0007825423239130435,0.0,grid_buy,0.0,2063.979197414539,5
694,2026-09-01 03:00:00+00:00,BTC_USDT,long,long,sell,78825.02034782608,0.0005,39.41251017391304,0.0007882502034782609,0.0,grid_sell_tp,0.32808371693307603,2064.506269338249,5
695,2026-09-01 08:00:00+00:00,BTC_USDT,long,long,funding,78634.4,0.0015,117.9516,0.0,0.0,funding,-0.01179516,2064.430724178249,5
696,2026-09-01 13:00:00+00:00,BTC_USDT,long,long,buy,77683.4444347826,0.0005,38.84172221739131,0.0007768344443478262,0.0,grid_buy,0.0,2063.787225126413,5
697,2026-09-01 14:00:00+00:00,BTC_USDT,long,long,buy,78254.23239130434,0.0005,39.12711619565217,0.0007825423239130435,0.0,grid_buy,0.0,2063.9159763884372,5
698,2026-09-01 14:00:00+00:00,BTC_USDT,long,long,sell,78254.23239130434,0.0005,39.12711619565217,0.0007825423239130435,0.0,grid_sell_tp,0.08238304665366628,2063.9608600417655,5
699,2026-09-01 16:00:00+00:00,BTC_USDT,long,long,funding,77918.3,0.002,155.8366,0.0,0.0,funding,-0.015583660000000001,2063.456076381766,5
700,2026-09-01 16:00:00+00:00,BTC_USDT,long,long,buy,77683.4444347826,0.0005,38.84172221739131,0.0007768344443478262,0.0,grid_buy,0.0,2062.76772732993,5
701,2026-09-01 18:00:00+00:00,BTC_USDT,long,long,buy,76541.86852173912,0.0005,38.27093426086956,0.0007654186852173912,0.0,grid_buy,0.0,2061.9537776503753,5
702,2026-09-01 18:00:00+00:00,BTC_USDT,long,long,buy,77112.65647826086,0.0005,38.55632823913043,0.0007711265647826086,0.0,grid_buy,0.0,2061.97142828468,5
703,2026-09-01 19:00:00+00:00,BTC_USDT,long,long,sell,77112.65647826086,0.0005,38.55632823913043,0.0007711265647826086,0.0,grid_sell_tp,-0.2794124794471586,2062.4307353972454,5
704,2026-09-02 00:00:00+00:00,BTC_USDT,long,long,funding,77437.5,0.003,232.3125,0.0,0.0,funding,-0.023231250000000002,2062.7930041472455,5
705,2026-09-02 03:00:00+00:00,BTC_USDT,long,long,sell,77683.4444347826,0.0005,38.84172221739131,0.0007768344443478262,0.0,grid_sell_tp,0.005975790934148478,2063.2114495301926,5
706,2026-09-02 08:00:00+00:00,BTC_USDT,long,long,funding,77474.1,0.0025,193.68525000000002,0.0,0.0,funding,-0.019368525000000004,2062.987331005192,5
707,2026-09-02 09:00:00+00:00,BTC_USDT,long,long,buy,76541.86852173912,0.0005,38.27093426086956,0.0007654186852173912,0.0,grid_buy,0.0,2061.3022813256375,5
708,2026-09-02 13:00:00+00:00,BTC_USDT,long,long,buy,77112.65647826086,0.0005,38.55632823913043,0.0007711265647826086,0.0,grid_buy,0.0,2062.496881959942,5
709,2026-09-02 13:00:00+00:00,BTC_USDT,long,long,sell,77112.65647826086,0.0005,38.55632823913043,0.0007711265647826086,0.0,grid_sell_tp,-0.15903009601491927,2062.4776390725083,5
710,2026-09-02 16:00:00+00:00,BTC_USDT,long,long,funding,77291.9,0.003,231.8757,0.0,0.0,funding,-0.02318757,2062.881351502508,5
711,2026-09-03 00:00:00+00:00,BTC_USDT,long,long,funding,77335.7,0.003,232.0071,0.0,0.0,funding,-0.023200710000000003,2062.989550792508,5
712,2026-09-03 02:00:00+00:00,BTC_USDT,long,long,sell,77683.4444347826,0.0005,38.84172221739131,0.0007768344443478262,0.0,grid_sell_tp,0.1263581743663878,2064.359396175455,5
713,2026-09-03 05:00:00+00:00,BTC_USDT,long,long,buy,77112.65647826086,0.0005,38.55632823913043,0.0007711265647826086,0.0,grid_buy,0.0,2064.7046968097598,5
714,2026-09-03 06:00:00+00:00,BTC_USDT,long,long,sell,77683.4444347826,0.0005,38.84172221739131,0.0007768344443478262,0.0,grid_sell_tp,0.15273466927474388,2064.6842421927063,5
715,2026-09-03 08:00:00+00:00,BTC_USDT,long,long,funding,77665.3,0.0025,194.16325,0.0,0.0,funding,-0.019416325,2064.2510758677067,5
716,2026-09-03 12:00:00+00:00,BTC_USDT,long,long,sell,78254.23239130434,0.0005,39.12711619565217,0.0007825423239130435,0.0,grid_sell_tp,0.4381229396560436,2066.5205595210346,5
717,2026-09-03 13:00:00+00:00,BTC_USDT,long,long,sell,78825.02034782608,0.0005,39.41251017391304,0.0007882502034782609,0.0,grid_sell_tp,0.7235112100373506,2066.8891814447443,5
718,2026-09-03 14:00:00+00:00,BTC_USDT,long,long,buy,80537.3842173913,0.0004,32.21495368695652,0.0006442990737391304,0.0,grid_buy,0.0,2069.460983458714,5
719,2026-09-03 14:00:00+00:00,BTC_USDT,long,long,sell,80537.3842173913,0.0005,40.26869210869565,0.0008053738421739131,0.0,grid_sell_tp,1.2469430959131707,2069.4523701935673,5
720,2026-09-03 14:00:00+00:00,BTC_USDT,long,long,sell,79966.59626086956,0.0005,39.983298130434775,0.0007996659626086955,0.0,grid_sell_tp,0.9615548255318637,2069.1583686580398,5
721,2026-09-03 14:00:00+00:00,BTC_USDT,long,long,sell,79395.80830434783,0.0005,39.69790415217391,0.0007939580830434783,0.0,grid_sell_tp,0.6761665551505639,2068.57897885213,5
722,2026-09-03 15:00:00+00:00,BTC_USDT,long,long,buy,81108.17217391304,0.0004,32.443268869565216,0.0006488653773913044,0.0,grid_buy,0.0,2068.9898611171875,5
723,2026-09-03 15:00:00+00:00,BTC_USDT,long,long,sell,81108.17217391304,0.0004,32.443268869565216,0.0006488653773913044,0.0,grid_sell_tp,0.6126081138290925,2068.894481121375,5
724,2026-09-03 16:00:00+00:00,BTC_USDT,long,long,funding,81345.0,0.0003999999999999999,32.53799999999999,0.0,0.0,funding,-0.003253799999999999,2068.891227321375,5
725,2026-09-03 19:00:00+00:00,BTC_USDT,long,long,buy,81678.96013043477,0.0004,32.67158405217391,0.0006534316810434783,0.0,grid_buy,0.0,2069.0859498375203,5
726,2026-09-03 19:00:00+00:00,BTC_USDT,long,long,sell,81678.96013043477,0.0004,32.67158405217391,0.0006534316810434783,0.0,grid_sell_tp,0.4201326492265386,2069.0544004580133,5
727,2026-09-03 21:00:00+00:00,BTC_USDT,long,long,sell,82249.74808695652,0.0003999999999999999,32.8998992347826,0.0006579979846956521,0.0,grid_sell_tp,0.648443265531584,2069.2511616948113,6
728,2026-09-03 22:00:00+00:00,BTC_USDT,long,long,buy,81108.17217391304,0.0004,32.443268869565216,0.0006488653773913044,0.0,grid_buy,0.0,2069.2640039598687,6
729,2026-09-04 00:00:00+00:00,BTC_USDT,long,long,funding,81262.5,0.0004,32.505,0.0,0.0,funding,-0.0032505000000000004,2069.308993459869,6
730,2026-09-04 08:00:00+00:00,BTC_USDT,long,long,funding,80662.0,0.0004,32.2648,0.0,0.0,funding,-0.0032264800000000003,2069.0655669798684,6
731,2026-09-04 08:00:00+00:00,BTC_USDT,long,long,buy,80537.3842173913,0.0004,32.21495368695652,0.0006442990737391304,0.0,grid_buy,0.0,2069.5030889938384,6
732,2026-09-04 09:00:00+00:00,BTC_USDT,long,long,sell,81108.17217391304,0.0004,32.443268869565216,0.0006488653773913044,0.0,grid_sell_tp,0.1135087259269605,2069.4488289980263,6
733,2026-09-04 12:00:00+00:00,BTC_USDT,long,long,buy,79395.80830434783,0.0005,39.69790415217391,0.0007939580830434783,0.0,grid_buy,0.0,2068.8430908877694,6
734,2026-09-04 14:00:00+00:00,BTC_USDT,long,long,buy,78825.02034782608,0.0005,39.41251017391304,0.0007882502034782609,0.0,grid_buy,0.0,2068.3881124636528,6
735,2026-09-04 15:00:00+00:00,BTC_USDT,long,long,sell,79395.80830434783,0.0005,39.69790415217391,0.0007939580830434783,0.0,grid_sell_tp,-0.10272037889048902,2069.0934226577438,6
736,2026-09-04 16:00:00+00:00,BTC_USDT,long,long,funding,79422.8,0.0009,71.48052,0.0,0.0,funding,-0.007148052,2069.0862746057437,6
737,2026-09-05 00:00:00+00:00,BTC_USDT,long,long,funding,79656.7,0.0009,71.69103,0.0,0.0,funding,-0.0071691030000000005,2069.289615502744,6
738,2026-09-05 08:00:00+00:00,BTC_USDT,long,long,funding,79715.2,0.0009,71.74368,0.0,0.0,funding,-0.007174368,2069.335091134744,6
739,2026-09-05 16:00:00+00:00,BTC_USDT,long,long,funding,79802.2,0.0009,71.82198,0.0,0.0,funding,-0.007182198,2069.406208936744,6
740,2026-09-05 16:00:00+00:00,BTC_USDT,long,long,buy,79966.59626086956,0.0005,39.983298130434775,0.0007996659626086955,0.0,grid_buy,0.0,2069.659911140346,6
741,2026-09-05 16:00:00+00:00,BTC_USDT,long,long,sell,79966.59626086956,0.0005,39.983298130434775,0.0007996659626086955,0.0,grid_sell_tp,0.11714376382887627,2069.6210596048186,6
