trade_id,timestamp,symbol,book,direction,side,price,qty,notional,fee,slippage,reason,realized_pnl,equity_after,cycle_id
1,2026-06-07 22:00:00+00:00,BTC_USDT,long,long,buy,62102.47589189189,0.0006000000000000001,37.26148553513514,0.0007452297107027028,0.0,grid_buy,0.0,2330.462109235154,0
2,2026-06-07 22:00:00+00:00,BTC_USDT,long,long,buy,62812.104162162155,0.0006000000000000001,37.6872624972973,0.000753745249945946,0.0,grid_buy,0.0,2330.498432992607,0
3,2026-06-07 23:00:00+00:00,BTC_USDT,long,long,sell,62812.104162162155,0.0006000000000000001,37.6872624972973,0.000753745249945946,0.0,grid_sell_tp,0.21213473583113185,2330.7349217446545,0
4,2026-06-08 00:00:00+00:00,BTC_USDT,long,long,funding,63331.1,0.0006000000000000001,37.99866,0.0,0.0,funding,-0.0037998660000000003,2330.7311218786544,0
5,2026-06-08 00:00:00+00:00,BTC_USDT,long,long,buy,63521.73243243243,0.0006000000000000001,38.11303945945946,0.0007622607891891892,0.0,grid_buy,0.0,2330.9852201584054,0
6,2026-06-08 00:00:00+00:00,BTC_USDT,long,long,sell,63521.73243243243,0.0006000000000000001,38.11303945945946,0.0007622607891891892,0.0,grid_sell_tp,0.31857046083243407,2330.914217357076,0
7,2026-06-08 01:00:00+00:00,BTC_USDT,long,long,buy,62812.104162162155,0.0006000000000000001,37.6872624972973,0.000753745249945946,0.0,grid_buy,0.0,2330.897561114529,0
8,2026-06-08 08:00:00+00:00,BTC_USDT,long,long,funding,63283.0,0.0012000000000000001,75.93960000000001,0.0,0.0,funding,-0.007593960000000002,2330.974927154529,0
9,2026-06-08 09:00:00+00:00,BTC_USDT,long,long,sell,63521.73243243243,0.0006000000000000001,38.11303945945946,0.0007622607891891892,0.0,grid_sell_tp,0.3717925811027024,2331.2467043531988,0
10,2026-06-08 12:00:00+00:00,BTC_USDT,long,long,buy,62812.104162162155,0.0006000000000000001,37.6872624972973,0.000753745249945946,0.0,grid_buy,0.0,2332.093868110652,0
11,2026-06-08 13:00:00+00:00,BTC_USDT,long,long,sell,63521.73243243243,0.0006000000000000001,38.11303945945946,0.0007622607891891892,0.0,grid_sell_tp,0.3984036412378344,2331.826845309322,0
12,2026-06-08 16:00:00+00:00,BTC_USDT,long,long,funding,63772.5,0.0006000000000000001,38.2635,0.0,0.0,funding,-0.00382635,2331.8315389593217,0
13,2026-06-09 00:00:00+00:00,BTC_USDT,long,long,funding,63082.3,0.0006000000000000001,37.849380000000004,0.0,0.0,funding,-0.0037849380000000007,2331.4136340213217,0
14,2026-06-09 00:00:00+00:00,BTC_USDT,short,short,sell,62812.104162162155,0.0006000000000000001,37.6872624972973,0.000753745249945946,0.0,grid_short,0.0,2331.2507627733694,0
15,2026-06-09 04:00:00+00:00,BTC_USDT,long,long,buy,62812.104162162155,0.0006000000000000001,37.6872624972973,0.000753745249945946,0.0,grid_buy,0.0,2331.511306530822,0
16,2026-06-09 05:00:00+00:00,BTC_USDT,long,long,sell,63521.73243243243,0.0006000000000000001,38.11303945945946,0.0007622607891891892,0.0,grid_sell_tp,0.41170917130540696,2331.6750237294923,0
17,2026-06-09 08:00:00+00:00,BTC_USDT,long,long,funding,63196.3,0.0006000000000000001,37.91778000000001,0.0,0.0,funding,-0.003791778000000001,2331.6712319514922,0
18,2026-06-09 08:00:00+00:00,BTC_USDT,short,short,funding,63196.3,0.0006000000000000001,37.91778000000001,0.0,0.0,funding,0.003791778000000001,2331.6750237294923,0
19,2026-06-09 14:00:00+00:00,BTC_USDT,short,short,sell,62102.47589189189,0.0006000000000000001,37.26148553513514,0.0007452297107027028,0.0,grid_short,0.0,2332.0100840349164,0
20,2026-06-09 14:00:00+00:00,BTC_USDT,short,short,buy,62102.47589189189,0.0006000000000000001,37.26148553513514,0.0007452297107027028,0.0,grid_cover_tp,0.21214325137037945,2331.6735332700705,0
21,2026-06-09 15:00:00+00:00,BTC_USDT,short,short,sell,61392.847621621615,0.0006000000000000001,36.83570857297297,0.0007367141714594594,0.0,grid_short,0.0,2331.8319451288726,0
22,2026-06-09 15:00:00+00:00,BTC_USDT,short,short,buy,61392.847621621615,0.0006000000000000001,36.83570857297297,0.0007367141714594594,0.0,grid_cover_tp,0.31859600745016375,2331.672059841728,0
23,2026-06-09 16:00:00+00:00,BTC_USDT,long,long,funding,61126.5,0.0006000000000000001,36.675900000000006,0.0,0.0,funding,-0.003667590000000001,2331.6683922517277,0
24,2026-06-09 16:00:00+00:00,BTC_USDT,short,short,funding,61126.5,0.0006000000000000001,36.675900000000006,0.0,0.0,funding,0.003667590000000001,2331.672059841728,0
25,2026-06-09 19:00:00+00:00,BTC_USDT,short,short,sell,62102.47589189189,0.0006000000000000001,37.26148553513514,0.0007452297107027028,0.0,grid_short,0.0,2331.6723201471523,0
26,2026-06-10 00:00:00+00:00,BTC_USDT,long,long,funding,61720.8,0.0006000000000000001,37.03248000000001,0.0,0.0,funding,-0.003703248000000001,2331.8966168991524,0
27,2026-06-10 00:00:00+00:00,BTC_USDT,short,short,funding,61720.8,0.0012000000000000001,74.06496000000001,0.0,0.0,funding,0.007406496000000002,2331.9040233951523,0
28,2026-06-10 02:00:00+00:00,BTC_USDT,short,short,buy,61392.847621621615,0.0006000000000000001,36.83570857297297,0.0007367141714594594,0.0,grid_cover_tp,0.3718181277204365,2332.100058108008,0
29,2026-06-10 08:00:00+00:00,BTC_USDT,long,long,funding,61685.4,0.0006000000000000001,37.01124,0.0,0.0,funding,-0.003701124,2332.096356984008,0
30,2026-06-10 08:00:00+00:00,BTC_USDT,short,short,funding,61685.4,0.0006000000000000001,37.01124,0.0,0.0,funding,0.003701124,2332.100058108008,0
31,2026-06-10 14:00:00+00:00,BTC_USDT,long,long,buy,62102.47589189189,0.0006000000000000001,37.26148553513514,0.0007452297107027028,0.0,grid_buy,0.0,2332.1537473431617,0
32,2026-06-10 15:00:00+00:00,BTC_USDT,long,long,sell,62812.104162162155,0.0006000000000000001,37.6872624972973,0.000753745249945946,0.0,grid_sell_tp,0.20548197079734776,2332.524336095209,0
33,2026-06-10 16:00:00+00:00,BTC_USDT,long,long,funding,62638.6,0.0006000000000000001,37.58316,0.0,0.0,funding,-0.0037583160000000003,2332.5205777792094,0
34,2026-06-10 16:00:00+00:00,BTC_USDT,short,short,funding,62638.6,0.0006000000000000001,37.58316,0.0,0.0,funding,0.0037583160000000003,2332.524336095209,0
35,2026-06-10 16:00:00+00:00,BTC_USDT,long,long,buy,62102.47589189189,0.0006000000000000001,37.26148553513514,0.0007452297107027028,0.0,grid_buy,0.0,2332.592665330363,0
36,2026-06-10 18:00:00+00:00,BTC_USDT,short,short,sell,62102.47589189189,0.0006000000000000001,37.26148553513514,0.0007452297107027028,0.0,grid_short,0.0,2332.5228456357877,0
37,2026-06-10 21:00:00+00:00,BTC_USDT,short,short,buy,61392.847621621615,0.0006000000000000001,36.83570857297297,0.0007367141714594594,0.0,grid_cover_tp,0.3984291878555641,2332.5004203486433,0
38,2026-06-11 00:00:00+00:00,BTC_USDT,long,long,funding,61516.8,0.0012000000000000001,73.82016000000002,0.0,0.0,funding,-0.007382016000000002,2332.5890983326435,0
39,2026-06-11 00:00:00+00:00,BTC_USDT,short,short,funding,61516.8,0.0006000000000000001,36.91008000000001,0.0,0.0,funding,0.003691008000000001,2332.5927893406433,0
40,2026-06-11 03:00:00+00:00,BTC_USDT,long,long,buy,62812.104162162155,0.0006000000000000001,37.6872624972973,0.000753745249945946,0.0,grid_buy,0.0,2333.2193330980963,0
41,2026-06-11 03:00:00+00:00,BTC_USDT,long,long,sell,62812.104162162155,0.0006000000000000001,37.6872624972973,0.000753745249945946,0.0,grid_sell_tp,0.2099171474865415,2333.2935218501434,0
42,2026-06-11 08:00:00+00:00,BTC_USDT,long,long,funding,62717.8,0.0012000000000000001,75.26136000000001,0.0,0.0,funding,-0.007526136000000001,2333.3043557141436,0
43,2026-06-11 08:00:00+00:00,BTC_USDT,short,short,funding,62717.8,0.0006000000000000001,37.630680000000005,0.0,0.0,funding,0.0037630680000000005,2333.3081187821435,0
44,2026-06-11 16:00:00+00:00,BTC_USDT,long,long,funding,62746.4,0.0012000000000000001,75.29568,0.0,0.0,funding,-0.007529568,2333.317749214143,0
45,2026-06-11 16:00:00+00:00,BTC_USDT,short,short,funding,62746.4,0.0006000000000000001,37.64784,0.0,0.0,funding,0.003764784,2333.321513998143,0
46,2026-06-11 17:00:00+00:00,BTC_USDT,long,long,sell,63521.73243243243,0.0006000000000000001,38.11303945945946,0.0007622607891891892,0.0,grid_sell_tp,0.6356855941094626,2333.7859511968136,0
47,2026-06-12 00:00:00+00:00,BTC_USDT,long,long,funding,63619.4,0.0006000000000000001,38.171640000000004,0.0,0.0,funding,-0.0038171640000000005,2333.7821340328137,0
48,2026-06-12 00:00:00+00:00,BTC_USDT,short,short,funding,63619.4,0.0006000000000000001,38.171640000000004,0.0,0.0,funding,0.0038171640000000005,2333.7859511968136,0
49,2026-06-12 08:00:00+00:00,BTC_USDT,long,long,funding,63093.9,0.0006000000000000001,37.85634,0.0,0.0,funding,-0.0037856340000000004,2333.7821655628136,0
50,2026-06-12 08:00:00+00:00,BTC_USDT,short,short,funding,63093.9,0.0006000000000000001,37.85634,0.0,0.0,funding,0.0037856340000000004,2333.7859511968136,0
51,2026-06-12 15:00:00+00:00,BTC_USDT,long,long,sell,64231.360702702696,0.0006000000000000001,38.53881642162162,0.0007707763284324324,0.0,grid_sell_tp,1.0614540407323794,2334.166516842107,1
52,2026-06-12 16:00:00+00:00,BTC_USDT,short,short,funding,63595.9,0.0006000000000000001,38.157540000000004,0.0,0.0,funding,0.0038157540000000006,2334.1702725961068,0
53,2026-06-12 16:00:00+00:00,BTC_USDT,long,long,buy,63521.73243243243,0.0006000000000000001,38.11303945945946,0.0007622607891891892,0.0,grid_buy,0.0,2334.214010875858,1
54,2026-06-13 00:00:00+00:00,BTC_USDT,long,long,funding,63577.6,0.0006000000000000001,38.14656,0.0,0.0,funding,-0.0038146560000000005,2334.210196219858,1
55,2026-06-13 00:00:00+00:00,BTC_USDT,short,short,funding,63577.6,0.0006000000000000001,38.14656,0.0,0.0,funding,0.0038146560000000005,2334.214010875858,0
56,2026-06-13 08:00:00+00:00,BTC_USDT,long,long,funding,63844.3,0.0006000000000000001,38.306580000000004,0.0,0.0,funding,-0.0038306580000000007,2334.210180217858,1
57,2026-06-13 08:00:00+00:00,BTC_USDT,short,short,funding,63844.3,0.0006000000000000001,38.306580000000004,0.0,0.0,funding,0.0038306580000000007,2334.214010875858,0
58,2026-06-13 13:00:00+00:00,BTC_USDT,long,long,buy,64231.360702702696,0.0006000000000000001,38.53881642162162,0.0007707763284324324,0.0,grid_buy,0.0,2334.136943677908,1
59,2026-06-13 13:00:00+00:00,BTC_USDT,long,long,sell,64231.360702702696,0.0006000000000000001,38.53881642162162,0.0007707763284324324,0.0,grid_sell_tp,0.21211770475264974,2334.2124693232013,1
60,2026-06-13 16:00:00+00:00,BTC_USDT,long,long,funding,64300.0,0.0006000000000000001,38.580000000000005,0.0,0.0,funding,-0.0038580000000000008,2334.2086113232012,1
61,2026-06-13 16:00:00+00:00,BTC_USDT,short,short,funding,64300.0,0.0006000000000000001,38.580000000000005,0.0,0.0,funding,0.0038580000000000008,2334.2124693232013,0
62,2026-06-14 00:00:00+00:00,BTC_USDT,long,long,funding,64454.4,0.0006000000000000001,38.67264,0.0,0.0,funding,-0.0038672640000000005,2334.2086020592014,1
63,2026-06-14 00:00:00+00:00,BTC_USDT,short,short,funding,64454.4,0.0006000000000000001,38.67264,0.0,0.0,funding,0.0038672640000000005,2334.2124693232017,0
64,2026-06-14 08:00:00+00:00,BTC_USDT,long,long,funding,64428.4,0.0006000000000000001,38.65704,0.0,0.0,funding,-0.003865704,2334.2086036192013,1
65,2026-06-14 08:00:00+00:00,BTC_USDT,short,short,funding,64428.4,0.0006000000000000001,38.65704,0.0,0.0,funding,0.003865704,2334.2124693232013,0
66,2026-06-14 16:00:00+00:00,BTC_USDT,long,long,funding,64026.9,0.0006000000000000001,38.416140000000006,0.0,0.0,funding,-0.0038416140000000006,2334.208627709201,1
67,2026-06-14 16:00:00+00:00,BTC_USDT,short,short,funding,64026.9,0.0006000000000000001,38.416140000000006,0.0,0.0,funding,0.0038416140000000006,2334.2124693232017,0
68,2026-06-14 21:00:00+00:00,BTC_USDT,long,long,buy,64940.98897297297,0.0006000000000000001,38.964593383783786,0.0007792918676756758,0.0,grid_buy,0.0,2334.43033664755,1
69,2026-06-14 21:00:00+00:00,BTC_USDT,long,long,sell,64940.98897297297,0.0006000000000000001,38.964593383783786,0.0007792918676756758,0.0,grid_sell_tp,0.31855342975395196,2334.2109107394663,1
70,2026-06-14 23:00:00+00:00,BTC_USDT,long,long,buy,65650.61724324324,0.0006000000000000001,39.390370345945946,0.000787807406918919,0.0,grid_buy,0.0,2334.2657325861137,1
71,2026-06-14 23:00:00+00:00,BTC_USDT,long,long,sell,65650.61724324324,0.0006000000000000001,39.390370345945946,0.000787807406918919,0.0,grid_sell_tp,0.3717670344849683,2334.209335124652,1
72,2026-06-15 00:00:00+00:00,BTC_USDT,long,long,funding,65742.1,0.0006000000000000001,39.445260000000005,0.0,0.0,funding,-0.003944526,2334.2053905986522,1
73,2026-06-15 00:00:00+00:00,BTC_USDT,short,short,funding,65742.1,0.0006000000000000001,39.445260000000005,0.0,0.0,funding,0.003944526,2334.209335124652,0
74,2026-06-15 08:00:00+00:00,BTC_USDT,long,long,funding,65670.2,0.0006000000000000001,39.402120000000004,0.0,0.0,funding,-0.003940212,2334.205394912652,1
75,2026-06-15 08:00:00+00:00,BTC_USDT,short,short,funding,65670.2,0.0006000000000000001,39.402120000000004,0.0,0.0,funding,0.003940212,2334.209335124652,0
76,2026-06-15 11:00:00+00:00,BTC_USDT,long,long,buy,66360.24551351351,0.0006000000000000001,39.81614730810811,0.0007963229461621622,0.0,grid_buy,0.0,2334.1326114935982,1
77,2026-06-15 11:00:00+00:00,BTC_USDT,long,long,sell,66360.24551351351,0.0006000000000000001,39.81614730810811,0.0007963229461621622,0.0,grid_sell_tp,0.3983695790808658,2334.2077424787603,1
78,2026-06-15 15:00:00+00:00,BTC_USDT,long,long,buy,67069.87378378378,0.0005,33.534936891891896,0.000670698737837838,0.0,grid_buy,0.0,2334.3200848881306,1
79,2026-06-15 15:00:00+00:00,BTC_USDT,long,long,sell,67069.87378378378,0.0006000000000000001,40.241924270270275,0.0008048384854054055,0.0,grid_sell_tp,0.4491639965268805,2334.1836643199154,1
80,2026-06-15 16:00:00+00:00,BTC_USDT,long,long,funding,67286.6,0.0005,33.6433,0.0,0.0,funding,-0.0033643300000000004,2334.1812299899157,1
81,2026-06-15 16:00:00+00:00,BTC_USDT,short,short,funding,67286.6,0.0006000000000000001,40.37196000000001,0.0,0.0,funding,0.004037196000000001,2334.185267185915,0
82,2026-06-15 19:00:00+00:00,BTC_USDT,long,long,buy,66360.24551351351,0.0006000000000000001,39.81614730810811,0.0007963229461621622,0.0,grid_buy,0.0,2334.4040335548607,1
83,2026-06-16 00:00:00+00:00,BTC_USDT,long,long,funding,66326.4,0.0011,72.95904,0.0,0.0,funding,-0.007295904000000001,2334.252887650861,1
84,2026-06-16 00:00:00+00:00,BTC_USDT,short,short,funding,66326.4,0.0006000000000000001,39.79584,0.0,0.0,funding,0.003979584,2334.256867234861,0
85,2026-06-16 08:00:00+00:00,BTC_USDT,long,long,funding,66368.1,0.0011,73.00491000000001,0.0,0.0,funding,-0.007300491000000001,2334.270416743861,1
86,2026-06-16 08:00:00+00:00,BTC_USDT,short,short,funding,66368.1,0.0006000000000000001,39.82086000000001,0.0,0.0,funding,0.003982086000000001,2334.2743988298607,0
87,2026-06-16 14:00:00+00:00,BTC_USDT,short,short,sell,65650.61724324324,0.0006000000000000001,39.390370345945946,0.000787807406918919,0.0,grid_short,0.0,2333.9147413684,0
88,2026-06-16 16:00:00+00:00,BTC_USDT,long,long,funding,65865.1,0.0011,72.45161000000002,0.0,0.0,funding,-0.007245161000000002,2333.8861762074,1
89,2026-06-16 16:00:00+00:00,BTC_USDT,short,short,funding,65865.1,0.0012000000000000001,79.03812000000002,0.0,0.0,funding,0.007903812000000003,2333.8940800194,0
90,2026-06-17 00:00:00+00:00,BTC_USDT,long,long,funding,65671.8,0.0011,72.23898000000001,0.0,0.0,funding,-0.007223898000000001,2333.9061861213995,1
91,2026-06-17 00:00:00+00:00,BTC_USDT,short,short,funding,65671.8,0.0012000000000000001,78.80616,0.0,0.0,funding,0.007880616000000002,2333.9140667373995,0
92,2026-06-17 08:00:00+00:00,BTC_USDT,long,long,funding,65536.7,0.0011,72.09037000000001,0.0,0.0,funding,-0.0072090370000000015,2333.9203677003998,1
93,2026-06-17 08:00:00+00:00,BTC_USDT,short,short,funding,65536.7,0.0012000000000000001,78.64404,0.0,0.0,funding,0.007864404,2333.9282321043997,0
94,2026-06-17 08:00:00+00:00,BTC_USDT,short,short,sell,64940.98897297297,0.0006000000000000001,38.964593383783786,0.0007792918676756758,0.0,grid_short,0.0,2333.996466196316,0
95,2026-06-17 08:00:00+00:00,BTC_USDT,short,short,buy,64940.98897297297,0.0006000000000000001,38.964593383783786,0.0007792918676756758,0.0,grid_cover_tp,-0.43542660740822314,2333.9875935206646,0
96,2026-06-17 15:00:00+00:00,BTC_USDT,long,long,buy,65650.61724324324,0.0006000000000000001,39.390370345945946,0.000787807406918919,0.0,grid_buy,0.0,2333.9648353673115,1
97,2026-06-17 16:00:00+00:00,BTC_USDT,long,long,funding,65751.4,0.0017000000000000001,111.77738,0.0,0.0,funding,-0.011177738,2333.953707629312,1
98,2026-06-17 16:00:00+00:00,BTC_USDT,short,short,funding,65751.4,0.0012000000000000001,78.90168,0.0,0.0,funding,0.007890168,2333.9615977973117,0
99,2026-06-17 16:00:00+00:00,BTC_USDT,long,long,sell,66360.24551351351,0.0006000000000000001,39.81614730810811,0.0007963229461621622,0.0,grid_sell_tp,0.15659315571404975,2334.3151287824735,1
100,2026-06-17 19:00:00+00:00,BTC_USDT,short,short,sell,65650.61724324324,0.0006000000000000001,39.390370345945946,0.000787807406918919,0.0,grid_short,0.0,2335.2823713210123,0
101,2026-06-17 19:00:00+00:00,BTC_USDT,short,short,sell,64231.360702702696,0.0006000000000000001,38.53881642162162,0.0007707763284324324,0.0,grid_short,0.0,2335.241736966306,0
102,2026-06-17 19:00:00+00:00,BTC_USDT,short,short,buy,64231.360702702696,0.0006000000000000001,38.53881642162162,0.0007707763284324324,0.0,grid_cover_tp,0.20768252806346035,2335.280829768356,0
103,2026-06-17 20:00:00+00:00,BTC_USDT,short,short,buy,64940.98897297297,0.0006000000000000001,38.964593383783786,0.0007792918676756758,0.0,grid_cover_tp,-0.2181029496379472,2334.8803770927043,0
104,2026-06-18 00:00:00+00:00,BTC_USDT,long,long,funding,64506.2,0.0011,70.95682000000001,0.0,0.0,funding,-0.007095682000000001,2334.8662014107044,1
105,2026-06-18 00:00:00+00:00,BTC_USDT,short,short,funding,64506.2,0.0012000000000000001,77.40744000000001,0.0,0.0,funding,0.007740744000000001,2334.8739421547043,0
106,2026-06-18 08:00:00+00:00,BTC_USDT,long,long,funding,64508.1,0.0011,70.95891,0.0,0.0,funding,-0.007095891000000001,2334.8666562637045,1
107,2026-06-18 08:00:00+00:00,BTC_USDT,short,short,funding,64508.1,0.0012000000000000001,77.40972000000001,0.0,0.0,funding,0.007740972000000001,2334.8743972357042,0
108,2026-06-18 15:00:00+00:00,BTC_USDT,short,short,sell,63521.73243243243,0.0006000000000000001,38.11303945945946,0.0007622607891891892,0.0,grid_short,0.0,2335.7786944343748,0
109,2026-06-18 15:00:00+00:00,BTC_USDT,short,short,sell,62812.104162162155,0.0006000000000000001,37.6872624972973,0.000753745249945946,0.0,grid_short,0.0,2336.043383186422,0
110,2026-06-18 15:00:00+00:00,BTC_USDT,short,short,buy,63521.73243243243,0.0006000000000000001,38.11303945945946,0.0007622607891891892,0.0,grid_cover_tp,0.2099086319472939,2335.3514014661732,0
111,2026-06-18 16:00:00+00:00,BTC_USDT,long,long,funding,62362.7,0.0011,68.59897,0.0,0.0,funding,-0.006859896999999999,2335.349441569173,1
112,2026-06-18 16:00:00+00:00,BTC_USDT,short,short,funding,62362.7,0.0018000000000000002,112.25286,0.0,0.0,funding,0.011225286000000001,2335.360666855173,0
113,2026-06-18 16:00:00+00:00,BTC_USDT,short,short,buy,62812.104162162155,0.0006000000000000001,37.6872624972973,0.000753745249945946,0.0,grid_cover_tp,0.6356941096487014,2335.057680612626,0
114,2026-06-19 00:00:00+00:00,BTC_USDT,long,long,funding,62956.6,0.0011,69.25226,0.0,0.0,funding,-0.006925226000000001,2335.023955386626,1
115,2026-06-19 00:00:00+00:00,BTC_USDT,short,short,funding,62956.6,0.0012000000000000001,75.54792,0.0,0.0,funding,0.007554792000000001,2335.031510178626,0
116,2026-06-19 08:00:00+00:00,BTC_USDT,long,long,funding,62623.4,0.0011,68.88574000000001,0.0,0.0,funding,-0.0068885740000000015,2335.057941604626,1
117,2026-06-19 08:00:00+00:00,BTC_USDT,short,short,funding,62623.4,0.0012000000000000001,75.14808000000001,0.0,0.0,funding,0.007514808000000001,2335.065456412626,0
118,2026-06-19 16:00:00+00:00,BTC_USDT,long,long,funding,63213.8,0.0011,69.53518000000001,0.0,0.0,funding,-0.006953518000000001,2334.999462894626,1
119,2026-06-19 16:00:00+00:00,BTC_USDT,short,short,funding,63213.8,0.0012000000000000001,75.85656000000002,0.0,0.0,funding,0.007585656000000002,2335.0070485506258,0
120,2026-06-20 00:00:00+00:00,BTC_USDT,long,long,funding,63541.2,0.0011,69.89532,0.0,0.0,funding,-0.0069895320000000006,2334.967319018626,1
121,2026-06-20 00:00:00+00:00,BTC_USDT,short,short,funding,63541.2,0.0012000000000000001,76.24944,0.0,0.0,funding,0.007624944000000001,2334.9749439626257,0
122,2026-06-20 04:00:00+00:00,BTC_USDT,long,long,buy,63521.73243243243,0.0006000000000000001,38.11303945945946,0.0007622607891891892,0.0,grid_buy,0.0,2335.0064122423773,1
123,2026-06-20 08:00:00+00:00,BTC_USDT,long,long,funding,63655.5,0.0017000000000000001,108.21435000000001,0.0,0.0,funding,-0.010821435,2335.0321908073774,1
124,2026-06-20 08:00:00+00:00,BTC_USDT,short,short,funding,63655.5,0.0012000000000000001,76.3866,0.0,0.0,funding,0.00763866,2335.0398294673773,0
125,2026-06-20 15:00:00+00:00,BTC_USDT,long,long,buy,64231.360702702696,0.0006000000000000001,38.53881642162162,0.0007707763284324324,0.0,grid_buy,0.0,2335.2433222694276,1
126,2026-06-20 15:00:00+00:00,BTC_USDT,long,long,sell,64231.360702702696,0.0006000000000000001,38.53881642162162,0.0007707763284324324,0.0,grid_sell_tp,-0.4253226768986973,2335.2881879147208,1
127,2026-06-20 16:00:00+00:00,BTC_USDT,long,long,funding,64155.4,0.0017,109.06418,0.0,0.0,funding,-0.010906418,2335.2773314967208,1
128,2026-06-20 16:00:00+00:00,BTC_USDT,short,short,funding,64155.4,0.0012000000000000001,76.98648000000001,0.0,0.0,funding,0.0076986480000000015,2335.2850301447206,0
129,2026-06-21 00:00:00+00:00,BTC_USDT,long,long,funding,64304.0,0.0017,109.3168,0.0,0.0,funding,-0.010931680000000001,2335.3483984647205,1
130,2026-06-21 00:00:00+00:00,BTC_USDT,short,short,funding,64304.0,0.0012000000000000001,77.16480000000001,0.0,0.0,funding,0.007716480000000002,2335.3561149447205,0
131,2026-06-21 08:00:00+00:00,BTC_USDT,long,long,funding,64193.3,0.0017,109.12861,0.0,0.0,funding,-0.010912861,2335.2898520837207,1
132,2026-06-21 08:00:00+00:00,BTC_USDT,short,short,funding,64193.3,0.0012000000000000001,77.03196000000001,0.0,0.0,funding,0.0077031960000000016,2335.2975552797207,0
133,2026-06-21 16:00:00+00:00,BTC_USDT,long,long,funding,64215.1,0.0017,109.16566999999999,0.0,0.0,funding,-0.010916567,2335.297538712721,1
134,2026-06-21 16:00:00+00:00,BTC_USDT,short,short,funding,64215.1,0.0012000000000000001,77.05812,0.0,0.0,funding,0.007705812,2335.305244524721,0
135,2026-06-21 23:00:00+00:00,BTC_USDT,short,short,sell,63521.73243243243,0.0006000000000000001,38.11303945945946,0.0007622607891891892,0.0,grid_short,0.0,2334.9789317233913,0
136,2026-06-22 00:00:00+00:00,BTC_USDT,long,long,funding,63310.5,0.0017,107.62785,0.0,0.0,funding,-0.010762785,2334.968158938391,1
137,2026-06-22 00:00:00+00:00,BTC_USDT,short,short,funding,63310.5,0.0018000000000000002,113.95890000000001,0.0,0.0,funding,0.011395890000000002,2334.979554828391,0
138,2026-06-22 08:00:00+00:00,BTC_USDT,long,long,funding,64207.9,0.0017,109.15343,0.0,0.0,funding,-0.010915343000000001,2334.8788994853912,1
139,2026-06-22 08:00:00+00:00,BTC_USDT,short,short,funding,64207.9,0.0018000000000000002,115.57422000000001,0.0,0.0,funding,0.011557422000000001,2334.890456907391,0
140,2026-06-22 12:00:00+00:00,BTC_USDT,long,long,buy,64940.98897297297,0.0006000000000000001,38.964593383783786,0.0007792918676756758,0.0,grid_buy,0.0,2334.9196242317394,1
141,2026-06-22 12:00:00+00:00,BTC_USDT,long,long,sell,64940.98897297297,0.0006000000000000001,38.964593383783786,0.0007792918676756758,0.0,grid_sell_tp,0.00012618843938118395,2334.7949383236555,1
142,2026-06-22 16:00:00+00:00,BTC_USDT,long,long,funding,64836.2,0.0017,110.22153999999999,0.0,0.0,funding,-0.011022154,2334.815046169656,1
143,2026-06-22 16:00:00+00:00,BTC_USDT,short,short,funding,64836.2,0.0018000000000000002,116.70516,0.0,0.0,funding,0.011670516,2334.826716685656,0
144,2026-06-22 22:00:00+00:00,BTC_USDT,short,short,sell,64231.360702702696,0.0006000000000000001,38.53881642162162,0.0007707763284324324,0.0,grid_short,0.0,2335.0692423309492,0
145,2026-06-23 00:00:00+00:00,BTC_USDT,long,long,funding,64022.5,0.0017,108.83824999999999,0.0,0.0,funding,-0.010883825,2335.021748505949,1
146,2026-06-23 00:00:00+00:00,BTC_USDT,short,short,funding,64022.5,0.0024000000000000002,153.65400000000002,0.0,0.0,funding,0.015365400000000003,2335.037113905949,0
147,2026-06-23 05:00:00+00:00,BTC_USDT,short,short,buy,63521.73243243243,0.0006000000000000001,38.11303945945946,0.0007622607891891892,0.0,grid_cover_tp,0.21101742611959123,2335.3992221857006,0
148,2026-06-23 06:00:00+00:00,BTC_USDT,short,short,buy,62812.104162162155,0.0006000000000000001,37.6872624972973,0.000753745249945946,0.0,grid_cover_tp,0.6368029038209988,2335.5202459431534,0
149,2026-06-23 08:00:00+00:00,BTC_USDT,long,long,funding,62876.5,0.0017,106.89004999999999,0.0,0.0,funding,-0.010689005,2335.4786069381535,1
150,2026-06-23 08:00:00+00:00,BTC_USDT,short,short,funding,62876.5,0.0012000000000000001,75.4518,0.0,0.0,funding,0.007545180000000001,2335.4861521181533,0
151,2026-06-23 08:00:00+00:00,BTC_USDT,short,short,buy,62102.47589189189,0.0006000000000000001,37.26148553513514,0.0007452297107027028,0.0,grid_cover_tp,1.062588381522402,2335.4136813533073,0
152,2026-06-23 14:00:00+00:00,BTC_USDT,short,short,sell,62812.104162162155,0.0006000000000000001,37.6872624972973,0.000753745249945946,0.0,grid_short,0.0,2335.718680105355,0
153,2026-06-23 16:00:00+00:00,BTC_USDT,long,long,funding,62483.7,0.0017,106.22228999999999,0.0,0.0,funding,-0.010622228999999999,2335.703407876355,1
154,2026-06-23 16:00:00+00:00,BTC_USDT,short,short,funding,62483.7,0.0012000000000000001,74.98044,0.0,0.0,funding,0.007498044000000001,2335.710905920355,0
155,2026-06-23 18:00:00+00:00,BTC_USDT,short,short,buy,62102.47589189189,0.0006000000000000001,37.26148553513514,0.0007452297107027028,0.0,grid_cover_tp,0.7438100569869318,2335.667525155509,0
156,2026-06-24 00:00:00+00:00,BTC_USDT,long,long,funding,62729.6,0.0017,106.64031999999999,0.0,0.0,funding,-0.010664031999999999,2336.198721123509,1
157,2026-06-24 00:00:00+00:00,BTC_USDT,short,short,funding,62729.6,0.0006000000000000001,37.63776,0.0,0.0,funding,0.0037637760000000004,2336.202484899509,0
158,2026-06-24 01:00:00+00:00,BTC_USDT,short,short,sell,62812.104162162155,0.0006000000000000001,37.6872624972973,0.000753745249945946,0.0,grid_short,0.0,2336.352633651556,0
159,2026-06-24 08:00:00+00:00,BTC_USDT,long,long,funding,62650.9,0.0017,106.50653,0.0,0.0,funding,-0.010650653,2336.201232998556,1
160,2026-06-24 08:00:00+00:00,BTC_USDT,short,short,funding,62650.9,0.0012000000000000001,75.18108000000001,0.0,0.0,funding,0.007518108000000002,2336.208751106556,0
161,2026-06-24 13:00:00+00:00,BTC_USDT,short,short,sell,62102.47589189189,0.0006000000000000001,37.26148553513514,0.0007452297107027028,0.0,grid_short,0.0,2336.0106914119806,0
162,2026-06-24 13:00:00+00:00,BTC_USDT,short,short,buy,62102.47589189189,0.0006000000000000001,37.26148553513514,0.0007452297107027028,0.0,grid_cover_tp,0.38936551990922735,2335.5485606471348,0
163,2026-06-24 14:00:00+00:00,BTC_USDT,short,short,buy,61392.847621621615,0.0006000000000000001,36.83570857297297,0.0007367141714594594,0.0,grid_cover_tp,0.8151509976106348,2335.2698853599904,0
164,2026-06-24 15:00:00+00:00,BTC_USDT,short,short,sell,60683.21935135135,0.0006000000000000001,36.409931610810816,0.0007281986322162163,0.0,grid_short,0.0,2334.5892187721693,0
165,2026-06-24 15:00:00+00:00,BTC_USDT,short,short,buy,60683.21935135135,0.0006000000000000001,36.409931610810816,0.0007281986322162163,0.0,grid_cover_tp,0.6201041383399153,2334.340138962726,0
166,2026-06-24 16:00:00+00:00,BTC_USDT,long,long,funding,60269.2,0.0017,102.45763999999998,0.0,0.0,funding,-0.010245764,2334.3297831987265,1
167,2026-06-24 16:00:00+00:00,BTC_USDT,short,short,funding,60269.2,0.0006000000000000001,36.16152,0.0,0.0,funding,0.0036161520000000005,2334.3333993507263,0
168,2026-06-24 16:00:00+00:00,BTC_USDT,short,short,sell,59973.591081081075,0.0006000000000000001,35.98415464864865,0.000719683092972973,0.0,grid_short,0.0,2333.945764316282,0
169,2026-06-24 16:00:00+00:00,BTC_USDT,short,short,buy,59973.591081081075,0.0006000000000000001,35.98415464864865,0.000719683092972973,0.0,grid_cover_tp,0.5225849664741727,2333.8709499845404,0
170,2026-06-24 17:00:00+00:00,BTC_USDT,short,short,buy,59263.96281081081,0.0006000000000000001,35.55837768648649,0.0007111675537297298,0.0,grid_cover_tp,0.948370444175576,2333.4557311304998,1
171,2026-06-24 19:00:00+00:00,BTC_USDT,short,short,sell,59973.591081081075,0.0006000000000000001,35.98415464864865,0.000719683092972973,0.0,grid_short,0.0,2334.4178360960555,1
172,2026-06-25 00:00:00+00:00,BTC_USDT,long,long,funding,61077.9,0.0017,103.83243,0.0,0.0,funding,-0.010383243,2335.635492853056,1
173,2026-06-25 00:00:00+00:00,BTC_USDT,short,short,funding,61077.9,0.0006000000000000001,36.64674,0.0,0.0,funding,0.003664674,2335.639157527056,1
174,2026-06-25 04:00:00+00:00,BTC_USDT,short,short,sell,61392.847621621615,0.0006000000000000001,36.83570857297297,0.0007367141714594594,0.0,grid_short,0.0,2335.9687893858572,1
175,2026-06-25 08:00:00+00:00,BTC_USDT,long,long,funding,61909.7,0.0017,105.24649,0.0,0.0,funding,-0.010524649,2336.2327647368575,1
176,2026-06-25 08:00:00+00:00,BTC_USDT,short,short,funding,61909.7,0.0012000000000000001,74.29164,0.0,0.0,funding,0.007429164,2336.2401939008573,1
177,2026-06-25 13:00:00+00:00,BTC_USDT,short,short,sell,60683.21935135135,0.0006000000000000001,36.409931610810816,0.0007281986322162163,0.0,grid_short,0.0,2335.864437313036,1
178,2026-06-25 13:00:00+00:00,BTC_USDT,short,short,sell,59263.96281081081,0.0006000000000000001,35.55837768648649,0.0007111675537297298,0.0,grid_short,0.0,2336.4414438319686,1
179,2026-06-25 13:00:00+00:00,BTC_USDT,short,short,sell,58554.334540540534,0.0006000000000000001,35.13260072432433,0.0007026520144864866,0.0,grid_short,0.0,2336.5926819042784,1
180,2026-06-25 13:00:00+00:00,BTC_USDT,short,short,buy,59263.96281081081,0.0006000000000000001,35.55837768648649,0.0007111675537297298,0.0,grid_cover_tp,0.4250657946084346,2336.014253050238,1
181,2026-06-25 13:00:00+00:00,BTC_USDT,short,short,buy,60683.21935135135,0.0006000000000000001,36.409931610810816,0.0007281986322162163,0.0,grid_cover_tp,-0.42650516079437617,2334.584253240795,1
182,2026-06-25 14:00:00+00:00,BTC_USDT,short,short,sell,59973.591081081075,0.0006000000000000001,35.98415464864865,0.000719683092972973,0.0,grid_short,0.0,2334.769568206351,1
183,2026-06-25 14:00:00+00:00,BTC_USDT,short,short,buy,59973.591081081075,0.0006000000000000001,35.98415464864865,0.000719683092972973,0.0,grid_cover_tp,-0.000719683092972973,2334.4660338746094,1
184,2026-06-25 14:00:00+00:00,BTC_USDT,short,short,buy,58554.334540540534,0.0006000000000000001,35.13260072432433,0.0007026520144864866,0.0,grid_cover_tp,0.8508512723098378,2335.0140704982705,1
185,2026-06-25 15:00:00+00:00,BTC_USDT,short,short,buy,59263.96281081081,0.0006000000000000001,35.55837768648649,0.0007111675537297298,0.0,grid_cover_tp,0.4250657946084302,2335.22982164423,1
186,2026-06-25 16:00:00+00:00,BTC_USDT,long,long,funding,59560.7,0.0017,101.25318999999999,0.0,0.0,funding,-0.010125318999999999,2335.22717632523,1
187,2026-06-25 16:00:00+00:00,BTC_USDT,short,short,funding,59560.7,0.0006000000000000001,35.73642,0.0,0.0,funding,0.0035736420000000006,2335.23074996723,1
188,2026-06-25 16:00:00+00:00,BTC_USDT,short,short,sell,59973.591081081075,0.0006000000000000001,35.98415464864865,0.000719683092972973,0.0,grid_short,0.0,2335.3509649327857,1
189,2026-06-25 16:00:00+00:00,BTC_USDT,short,short,sell,59263.96281081081,0.0006000000000000001,35.55837768648649,0.0007111675537297298,0.0,grid_short,0.0,2335.3243714517184,1
190,2026-06-25 17:00:00+00:00,BTC_USDT,short,short,buy,59263.96281081081,0.0006000000000000001,35.55837768648649,0.0007111675537297298,0.0,grid_cover_tp,0.283140140554374,2335.531942597678,1
191,2026-06-25 22:00:00+00:00,BTC_USDT,short,short,sell,59973.591081081075,0.0006000000000000001,35.98415464864865,0.000719683092972973,0.0,grid_short,0.0,2335.694717563234,1
192,2026-06-26 00:00:00+00:00,BTC_USDT,long,long,funding,59805.3,0.0017,101.66901,0.0,0.0,funding,-0.010166901,2335.688730662234,1
193,2026-06-26 00:00:00+00:00,BTC_USDT,short,short,funding,59805.3,0.0018000000000000002,107.64954000000002,0.0,0.0,funding,0.010764954000000002,2335.699495616234,1
194,2026-06-26 01:00:00+00:00,BTC_USDT,short,short,buy,59263.96281081081,0.0006000000000000001,35.55837768648649,0.0007111675537297298,0.0,grid_cover_tp,0.3304486919057304,2335.8406367621938,1
195,2026-06-26 02:00:00+00:00,BTC_USDT,short,short,buy,58554.334540540534,0.0006000000000000001,35.13260072432433,0.0007026520144864866,0.0,grid_cover_tp,0.756234169607138,2335.408033385855,1
196,2026-06-26 03:00:00+00:00,BTC_USDT,short,short,sell,59973.591081081075,0.0006000000000000001,35.98415464864865,0.000719683092972973,0.0,grid_short,0.0,2336.9927683514106,1
197,2026-06-26 08:00:00+00:00,BTC_USDT,long,long,funding,60524.5,0.0017,102.89165,0.0,0.0,funding,-0.010289165000000001,2337.2230291864107,1
198,2026-06-26 08:00:00+00:00,BTC_USDT,short,short,funding,60524.5,0.0012000000000000001,72.6294,0.0,0.0,funding,0.007262940000000001,2337.230292126411,1
199,2026-06-26 10:00:00+00:00,BTC_USDT,short,short,sell,59263.96281081081,0.0006000000000000001,35.55837768648649,0.0007111675537297298,0.0,grid_short,0.0,2336.5940786453434,1
200,2026-06-26 10:00:00+00:00,BTC_USDT,short,short,buy,59263.96281081081,0.0006000000000000001,35.55837768648649,0.0007111675537297298,0.0,grid_cover_tp,0.25160110632013927,2336.624769791303,1
201,2026-06-26 12:00:00+00:00,BTC_USDT,short,short,sell,59973.591081081075,0.0006000000000000001,35.98415464864865,0.000719683092972973,0.0,grid_short,0.0,2337.0314947568586,1
202,2026-06-26 13:00:00+00:00,BTC_USDT,short,short,buy,58554.334540540534,0.0006000000000000001,35.13260072432433,0.0007026520144864866,0.0,grid_cover_tp,0.7352081467843061,2337.90155138052,1
203,2026-06-26 13:00:00+00:00,BTC_USDT,short,short,buy,59263.96281081081,0.0006000000000000001,35.55837768648649,0.0007111675537297298,0.0,grid_cover_tp,0.30942266908289856,2338.4442225264797,1
204,2026-06-26 14:00:00+00:00,BTC_USDT,short,short,sell,59973.591081081075,0.0006000000000000001,35.98415464864865,0.000719683092972973,0.0,grid_short,0.0,2338.0357474920356,1
205,2026-06-26 16:00:00+00:00,BTC_USDT,long,long,funding,60326.4,0.0017,102.55488,0.0,0.0,funding,-0.010255488,2338.3940420040353,1
206,2026-06-26 16:00:00+00:00,BTC_USDT,short,short,funding,60326.4,0.0012000000000000001,72.39168000000001,0.0,0.0,funding,0.0072391680000000016,2338.401281172036,1
207,2026-06-27 00:00:00+00:00,BTC_USDT,long,long,funding,60103.5,0.0017,102.17595,0.0,0.0,funding,-0.010217595000000001,2338.279613577036,1
208,2026-06-27 00:00:00+00:00,BTC_USDT,short,short,funding,60103.5,0.0012000000000000001,72.1242,0.0,0.0,funding,0.007212420000000001,2338.2868259970355,1
209,2026-06-27 08:00:00+00:00,BTC_USDT,long,long,funding,60545.7,0.0017,102.92768999999998,0.0,0.0,funding,-0.010292768999999998,2338.4976332280357,1
210,2026-06-27 08:00:00+00:00,BTC_USDT,short,short,funding,60545.7,0.0012000000000000001,72.65484000000001,0.0,0.0,funding,0.007265484000000001,2338.504898712036,1
211,2026-06-27 14:00:00+00:00,BTC_USDT,long,long,buy,60683.21935135135,0.0006000000000000001,36.409931610810816,0.0007281986322162163,0.0,grid_buy,0.0,2338.4922789025927,1
212,2026-06-27 16:00:00+00:00,BTC_USDT,long,long,funding,60837.4,0.0023,139.92602,0.0,0.0,funding,-0.013992602,2338.7285363005926,1
213,2026-06-27 16:00:00+00:00,BTC_USDT,short,short,funding,60837.4,0.0012000000000000001,73.00488000000001,0.0,0.0,funding,0.007300488000000002,2338.7358367885927,1
214,2026-06-28 00:00:00+00:00,BTC_USDT,long,long,funding,60027.0,0.0023,138.0621,0.0,0.0,funding,-0.01380621,2337.830590578593,1
215,2026-06-28 00:00:00+00:00,BTC_USDT,short,short,funding,60027.0,0.0012000000000000001,72.03240000000001,0.0,0.0,funding,0.007203240000000001,2337.8377938185927,1
216,2026-06-28 08:00:00+00:00,BTC_USDT,long,long,funding,60219.7,0.0023,138.50530999999998,0.0,0.0,funding,-0.013850531,2338.035913287593,1
217,2026-06-28 08:00:00+00:00,BTC_USDT,short,short,funding,60219.7,0.0012000000000000001,72.26364000000001,0.0,0.0,funding,0.007226364000000002,2338.043139651593,1
218,2026-06-28 16:00:00+00:00,BTC_USDT,long,long,funding,59893.1,0.0023,137.75413,0.0,0.0,funding,-0.013775413,2337.670104238593,1
219,2026-06-28 16:00:00+00:00,BTC_USDT,short,short,funding,59893.1,0.0012000000000000001,71.87172000000001,0.0,0.0,funding,0.007187172000000001,2337.677291410593,1
220,2026-06-28 22:00:00+00:00,BTC_USDT,short,short,sell,59263.96281081081,0.0006000000000000001,35.55837768648649,0.0007111675537297298,0.0,grid_short,0.0,2336.8874979295256,1
221,2026-06-28 22:00:00+00:00,BTC_USDT,short,short,buy,59263.96281081081,0.0006000000000000001,35.55837768648649,0.0007111675537297298,0.0,grid_cover_tp,0.2445924320458707,2336.7703490754852,1
222,2026-06-29 00:00:00+00:00,BTC_USDT,long,long,funding,59576.4,0.0023,137.02572,0.0,0.0,funding,-0.013702572000000001,2337.3137965034853,1
223,2026-06-29 00:00:00+00:00,BTC_USDT,short,short,funding,59576.4,0.0012000000000000001,71.49168,0.0,0.0,funding,0.007149168000000001,2337.3209456714853,1
224,2026-06-29 04:00:00+00:00,BTC_USDT,short,short,sell,59973.591081081075,0.0006000000000000001,35.98415464864865,0.000719683092972973,0.0,grid_short,0.0,2337.6856906370413,1
225,2026-06-29 08:00:00+00:00,BTC_USDT,long,long,funding,60030.0,0.0023,138.069,0.0,0.0,funding,-0.013806899999999999,2337.771533737041,1
226,2026-06-29 08:00:00+00:00,BTC_USDT,short,short,funding,60030.0,0.0018000000000000002,108.05400000000002,0.0,0.0,funding,0.010805400000000001,2337.782339137041,1
227,2026-06-29 14:00:00+00:00,BTC_USDT,short,short,buy,59263.96281081081,0.0006000000000000001,35.55837768648649,0.0007111675537297298,0.0,grid_cover_tp,0.30475021956672677,2337.614140283001,1
228,2026-06-29 16:00:00+00:00,BTC_USDT,long,long,funding,59820.4,0.0023,137.58692,0.0,0.0,funding,-0.013758692,2337.996931591001,1
229,2026-06-29 16:00:00+00:00,BTC_USDT,short,short,funding,59820.4,0.0012000000000000001,71.78448,0.0,0.0,funding,0.0071784480000000005,2338.004110039001,1
230,2026-06-29 17:00:00+00:00,BTC_USDT,long,long,buy,59973.591081081075,0.0006000000000000001,35.98415464864865,0.000719683092972973,0.0,grid_buy,0.0,2338.9080157072594,1
231,2026-06-30 00:00:00+00:00,BTC_USDT,long,long,funding,60256.9,0.0029,174.74500999999998,0.0,0.0,funding,-0.017474501,2338.6360512062593,1
232,2026-06-30 00:00:00+00:00,BTC_USDT,short,short,funding,60256.9,0.0012000000000000001,72.30828000000001,0.0,0.0,funding,0.007230828000000002,2338.6432820342593,1
233,2026-06-30 00:00:00+00:00,BTC_USDT,short,short,sell,59973.591081081075,0.0006000000000000001,35.98415464864865,0.000719683092972973,0.0,grid_short,0.0,2338.011676999815,1
234,2026-06-30 08:00:00+00:00,BTC_USDT,long,long,funding,59529.7,0.0029,172.63612999999998,0.0,0.0,funding,-0.017263613,2337.6553933868154,1
235,2026-06-30 08:00:00+00:00,BTC_USDT,short,short,funding,59529.7,0.0018000000000000002,107.15346000000001,0.0,0.0,funding,0.010715346000000002,2337.6661087328152,1
236,2026-06-30 08:00:00+00:00,BTC_USDT,short,short,buy,59263.96281081081,0.0006000000000000001,35.55837768648649,0.0007111675537297298,0.0,grid_cover_tp,0.34485541124729313,2337.4625698787754,1
237,2026-06-30 12:00:00+00:00,BTC_USDT,short,short,buy,58554.334540540534,0.0006000000000000001,35.13260072432433,0.0007026520144864866,0.0,grid_cover_tp,0.7706408889487006,2335.8388765024365,1
238,2026-06-30 14:00:00+00:00,BTC_USDT,short,short,sell,59263.96281081081,0.0006000000000000001,35.55837768648649,0.0007111675537297298,0.0,grid_short,0.0,2336.467773021369,1
239,2026-06-30 15:00:00+00:00,BTC_USDT,short,short,buy,58554.334540540534,0.0006000000000000001,35.13260072432433,0.0007026520144864866,0.0,grid_cover_tp,0.5978575995481893,2336.19354964503,1
240,2026-06-30 16:00:00+00:00,BTC_USDT,long,long,funding,58381.8,0.0029,169.30722,0.0,0.0,funding,-0.016930722000000002,2336.17661892303,1
241,2026-06-30 16:00:00+00:00,BTC_USDT,short,short,funding,58381.8,0.0006000000000000001,35.02908000000001,0.0,0.0,funding,0.0035029080000000008,2336.18012183103,1
242,2026-07-01 00:00:00+00:00,BTC_USDT,long,long,funding,58632.5,0.0029,170.03425,0.0,0.0,funding,-0.017003425,2336.7397284060303,1
243,2026-07-01 00:00:00+00:00,BTC_USDT,short,short,funding,58632.5,0.0006000000000000001,35.179500000000004,0.0,0.0,funding,0.0035179500000000006,2336.7432463560303,1
244,2026-07-01 01:00:00+00:00,BTC_USDT,short,short,buy,57844.70627027027,0.0006000000000000001,34.706823762162166,0.0006941364752432433,0.0,grid_cover_tp,1.0236430772495924,2337.616588457393,2
245,2026-07-01 05:00:00+00:00,BTC_USDT,short,short,sell,59263.96281081081,0.0006000000000000001,35.55837768648649,0.0007111675537297298,0.0,grid_short,0.0,2338.7880149763255,2
246,2026-07-01 06:00:00+00:00,BTC_USDT,short,short,buy,58554.334540540534,0.0006000000000000001,35.13260072432433,0.0007026520144864866,0.0,grid_cover_tp,0.4250743101476778,2337.985561599987,3
247,2026-07-01 08:00:00+00:00,BTC_USDT,long,long,funding,58765.9,0.0029,170.42111,0.0,0.0,funding,-0.017042111000000002,2338.0094094889864,1
248,2026-07-01 12:00:00+00:00,BTC_USDT,short,short,sell,58554.334540540534,0.0006000000000000001,35.13260072432433,0.0007026520144864866,0.0,grid_short,0.0,2337.3449475612965,3
249,2026-07-01 13:00:00+00:00,BTC_USDT,long,long,buy,58554.334540540534,0.0006000000000000001,35.13260072432433,0.0007026520144864866,0.0,grid_buy,0.0,2340.1168841849576,1
250,2026-07-01 13:00:00+00:00,BTC_USDT,long,long,buy,59263.96281081081,0.0006000000000000001,35.55837768648649,0.0007111675537297298,0.0,grid_buy,0.0,2340.2536553309174,1
251,2026-07-01 14:00:00+00:00,BTC_USDT,long,long,sell,59263.96281081081,0.0006000000000000001,35.55837768648649,0.0007111675537297298,0.0,grid_sell_tp,-1.5372867098654466,2340.2584318498502,1
252,2026-07-01 14:00:00+00:00,BTC_USDT,long,long,sell,59973.591081081075,0.0006000000000000001,35.98415464864865,0.000719683092972973,0.0,grid_sell_tp,-1.11151826324253,2340.516426815406,1
253,2026-07-01 16:00:00+00:00,BTC_USDT,long,long,funding,60142.8,0.0029,174.41412,0.0,0.0,funding,-0.017441412,2341.8799054034057,1
254,2026-07-01 16:00:00+00:00,BTC_USDT,short,short,funding,60142.8,0.0006000000000000001,36.08568,0.0,0.0,funding,0.0036085680000000004,2341.8835139714056,3
255,2026-07-01 21:00:00+00:00,BTC_USDT,long,long,sell,60683.21935135135,0.0006000000000000001,36.409931610810816,0.0007281986322162163,0.0,grid_sell_tp,-0.6857498166196088,2343.3463773835842,1
256,2026-07-02 00:00:00+00:00,BTC_USDT,long,long,funding,60033.8,0.0023,138.07774,0.0,0.0,funding,-0.013807774000000002,2342.007929609584,1
257,2026-07-02 00:00:00+00:00,BTC_USDT,short,short,funding,60033.8,0.0006000000000000001,36.02028000000001,0.0,0.0,funding,0.003602028000000001,2342.011531637584,3
258,2026-07-02 01:00:00+00:00,BTC_USDT,long,long,buy,59973.591081081075,0.0006000000000000001,35.98415464864865,0.000719683092972973,0.0,grid_buy,0.0,2342.3788273058426,1
259,2026-07-02 03:00:00+00:00,BTC_USDT,long,long,sell,60683.21935135135,0.0006000000000000001,36.409931610810816,0.0007281986322162163,0.0,grid_sell_tp,-0.45592942072660186,2344.190090718021,1
260,2026-07-02 08:00:00+00:00,BTC_USDT,long,long,funding,60146.9,0.0023,138.33787,0.0,0.0,funding,-0.013833787000000002,2342.6142969310213,1
261,2026-07-02 08:00:00+00:00,BTC_USDT,short,short,funding,60146.9,0.0006000000000000001,36.08814,0.0,0.0,funding,0.0036088140000000006,2342.6179057450213,3
262,2026-07-02 09:00:00+00:00,BTC_USDT,long,long,sell,61392.847621621615,0.0006000000000000001,36.83570857297297,0.0007367141714594594,0.0,grid_sell_tp,-0.03016097410368515,2344.5029076038227,1
263,2026-07-02 12:00:00+00:00,BTC_USDT,long,long,buy,61392.847621621615,0.0006000000000000001,36.83570857297297,0.0007367141714594594,0.0,grid_buy,0.0,2344.985212316678,1
264,2026-07-02 14:00:00+00:00,BTC_USDT,long,long,sell,62102.47589189189,0.0006000000000000001,37.26148553513514,0.0007452297107027028,0.0,grid_sell_tp,0.40328336641460183,2345.4893026221025,1
265,2026-07-02 16:00:00+00:00,BTC_USDT,long,long,funding,61613.3,0.0017,104.74261,0.0,0.0,funding,-0.010474261,2345.3915983611023,1
266,2026-07-02 16:00:00+00:00,BTC_USDT,short,short,funding,61613.3,0.0006000000000000001,36.967980000000004,0.0,0.0,funding,0.0036967980000000007,2345.3952951591027,3
267,2026-07-02 16:00:00+00:00,BTC_USDT,long,long,buy,61392.847621621615,0.0006000000000000001,36.83570857297297,0.0007367141714594594,0.0,grid_buy,0.0,2345.634609871958,1
268,2026-07-03 00:00:00+00:00,BTC_USDT,long,long,funding,61560.3,0.0023,141.58869,0.0,0.0,funding,-0.014158869000000003,2345.422571002958,1
269,2026-07-03 00:00:00+00:00,BTC_USDT,short,short,funding,61560.3,0.0006000000000000001,36.93618000000001,0.0,0.0,funding,0.003693618000000001,2345.426264620958,3
270,2026-07-03 08:00:00+00:00,BTC_USDT,long,long,funding,61753.8,0.0023,142.03374,0.0,0.0,funding,-0.014203374,2345.741011246958,1
271,2026-07-03 08:00:00+00:00,BTC_USDT,short,short,funding,61753.8,0.0006000000000000001,37.05228,0.0,0.0,funding,0.0037052280000000005,2345.7447164749583,3
272,2026-07-03 12:00:00+00:00,BTC_USDT,long,long,buy,62102.47589189189,0.0006000000000000001,37.26148553513514,0.0007452297107027028,0.0,grid_buy,0.0,2346.059395710112,1
273,2026-07-03 12:00:00+00:00,BTC_USDT,long,long,sell,62102.47589189189,0.0006000000000000001,37.26148553513514,0.0007452297107027028,0.0,grid_sell_tp,0.32419090501699094,2346.1309960155363,1
274,2026-07-03 16:00:00+00:00,BTC_USDT,long,long,funding,61924.1,0.0023,142.42543,0.0,0.0,funding,-0.014242543000000002,2346.0184934725366,1
275,2026-07-03 16:00:00+00:00,BTC_USDT,short,short,funding,61924.1,0.0006000000000000001,37.15446,0.0,0.0,funding,0.0037154460000000003,2346.0222089185363,3
276,2026-07-03 20:00:00+00:00,BTC_USDT,long,long,buy,62812.104162162155,0.0006000000000000001,37.6872624972973,0.000753745249945946,0.0,grid_buy,0.0,2347.446642675989,1
277,2026-07-03 20:00:00+00:00,BTC_USDT,long,long,sell,62812.104162162155,0.0006000000000000001,37.6872624972973,0.000753745249945946,0.0,grid_sell_tp,0.5946394005592471,2347.4679114280366,1
278,2026-07-04 00:00:00+00:00,BTC_USDT,long,long,funding,62581.2,0.0023,143.93676,0.0,0.0,funding,-0.014393676,2347.1233777520365,1
279,2026-07-04 00:00:00+00:00,BTC_USDT,short,short,funding,62581.2,0.0006000000000000001,37.54872,0.0,0.0,funding,0.0037548720000000007,2347.127132624036,3
280,2026-07-04 08:00:00+00:00,BTC_USDT,long,long,funding,62577.2,0.0023,143.92756,0.0,0.0,funding,-0.014392756000000001,2347.1059398680363,1
281,2026-07-04 08:00:00+00:00,BTC_USDT,short,short,funding,62577.2,0.0006000000000000001,37.54632,0.0,0.0,funding,0.0037546320000000004,2347.1096945000363,3
282,2026-07-04 16:00:00+00:00,BTC_USDT,long,long,funding,62934.6,0.0023,144.74957999999998,0.0,0.0,funding,-0.014474958,2347.7027995420362,1
283,2026-07-04 16:00:00+00:00,BTC_USDT,short,short,funding,62934.6,0.0006000000000000001,37.760760000000005,0.0,0.0,funding,0.0037760760000000006,2347.7065756180364,3
284,2026-07-05 00:00:00+00:00,BTC_USDT,long,long,funding,63141.5,0.0023,145.22545,0.0,0.0,funding,-0.014522545,2348.043783073036,1
285,2026-07-05 00:00:00+00:00,BTC_USDT,short,short,funding,63141.5,0.0006000000000000001,37.8849,0.0,0.0,funding,0.0037884900000000003,2348.0475715630364,3
286,2026-07-05 08:00:00+00:00,BTC_USDT,long,long,funding,63018.9,0.0023,144.94347,0.0,0.0,funding,-0.014494347,2347.824657216036,1
287,2026-07-05 08:00:00+00:00,BTC_USDT,short,short,funding,63018.9,0.0006000000000000001,37.81134,0.0,0.0,funding,0.0037811340000000002,2347.8284383500363,3
288,2026-07-05 16:00:00+00:00,BTC_USDT,long,long,funding,62743.2,0.0023,144.30936,0.0,0.0,funding,-0.014430936,2347.3453174140363,1
289,2026-07-05 16:00:00+00:00,BTC_USDT,short,short,funding,62743.2,0.0006000000000000001,37.645920000000004,0.0,0.0,funding,0.0037645920000000006,2347.349082006036,3
290,2026-07-05 22:00:00+00:00,BTC_USDT,long,long,buy,63521.73243243243,0.0006000000000000001,38.11303945945946,0.0007622607891891892,0.0,grid_buy,0.0,2349.1623402857876,1
291,2026-07-05 22:00:00+00:00,BTC_USDT,long,long,sell,63521.73243243243,0.0006000000000000001,38.11303945945946,0.0007622607891891892,0.0,grid_sell_tp,0.8091312731191291,2349.033617484458,1
292,2026-07-06 00:00:00+00:00,BTC_USDT,long,long,funding,63644.2,0.0023,146.38165999999998,0.0,0.0,funding,-0.014638166,2348.8646193184577,1
293,2026-07-06 00:00:00+00:00,BTC_USDT,short,short,funding,63644.2,0.0006000000000000001,38.18652,0.0,0.0,funding,0.0038186520000000005,2348.8684379704578,3
294,2026-07-06 08:00:00+00:00,BTC_USDT,long,long,funding,63092.5,0.0023,145.11275,0.0,0.0,funding,-0.014511275,2347.9160366954575,1
295,2026-07-06 08:00:00+00:00,BTC_USDT,short,short,funding,63092.5,0.0006000000000000001,37.855500000000006,0.0,0.0,funding,0.003785550000000001,2347.919822245458,3
296,2026-07-06 09:00:00+00:00,BTC_USDT,short,short,sell,62812.104162162155,0.0006000000000000001,37.6872624972973,0.000753745249945946,0.0,grid_short,0.0,2347.285200997505,3
297,2026-07-06 12:00:00+00:00,BTC_USDT,short,short,sell,62102.47589189189,0.0006000000000000001,37.26148553513514,0.0007452297107027028,0.0,grid_short,0.0,2346.486921302929,3
298,2026-07-06 12:00:00+00:00,BTC_USDT,short,short,buy,62102.47589189189,0.0006000000000000001,37.26148553513514,0.0007452297107027028,0.0,grid_cover_tp,-0.5684478459269189,2346.2772105380836,3
299,2026-07-06 13:00:00+00:00,BTC_USDT,short,short,buy,61392.847621621615,0.0006000000000000001,36.83570857297297,0.0007367141714594594,0.0,grid_cover_tp,-0.14266236822551132,2346.5233752509394,3
300,2026-07-06 14:00:00+00:00,BTC_USDT,short,short,sell,62102.47589189189,0.0006000000000000001,37.26148553513514,0.0007452297107027028,0.0,grid_short,0.0,2347.0200655563635,3
301,2026-07-06 15:00:00+00:00,BTC_USDT,long,long,buy,62102.47589189189,0.0006000000000000001,37.26148553513514,0.0007452297107027028,0.0,grid_buy,0.0,2349.5388747915176,1
302,2026-07-06 15:00:00+00:00,BTC_USDT,long,long,buy,62812.104162162155,0.0006000000000000001,37.6872624972973,0.000753745249945946,0.0,grid_buy,0.0,2349.97881854897,1
303,2026-07-06 16:00:00+00:00,BTC_USDT,long,long,funding,63546.7,0.0034999999999999996,222.41344999999995,0.0,0.0,funding,-0.022241344999999996,2349.95680720397,1
304,2026-07-06 16:00:00+00:00,BTC_USDT,short,short,funding,63546.7,0.0012000000000000001,76.25604,0.0,0.0,funding,0.007625604,2349.9644328079703,3
305,2026-07-06 16:00:00+00:00,BTC_USDT,long,long,sell,62812.104162162155,0.0006000000000000001,37.6872624972973,0.000753745249945946,0.0,grid_sell_tp,0.32465605255389196,2349.8331715600175,1
306,2026-07-06 16:00:00+00:00,BTC_USDT,long,long,sell,63521.73243243243,0.0006000000000000001,38.11303945945946,0.0007622607891891892,0.0,grid_sell_tp,0.7504244991768131,2349.7079287586876,1
307,2026-07-06 21:00:00+00:00,BTC_USDT,long,long,buy,64231.360702702696,0.0006000000000000001,38.53881642162162,0.0007707763284324324,0.0,grid_buy,0.0,2350.6929315607376,1
308,2026-07-06 21:00:00+00:00,BTC_USDT,long,long,sell,64231.360702702696,0.0006000000000000001,38.53881642162162,0.0007707763284324324,0.0,grid_sell_tp,0.9326832101870071,2350.539197206031,1
309,2026-07-07 00:00:00+00:00,BTC_USDT,long,long,funding,64040.3,0.0023,147.29269,0.0,0.0,funding,-0.014729269,2350.033867937031,1
310,2026-07-07 00:00:00+00:00,BTC_USDT,short,short,funding,64040.3,0.0012000000000000001,76.84836000000001,0.0,0.0,funding,0.007684836000000001,2350.041552773031,3
311,2026-07-07 08:00:00+00:00,BTC_USDT,long,long,funding,63084.5,0.0023,145.09435,0.0,0.0,funding,-0.014509435,2348.975663338031,1
312,2026-07-07 08:00:00+00:00,BTC_USDT,short,short,funding,63084.5,0.0012000000000000001,75.7014,0.0,0.0,funding,0.007570140000000001,2348.9832334780313,3
313,2026-07-07 12:00:00+00:00,BTC_USDT,long,long,buy,63521.73243243243,0.0006000000000000001,38.11303945945946,0.0007622607891891892,0.0,grid_buy,0.0,2349.3924817577827,1
314,2026-07-07 14:00:00+00:00,BTC_USDT,long,long,buy,62812.104162162155,0.0006000000000000001,37.6872624972973,0.000753745249945946,0.0,grid_buy,0.0,2349.974165515235,1
315,2026-07-07 15:00:00+00:00,BTC_USDT,long,long,sell,63521.73243243243,0.0006000000000000001,38.11303945945946,0.0007622607891891892,0.0,grid_sell_tp,0.4058444058707617,2350.5904127139056,1
316,2026-07-07 16:00:00+00:00,BTC_USDT,long,long,funding,63938.1,0.0029,185.42048999999997,0.0,0.0,funding,-0.018542048999999998,2350.5769706649053,1
317,2026-07-07 16:00:00+00:00,BTC_USDT,short,short,funding,63938.1,0.0012000000000000001,76.72572000000001,0.0,0.0,funding,0.007672572000000002,2350.5846432369053,3
318,2026-07-07 16:00:00+00:00,BTC_USDT,long,long,sell,64231.360702702696,0.0006000000000000001,38.53881642162162,0.0007707763284324324,0.0,grid_sell_tp,0.8316128524936783,2350.812738882199,1
319,2026-07-07 19:00:00+00:00,BTC_USDT,long,long,buy,63521.73243243243,0.0006000000000000001,38.11303945945946,0.0007622607891891892,0.0,grid_buy,0.0,2350.80760716195,1
320,2026-07-08 00:00:00+00:00,BTC_USDT,long,long,funding,63368.6,0.0029,183.76894,0.0,0.0,funding,-0.018376894,2350.02236026795,1
321,2026-07-08 00:00:00+00:00,BTC_USDT,short,short,funding,63368.6,0.0012000000000000001,76.04232,0.0,0.0,funding,0.007604232000000001,2350.02996449995,3
322,2026-07-08 01:00:00+00:00,BTC_USDT,short,short,sell,63521.73243243243,0.0006000000000000001,38.11303945945946,0.0007622607891891892,0.0,grid_short,0.0,2349.7630316986206,3
323,2026-07-08 02:00:00+00:00,BTC_USDT,short,short,buy,62812.104162162155,0.0006000000000000001,37.6872624972973,0.000753745249945946,0.0,grid_cover_tp,-0.33191360470940606,2349.799045456073,3
324,2026-07-08 03:00:00+00:00,BTC_USDT,short,short,sell,62812.104162162155,0.0006000000000000001,37.6872624972973,0.000753745249945946,0.0,grid_short,0.0,2349.456054208121,3
325,2026-07-08 08:00:00+00:00,BTC_USDT,long,long,funding,62887.4,0.0029,182.37346,0.0,0.0,funding,-0.018237346,2349.5720168621206,1
326,2026-07-08 08:00:00+00:00,BTC_USDT,short,short,funding,62887.4,0.0018000000000000002,113.19732000000002,0.0,0.0,funding,0.011319732000000002,2349.5833365941203,3
327,2026-07-08 08:00:00+00:00,BTC_USDT,short,short,buy,62102.47589189189,0.0006000000000000001,37.26148553513514,0.0007452297107027028,0.0,grid_cover_tp,0.2042584928118186,2348.5759058292747,3
328,2026-07-08 16:00:00+00:00,BTC_USDT,long,long,funding,61702.4,0.0029,178.93696,0.0,0.0,funding,-0.017893696,2348.021152133275,1
329,2026-07-08 16:00:00+00:00,BTC_USDT,short,short,funding,61702.4,0.0012000000000000001,74.04288000000001,0.0,0.0,funding,0.007404288000000001,2348.0285564212745,3
330,2026-07-09 00:00:00+00:00,BTC_USDT,long,long,funding,62287.3,0.0029,180.63317,0.0,0.0,funding,-0.018063317000000002,2349.0048231042747,1
331,2026-07-09 00:00:00+00:00,BTC_USDT,short,short,funding,62287.3,0.0012000000000000001,74.74476000000001,0.0,0.0,funding,0.007474476000000002,2349.012297580275,3
332,2026-07-09 06:00:00+00:00,BTC_USDT,long,long,buy,62812.104162162155,0.0006000000000000001,37.6872624972973,0.000753745249945946,0.0,grid_buy,0.0,2350.2263913377274,1
333,2026-07-09 08:00:00+00:00,BTC_USDT,long,long,funding,63003.7,0.0034999999999999996,220.51294999999996,0.0,0.0,funding,-0.022051295,2350.3223300427276,1
334,2026-07-09 08:00:00+00:00,BTC_USDT,short,short,funding,63003.7,0.0012000000000000001,75.60444,0.0,0.0,funding,0.007560444,2350.329890486728,3
335,2026-07-09 16:00:00+00:00,BTC_USDT,long,long,funding,62870.8,0.0034999999999999996,220.0478,0.0,0.0,funding,-0.02200478,2350.002215706728,1
336,2026-07-09 16:00:00+00:00,BTC_USDT,short,short,funding,62870.8,0.0012000000000000001,75.44496000000001,0.0,0.0,funding,0.007544496000000001,2350.009760202728,3
337,2026-07-10 00:00:00+00:00,BTC_USDT,long,long,funding,63222.0,0.0034999999999999996,221.277,0.0,0.0,funding,-0.0221277,2350.7953925027277,1
338,2026-07-10 00:00:00+00:00,BTC_USDT,short,short,funding,63222.0,0.0012000000000000001,75.86640000000001,0.0,0.0,funding,0.007586640000000001,2350.802979142728,3
339,2026-07-10 01:00:00+00:00,BTC_USDT,long,long,sell,63521.73243243243,0.0006000000000000001,38.11303945945946,0.0007622607891891892,0.0,grid_sell_tp,0.33942674224371516,2351.878636341398,1
340,2026-07-10 08:00:00+00:00,BTC_USDT,long,long,funding,63978.2,0.0029,185.53677999999996,0.0,0.0,funding,-0.018553677999999997,2352.249042663398,1
341,2026-07-10 08:00:00+00:00,BTC_USDT,short,short,funding,63978.2,0.0012000000000000001,76.77384,0.0,0.0,funding,0.007677384000000001,2352.256720047398,3
342,2026-07-10 08:00:00+00:00,BTC_USDT,long,long,sell,64231.360702702696,0.0006000000000000001,38.53881642162162,0.0007707763284324324,0.0,grid_sell_tp,0.7651951888666318,2352.6983556926916,1
343,2026-07-10 16:00:00+00:00,BTC_USDT,long,long,funding,64036.5,0.0023,147.28395,0.0,0.0,funding,-0.014728395000000002,2352.4572472976915,1
344,2026-07-10 16:00:00+00:00,BTC_USDT,short,short,funding,64036.5,0.0012000000000000001,76.8438,0.0,0.0,funding,0.00768438,2352.4649316776913,3
345,2026-07-11 00:00:00+00:00,BTC_USDT,long,long,funding,64165.2,0.0023,147.57996,0.0,0.0,funding,-0.014757996,2352.5917436816912,1
346,2026-07-11 00:00:00+00:00,BTC_USDT,short,short,funding,64165.2,0.0012000000000000001,76.99824000000001,0.0,0.0,funding,0.007699824000000001,2352.5994435056914,3
347,2026-07-11 08:00:00+00:00,BTC_USDT,long,long,funding,64161.0,0.0023,147.5703,0.0,0.0,funding,-0.01475703,2352.580066475691,1
348,2026-07-11 08:00:00+00:00,BTC_USDT,short,short,funding,64161.0,0.0012000000000000001,76.9932,0.0,0.0,funding,0.007699320000000001,2352.587765795691,3
349,2026-07-11 16:00:00+00:00,BTC_USDT,long,long,funding,64174.4,0.0023,147.60112,0.0,0.0,funding,-0.014760112000000002,2352.587745683691,1
350,2026-07-11 16:00:00+00:00,BTC_USDT,short,short,funding,64174.4,0.0012000000000000001,77.00928,0.0,0.0,funding,0.007700928000000001,2352.5954466116914,3
351,2026-07-11 23:00:00+00:00,BTC_USDT,short,short,sell,64231.360702702696,0.0006000000000000001,38.53881642162162,0.0007707763284324324,0.0,grid_short,0.0,2352.4527522569847,3
352,2026-07-12 00:00:00+00:00,BTC_USDT,long,long,funding,63822.2,0.0023,146.79106,0.0,0.0,funding,-0.014679105999999999,2352.4380731509846,1
353,2026-07-12 00:00:00+00:00,BTC_USDT,short,short,funding,63822.2,0.0018000000000000002,114.87996000000001,0.0,0.0,funding,0.011487996000000002,2352.4495611469847,3
354,2026-07-12 08:00:00+00:00,BTC_USDT,long,long,funding,63886.5,0.0023,146.93895,0.0,0.0,funding,-0.014693895000000002,2352.4670172519845,1
355,2026-07-12 08:00:00+00:00,BTC_USDT,short,short,funding,63886.5,0.0018000000000000002,114.99570000000001,0.0,0.0,funding,0.011499570000000002,2352.4785168219846,3
356,2026-07-12 16:00:00+00:00,BTC_USDT,long,long,funding,64175.9,0.0023,147.60457,0.0,0.0,funding,-0.014760457,2352.6084563649842,1
357,2026-07-12 16:00:00+00:00,BTC_USDT,short,short,funding,64175.9,0.0018000000000000002,115.51662000000002,0.0,0.0,funding,0.011551662000000002,2352.6200080269846,3
358,2026-07-13 00:00:00+00:00,BTC_USDT,long,long,funding,63780.9,0.0023,146.69607,0.0,0.0,funding,-0.014669607,2352.4078384199847,1
359,2026-07-13 00:00:00+00:00,BTC_USDT,short,short,funding,63780.9,0.0018000000000000002,114.80562000000002,0.0,0.0,funding,0.011480562000000003,2352.4193189819844,3
360,2026-07-13 01:00:00+00:00,BTC_USDT,short,short,sell,63521.73243243243,0.0006000000000000001,38.11303945945946,0.0007622607891891892,0.0,grid_short,0.0,2352.300136180655,3
361,2026-07-13 01:00:00+00:00,BTC_USDT,short,short,buy,63521.73243243243,0.0006000000000000001,38.11303945945946,0.0007622607891891892,0.0,grid_cover_tp,-0.2175931211495518,2352.232394460406,3
362,2026-07-13 03:00:00+00:00,BTC_USDT,short,short,sell,62812.104162162155,0.0006000000000000001,37.6872624972973,0.000753745249945946,0.0,grid_short,0.0,2351.9328832124534,3
363,2026-07-13 03:00:00+00:00,BTC_USDT,short,short,buy,62812.104162162155,0.0006000000000000001,37.6872624972973,0.000753745249945946,0.0,grid_cover_tp,0.155955831101401,2351.930686969906,3
364,2026-07-13 08:00:00+00:00,BTC_USDT,long,long,funding,62990.4,0.0023,144.87792,0.0,0.0,funding,-0.014487792,2352.0065491779064,1
365,2026-07-13 08:00:00+00:00,BTC_USDT,short,short,funding,62990.4,0.0018000000000000002,113.38272,0.0,0.0,funding,0.011338272000000002,2352.0178874499065,3
366,2026-07-13 16:00:00+00:00,BTC_USDT,long,long,funding,62614.7,0.0023,144.01380999999998,0.0,0.0,funding,-0.014401380999999998,2351.8156360689063,1
367,2026-07-13 16:00:00+00:00,BTC_USDT,short,short,funding,62614.7,0.0018000000000000002,112.70646,0.0,0.0,funding,0.011270646,2351.8269067149063,3
368,2026-07-13 17:00:00+00:00,BTC_USDT,short,short,buy,62102.47589189189,0.0006000000000000001,37.26148553513514,0.0007452297107027028,0.0,grid_cover_tp,0.5817413088028042,2351.3498559500604,3
369,2026-07-14 00:00:00+00:00,BTC_USDT,long,long,funding,62337.2,0.0023,143.37555999999998,0.0,0.0,funding,-0.014337555999999998,2351.8139083940605,1
370,2026-07-14 00:00:00+00:00,BTC_USDT,short,short,funding,62337.2,0.0012000000000000001,74.80464,0.0,0.0,funding,0.007480464000000001,2351.821388858061,3
371,2026-07-14 05:00:00+00:00,BTC_USDT,short,short,sell,62812.104162162155,0.0006000000000000001,37.6872624972973,0.000753745249945946,0.0,grid_short,0.0,2352.3039776101077,3
372,2026-07-14 08:00:00+00:00,BTC_USDT,long,long,funding,62554.1,0.0023,143.87443,0.0,0.0,funding,-0.014387443,2352.1996401671076,1
373,2026-07-14 08:00:00+00:00,BTC_USDT,short,short,funding,62554.1,0.0018000000000000002,112.59738,0.0,0.0,funding,0.011259738,2352.210899905108,3
374,2026-07-14 12:00:00+00:00,BTC_USDT,long,long,buy,62812.104162162155,0.0006000000000000001,37.6872624972973,0.000753745249945946,0.0,grid_buy,0.0,2353.5932536625605,1
375,2026-07-14 12:00:00+00:00,BTC_USDT,long,long,buy,63521.73243243243,0.0006000000000000001,38.11303945945946,0.0007622607891891892,0.0,grid_buy,0.0,2353.850771942312,1
376,2026-07-14 13:00:00+00:00,BTC_USDT,long,long,sell,63521.73243243243,0.0006000000000000001,38.11303945945946,0.0007622607891891892,0.0,grid_sell_tp,0.29578084900308244,2353.471169140982,1
377,2026-07-14 14:00:00+00:00,BTC_USDT,long,long,sell,64231.360702702696,0.0006000000000000001,38.53881642162162,0.0007707763284324324,0.0,grid_sell_tp,0.7215492956259991,2353.9284547862753,1
378,2026-07-14 15:00:00+00:00,BTC_USDT,long,long,sell,64940.98897297297,0.0006000000000000001,38.964593383783786,0.0007792918676756758,0.0,grid_sell_tp,1.1473177422489202,2354.271678878192,1
379,2026-07-14 16:00:00+00:00,BTC_USDT,long,long,funding,64745.0,0.0017,110.06649999999999,0.0,0.0,funding,-0.01100665,2354.2606622281914,1
380,2026-07-14 16:00:00+00:00,BTC_USDT,short,short,funding,64745.0,0.0018000000000000002,116.54100000000001,0.0,0.0,funding,0.011654100000000002,2354.2723163281917,3
381,2026-07-15 00:00:00+00:00,BTC_USDT,long,long,funding,65035.3,0.0017,110.56001,0.0,0.0,funding,-0.011056001000000001,2354.2322303271917,1
382,2026-07-15 00:00:00+00:00,BTC_USDT,short,short,funding,65035.3,0.0018000000000000002,117.06354000000002,0.0,0.0,funding,0.011706354000000002,2354.2439366811914,3
383,2026-07-15 08:00:00+00:00,BTC_USDT,long,long,funding,64551.5,0.0017,109.73755,0.0,0.0,funding,-0.010973755,2354.2813429261914,1
384,2026-07-15 08:00:00+00:00,BTC_USDT,short,short,funding,64551.5,0.0018000000000000002,116.19270000000002,0.0,0.0,funding,0.011619270000000003,2354.292962196191,3
385,2026-07-15 16:00:00+00:00,BTC_USDT,long,long,funding,65424.5,0.0017,111.22165,0.0,0.0,funding,-0.011122165,2354.1945400311915,1
386,2026-07-15 16:00:00+00:00,BTC_USDT,short,short,funding,65424.5,0.0018000000000000002,117.76410000000001,0.0,0.0,funding,0.011776410000000001,2354.2063164411916,3
387,2026-07-16 00:00:00+00:00,BTC_USDT,long,long,funding,64753.6,0.0017,110.08111999999998,0.0,0.0,funding,-0.011008111999999999,2354.2623983291915,1
388,2026-07-16 00:00:00+00:00,BTC_USDT,short,short,funding,64753.6,0.0018000000000000002,116.55648000000001,0.0,0.0,funding,0.011655648000000001,2354.274053977191,3
389,2026-07-16 07:00:00+00:00,BTC_USDT,short,short,sell,64231.360702702696,0.0006000000000000001,38.53881642162162,0.0007707763284324324,0.0,grid_short,0.0,2354.3223296224846,3
390,2026-07-16 08:00:00+00:00,BTC_USDT,long,long,funding,64239.3,0.0017,109.20681,0.0,0.0,funding,-0.010920681000000002,2354.3090289414845,1
391,2026-07-16 08:00:00+00:00,BTC_USDT,short,short,funding,64239.3,0.0024000000000000002,154.17432000000002,0.0,0.0,funding,0.015417432000000003,2354.3244463734845,3
392,2026-07-16 16:00:00+00:00,BTC_USDT,long,long,funding,64702.4,0.0017,109.99408,0.0,0.0,funding,-0.010999408,2353.989276965485,1
393,2026-07-16 16:00:00+00:00,BTC_USDT,short,short,funding,64702.4,0.0024000000000000002,155.28576,0.0,0.0,funding,0.015528576000000002,2354.0048055414845,3
394,2026-07-17 00:00:00+00:00,BTC_USDT,long,long,funding,63831.9,0.0017,108.51423,0.0,0.0,funding,-0.010851423,2354.6033041184846,1
395,2026-07-17 00:00:00+00:00,BTC_USDT,short,short,funding,63831.9,0.0024000000000000002,153.19656,0.0,0.0,funding,0.015319656000000001,2354.6186237744846,3
396,2026-07-17 01:00:00+00:00,BTC_USDT,short,short,sell,63521.73243243243,0.0006000000000000001,38.11303945945946,0.0007622607891891892,0.0,grid_short,0.0,2354.8109709731552,3
397,2026-07-17 01:00:00+00:00,BTC_USDT,short,short,buy,63521.73243243243,0.0006000000000000001,38.11303945945946,0.0007622607891891892,0.0,grid_cover_tp,-0.10838921511351439,2354.8212892529064,3
398,2026-07-17 05:00:00+00:00,BTC_USDT,short,short,buy,62812.104162162155,0.0006000000000000001,37.6872624972973,0.000753745249945946,0.0,grid_cover_tp,0.31739626258789316,2355.327633010359,3
399,2026-07-17 08:00:00+00:00,BTC_USDT,long,long,funding,62827.5,0.0017,106.80675,0.0,0.0,funding,-0.010680675,2355.3179823353594,1
400,2026-07-17 08:00:00+00:00,BTC_USDT,short,short,funding,62827.5,0.0018000000000000002,113.08950000000002,0.0,0.0,funding,0.011308950000000002,2355.3292912853594,3
401,2026-07-17 16:00:00+00:00,BTC_USDT,long,long,funding,63450.5,0.0017,107.86585,0.0,0.0,funding,-0.010786585,2355.2562047003594,1
402,2026-07-17 16:00:00+00:00,BTC_USDT,short,short,funding,63450.5,0.0018000000000000002,114.21090000000001,0.0,0.0,funding,0.011421090000000002,2355.2676257903595,3
403,2026-07-17 16:00:00+00:00,BTC_USDT,short,short,sell,63521.73243243243,0.0006000000000000001,38.11303945945946,0.0007622607891891892,0.0,grid_short,0.0,2355.20978298903,3
404,2026-07-17 18:00:00+00:00,BTC_USDT,long,long,buy,64231.360702702696,0.0006000000000000001,38.53881642162162,0.0007707763284324324,0.0,grid_buy,0.0,2354.75961579108,1
405,2026-07-18 00:00:00+00:00,BTC_USDT,long,long,funding,63935.2,0.0023,147.05096,0.0,0.0,funding,-0.014705096,2354.7771406950797,1
406,2026-07-18 00:00:00+00:00,BTC_USDT,short,short,funding,63935.2,0.0024000000000000002,153.44448,0.0,0.0,funding,0.015344448,2354.79248514308,3
407,2026-07-18 08:00:00+00:00,BTC_USDT,long,long,funding,64009.3,0.0023,147.22139,0.0,0.0,funding,-0.014722139000000002,2354.77035300408,1
408,2026-07-18 08:00:00+00:00,BTC_USDT,short,short,funding,64009.3,0.0024000000000000002,153.62232000000003,0.0,0.0,funding,0.015362232000000003,2354.7857152360793,3
409,2026-07-18 16:00:00+00:00,BTC_USDT,long,long,funding,64117.5,0.0023,147.47025,0.0,0.0,funding,-0.014747025,2354.7601482110795,1
410,2026-07-18 16:00:00+00:00,BTC_USDT,short,short,funding,64117.5,0.0024000000000000002,153.882,0.0,0.0,funding,0.015388200000000001,2354.77553641108,3
411,2026-07-19 00:00:00+00:00,BTC_USDT,long,long,funding,64838.0,0.0023,149.1274,0.0,0.0,funding,-0.01491274,2354.6885736710797,1
412,2026-07-19 00:00:00+00:00,BTC_USDT,short,short,funding,64838.0,0.0024000000000000002,155.61120000000003,0.0,0.0,funding,0.015561120000000003,2354.70413479108,3
413,2026-07-19 02:00:00+00:00,BTC_USDT,long,long,sell,64940.98897297297,0.0006000000000000001,38.964593383783786,0.0007792918676756758,0.0,grid_sell_tp,0.958886419130373,2354.775088882996,1
414,2026-07-19 08:00:00+00:00,BTC_USDT,long,long,funding,64717.4,0.0017,110.01957999999999,0.0,0.0,funding,-0.011001958,2354.838566924996,1
415,2026-07-19 08:00:00+00:00,BTC_USDT,short,short,funding,64717.4,0.0024000000000000002,155.32176,0.0,0.0,funding,0.015532176000000002,2354.854099100996,3
416,2026-07-19 16:00:00+00:00,BTC_USDT,long,long,funding,64577.1,0.0017,109.78106999999999,0.0,0.0,funding,-0.010978106999999999,2354.941330993996,1
417,2026-07-19 16:00:00+00:00,BTC_USDT,short,short,funding,64577.1,0.0024000000000000002,154.98504,0.0,0.0,funding,0.015498504,2354.9568294979963,3
418,2026-07-20 00:00:00+00:00,BTC_USDT,long,long,funding,64726.5,0.0017,110.03505,0.0,0.0,funding,-0.011003505,2354.841245992996,1
419,2026-07-20 00:00:00+00:00,BTC_USDT,short,short,funding,64726.5,0.0024000000000000002,155.3436,0.0,0.0,funding,0.015534360000000002,2354.856780352996,3
420,2026-07-20 05:00:00+00:00,BTC_USDT,short,short,sell,64231.360702702696,0.0006000000000000001,38.53881642162162,0.0007707763284324324,0.0,grid_short,0.0,2355.341915998289,3
421,2026-07-20 08:00:00+00:00,BTC_USDT,long,long,funding,64276.9,0.0017,109.27073,0.0,0.0,funding,-0.010927073,2355.1324789252894,1
422,2026-07-20 08:00:00+00:00,BTC_USDT,short,short,funding,64276.9,0.003,192.8307,0.0,0.0,funding,0.019283070000000003,2355.1517619952892,3
423,2026-07-20 15:00:00+00:00,BTC_USDT,long,long,buy,65650.61724324324,0.0006000000000000001,39.390370345945946,0.000787807406918919,0.0,grid_buy,0.0,2353.4007838419366,1
424,2026-07-20 15:00:00+00:00,BTC_USDT,long,long,sell,65650.61724324324,0.0006000000000000001,39.390370345945946,0.000787807406918919,0.0,grid_sell_tp,1.0232350379723631,2353.4305463804753,1
425,2026-07-20 16:00:00+00:00,BTC_USDT,long,long,funding,65599.6,0.0017,111.51932000000001,0.0,0.0,funding,-0.011151932000000002,2353.4195244484754,1
426,2026-07-20 16:00:00+00:00,BTC_USDT,short,short,funding,65599.6,0.003,196.79880000000003,0.0,0.0,funding,0.019679880000000004,2353.439204328475,3
427,2026-07-21 00:00:00+00:00,BTC_USDT,long,long,funding,65256.0,0.0017,110.9352,0.0,0.0,funding,-0.01109352,2353.874790808475,1
428,2026-07-21 00:00:00+00:00,BTC_USDT,short,short,funding,65256.0,0.003,195.768,0.0,0.0,funding,0.019576800000000002,2353.8943676084755,3
429,2026-07-21 08:00:00+00:00,BTC_USDT,long,long,funding,66188.8,0.0017,112.52096,0.0,0.0,funding,-0.011252096000000001,2352.6704755124756,1
430,2026-07-21 08:00:00+00:00,BTC_USDT,short,short,funding,66188.8,0.003,198.56640000000002,0.0,0.0,funding,0.019856640000000002,2352.6903321524755,3
431,2026-07-21 10:00:00+00:00,BTC_USDT,long,long,sell,66360.24551351351,0.0006000000000000001,39.81614730810811,0.0007963229461621622,0.0,grid_sell_tp,1.4490034845952844,2352.7920231376374,1
432,2026-07-21 16:00:00+00:00,BTC_USDT,long,long,funding,66685.6,0.0010999999999999998,73.35416,0.0,0.0,funding,-0.007335416,2351.8411477216373,1
433,2026-07-21 16:00:00+00:00,BTC_USDT,short,short,funding,66685.6,0.003,200.0568,0.0,0.0,funding,0.02000568,2351.8611534016372,3
434,2026-07-22 00:00:00+00:00,BTC_USDT,long,long,funding,66557.6,0.0010999999999999998,73.21336,0.0,0.0,funding,-0.0073213359999999995,2352.097032065637,1
435,2026-07-22 00:00:00+00:00,BTC_USDT,short,short,funding,66557.6,0.003,199.67280000000002,0.0,0.0,funding,0.019967280000000004,2352.116999345637,3
436,2026-07-22 08:00:00+00:00,BTC_USDT,long,long,funding,65842.1,0.0010999999999999998,72.42631,0.0,0.0,funding,-0.007242631,2353.469206714637,1
437,2026-07-22 08:00:00+00:00,BTC_USDT,short,short,funding,65842.1,0.003,197.52630000000002,0.0,0.0,funding,0.019752630000000004,2353.4889593446374,3
438,2026-07-22 12:00:00+00:00,BTC_USDT,short,short,sell,65650.61724324324,0.0006000000000000001,39.390370345945946,0.000787807406918919,0.0,grid_short,0.0,2353.874031883176,3
439,2026-07-22 16:00:00+00:00,BTC_USDT,long,long,funding,66046.5,0.0010999999999999998,72.65114999999999,0.0,0.0,funding,-0.007265114999999999,2352.855016768176,1
440,2026-07-22 16:00:00+00:00,BTC_USDT,short,short,funding,66046.5,0.0036,237.76739999999998,0.0,0.0,funding,0.023776739999999998,2352.878793508176,3
441,2026-07-23 00:00:00+00:00,BTC_USDT,long,long,funding,66118.5,0.0010999999999999998,72.73034999999999,0.0,0.0,funding,-0.007273034999999999,2352.691520473176,1
442,2026-07-23 00:00:00+00:00,BTC_USDT,short,short,funding,66118.5,0.0036,238.0266,0.0,0.0,funding,0.02380266,2352.715323133176,3
443,2026-07-23 08:00:00+00:00,BTC_USDT,long,long,funding,65441.4,0.0010999999999999998,71.98553999999999,0.0,0.0,funding,-0.007198553999999999,2354.400874579176,1
444,2026-07-23 08:00:00+00:00,BTC_USDT,short,short,funding,65441.4,0.0036,235.58904,0.0,0.0,funding,0.023558904000000002,2354.424433483176,3
445,2026-07-23 13:00:00+00:00,BTC_USDT,short,short,sell,64940.98897297297,0.0006000000000000001,38.964593383783786,0.0007792918676756758,0.0,grid_short,0.0,2355.8609575750925,3
446,2026-07-23 13:00:00+00:00,BTC_USDT,short,short,buy,64940.98897297297,0.0006000000000000001,38.964593383783786,0.0007792918676756758,0.0,grid_cover_tp,-0.5335073719062842,2355.824124899441,3
447,2026-07-23 16:00:00+00:00,BTC_USDT,long,long,funding,64960.9,0.0010999999999999998,71.45698999999999,0.0,0.0,funding,-0.007145698999999999,2355.6169792004407,1
448,2026-07-23 16:00:00+00:00,BTC_USDT,short,short,funding,64960.9,0.0036,233.85924,0.0,0.0,funding,0.023385924000000002,2355.6403651244405,3
449,2026-07-24 00:00:00+00:00,BTC_USDT,long,long,funding,65099.2,0.0010999999999999998,71.60911999999999,0.0,0.0,funding,-0.007160911999999999,2355.2874542124405,1
450,2026-07-24 00:00:00+00:00,BTC_USDT,short,short,funding,65099.2,0.0036,234.35711999999998,0.0,0.0,funding,0.023435712,2355.3108899244407,3
451,2026-07-24 08:00:00+00:00,BTC_USDT,long,long,funding,65503.0,0.0010999999999999998,72.0533,0.0,0.0,funding,-0.007205329999999999,2354.2941845944406,1
452,2026-07-24 08:00:00+00:00,BTC_USDT,short,short,funding,65503.0,0.0036,235.8108,0.0,0.0,funding,0.02358108,2354.3177656744406,3
453,2026-07-24 13:00:00+00:00,BTC_USDT,short,short,buy,64231.360702702696,0.0006000000000000001,38.53881642162162,0.0007707763284324324,0.0,grid_cover_tp,-0.10772189420487663,2357.6491584764904,3
454,2026-07-24 16:00:00+00:00,BTC_USDT,long,long,funding,64094.4,0.0010999999999999998,70.50384,0.0,0.0,funding,-0.007050384,2357.7492680924906,1
455,2026-07-24 16:00:00+00:00,BTC_USDT,short,short,funding,64094.4,0.003,192.28320000000002,0.0,0.0,funding,0.019228320000000004,2357.7684964124905,3
456,2026-07-25 00:00:00+00:00,BTC_USDT,long,long,funding,64145.9,0.0010999999999999998,70.56048999999999,0.0,0.0,funding,-0.007056048999999999,2357.6635903634906,1
457,2026-07-25 00:00:00+00:00,BTC_USDT,short,short,funding,64145.9,0.003,192.4377,0.0,0.0,funding,0.01924377,2357.6828341334904,3
458,2026-07-25 08:00:00+00:00,BTC_USDT,long,long,funding,64008.7,0.0010999999999999998,70.40956999999999,0.0,0.0,funding,-0.007040956999999999,2357.936473176491,1
459,2026-07-25 08:00:00+00:00,BTC_USDT,short,short,funding,64008.7,0.003,192.02609999999999,0.0,0.0,funding,0.01920261,2357.9556757864907,3
460,2026-07-25 16:00:00+00:00,BTC_USDT,long,long,funding,64186.2,0.0010999999999999998,70.60481999999999,0.0,0.0,funding,-0.007060481999999999,2357.6113653044904,1
461,2026-07-25 16:00:00+00:00,BTC_USDT,short,short,funding,64186.2,0.003,192.55859999999998,0.0,0.0,funding,0.01925586,2357.6306211644905,3
462,2026-07-26 00:00:00+00:00,BTC_USDT,long,long,funding,64372.0,0.0010999999999999998,70.80919999999999,0.0,0.0,funding,-0.007080919999999999,2357.2705202444904,1
463,2026-07-26 00:00:00+00:00,BTC_USDT,short,short,funding,64372.0,0.003,193.116,0.0,0.0,funding,0.0193116,2357.2898318444904,3
464,2026-07-26 08:00:00+00:00,BTC_USDT,long,long,funding,64364.8,0.0010999999999999998,70.80127999999999,0.0,0.0,funding,-0.007080128,2357.2964317164906,1
465,2026-07-26 08:00:00+00:00,BTC_USDT,short,short,funding,64364.8,0.003,193.0944,0.0,0.0,funding,0.01930944,2357.3157411564903,3
466,2026-07-26 16:00:00+00:00,BTC_USDT,long,long,funding,64766.0,0.0010999999999999998,71.2426,0.0,0.0,funding,-0.00712426,2356.5463368964906,1
467,2026-07-26 16:00:00+00:00,BTC_USDT,short,short,funding,64766.0,0.003,194.298,0.0,0.0,funding,0.0194298,2356.5657666964908,3
468,2026-07-26 22:00:00+00:00,BTC_USDT,long,long,buy,64940.98897297297,0.0006000000000000001,38.964593383783786,0.0007792918676756758,0.0,grid_buy,0.0,2355.629814020839,1
469,2026-07-27 00:00:00+00:00,BTC_USDT,long,long,funding,65400.7,0.0017,111.18118999999999,0.0,0.0,funding,-0.011118119,2355.623765901839,1
470,2026-07-27 00:00:00+00:00,BTC_USDT,short,short,funding,65400.7,0.003,196.2021,0.0,0.0,funding,0.019620210000000003,2355.6433861118394,3
471,2026-07-27 06:00:00+00:00,BTC_USDT,long,long,sell,65650.61724324324,0.0006000000000000001,39.390370345945946,0.000787807406918919,0.0,grid_sell_tp,0.8120894321310304,2355.764808650378,1
472,2026-07-27 08:00:00+00:00,BTC_USDT,long,long,funding,65230.1,0.0010999999999999998,71.75310999999999,0.0,0.0,funding,-0.007175310999999999,2356.1095133393783,1
473,2026-07-27 08:00:00+00:00,BTC_USDT,short,short,funding,65230.1,0.003,195.6903,0.0,0.0,funding,0.01956903,2356.129082369378,3
474,2026-07-27 12:00:00+00:00,BTC_USDT,long,long,buy,64940.98897297297,0.0006000000000000001,38.964593383783786,0.0007792918676756758,0.0,grid_buy,0.0,2356.4942996937266,1
475,2026-07-27 13:00:00+00:00,BTC_USDT,long,long,sell,65650.61724324324,0.0006000000000000001,39.390370345945946,0.000787807406918919,0.0,grid_sell_tp,0.6754658048219264,2356.5722922322657,1
476,2026-07-27 14:00:00+00:00,BTC_USDT,short,short,sell,64940.98897297297,0.0006000000000000001,38.964593383783786,0.0007792918676756758,0.0,grid_short,0.0,2357.7362963241817,3
477,2026-07-27 16:00:00+00:00,BTC_USDT,long,long,funding,64553.7,0.0010999999999999998,71.00907,0.0,0.0,funding,-0.007100907,2358.062945417182,1
478,2026-07-27 16:00:00+00:00,BTC_USDT,short,short,funding,64553.7,0.0036,232.39332,0.0,0.0,funding,0.023239332,2358.086184749182,3
479,2026-07-27 17:00:00+00:00,BTC_USDT,long,long,buy,64940.98897297297,0.0006000000000000001,38.964593383783786,0.0007792918676756758,0.0,grid_buy,0.0,2356.9661120735304,1
480,2026-07-27 22:00:00+00:00,BTC_USDT,short,short,buy,64231.360702702696,0.0006000000000000001,38.53881642162162,0.0007707763284324324,0.0,grid_cover_tp,-0.01893388086510636,2359.02859487558,3
481,2026-07-28 00:00:00+00:00,BTC_USDT,long,long,funding,63759.7,0.0017,108.39148999999999,0.0,0.0,funding,-0.010839149,2359.06702572658,1
482,2026-07-28 00:00:00+00:00,BTC_USDT,short,short,funding,63759.7,0.003,191.2791,0.0,0.0,funding,0.01912791,2359.08615363658,3
483,2026-07-28 00:00:00+00:00,BTC_USDT,short,short,buy,63521.73243243243,0.0006000000000000001,38.11303945945946,0.0007622607891891892,0.0,grid_cover_tp,0.40685159683629685,2359.4225619163317,3
484,2026-07-28 08:00:00+00:00,BTC_USDT,long,long,funding,63506.1,0.0017,107.96037,0.0,0.0,funding,-0.010796037,2359.3948958793317,1
485,2026-07-28 08:00:00+00:00,BTC_USDT,short,short,funding,63506.1,0.0024000000000000002,152.41464000000002,0.0,0.0,funding,0.015241464000000003,2359.4101373433314,3
486,2026-07-28 13:00:00+00:00,BTC_USDT,short,short,buy,62812.104162162155,0.0006000000000000001,37.6872624972973,0.000753745249945946,0.0,grid_cover_tp,0.8326370745377043,2359.866081100784,3
487,2026-07-28 14:00:00+00:00,BTC_USDT,short,short,sell,63521.73243243243,0.0006000000000000001,38.11303945945946,0.0007622607891891892,0.0,grid_short,0.0,2359.9017382994543,3
488,2026-07-28 16:00:00+00:00,BTC_USDT,long,long,funding,63927.5,0.0017,108.67675,0.0,0.0,funding,-0.010867675,2359.5285506244545,1
489,2026-07-28 16:00:00+00:00,BTC_USDT,short,short,funding,63927.5,0.0024000000000000002,153.42600000000002,0.0,0.0,funding,0.015342600000000003,2359.543893224454,3
490,2026-07-29 00:00:00+00:00,BTC_USDT,long,long,funding,63923.4,0.0017,108.66978,0.0,0.0,funding,-0.010866978000000001,2359.5358962464543,1
491,2026-07-29 00:00:00+00:00,BTC_USDT,short,short,funding,63923.4,0.0024000000000000002,153.41616000000002,0.0,0.0,funding,0.015341616000000002,2359.5512378624544,3
492,2026-07-29 06:00:00+00:00,BTC_USDT,long,long,buy,64231.360702702696,0.0006000000000000001,38.53881642162162,0.0007707763284324324,0.0,grid_buy,0.0,2359.3148306645044,1
493,2026-07-29 08:00:00+00:00,BTC_USDT,long,long,funding,64564.3,0.0023,148.49789,0.0,0.0,funding,-0.014849789000000002,2359.2867508755044,1
494,2026-07-29 08:00:00+00:00,BTC_USDT,short,short,funding,64564.3,0.0024000000000000002,154.95432000000002,0.0,0.0,funding,0.015495432000000003,2359.3022463075044,3
495,2026-07-29 16:00:00+00:00,BTC_USDT,long,long,funding,63966.9,0.0023,147.12387,0.0,0.0,funding,-0.014712387000000002,2359.3472739205044,1
496,2026-07-29 16:00:00+00:00,BTC_USDT,short,short,funding,63966.9,0.0024000000000000002,153.52056000000002,0.0,0.0,funding,0.015352056000000003,2359.362625976504,3
497,2026-07-29 19:00:00+00:00,BTC_USDT,short,short,sell,64231.360702702696,0.0006000000000000001,38.53881642162162,0.0007707763284324324,0.0,grid_short,0.0,2359.7825416217975,3
498,2026-07-29 20:00:00+00:00,BTC_USDT,short,short,buy,63521.73243243243,0.0006000000000000001,38.11303945945946,0.0007622607891891892,0.0,grid_cover_tp,0.3289614462185353,2359.831699901549,3
499,2026-07-30 00:00:00+00:00,BTC_USDT,long,long,funding,63980.9,0.0023,147.15607,0.0,0.0,funding,-0.014715607,2359.770754294549,1
500,2026-07-30 00:00:00+00:00,BTC_USDT,short,short,funding,63980.9,0.0024000000000000002,153.55416000000002,0.0,0.0,funding,0.015355416000000004,2359.786109710549,3
501,2026-07-30 08:00:00+00:00,BTC_USDT,long,long,funding,64013.6,0.0023,147.23128,0.0,0.0,funding,-0.014723128,2359.7681165825493,1
502,2026-07-30 08:00:00+00:00,BTC_USDT,short,short,funding,64013.6,0.0024000000000000002,153.63264,0.0,0.0,funding,0.015363264000000001,2359.783479846549,3
503,2026-07-30 12:00:00+00:00,BTC_USDT,long,long,sell,64940.98897297297,0.0006000000000000001,38.964593383783786,0.0007792918676756758,0.0,grid_sell_tp,0.23008613959782828,2359.703393938465,1
504,2026-07-30 16:00:00+00:00,BTC_USDT,long,long,funding,64730.8,0.0017,110.04236,0.0,0.0,funding,-0.011004236,2359.826089702465,1
505,2026-07-30 16:00:00+00:00,BTC_USDT,short,short,funding,64730.8,0.0024000000000000002,155.35392000000002,0.0,0.0,funding,0.015535392000000002,2359.841625094465,3
506,2026-07-31 00:00:00+00:00,BTC_USDT,long,long,funding,64783.9,0.0017,110.13262999999999,0.0,0.0,funding,-0.011013263,2359.793441831465,1
507,2026-07-31 00:00:00+00:00,BTC_USDT,short,short,funding,64783.9,0.0024000000000000002,155.48136000000002,0.0,0.0,funding,0.015548136000000002,2359.808989967465,3
508,2026-07-31 06:00:00+00:00,BTC_USDT,short,short,sell,64231.360702702696,0.0006000000000000001,38.53881642162162,0.0007707763284324324,0.0,grid_short,0.0,2360.1924756127582,3
509,2026-07-31 08:00:00+00:00,BTC_USDT,long,long,funding,63946.0,0.0017,108.70819999999999,0.0,0.0,funding,-0.01087082,2360.5550947927586,1
510,2026-07-31 08:00:00+00:00,BTC_USDT,short,short,funding,63946.0,0.003,191.838,0.0,0.0,funding,0.0191838,2360.5742785927587,3
511,2026-07-31 13:00:00+00:00,BTC_USDT,short,short,buy,63521.73243243243,0.0006000000000000001,38.11303945945946,0.0007622607891891892,0.0,grid_cover_tp,0.3481720972494259,2361.2991768725096,3
512,2026-07-31 14:00:00+00:00,BTC_USDT,short,short,buy,62812.104162162155,0.0006000000000000001,37.6872624972973,0.000753745249945946,0.0,grid_cover_tp,0.7739575749508334,2361.6326906299623,3
513,2026-07-31 16:00:00+00:00,BTC_USDT,long,long,funding,62718.0,0.0017,106.6206,0.0,0.0,funding,-0.010662060000000001,2361.6197985699623,1
514,2026-07-31 16:00:00+00:00,BTC_USDT,short,short,funding,62718.0,0.0018000000000000002,112.89240000000001,0.0,0.0,funding,0.01128924,2361.631087809962,3
515,2026-08-01 00:00:00+00:00,BTC_USDT,long,long,funding,62892.7,0.0017,106.91758999999999,0.0,0.0,funding,-0.010691759,2361.602926050962,1
516,2026-08-01 00:00:00+00:00,BTC_USDT,short,short,funding,62892.7,0.0018000000000000002,113.20686,0.0,0.0,funding,0.011320686000000002,2361.6142467369623,3
517,2026-08-01 08:00:00+00:00,BTC_USDT,long,long,funding,63053.5,0.0017,107.19095,0.0,0.0,funding,-0.010719095000000001,2361.587447641962,1
518,2026-08-01 08:00:00+00:00,BTC_USDT,short,short,funding,63053.5,0.0018000000000000002,113.4963,0.0,0.0,funding,0.011349630000000001,2361.598797271962,3
519,2026-08-01 16:00:00+00:00,BTC_USDT,long,long,funding,63004.0,0.0017,107.10679999999999,0.0,0.0,funding,-0.01071068,2361.5930365919626,1
520,2026-08-01 16:00:00+00:00,BTC_USDT,short,short,funding,63004.0,0.0018000000000000002,113.40720000000002,0.0,0.0,funding,0.011340720000000002,2361.6043773119627,3
521,2026-08-02 00:00:00+00:00,BTC_USDT,long,long,funding,62821.4,0.0017,106.79638,0.0,0.0,funding,-0.010679638,2361.611957673962,1
522,2026-08-02 00:00:00+00:00,BTC_USDT,short,short,funding,62821.4,0.0018000000000000002,113.07852000000001,0.0,0.0,funding,0.011307852000000002,2361.6232655259623,3
523,2026-08-02 02:00:00+00:00,BTC_USDT,long,long,buy,63521.73243243243,0.0006000000000000001,38.11303945945946,0.0007622607891891892,0.0,grid_buy,0.0,2361.516253805714,1
524,2026-08-02 08:00:00+00:00,BTC_USDT,long,long,funding,63498.9,0.0023,146.04747,0.0,0.0,funding,-0.014604747000000001,2361.5264490587138,1
525,2026-08-02 08:00:00+00:00,BTC_USDT,short,short,funding,63498.9,0.0018000000000000002,114.29802000000001,0.0,0.0,funding,0.011429802000000001,2361.537878860714,3
526,2026-08-02 16:00:00+00:00,BTC_USDT,long,long,funding,63108.6,0.0023,145.14978,0.0,0.0,funding,-0.014514978,2361.328213882714,1
527,2026-08-02 16:00:00+00:00,BTC_USDT,short,short,funding,63108.6,0.0018000000000000002,113.59548000000001,0.0,0.0,funding,0.011359548000000002,2361.3395734307137,3
528,2026-08-03 00:00:00+00:00,BTC_USDT,long,long,funding,63565.6,0.0023,146.20087999999998,0.0,0.0,funding,-0.014620088,2361.553453342714,1
529,2026-08-03 00:00:00+00:00,BTC_USDT,short,short,funding,63565.6,0.0018000000000000002,114.41808,0.0,0.0,funding,0.011441808000000001,2361.5648951507137,3
530,2026-08-03 08:00:00+00:00,BTC_USDT,long,long,funding,62614.6,0.0023,144.01358,0.0,0.0,funding,-0.014401358,2361.074993792714,1
531,2026-08-03 08:00:00+00:00,BTC_USDT,short,short,funding,62614.6,0.0018000000000000002,112.70628,0.0,0.0,funding,0.011270628000000001,2361.0862644207136,3
532,2026-08-03 13:00:00+00:00,BTC_USDT,long,long,buy,62812.104162162155,0.0006000000000000001,37.6872624972973,0.000753745249945946,0.0,grid_buy,0.0,2361.7793581781666,1
533,2026-08-03 14:00:00+00:00,BTC_USDT,long,long,sell,63521.73243243243,0.0006000000000000001,38.11303945945946,0.0007622607891891892,0.0,grid_sell_tp,-0.2765223506383969,2362.188775376837,1
534,2026-08-03 16:00:00+00:00,BTC_USDT,long,long,funding,63693.8,0.0023,146.49574,0.0,0.0,funding,-0.014649574000000002,2362.035475802837,1
535,2026-08-03 16:00:00+00:00,BTC_USDT,short,short,funding,63693.8,0.0018000000000000002,114.64884000000002,0.0,0.0,funding,0.011464884000000003,2362.046940686837,3
536,2026-08-04 00:00:00+00:00,BTC_USDT,long,long,funding,63526.7,0.0023,146.11140999999998,0.0,0.0,funding,-0.014611141,2361.9487795458367,1
537,2026-08-04 00:00:00+00:00,BTC_USDT,short,short,funding,63526.7,0.0018000000000000002,114.34806,0.0,0.0,funding,0.011434806,2361.960214351837,3
538,2026-08-04 04:00:00+00:00,BTC_USDT,long,long,sell,64231.360702702696,0.0006000000000000001,38.53881642162162,0.0007707763284324324,0.0,grid_sell_tp,0.14924609598451977,2362.3314499971293,1
539,2026-08-04 07:00:00+00:00,BTC_USDT,long,long,buy,63521.73243243243,0.0006000000000000001,38.11303945945946,0.0007622607891891892,0.0,grid_buy,0.0,2362.4652082768807,1
540,2026-08-04 08:00:00+00:00,BTC_USDT,long,long,funding,63688.2,0.0023,146.48286,0.0,0.0,funding,-0.014648286,2362.4505599908807,1
541,2026-08-04 08:00:00+00:00,BTC_USDT,short,short,funding,63688.2,0.0018000000000000002,114.63876,0.0,0.0,funding,0.011463876000000001,2362.4620238668813,3
542,2026-08-04 15:00:00+00:00,BTC_USDT,long,long,buy,64231.360702702696,0.0006000000000000001,38.53881642162162,0.0007707763284324324,0.0,grid_buy,0.0,2362.615726668931,1
543,2026-08-04 15:00:00+00:00,BTC_USDT,long,long,sell,64231.360702702696,0.0006000000000000001,38.53881642162162,0.0007707763284324324,0.0,grid_sell_tp,0.1752619340954644,2362.678832314224,1
544,2026-08-04 16:00:00+00:00,BTC_USDT,long,long,funding,64124.9,0.0023,147.48727,0.0,0.0,funding,-0.014748727,2362.664083587224,1
545,2026-08-04 16:00:00+00:00,BTC_USDT,short,short,funding,64124.9,0.0018000000000000002,115.42482000000001,0.0,0.0,funding,0.011542482000000001,2362.675626069224,3
546,2026-08-05 00:00:00+00:00,BTC_USDT,long,long,funding,64106.6,0.0023,147.44518,0.0,0.0,funding,-0.014744518,2362.651731551224,1
547,2026-08-05 00:00:00+00:00,BTC_USDT,short,short,funding,64106.6,0.0018000000000000002,115.39188000000001,0.0,0.0,funding,0.011539188000000002,2362.663270739224,3
548,2026-08-05 08:00:00+00:00,BTC_USDT,long,long,funding,64164.2,0.0023,147.57765999999998,0.0,0.0,funding,-0.014757765999999999,2362.677312973224,1
549,2026-08-05 08:00:00+00:00,BTC_USDT,short,short,funding,64164.2,0.0018000000000000002,115.49556000000001,0.0,0.0,funding,0.011549556000000002,2362.688862529224,3
550,2026-08-05 16:00:00+00:00,BTC_USDT,long,long,funding,64392.2,0.0023,148.10206,0.0,0.0,funding,-0.014810206,2362.7880523232243,1
551,2026-08-05 16:00:00+00:00,BTC_USDT,short,short,funding,64392.2,0.0018000000000000002,115.90596000000001,0.0,0.0,funding,0.011590596000000002,2362.7996429192244,3
552,2026-08-05 20:00:00+00:00,BTC_USDT,long,long,sell,64940.98897297297,0.0006000000000000001,38.964593383783786,0.0007792918676756758,0.0,grid_sell_tp,0.6010303807183854,2363.08425701114,1
553,2026-08-06 00:00:00+00:00,BTC_USDT,long,long,funding,64656.8,0.0017,109.91656,0.0,0.0,funding,-0.010991656,2363.0906853551405,1
554,2026-08-06 00:00:00+00:00,BTC_USDT,short,short,funding,64656.8,0.0018000000000000002,116.38224000000001,0.0,0.0,funding,0.011638224,2363.1023235791404,3
555,2026-08-06 08:00:00+00:00,BTC_USDT,long,long,funding,64815.4,0.0017,110.18618,0.0,0.0,funding,-0.011018617999999999,2363.0754449611404,1
556,2026-08-06 08:00:00+00:00,BTC_USDT,short,short,funding,64815.4,0.0018000000000000002,116.66772000000002,0.0,0.0,funding,0.011666772000000002,2363.0871117331403,3
557,2026-08-06 16:00:00+00:00,BTC_USDT,long,long,funding,64630.8,0.0017,109.87236,0.0,0.0,funding,-0.010987236000000001,2363.09458449714,1
558,2026-08-06 16:00:00+00:00,BTC_USDT,short,short,funding,64630.8,0.0018000000000000002,116.33544000000002,0.0,0.0,funding,0.011633544000000003,2363.1062180411404,3
559,2026-08-07 00:00:00+00:00,BTC_USDT,long,long,funding,64329.5,0.0017,109.36014999999999,0.0,0.0,funding,-0.010936015,2363.12541202614,1
560,2026-08-07 00:00:00+00:00,BTC_USDT,short,short,funding,64329.5,0.0018000000000000002,115.79310000000001,0.0,0.0,funding,0.011579310000000002,2363.1369913361405,3
561,2026-08-07 04:00:00+00:00,BTC_USDT,short,short,sell,64231.360702702696,0.0006000000000000001,38.53881642162162,0.0007707763284324324,0.0,grid_short,0.0,2363.1339669814333,3
562,2026-08-07 08:00:00+00:00,BTC_USDT,long,long,funding,64316.5,0.0017,109.33805,0.0,0.0,funding,-0.010933805,2363.075503176434,1
563,2026-08-07 08:00:00+00:00,BTC_USDT,short,short,funding,64316.5,0.0024000000000000002,154.3596,0.0,0.0,funding,0.01543596,2363.090939136434,3
564,2026-08-07 16:00:00+00:00,BTC_USDT,long,long,funding,64910.4,0.0017,110.34768,0.0,0.0,funding,-0.011034768,2362.664174368434,1
565,2026-08-07 16:00:00+00:00,BTC_USDT,short,short,funding,64910.4,0.0024000000000000002,155.78496,0.0,0.0,funding,0.015578496000000002,2362.679752864434,3
566,2026-08-08 00:00:00+00:00,BTC_USDT,long,long,funding,64919.2,0.0017,110.36263999999998,0.0,0.0,funding,-0.011036263999999999,2362.6625566004336,1
567,2026-08-08 00:00:00+00:00,BTC_USDT,short,short,funding,64919.2,0.0024000000000000002,155.80608,0.0,0.0,funding,0.015580608000000001,2362.6781372084333,3
568,2026-08-08 08:00:00+00:00,BTC_USDT,long,long,funding,64963.2,0.0017,110.43744,0.0,0.0,funding,-0.011043744,2362.636293464434,1
569,2026-08-08 08:00:00+00:00,BTC_USDT,short,short,funding,64963.2,0.0024000000000000002,155.91168000000002,0.0,0.0,funding,0.015591168000000002,2362.6518846324334,3
570,2026-08-08 16:00:00+00:00,BTC_USDT,long,long,funding,65078.9,0.0017,110.63413,0.0,0.0,funding,-0.011063413000000001,2362.5598312194334,1
571,2026-08-08 16:00:00+00:00,BTC_USDT,short,short,funding,65078.9,0.0024000000000000002,156.18936000000002,0.0,0.0,funding,0.015618936000000003,2362.575450155434,3
572,2026-08-09 00:00:00+00:00,BTC_USDT,long,long,funding,64958.0,0.0017,110.42859999999999,0.0,0.0,funding,-0.01104286,2362.6490372954336,1
573,2026-08-09 00:00:00+00:00,BTC_USDT,short,short,funding,64958.0,0.0024000000000000002,155.8992,0.0,0.0,funding,0.015589920000000002,2362.6646272154335,3
574,2026-08-09 08:00:00+00:00,BTC_USDT,long,long,funding,64827.4,0.0017,110.20658,0.0,0.0,funding,-0.011020658000000001,2362.7450265574334,1
575,2026-08-09 08:00:00+00:00,BTC_USDT,short,short,funding,64827.4,0.0024000000000000002,155.58576000000002,0.0,0.0,funding,0.015558576000000003,2362.760585133434,3
576,2026-08-09 16:00:00+00:00,BTC_USDT,long,long,funding,65234.8,0.0017,110.89916,0.0,0.0,funding,-0.011089916,2362.464315217434,1
577,2026-08-09 16:00:00+00:00,BTC_USDT,short,short,funding,65234.8,0.0024000000000000002,156.56352,0.0,0.0,funding,0.015656352000000002,2362.4799715694335,3
578,2026-08-10 00:00:00+00:00,BTC_USDT,long,long,funding,64889.9,0.0017,110.31282999999999,0.0,0.0,funding,-0.011031283,2362.7103702864338,1
579,2026-08-10 00:00:00+00:00,BTC_USDT,short,short,funding,64889.9,0.0024000000000000002,155.73576000000003,0.0,0.0,funding,0.015573576000000004,2362.7259438624337,3
580,2026-08-10 08:00:00+00:00,BTC_USDT,long,long,funding,65207.2,0.0017,110.85224,0.0,0.0,funding,-0.011085224,2362.4927486384336,1
581,2026-08-10 08:00:00+00:00,BTC_USDT,short,short,funding,65207.2,0.0024000000000000002,156.49728000000002,0.0,0.0,funding,0.015649728,2362.5083983664335,3
582,2026-08-10 12:00:00+00:00,BTC_USDT,short,short,sell,64940.98897297297,0.0006000000000000001,38.964593383783786,0.0007792918676756758,0.0,grid_short,0.0,2362.79028245835,3
583,2026-08-10 15:00:00+00:00,BTC_USDT,short,short,buy,64231.360702702696,0.0006000000000000001,38.53881642162162,0.0007707763284324324,0.0,grid_cover_tp,0.03827905362987699,2363.5698352603995,3
584,2026-08-10 16:00:00+00:00,BTC_USDT,long,long,funding,64296.8,0.0017,109.30456,0.0,0.0,funding,-0.010930456,2363.5589748043994,1
585,2026-08-10 16:00:00+00:00,BTC_USDT,short,short,funding,64296.8,0.0024000000000000002,154.31232000000003,0.0,0.0,funding,0.015431232000000003,2363.5744060363995,3
586,2026-08-11 00:00:00+00:00,BTC_USDT,long,long,funding,63973.8,0.0017,108.75546,0.0,0.0,funding,-0.010875546,2363.7896304903998,1
587,2026-08-11 00:00:00+00:00,BTC_USDT,short,short,funding,63973.8,0.0024000000000000002,153.53712000000002,0.0,0.0,funding,0.015353712000000002,2363.8049842023997,3
588,2026-08-11 08:00:00+00:00,BTC_USDT,long,long,funding,64057.7,0.0017,108.89808999999998,0.0,0.0,funding,-0.010889808999999999,2363.7353643934,1
589,2026-08-11 08:00:00+00:00,BTC_USDT,short,short,funding,64057.7,0.0024000000000000002,153.73848,0.0,0.0,funding,0.015373848000000002,2363.7507382413996,3
590,2026-08-11 15:00:00+00:00,BTC_USDT,short,short,sell,63521.73243243243,0.0006000000000000001,38.11303945945946,0.0007622607891891892,0.0,grid_short,0.0,2364.01443544007,3
591,2026-08-11 15:00:00+00:00,BTC_USDT,short,short,buy,63521.73243243243,0.0006000000000000001,38.11303945945946,0.0007622607891891892,0.0,grid_cover_tp,0.3710991729071837,2364.0647737198215,3
592,2026-08-11 16:00:00+00:00,BTC_USDT,long,long,funding,63607.0,0.0017,108.13189999999999,0.0,0.0,funding,-0.010813189999999999,2364.0538905298217,1
593,2026-08-11 16:00:00+00:00,BTC_USDT,short,short,funding,63607.0,0.0024000000000000002,152.6568,0.0,0.0,funding,0.015265680000000002,2364.069156209822,3
594,2026-08-12 00:00:00+00:00,BTC_USDT,long,long,funding,63598.1,0.0017,108.11676999999999,0.0,0.0,funding,-0.010811676999999999,2364.0645745328216,1
595,2026-08-12 00:00:00+00:00,BTC_USDT,short,short,funding,63598.1,0.0024000000000000002,152.63544000000002,0.0,0.0,funding,0.015263544000000002,2364.0798380768215,3
596,2026-08-12 08:00:00+00:00,BTC_USDT,long,long,funding,63837.5,0.0017,108.52374999999999,0.0,0.0,funding,-0.010852375,2363.901405701821,1
597,2026-08-12 08:00:00+00:00,BTC_USDT,short,short,funding,63837.5,0.0024000000000000002,153.21,0.0,0.0,funding,0.015321000000000001,2363.9167267018215,3
598,2026-08-12 11:00:00+00:00,BTC_USDT,long,long,buy,64231.360702702696,0.0006000000000000001,38.53881642162162,0.0007707763284324324,0.0,grid_buy,0.0,2363.6400595038713,1
599,2026-08-12 16:00:00+00:00,BTC_USDT,long,long,funding,63442.3,0.0023,145.91729,0.0,0.0,funding,-0.014591729000000001,2363.7045677748715,1
600,2026-08-12 16:00:00+00:00,BTC_USDT,short,short,funding,63442.3,0.0024000000000000002,152.26152000000002,0.0,0.0,funding,0.015226152000000003,2363.7197939268717,3
601,2026-08-13 00:00:00+00:00,BTC_USDT,long,long,funding,63480.7,0.0023,146.00561,0.0,0.0,funding,-0.014600561,2363.7013533658715,1
602,2026-08-13 00:00:00+00:00,BTC_USDT,short,short,funding,63480.7,0.0024000000000000002,152.35368,0.0,0.0,funding,0.015235368000000001,2363.7165887338715,3
603,2026-08-13 08:00:00+00:00,BTC_USDT,long,long,funding,63860.0,0.0023,146.878,0.0,0.0,funding,-0.014687799999999999,2363.6639709338715,1
604,2026-08-13 08:00:00+00:00,BTC_USDT,short,short,funding,63860.0,0.0024000000000000002,153.264,0.0,0.0,funding,0.015326400000000002,2363.6792973338715,3
605,2026-08-13 16:00:00+00:00,BTC_USDT,long,long,funding,63420.1,0.0023,145.86623,0.0,0.0,funding,-0.014586623000000002,2363.7087007108717,1
606,2026-08-13 16:00:00+00:00,BTC_USDT,short,short,funding,63420.1,0.0024000000000000002,152.20824000000002,0.0,0.0,funding,0.015220824000000003,2363.723921534872,3
607,2026-08-14 00:00:00+00:00,BTC_USDT,long,long,funding,63486.5,0.0023,146.01895,0.0,0.0,funding,-0.014601895,2363.7026796398713,1
608,2026-08-14 00:00:00+00:00,BTC_USDT,short,short,funding,63486.5,0.0024000000000000002,152.3676,0.0,0.0,funding,0.015236760000000002,2363.7179163998717,3
609,2026-08-14 08:00:00+00:00,BTC_USDT,long,long,funding,62920.0,0.0023,144.716,0.0,0.0,funding,-0.014471600000000001,2363.7600947998717,1
610,2026-08-14 08:00:00+00:00,BTC_USDT,short,short,funding,62920.0,0.0024000000000000002,151.008,0.0,0.0,funding,0.015100800000000001,2363.7751955998715,3
611,2026-08-14 08:00:00+00:00,BTC_USDT,short,short,buy,62812.104162162155,0.0006000000000000001,37.6872624972973,0.000753745249945946,0.0,grid_cover_tp,0.7968846506085913,2363.848879357324,3
612,2026-08-14 16:00:00+00:00,BTC_USDT,long,long,funding,62988.5,0.0023,144.87355,0.0,0.0,funding,-0.014487355,2363.8589420023245,1
613,2026-08-14 16:00:00+00:00,BTC_USDT,short,short,funding,62988.5,0.0018000000000000002,113.37930000000001,0.0,0.0,funding,0.011337930000000001,2363.8702799323246,3
614,2026-08-15 00:00:00+00:00,BTC_USDT,long,long,funding,63039.9,0.0023,144.99177,0.0,0.0,funding,-0.014499177,2363.8814807553244,1
615,2026-08-15 00:00:00+00:00,BTC_USDT,short,short,funding,63039.9,0.0018000000000000002,113.47182000000001,0.0,0.0,funding,0.011347182,2363.8928279373245,3
616,2026-08-15 08:00:00+00:00,BTC_USDT,long,long,funding,63070.5,0.0023,145.06215,0.0,0.0,funding,-0.014506215000000001,2363.8936217223245,1
617,2026-08-15 08:00:00+00:00,BTC_USDT,short,short,funding,63070.5,0.0018000000000000002,113.52690000000001,0.0,0.0,funding,0.011352690000000002,2363.9049744123245,3
618,2026-08-15 16:00:00+00:00,BTC_USDT,long,long,funding,63096.3,0.0023,145.12149,0.0,0.0,funding,-0.014512149,2363.903362263324,1
619,2026-08-15 16:00:00+00:00,BTC_USDT,short,short,funding,63096.3,0.0018000000000000002,113.57334000000002,0.0,0.0,funding,0.011357334000000002,2363.914719597324,3
620,2026-08-16 00:00:00+00:00,BTC_USDT,long,long,funding,63083.5,0.0023,145.09205,0.0,0.0,funding,-0.014509205,2363.893810392324,1
621,2026-08-16 00:00:00+00:00,BTC_USDT,short,short,funding,63083.5,0.0018000000000000002,113.55030000000001,0.0,0.0,funding,0.011355030000000002,2363.9051654223244,3
622,2026-08-16 08:00:00+00:00,BTC_USDT,long,long,funding,63059.5,0.0023,145.03685,0.0,0.0,funding,-0.014503684999999999,2363.8786617373244,1
623,2026-08-16 08:00:00+00:00,BTC_USDT,short,short,funding,63059.5,0.0018000000000000002,113.50710000000001,0.0,0.0,funding,0.011350710000000002,2363.8900124473244,3
624,2026-08-16 16:00:00+00:00,BTC_USDT,long,long,funding,63141.4,0.0023,145.22522,0.0,0.0,funding,-0.014522522000000001,2363.9164399253245,1
625,2026-08-16 16:00:00+00:00,BTC_USDT,short,short,funding,63141.4,0.0018000000000000002,113.65452000000002,0.0,0.0,funding,0.011365452000000003,2363.9278053773246,3
626,2026-08-17 00:00:00+00:00,BTC_USDT,long,long,funding,62898.4,0.0023,144.66632,0.0,0.0,funding,-0.014466632000000002,2363.7918387453246,1
627,2026-08-17 00:00:00+00:00,BTC_USDT,short,short,funding,62898.4,0.0018000000000000002,113.21712000000001,0.0,0.0,funding,0.011321712000000001,2363.8031604573243,3
628,2026-08-17 04:00:00+00:00,BTC_USDT,long,long,buy,63521.73243243243,0.0006000000000000001,38.11303945945946,0.0007622607891891892,0.0,grid_buy,0.0,2364.1300887370758,1
629,2026-08-17 08:00:00+00:00,BTC_USDT,long,long,funding,63518.8,0.0029,184.20452,0.0,0.0,funding,-0.018420452,2364.092418285076,1
630,2026-08-17 08:00:00+00:00,BTC_USDT,short,short,funding,63518.8,0.0018000000000000002,114.33384000000001,0.0,0.0,funding,0.011433384000000001,2364.1038516690755,3
631,2026-08-17 15:00:00+00:00,BTC_USDT,long,long,sell,64231.360702702696,0.0006000000000000001,38.53881642162162,0.0007707763284324324,0.0,grid_sell_tp,0.19051259781567975,2364.8719673143687,1
632,2026-08-17 16:00:00+00:00,BTC_USDT,long,long,funding,64201.6,0.0023,147.66368,0.0,0.0,funding,-0.014766368,2364.857250946369,1
633,2026-08-17 16:00:00+00:00,BTC_USDT,short,short,funding,64201.6,0.0018000000000000002,115.56288,0.0,0.0,funding,0.011556288000000001,2364.868807234369,3
634,2026-08-18 00:00:00+00:00,BTC_USDT,long,long,funding,64536.6,0.0023,148.43418,0.0,0.0,funding,-0.014843418,2365.021463816369,1
635,2026-08-18 00:00:00+00:00,BTC_USDT,short,short,funding,64536.6,0.0018000000000000002,116.16588,0.0,0.0,funding,0.011616588,2365.033080404369,3
636,2026-08-18 08:00:00+00:00,BTC_USDT,long,long,funding,64194.0,0.0023,147.6462,0.0,0.0,funding,-0.014764620000000001,2364.8470157843685,1
637,2026-08-18 08:00:00+00:00,BTC_USDT,short,short,funding,64194.0,0.0018000000000000002,115.54920000000001,0.0,0.0,funding,0.011554920000000002,2364.8585707043685,3
638,2026-08-18 14:00:00+00:00,BTC_USDT,long,long,sell,64940.98897297297,0.0006000000000000001,38.964593383783786,0.0007792918676756758,0.0,grid_sell_tp,0.6162810444386009,2365.2534347962846,1
639,2026-08-18 16:00:00+00:00,BTC_USDT,long,long,funding,64855.6,0.0017,110.25451999999999,0.0,0.0,funding,-0.011025452,2365.228799344285,1
640,2026-08-18 16:00:00+00:00,BTC_USDT,short,short,funding,64855.6,0.0018000000000000002,116.74008,0.0,0.0,funding,0.011674008000000001,2365.240473352285,3
641,2026-08-19 00:00:00+00:00,BTC_USDT,long,long,funding,64727.4,0.0017,110.03658,0.0,0.0,funding,-0.011003658000000001,2365.242289694285,1
642,2026-08-19 00:00:00+00:00,BTC_USDT,short,short,funding,64727.4,0.0018000000000000002,116.50932000000002,0.0,0.0,funding,0.011650932000000003,2365.253940626285,3
643,2026-08-19 08:00:00+00:00,BTC_USDT,long,long,funding,64298.1,0.0017,109.30676999999999,0.0,0.0,funding,-0.010930677,2365.285939949285,1
644,2026-08-19 08:00:00+00:00,BTC_USDT,short,short,funding,64298.1,0.0018000000000000002,115.73658,0.0,0.0,funding,0.011573658,2365.297513607285,3
645,2026-08-19 14:00:00+00:00,BTC_USDT,long,long,buy,65650.61724324324,0.0006000000000000001,39.390370345945946,0.000787807406918919,0.0,grid_buy,0.0,2365.296965453932,1
646,2026-08-19 14:00:00+00:00,BTC_USDT,long,long,sell,65650.61724324324,0.0006000000000000001,39.390370345945946,0.000787807406918919,0.0,grid_sell_tp,0.7700049784175773,2365.133587992471,1
647,2026-08-19 15:00:00+00:00,BTC_USDT,long,long,buy,67779.50205405404,0.0005,33.889751027027025,0.0006777950205405405,0.0,grid_buy,0.0,2365.255519170423,1
648,2026-08-19 15:00:00+00:00,BTC_USDT,long,long,buy,68489.13032432432,0.0005,34.24456516216216,0.0006848913032432433,0.0,grid_buy,0.0,2365.285519116958,1
649,2026-08-19 15:00:00+00:00,BTC_USDT,long,long,sell,67779.50205405404,0.0005,33.889751027027025,0.0006777950205405405,0.0,grid_sell_tp,1.008248674685502,2364.8993423489646,1
650,2026-08-19 15:00:00+00:00,BTC_USDT,long,long,sell,67069.87378378378,0.0006000000000000001,40.241924270270275,0.0008048384854054055,0.0,grid_sell_tp,0.7841299629996903,2364.0101617807495,1
651,2026-08-19 15:00:00+00:00,BTC_USDT,long,long,sell,66360.24551351351,0.0006000000000000001,39.81614730810811,0.0007963229461621622,0.0,grid_sell_tp,0.3583615163767691,2362.6952127659115,1
652,2026-08-19 16:00:00+00:00,BTC_USDT,long,long,funding,68550.5,0.0009999999999999996,68.55049999999997,0.0,0.0,funding,-0.006855049999999997,2362.6883577159115,1
653,2026-08-19 16:00:00+00:00,BTC_USDT,short,short,funding,68550.5,0.0018000000000000002,123.39090000000002,0.0,0.0,funding,0.012339090000000002,2362.7006968059113,3
654,2026-08-19 16:00:00+00:00,BTC_USDT,long,long,sell,68489.13032432432,0.0005,34.24456516216216,0.0006848913032432433,0.0,grid_sell_tp,1.3630557135379362,2362.7856770767703,1
655,2026-08-19 20:00:00+00:00,BTC_USDT,long,long,sell,69198.75859459459,0.0004999999999999996,34.59937929729727,0.0006919875859459454,0.0,grid_sell_tp,1.717862752390369,2362.1008643864816,2
656,2026-08-19 21:00:00+00:00,BTC_USDT,long,long,buy,69198.75859459459,0.0005,34.5993792972973,0.000691987585945946,0.0,grid_buy,0.0,2361.1516231015985,2
657,2026-08-20 00:00:00+00:00,BTC_USDT,long,long,funding,69342.9,0.0005,34.67145,0.0,0.0,funding,-0.003467145,2361.6343559565985,2
658,2026-08-20 00:00:00+00:00,BTC_USDT,short,short,funding,69342.9,0.0018000000000000002,124.81722,0.0,0.0,funding,0.012481722,2361.646837678599,3
659,2026-08-20 06:00:00+00:00,BTC_USDT,long,long,buy,69908.38686486486,0.0005,34.95419343243243,0.0006990838686486488,0.0,grid_buy,0.0,2360.9500351622974,2
660,2026-08-20 06:00:00+00:00,BTC_USDT,long,long,sell,69908.38686486486,0.0005,34.95419343243243,0.0006990838686486488,0.0,grid_sell_tp,0.1767079836989198,2360.9737295108616,2
661,2026-08-20 08:00:00+00:00,BTC_USDT,long,long,funding,69832.0,0.0005,34.916000000000004,0.0,0.0,funding,-0.0034916000000000005,2361.006117910861,2
662,2026-08-20 08:00:00+00:00,BTC_USDT,short,short,funding,69832.0,0.0018000000000000002,125.69760000000001,0.0,0.0,funding,0.012569760000000001,2361.0186876708613,3
663,2026-08-20 08:00:00+00:00,BTC_USDT,long,long,buy,70618.01513513512,0.0005,35.30900756756756,0.0007061801513513513,0.0,grid_buy,0.0,2359.2242539231424,2
664,2026-08-20 08:00:00+00:00,BTC_USDT,long,long,buy,71327.6434054054,0.0005,35.6638217027027,0.000713276434054054,0.0,grid_buy,0.0,2359.3511689440056,2
665,2026-08-20 08:00:00+00:00,BTC_USDT,long,long,sell,70618.01513513512,0.0005,35.30900756756756,0.0007061801513513513,0.0,grid_sell_tp,0.05842950903784056,2358.868020331422,2
666,2026-08-20 09:00:00+00:00,BTC_USDT,long,long,sell,71327.6434054054,0.0005,35.6638217027027,0.000713276434054054,0.0,grid_sell_tp,0.41323654789027475,2358.4720087576907,2
667,2026-08-20 09:00:00+00:00,BTC_USDT,long,long,sell,72037.27167567567,0.0005,36.018635837837834,0.0007203727167567568,0.0,grid_sell_tp,0.768043586742709,2358.595524222812,3
668,2026-08-20 10:00:00+00:00,BTC_USDT,long,long,buy,72037.27167567567,0.0005,36.018635837837834,0.0007203727167567568,0.0,grid_buy,0.0,2358.196268012257,3
669,2026-08-20 13:00:00+00:00,BTC_USDT,long,long,buy,71327.6434054054,0.0005,35.6638217027027,0.000713276434054054,0.0,grid_buy,0.0,2358.7767530331203,3
670,2026-08-20 15:00:00+00:00,BTC_USDT,long,long,sell,72746.89994594594,0.0005,36.37344997297297,0.0007274689994594594,0.0,grid_sell_tp,0.5314937337032533,2358.2883855370937,3
671,2026-08-20 15:00:00+00:00,BTC_USDT,long,long,sell,72037.27167567567,0.0005,36.018635837837834,0.0007203727167567568,0.0,grid_sell_tp,0.17668669485081898,2358.069451002215,4
672,2026-08-20 16:00:00+00:00,BTC_USDT,short,short,funding,72473.7,0.0018000000000000002,130.45266,0.0,0.0,funding,0.013045266000000002,2358.0824962682145,3
673,2026-08-20 16:00:00+00:00,BTC_USDT,long,long,buy,72746.89994594594,0.0005,36.37344997297297,0.0007274689994594594,0.0,grid_buy,0.0,2357.4758688262423,4
674,2026-08-21 00:00:00+00:00,BTC_USDT,long,long,funding,73028.2,0.0005,36.5141,0.0,0.0,funding,-0.00365141,2357.2206674162426,4
675,2026-08-21 00:00:00+00:00,BTC_USDT,short,short,funding,73028.2,0.0018000000000000002,131.45076,0.0,0.0,funding,0.013145076,2357.2338124922426,3
676,2026-08-21 00:00:00+00:00,BTC_USDT,long,long,buy,73456.5282162162,0.0005,36.7282641081081,0.0007345652821621621,0.0,grid_buy,0.0,2356.478833818852,4
677,2026-08-21 00:00:00+00:00,BTC_USDT,long,long,sell,73456.5282162162,0.0005,36.7282641081081,0.0007345652821621621,0.0,grid_sell_tp,0.17667250228540626,2356.354713361678,4
678,2026-08-21 01:00:00+00:00,BTC_USDT,long,long,buy,74166.15648648648,0.0005,37.08307824324324,0.000741661564864865,0.0,grid_buy,0.0,2354.98278345687,4
679,2026-08-21 01:00:00+00:00,BTC_USDT,long,long,buy,74875.78475675675,0.0005,37.43789237837838,0.0007487578475675676,0.0,grid_buy,0.0,2355.108142320644,4
680,2026-08-21 01:00:00+00:00,BTC_USDT,long,long,sell,74166.15648648648,0.0005,37.08307824324324,0.000741661564864865,0.0,grid_sell_tp,0.058394027624319764,2354.6264789023226,4
681,2026-08-21 02:00:00+00:00,BTC_USDT,long,long,sell,74875.78475675675,0.0005,37.43789237837838,0.0007487578475675676,0.0,grid_sell_tp,0.413201066476754,2355.400522522853,4
682,2026-08-21 06:00:00+00:00,BTC_USDT,long,long,buy,75585.41302702703,0.0005,37.792706513513515,0.0007558541302702704,0.0,grid_buy,0.0,2353.8553601552094,4
683,2026-08-21 06:00:00+00:00,BTC_USDT,long,long,sell,75585.41302702703,0.0005,37.792706513513515,0.0007558541302702704,0.0,grid_sell_tp,0.3836261255994626,2353.824060814593,4
684,2026-08-21 07:00:00+00:00,BTC_USDT,long,long,buy,76295.04129729728,0.0005,38.147520648648644,0.000762950412972973,0.0,grid_buy,0.0,2352.963027215531,4
685,2026-08-21 07:00:00+00:00,BTC_USDT,long,long,sell,76295.04129729728,0.0005,38.147520648648644,0.000762950412972973,0.0,grid_sell_tp,0.3688351070194619,2352.9515349137664,4
686,2026-08-21 08:00:00+00:00,BTC_USDT,long,long,funding,76316.5,0.0005,38.15825,0.0,0.0,funding,-0.0038158250000000006,2352.9477190887665,4
687,2026-08-21 08:00:00+00:00,BTC_USDT,short,short,funding,76316.5,0.0018000000000000002,137.36970000000002,0.0,0.0,funding,0.013736970000000003,2352.961456058767,3
688,2026-08-21 08:00:00+00:00,BTC_USDT,long,long,buy,77004.66956756756,0.0005,38.50233478378378,0.0007700466956756756,0.0,grid_buy,0.0,2350.2502012282876,4
689,2026-08-21 08:00:00+00:00,BTC_USDT,long,long,buy,77714.29783783783,0.0005,38.85714891891892,0.0007771429783783784,0.0,grid_buy,0.0,2351.02952516639,4
690,2026-08-21 08:00:00+00:00,BTC_USDT,long,long,buy,78423.9261081081,0.0005,39.21196305405405,0.0007842392610810811,0.0,grid_buy,0.0,2351.4540278730747,4
691,2026-08-21 08:00:00+00:00,BTC_USDT,long,long,buy,79133.55437837838,0.0005,39.56677718918919,0.0007913355437837838,0.0,grid_buy,0.0,2351.523709348342,4
692,2026-08-21 08:00:00+00:00,BTC_USDT,long,long,sell,77004.66956756756,0.0005,38.50233478378378,0.0007700466956756756,0.0,grid_sell_tp,-0.2816645703443227,2350.38802408543,4
693,2026-08-21 09:00:00+00:00,BTC_USDT,long,long,sell,77714.29783783783,0.0005,38.85714891891892,0.0007771429783783784,0.0,grid_sell_tp,0.07314246850811151,2350.0151758613706,4
694,2026-08-21 09:00:00+00:00,BTC_USDT,long,long,sell,78423.9261081081,0.0005,39.21196305405405,0.0007842392610810811,0.0,grid_sell_tp,0.4279495073605457,2350.2691546761635,4
695,2026-08-21 09:00:00+00:00,BTC_USDT,long,long,sell,79133.55437837838,0.0005,39.56677718918919,0.0007913355437837838,0.0,grid_sell_tp,0.78275654621298,2350.877940529809,4
696,2026-08-21 10:00:00+00:00,BTC_USDT,long,long,buy,77714.29783783783,0.0005,38.85714891891892,0.0007771429783783784,0.0,grid_buy,0.0,2351.061694467912,4
697,2026-08-21 12:00:00+00:00,BTC_USDT,long,long,buy,77004.66956756756,0.0005,38.50233478378378,0.0007700466956756756,0.0,grid_buy,0.0,2351.6398996374323,4
698,2026-08-21 13:00:00+00:00,BTC_USDT,long,long,buy,76295.04129729728,0.0005,38.147520648648644,0.000762950412972973,0.0,grid_buy,0.0,2352.109846038371,4
699,2026-08-21 13:00:00+00:00,BTC_USDT,long,long,sell,77714.29783783783,0.0005,38.85714891891892,0.0007771429783783784,0.0,grid_sell_tp,0.2838133612446004,2352.3349678143113,4
700,2026-08-21 14:00:00+00:00,BTC_USDT,long,long,buy,77004.66956756756,0.0005,38.50233478378378,0.0007700466956756756,0.0,grid_buy,0.0,2352.487692983832,4
701,2026-08-21 14:00:00+00:00,BTC_USDT,long,long,sell,77004.66956756756,0.0005,38.50233478378378,0.0007700466956756756,0.0,grid_sell_tp,-0.05343776987979244,2352.2965577209197,4
702,2026-08-21 15:00:00+00:00,BTC_USDT,long,long,sell,77714.29783783783,0.0005,38.85714891891892,0.0007771429783783784,0.0,grid_sell_tp,0.30136926897264177,2352.58910949686,4
703,2026-08-21 16:00:00+00:00,BTC_USDT,long,long,funding,77205.3,0.001,77.20530000000001,0.0,0.0,funding,-0.0077205300000000015,2352.5965889668605,4
704,2026-08-21 16:00:00+00:00,BTC_USDT,short,short,funding,77205.3,0.0018000000000000002,138.96954000000002,0.0,0.0,funding,0.013896954000000003,2352.6104859208604,3
705,2026-08-21 16:00:00+00:00,BTC_USDT,long,long,buy,77004.66956756756,0.0005,38.50233478378378,0.0007700466956756756,0.0,grid_buy,0.0,2352.630201090381,4
706,2026-08-21 21:00:00+00:00,BTC_USDT,long,long,buy,78423.9261081081,0.0005,39.21196305405405,0.0007842392610810811,0.0,grid_buy,0.0,2352.360973797066,4
707,2026-08-21 21:00:00+00:00,BTC_USDT,long,long,sell,78423.9261081081,0.0005,39.21196305405405,0.0007842392610810811,0.0,grid_sell_tp,0.5051031018495732,2352.316902611859,4
708,2026-08-21 21:00:00+00:00,BTC_USDT,long,long,sell,77714.29783783783,0.0005,38.85714891891892,0.0007771429783783784,0.0,grid_sell_tp,0.15029606299713896,2351.9180243877995,4
709,2026-08-22 00:00:00+00:00,BTC_USDT,long,long,funding,78336.0,0.001,78.336,0.0,0.0,funding,-0.0078336,2352.0497907877993,4
710,2026-08-22 00:00:00+00:00,BTC_USDT,short,short,funding,78336.0,0.0018000000000000002,141.00480000000002,0.0,0.0,funding,0.014100480000000002,2352.063891267799,3
711,2026-08-22 00:00:00+00:00,BTC_USDT,long,long,buy,77714.29783783783,0.0005,38.85714891891892,0.0007771429783783784,0.0,grid_buy,0.0,2352.491115205902,4
712,2026-08-22 02:00:00+00:00,BTC_USDT,long,long,sell,78423.9261081081,0.0005,39.21196305405405,0.0007842392610810811,0.0,grid_sell_tp,0.4547453665243983,2352.304104020695,4
713,2026-08-22 05:00:00+00:00,BTC_USDT,long,long,buy,77004.66956756756,0.0005,38.50233478378378,0.0007700466956756756,0.0,grid_buy,0.0,2353.3655391902157,4
714,2026-08-22 08:00:00+00:00,BTC_USDT,long,long,funding,77298.5,0.0015,115.94775,0.0,0.0,funding,-0.011594775,2353.3816944152154,4
715,2026-08-22 08:00:00+00:00,BTC_USDT,short,short,funding,77298.5,0.0018000000000000002,139.1373,0.0,0.0,funding,0.013913730000000001,2353.3956081452156,3
716,2026-08-22 16:00:00+00:00,BTC_USDT,long,long,funding,76985.0,0.0015,115.4775,0.0,0.0,funding,-0.01154775,2353.4781103952155,4
717,2026-08-22 16:00:00+00:00,BTC_USDT,short,short,funding,76985.0,0.0018000000000000002,138.573,0.0,0.0,funding,0.013857300000000001,2353.4919676952154,3
718,2026-08-23 00:00:00+00:00,BTC_USDT,long,long,funding,77078.1,0.0015,115.61715000000001,0.0,0.0,funding,-0.011561715000000002,2353.4524759802152,4
719,2026-08-23 00:00:00+00:00,BTC_USDT,short,short,funding,77078.1,0.0018000000000000002,138.74058000000002,0.0,0.0,funding,0.013874058000000003,2353.4663500382158,3
720,2026-08-23 05:00:00+00:00,BTC_USDT,short,short,sell,76295.04129729728,0.0005,38.147520648648644,0.000762950412972973,0.0,grid_short,0.0,2353.8926177364515,3
721,2026-08-23 08:00:00+00:00,BTC_USDT,long,long,funding,76004.3,0.0015,114.00645,0.0,0.0,funding,-0.011400645000000001,2353.9216970914517,4
722,2026-08-23 08:00:00+00:00,BTC_USDT,short,short,funding,76004.3,0.0023,174.80989,0.0,0.0,funding,0.017480989,2353.9391780804517,3
723,2026-08-23 13:00:00+00:00,BTC_USDT,long,long,sell,77714.29783783783,0.0005,38.85714891891892,0.0007771429783783784,0.0,grid_sell_tp,0.1846378825002289,2352.877719856392,4
724,2026-08-23 14:00:00+00:00,BTC_USDT,long,long,buy,77004.66956756756,0.0005,38.50233478378378,0.0007700466956756756,0.0,grid_buy,0.0,2353.3430850259124,4
725,2026-08-23 16:00:00+00:00,BTC_USDT,long,long,funding,77147.9,0.0015,115.72184999999999,0.0,0.0,funding,-0.011572184999999999,2353.3659928409124,4
726,2026-08-23 16:00:00+00:00,BTC_USDT,short,short,funding,77147.9,0.0023,177.44017,0.0,0.0,funding,0.017744017,2353.3837368579125,3
727,2026-08-23 21:00:00+00:00,BTC_USDT,long,long,buy,77714.29783783783,0.0005,38.85714891891892,0.0007771429783783784,0.0,grid_buy,0.0,2352.8924907960154,4
728,2026-08-23 21:00:00+00:00,BTC_USDT,long,long,sell,77714.29783783783,0.0005,38.85714891891892,0.0007771429783783784,0.0,grid_sell_tp,0.18063390354471312,2352.829462571956,4
729,2026-08-24 00:00:00+00:00,BTC_USDT,long,long,funding,77727.0,0.0015,116.5905,0.0,0.0,funding,-0.01165905,2352.907243521956,4
730,2026-08-24 00:00:00+00:00,BTC_USDT,short,short,funding,77727.0,0.0023,178.7721,0.0,0.0,funding,0.01787721,2352.9251207319558,3
731,2026-08-24 02:00:00+00:00,BTC_USDT,long,long,buy,77004.66956756756,0.0005,38.50233478378378,0.0007700466956756756,0.0,grid_buy,0.0,2353.3613559014766,4
732,2026-08-24 07:00:00+00:00,BTC_USDT,long,long,sell,77714.29783783783,0.0005,38.85714891891892,0.0007771429783783784,0.0,grid_sell_tp,0.22398467569773176,2353.607507677417,4
733,2026-08-24 08:00:00+00:00,BTC_USDT,long,long,funding,77315.7,0.0015,115.97355,0.0,0.0,funding,-0.011597355,2353.595830322417,4
734,2026-08-24 08:00:00+00:00,BTC_USDT,short,short,funding,77315.7,0.0023,177.82611,0.0,0.0,funding,0.017782611,2353.6136129334172,3
735,2026-08-24 11:00:00+00:00,BTC_USDT,long,long,sell,78423.9261081081,0.0005,39.21196305405405,0.0007842392610810811,0.0,grid_sell_tp,0.578791714550166,2352.70743174821,4
736,2026-08-24 12:00:00+00:00,BTC_USDT,long,long,sell,79133.55437837838,0.0005,39.56677718918919,0.0007913355437837838,0.0,grid_sell_tp,0.9335987534026002,2351.7603776018555,4
737,2026-08-24 13:00:00+00:00,BTC_USDT,long,long,buy,78423.9261081081,0.0005,39.21196305405405,0.0007842392610810811,0.0,grid_buy,0.0,2352.85878030854,4
738,2026-08-24 14:00:00+00:00,BTC_USDT,long,long,sell,79133.55437837838,0.0005,39.56677718918919,0.0007913355437837838,0.0,grid_sell_tp,0.6438107764969767,2351.4845161621856,4
739,2026-08-24 15:00:00+00:00,BTC_USDT,long,long,sell,79843.18264864864,0.0005,39.92159132432432,0.0007984318264864864,0.0,grid_sell_tp,0.9986178153494035,2352.5928890546834,5
740,2026-08-24 16:00:00+00:00,BTC_USDT,short,short,funding,79097.6,0.0023,181.92448000000002,0.0,0.0,funding,0.018192448000000003,2352.611081502683,3
741,2026-08-24 16:00:00+00:00,BTC_USDT,long,long,buy,79133.55437837838,0.0005,39.56677718918919,0.0007913355437837838,0.0,grid_buy,0.0,2352.6756529779504,5
742,2026-08-25 00:00:00+00:00,BTC_USDT,long,long,funding,78984.9,0.0005,39.49245,0.0,0.0,funding,-0.003949245,2352.7912237329506,5
743,2026-08-25 00:00:00+00:00,BTC_USDT,short,short,funding,78984.9,0.0023,181.66527,0.0,0.0,funding,0.018166527000000002,2352.8093902599508,3
744,2026-08-25 00:00:00+00:00,BTC_USDT,long,long,buy,79843.18264864864,0.0005,39.92159132432432,0.0007984318264864864,0.0,grid_buy,0.0,2351.4035405038,5
745,2026-08-25 00:00:00+00:00,BTC_USDT,long,long,sell,79843.18264864864,0.0005,39.92159132432432,0.0007984318264864864,0.0,grid_sell_tp,0.17660863574108196,2351.4565333962973,5
746,2026-08-25 02:00:00+00:00,BTC_USDT,long,long,buy,80552.81091891891,0.0004,32.22112436756757,0.0006444224873513514,0.0,grid_buy,0.0,2349.858784606243,5
747,2026-08-25 02:00:00+00:00,BTC_USDT,long,long,sell,80552.81091891891,0.0005,40.276405459459454,0.0008055281091891892,0.0,grid_sell_tp,0.2948729178367558,2349.812934537593,5
748,2026-08-25 07:00:00+00:00,BTC_USDT,long,long,buy,79843.18264864864,0.0005,39.92159132432432,0.0007984318264864864,0.0,grid_buy,0.0,2351.530514781442,5
749,2026-08-25 08:00:00+00:00,BTC_USDT,long,long,funding,79701.1,0.0009,71.73099,0.0,0.0,funding,-0.0071730990000000005,2351.523341682442,5
750,2026-08-25 08:00:00+00:00,BTC_USDT,short,short,funding,79701.1,0.0023,183.31253,0.0,0.0,funding,0.018331253000000002,2351.541672935442,3
751,2026-08-25 09:00:00+00:00,BTC_USDT,long,long,buy,79133.55437837838,0.0005,39.56677718918919,0.0007913355437837838,0.0,grid_buy,0.0,2352.279874410709,5
752,2026-08-25 16:00:00+00:00,BTC_USDT,long,long,funding,79496.3,0.0014,111.29482,0.0,0.0,funding,-0.011129482000000001,2351.997844928709,5
753,2026-08-25 16:00:00+00:00,BTC_USDT,short,short,funding,79496.3,0.0023,182.84149,0.0,0.0,funding,0.018284149,2352.016129077709,3
754,2026-08-25 20:00:00+00:00,BTC_USDT,short,short,sell,78423.9261081081,0.0005,39.21196305405405,0.0007842392610810811,0.0,grid_short,0.0,2353.287677892502,3
755,2026-08-26 00:00:00+00:00,BTC_USDT,long,long,funding,78529.9,0.0014,109.94185999999999,0.0,0.0,funding,-0.010994186,2352.821123706502,5
756,2026-08-26 00:00:00+00:00,BTC_USDT,short,short,funding,78529.9,0.0028,219.88371999999998,0.0,0.0,funding,0.021988372,2352.843112078502,3
757,2026-08-26 08:00:00+00:00,BTC_USDT,long,long,funding,78929.7,0.0014,110.50157999999999,0.0,0.0,funding,-0.011050158,2352.272341920502,5
758,2026-08-26 08:00:00+00:00,BTC_USDT,short,short,funding,78929.7,0.0028,221.00315999999998,0.0,0.0,funding,0.022100316,2352.294442236502,3
759,2026-08-26 15:00:00+00:00,BTC_USDT,short,short,buy,77714.29783783783,0.0005,38.85714891891892,0.0007771429783783784,0.0,grid_cover_tp,-4.426821350795475,2353.729726174605,3
760,2026-08-26 16:00:00+00:00,BTC_USDT,long,long,funding,78009.2,0.0014,109.21288,0.0,0.0,funding,-0.010921288000000001,2353.718894886605,5
761,2026-08-26 16:00:00+00:00,BTC_USDT,short,short,funding,78009.2,0.0023,179.42116,0.0,0.0,funding,0.017942116,2353.736837002605,3
762,2026-08-26 17:00:00+00:00,BTC_USDT,short,short,sell,78423.9261081081,0.0005,39.21196305405405,0.0007842392610810811,0.0,grid_short,0.0,2353.340575817398,3
763,2026-08-27 00:00:00+00:00,BTC_USDT,long,long,funding,79027.3,0.0014,110.63822,0.0,0.0,funding,-0.011063822000000001,2352.507011995398,5
764,2026-08-27 00:00:00+00:00,BTC_USDT,short,short,funding,79027.3,0.0028,221.27644,0.0,0.0,funding,0.022127644000000002,2352.529139639398,3
765,2026-08-27 08:00:00+00:00,BTC_USDT,long,long,funding,79083.0,0.0014,110.7162,0.0,0.0,funding,-0.01107162,2352.440088019398,5
766,2026-08-27 08:00:00+00:00,BTC_USDT,short,short,funding,79083.0,0.0028,221.4324,0.0,0.0,funding,0.02214324,2352.4622312593983,3
767,2026-08-27 08:00:00+00:00,BTC_USDT,long,long,sell,79843.18264864864,0.0005,39.92159132432432,0.0007984318264864864,0.0,grid_sell_tp,0.10902499095343199,2351.549334151896,5
768,2026-08-27 13:00:00+00:00,BTC_USDT,long,long,buy,79133.55437837838,0.0005,39.56677718918919,0.0007913355437837838,0.0,grid_buy,0.0,2352.180555627163,5
769,2026-08-27 14:00:00+00:00,BTC_USDT,long,long,sell,79843.18264864864,0.0005,39.92159132432432,0.0007984318264864864,0.0,grid_sell_tp,0.1965216739374443,2351.058198519661,5
770,2026-08-27 15:00:00+00:00,BTC_USDT,long,long,sell,80552.81091891891,0.0005,40.276405459459454,0.0008055281091891892,0.0,grid_sell_tp,0.5513287127898785,2351.003008451011,5
771,2026-08-27 16:00:00+00:00,BTC_USDT,long,long,funding,80302.1,0.00039999999999999996,32.12084,0.0,0.0,funding,-0.0032120840000000005,2350.999796367011,5
772,2026-08-27 16:00:00+00:00,BTC_USDT,short,short,funding,80302.1,0.0028,224.84588000000002,0.0,0.0,funding,0.022484588000000003,2351.022280955011,3
773,2026-08-27 18:00:00+00:00,BTC_USDT,long,long,buy,79843.18264864864,0.0005,39.92159132432432,0.0007984318264864864,0.0,grid_buy,0.0,2351.5220711988604,5
774,2026-08-28 00:00:00+00:00,BTC_USDT,long,long,funding,80256.4,0.0009,72.23075999999999,0.0,0.0,funding,-0.007223075999999999,2351.3305481228604,5
775,2026-08-28 00:00:00+00:00,BTC_USDT,short,short,funding,80256.4,0.0028,224.71792,0.0,0.0,funding,0.022471792,2351.3530199148604,3
776,2026-08-28 00:00:00+00:00,BTC_USDT,long,long,sell,80552.81091891891,0.0005,40.276405459459454,0.0008055281091891892,0.0,grid_sell_tp,0.44170643180992014,2350.7412998462105,5
777,2026-08-28 01:00:00+00:00,BTC_USDT,long,long,sell,81262.43918918919,0.00039999999999999996,32.504975675675674,0.0006500995135135135,0.0,grid_sell_tp,0.6372107765298834,2351.2164654223725,6
778,2026-08-28 02:00:00+00:00,BTC_USDT,long,long,buy,79843.18264864864,0.0005,39.92159132432432,0.0007984318264864864,0.0,grid_buy,0.0,2352.858715666222,6
779,2026-08-28 08:00:00+00:00,BTC_USDT,long,long,funding,79667.0,0.0005,39.8335,0.0,0.0,funding,-0.00398335,2353.4596323162223,6
780,2026-08-28 08:00:00+00:00,BTC_USDT,short,short,funding,79667.0,0.0028,223.0676,0.0,0.0,funding,0.022306760000000002,2353.4819390762223,3
781,2026-08-28 15:00:00+00:00,BTC_USDT,short,short,sell,79133.55437837838,0.0005,39.56677718918919,0.0007913355437837838,0.0,grid_short,0.0,2356.9706249298674,3
782,2026-08-28 16:00:00+00:00,BTC_USDT,long,long,funding,78325.5,0.0005,39.16275,0.0,0.0,funding,-0.003916275,2356.966708654867,6
783,2026-08-28 16:00:00+00:00,BTC_USDT,short,short,funding,78325.5,0.0033,258.47415,0.0,0.0,funding,0.025847415000000002,2356.9925560698675,3
784,2026-08-28 16:00:00+00:00,BTC_USDT,short,short,sell,77714.29783783783,0.0005,38.85714891891892,0.0007771429783783784,0.0,grid_short,0.0,2358.446397845808,3
785,2026-08-28 16:00:00+00:00,BTC_USDT,short,short,buy,77714.29783783783,0.0005,38.85714891891892,0.0007771429783783784,0.0,grid_cover_tp,-2.5396404259459118,2358.4845217839106,3
786,2026-08-28 16:00:00+00:00,BTC_USDT,short,short,buy,78423.9261081081,0.0005,39.21196305405405,0.0007842392610810811,0.0,grid_cover_tp,-2.8944616573637516,2358.167824490595,3
787,2026-08-29 00:00:00+00:00,BTC_USDT,long,long,funding,77845.5,0.0005,38.92275,0.0,0.0,funding,-0.003892275,2358.0411122155956,6
788,2026-08-29 00:00:00+00:00,BTC_USDT,short,short,funding,77845.5,0.0028,217.9674,0.0,0.0,funding,0.021796740000000002,2358.062908955595,3
789,2026-08-29 08:00:00+00:00,BTC_USDT,long,long,funding,77626.0,0.0005,38.813,0.0,0.0,funding,-0.0038813000000000003,2358.563877655595,6
790,2026-08-29 08:00:00+00:00,BTC_USDT,short,short,funding,77626.0,0.0028,217.3528,0.0,0.0,funding,0.021735280000000003,2358.5856129355952,3
791,2026-08-29 16:00:00+00:00,BTC_USDT,long,long,funding,77861.4,0.0005,38.930699999999995,0.0,0.0,funding,-0.0038930699999999998,2358.0402998655954,6
792,2026-08-29 16:00:00+00:00,BTC_USDT,short,short,funding,77861.4,0.0028,218.01191999999998,0.0,0.0,funding,0.021801191999999997,2358.0621010575956,3
793,2026-08-30 00:00:00+00:00,BTC_USDT,long,long,funding,78230.8,0.0005,39.1154,0.0,0.0,funding,-0.003911540000000001,2357.2085695175956,6
794,2026-08-30 00:00:00+00:00,BTC_USDT,short,short,funding,78230.8,0.0028,219.04624,0.0,0.0,funding,0.021904624,2357.2304741415956,3
795,2026-08-30 08:00:00+00:00,BTC_USDT,long,long,funding,78110.5,0.0005,39.05525,0.0,0.0,funding,-0.0039055250000000004,2357.5032586165953,6
796,2026-08-30 08:00:00+00:00,BTC_USDT,short,short,funding,78110.5,0.0028,218.7094,0.0,0.0,funding,0.02187094,2357.5251295565954,3
797,2026-08-30 12:00:00+00:00,BTC_USDT,long,long,buy,78423.9261081081,0.0005,39.21196305405405,0.0007842392610810811,0.0,grid_buy,0.0,2356.1603722632804,6
798,2026-08-30 16:00:00+00:00,BTC_USDT,long,long,funding,78824.2,0.001,78.8242,0.0,0.0,funding,-0.007882420000000001,2356.0750898432802,6
799,2026-08-30 16:00:00+00:00,BTC_USDT,short,short,funding,78824.2,0.0028,220.70775999999998,0.0,0.0,funding,0.022070776,2356.09716061928,3
800,2026-08-30 16:00:00+00:00,BTC_USDT,long,long,buy,79133.55437837838,0.0005,39.56677718918919,0.0007913355437837838,0.0,grid_buy,0.0,2355.2775220945473,6
801,2026-08-30 16:00:00+00:00,BTC_USDT,long,long,sell,79133.55437837838,0.0005,39.56677718918919,0.0007913355437837838,0.0,grid_sell_tp,-0.0007913355437765079,2355.1759579481927,6
802,2026-08-30 21:00:00+00:00,BTC_USDT,long,long,buy,78423.9261081081,0.0005,39.21196305405405,0.0007842392610810811,0.0,grid_buy,0.0,2356.5145006548773,6
803,2026-08-30 23:00:00+00:00,BTC_USDT,short,short,sell,78423.9261081081,0.0005,39.21196305405405,0.0007842392610810811,0.0,grid_short,0.0,2358.1474494696704,3
804,2026-08-30 23:00:00+00:00,BTC_USDT,short,short,buy,77004.66956756756,0.0005,38.50233478378378,0.0007700466956756756,0.0,grid_cover_tp,-1.7463832220882778,2358.4860446391913,3
805,2026-08-31 00:00:00+00:00,BTC_USDT,long,long,funding,77683.3,0.0015,116.52495,0.0,0.0,funding,-0.011652495,2358.4745221441913,6
806,2026-08-31 00:00:00+00:00,BTC_USDT,short,short,funding,77683.3,0.0028,217.51324,0.0,0.0,funding,0.021751324,2358.4962734681912,3
807,2026-08-31 00:00:00+00:00,BTC_USDT,short,short,buy,77714.29783783783,0.0005,38.85714891891892,0.0007771429783783784,0.0,grid_cover_tp,-2.101204453506117,2358.2796774062936,3
808,2026-08-31 01:00:00+00:00,BTC_USDT,short,short,sell,77714.29783783783,0.0005,38.85714891891892,0.0007771429783783784,0.0,grid_short,0.0,2358.5523091822342,3
809,2026-08-31 08:00:00+00:00,BTC_USDT,long,long,funding,78191.0,0.0015,117.2865,0.0,0.0,funding,-0.01172865,2357.8229805322344,6
810,2026-08-31 08:00:00+00:00,BTC_USDT,short,short,funding,78191.0,0.0028,218.9348,0.0,0.0,funding,0.02189348,2357.844874012234,3
811,2026-08-31 12:00:00+00:00,BTC_USDT,short,short,sell,78423.9261081081,0.0005,39.21196305405405,0.0007842392610810811,0.0,grid_short,0.0,2358.4458328270275,3
812,2026-08-31 16:00:00+00:00,BTC_USDT,long,long,funding,78577.8,0.0015,117.86670000000001,0.0,0.0,funding,-0.01178667,2357.252526157027,6
813,2026-08-31 16:00:00+00:00,BTC_USDT,short,short,funding,78577.8,0.0033,259.30674,0.0,0.0,funding,0.025930674,2357.278456831027,3
814,2026-08-31 18:00:00+00:00,BTC_USDT,long,long,sell,79133.55437837838,0.0005,39.56677718918919,0.0007913355437837838,0.0,grid_sell_tp,0.11748004283460003,2356.546302684673,6
815,2026-09-01 00:00:00+00:00,BTC_USDT,long,long,funding,78583.2,0.001,78.5832,0.0,0.0,funding,-0.00785832,2357.5352643646725,6
816,2026-09-01 00:00:00+00:00,BTC_USDT,short,short,funding,78583.2,0.0033,259.32455999999996,0.0,0.0,funding,0.025932455999999996,2357.5611968206726,3
817,2026-09-01 03:00:00+00:00,BTC_USDT,long,long,buy,78423.9261081081,0.0005,39.21196305405405,0.0007842392610810811,0.0,grid_buy,0.0,2357.4713895273576,6
818,2026-09-01 05:00:00+00:00,BTC_USDT,long,long,sell,79133.55437837838,0.0005,39.56677718918919,0.0007913355437837838,0.0,grid_sell_tp,0.19632762842018683,2356.544095381003,6
819,2026-09-01 08:00:00+00:00,BTC_USDT,long,long,funding,78634.4,0.001,78.6344,0.0,0.0,funding,-0.007863440000000001,2357.7888119410027,6
820,2026-09-01 08:00:00+00:00,BTC_USDT,short,short,funding,78634.4,0.0033,259.49352,0.0,0.0,funding,0.025949352000000002,2357.814761293003,3
821,2026-09-01 13:00:00+00:00,BTC_USDT,short,short,buy,77714.29783783783,0.0005,38.85714891891892,0.0007771429783783784,0.0,grid_cover_tp,-1.4109516116590561,2359.2804152311055,3
822,2026-09-01 16:00:00+00:00,BTC_USDT,long,long,funding,77918.3,0.001,77.9183,0.0,0.0,funding,-0.0077918300000000005,2359.5552234011056,6
823,2026-09-01 16:00:00+00:00,BTC_USDT,short,short,funding,77918.3,0.0028,218.17124,0.0,0.0,funding,0.021817124000000004,2359.5770405251055,3
824,2026-09-01 18:00:00+00:00,BTC_USDT,short,short,sell,77004.66956756756,0.0005,38.50233478378378,0.0007700466956756756,0.0,grid_short,0.0,2360.8876952621936,3
825,2026-09-01 18:00:00+00:00,BTC_USDT,short,short,buy,77004.66956756756,0.0005,38.50233478378378,0.0007700466956756756,0.0,grid_cover_tp,-0.8962272994009853,2360.9593404317143,3
826,2026-09-02 00:00:00+00:00,BTC_USDT,long,long,funding,77437.5,0.001,77.4375,0.0,0.0,funding,-0.007743750000000001,2360.4331966817144,6
827,2026-09-02 00:00:00+00:00,BTC_USDT,short,short,funding,77437.5,0.0028,216.825,0.0,0.0,funding,0.0216825,2360.454879181714,3
828,2026-09-02 03:00:00+00:00,BTC_USDT,short,short,sell,77714.29783783783,0.0005,38.85714891891892,0.0007771429783783784,0.0,grid_short,0.0,2360.3199509576543,3
829,2026-09-02 08:00:00+00:00,BTC_USDT,long,long,funding,77474.1,0.001,77.4741,0.0,0.0,funding,-0.0077474100000000014,2360.5005735476543,6
830,2026-09-02 08:00:00+00:00,BTC_USDT,short,short,funding,77474.1,0.0033,255.66453,0.0,0.0,funding,0.025566453000000003,2360.526140000655,3
831,2026-09-02 08:00:00+00:00,BTC_USDT,short,short,buy,77004.66956756756,0.0005,38.50233478378378,0.0007700466956756756,0.0,grid_cover_tp,-0.7067922406372835,2361.8867051701754,3
832,2026-09-02 10:00:00+00:00,BTC_USDT,short,short,buy,76295.04129729728,0.0005,38.147520648648644,0.000762950412972973,0.0,grid_cover_tp,-0.3519710092194439,2362.3833915711134,3
833,2026-09-02 12:00:00+00:00,BTC_USDT,short,short,sell,77004.66956756756,0.0005,38.50233478378378,0.0007700466956756756,0.0,grid_short,0.0,2362.6644263082017,3
834,2026-09-02 16:00:00+00:00,BTC_USDT,long,long,funding,77291.9,0.001,77.2919,0.0,0.0,funding,-0.00772919,2361.4335971182018,6
835,2026-09-02 16:00:00+00:00,BTC_USDT,short,short,funding,77291.9,0.0028,216.41732,0.0,0.0,funding,0.021641732,2361.4552388502016,3
836,2026-09-03 00:00:00+00:00,BTC_USDT,long,long,funding,77335.7,0.001,77.3357,0.0,0.0,funding,-0.00773357,2361.3686652802016,6
837,2026-09-03 00:00:00+00:00,BTC_USDT,short,short,funding,77335.7,0.0028,216.53995999999998,0.0,0.0,funding,0.021653996,2361.390319276202,3
838,2026-09-03 02:00:00+00:00,BTC_USDT,long,long,buy,77714.29783783783,0.0005,38.85714891891892,0.0007771429783783784,0.0,grid_buy,0.0,2360.5779332143047,6
839,2026-09-03 08:00:00+00:00,BTC_USDT,long,long,funding,77665.3,0.0015,116.49795,0.0,0.0,funding,-0.011649795000000001,2360.760113419304,6
840,2026-09-03 08:00:00+00:00,BTC_USDT,short,short,funding,77665.3,0.0028,217.46284,0.0,0.0,funding,0.021746284,2360.7818597033042,3
841,2026-09-03 12:00:00+00:00,BTC_USDT,long,long,buy,78423.9261081081,0.0005,39.21196305405405,0.0007842392610810811,0.0,grid_buy,0.0,2359.611442409989,6
842,2026-09-03 12:00:00+00:00,BTC_USDT,long,long,sell,78423.9261081081,0.0005,39.21196305405405,0.0007842392610810811,0.0,grid_sell_tp,0.009071708937119996,2359.496021224782,6
843,2026-09-03 14:00:00+00:00,BTC_USDT,long,long,buy,80552.81091891891,0.0004,32.22112436756757,0.0006444224873513514,0.0,grid_buy,0.0,2357.025712434727,6
844,2026-09-03 14:00:00+00:00,BTC_USDT,long,long,sell,80552.81091891891,0.0005,40.276405459459454,0.0008055281091891892,0.0,grid_sell_tp,0.8473247510515485,2357.0248123660776,6
845,2026-09-03 14:00:00+00:00,BTC_USDT,long,long,sell,79843.18264864864,0.0005,39.92159132432432,0.0007984318264864864,0.0,grid_sell_tp,0.49251771219911433,2356.669105258575,6
846,2026-09-03 14:00:00+00:00,BTC_USDT,long,long,sell,79133.55437837838,0.0005,39.56677718918919,0.0007913355437837838,0.0,grid_sell_tp,0.1377106733466874,2355.958591112221,6
847,2026-09-03 15:00:00+00:00,BTC_USDT,long,long,buy,81262.43918918919,0.0004,32.504975675675674,0.0006500995135135135,0.0,grid_buy,0.0,2354.0901653370315,6
848,2026-09-03 15:00:00+00:00,BTC_USDT,long,long,sell,81262.43918918919,0.0004,32.504975675675674,0.0006500995135135135,0.0,grid_sell_tp,0.48052766620483345,2354.0564909131936,6
849,2026-09-03 16:00:00+00:00,BTC_USDT,long,long,funding,81345.0,0.0003999999999999999,32.53799999999999,0.0,0.0,funding,-0.003253799999999999,2354.0532371131935,6
850,2026-09-03 16:00:00+00:00,BTC_USDT,short,short,funding,81345.0,0.0028,227.766,0.0,0.0,funding,0.0227766,2354.076013713194,3
851,2026-09-03 21:00:00+00:00,BTC_USDT,long,long,sell,81972.06745945945,0.0003999999999999999,32.78882698378377,0.0006557765396756755,0.0,grid_sell_tp,0.7643732972867748,2353.6575449204374,7
852,2026-09-03 22:00:00+00:00,BTC_USDT,long,long,buy,81262.43918918919,0.0004,32.504975675675674,0.0006500995135135135,0.0,grid_buy,0.0,2354.8459991452487,7
853,2026-09-04 00:00:00+00:00,BTC_USDT,long,long,funding,81262.5,0.0004,32.505,0.0,0.0,funding,-0.0032505000000000004,2354.5533086452483,7
854,2026-09-04 00:00:00+00:00,BTC_USDT,short,short,funding,81262.5,0.0028,227.535,0.0,0.0,funding,0.0227535,2354.576062145248,3
855,2026-09-04 08:00:00+00:00,BTC_USDT,long,long,funding,80662.0,0.0004,32.2648,0.0,0.0,funding,-0.0032264800000000003,2356.0140356652482,7
856,2026-09-04 08:00:00+00:00,BTC_USDT,short,short,funding,80662.0,0.0028,225.8536,0.0,0.0,funding,0.022585360000000002,2356.036621025248,3
857,2026-09-04 08:00:00+00:00,BTC_USDT,long,long,buy,80552.81091891891,0.0004,32.22112436756757,0.0006444224873513514,0.0,grid_buy,0.0,2355.108852235194,7
858,2026-09-04 09:00:00+00:00,BTC_USDT,long,long,sell,81262.43918918919,0.0004,32.504975675675674,0.0006500995135135135,0.0,grid_sell_tp,0.14127555454054705,2355.381737811356,7
859,2026-09-04 12:00:00+00:00,BTC_USDT,short,short,sell,81262.43918918919,0.0004,32.504975675675674,0.0006500995135135135,0.0,grid_short,0.0,2359.924303387518,3
860,2026-09-04 12:00:00+00:00,BTC_USDT,short,short,sell,80552.81091891891,0.0004,32.22112436756757,0.0006444224873513514,0.0,grid_short,0.0,2360.360783332598,3
861,2026-09-04 12:00:00+00:00,BTC_USDT,short,short,sell,79843.18264864864,0.0005,39.92159132432432,0.0007984318264864864,0.0,grid_short,0.0,2360.551576225096,3
862,2026-09-04 13:00:00+00:00,BTC_USDT,short,short,buy,80552.81091891891,0.0004,32.22112436756757,0.0006444224873513514,0.0,grid_cover_tp,-1.2936649788719616,2360.397277435041,3
863,2026-09-04 13:00:00+00:00,BTC_USDT,short,short,buy,79843.18264864864,0.0004,31.937273059459457,0.0006387454611891892,0.0,grid_cover_tp,-1.0098079937376898,2360.2090056301204,3
864,2026-09-04 13:00:00+00:00,BTC_USDT,short,short,buy,79133.55437837838,0.0005,39.56677718918919,0.0007913355437837838,0.0,grid_cover_tp,-0.9074387607542801,2360.3284871053875,3
865,2026-09-04 14:00:00+00:00,BTC_USDT,short,short,sell,79133.55437837838,0.0005,39.56677718918919,0.0007913355437837838,0.0,grid_short,0.0,2361.556792959033,3
866,2026-09-04 16:00:00+00:00,BTC_USDT,long,long,funding,79422.8,0.0004,31.76912,0.0,0.0,funding,-0.003176912,2360.0630160470328,7
867,2026-09-04 16:00:00+00:00,BTC_USDT,short,short,funding,79422.8,0.0033,262.09524,0.0,0.0,funding,0.026209524,2360.089225571033,3
868,2026-09-05 00:00:00+00:00,BTC_USDT,long,long,funding,79656.7,0.0004,31.86268,0.0,0.0,funding,-0.0031862680000000003,2359.4077293030327,7
869,2026-09-05 00:00:00+00:00,BTC_USDT,short,short,funding,79656.7,0.0033,262.86710999999997,0.0,0.0,funding,0.026286710999999997,2359.4340160140327,3
870,2026-09-05 08:00:00+00:00,BTC_USDT,long,long,funding,79715.2,0.0004,31.88608,0.0,0.0,funding,-0.0031886080000000003,2359.261177406033,7
871,2026-09-05 08:00:00+00:00,BTC_USDT,short,short,funding,79715.2,0.0033,263.06016,0.0,0.0,funding,0.026306016,2359.287483422033,3
872,2026-09-05 16:00:00+00:00,BTC_USDT,long,long,funding,79802.2,0.0004,31.92088,0.0,0.0,funding,-0.003192088,2359.031991334033,7
873,2026-09-05 16:00:00+00:00,BTC_USDT,short,short,funding,79802.2,0.0033,263.34726,0.0,0.0,funding,0.026334726000000003,2359.058326060033,3
874,2026-09-05 16:00:00+00:00,BTC_USDT,long,long,buy,79843.18264864864,0.0005,39.92159132432432,0.0007984318264864864,0.0,grid_buy,0.0,2358.459836303882,7
