timestamp,open,high,low,close,volume
2026-06-07 20:00:00+00:00,61327.7,61962.5,61217.6,61878.5,523.32628958
2026-06-07 21:00:00+00:00,61878.5,62004.3,61648.2,61778.3,253.185002
2026-06-07 22:00:00+00:00,61778.4,64231.7,61725.2,62873.9,1946.266422
2026-06-07 23:00:00+00:00,62863.6,63454.9,62800.0,63331.1,710.993139
2026-06-08 00:00:00+00:00,63331.1,63862.1,63152.2,63638.8,698.301033
2026-06-08 01:00:00+00:00,63639.4,63650.9,62714.7,63212.2,1070.281579
2026-06-08 02:00:00+00:00,63212.2,63256.8,62909.8,63127.9,489.244641
2026-06-08 03:00:00+00:00,63127.9,63448.4,62977.5,63126.9,384.15151016
2026-06-08 04:00:00+00:00,63126.9,63169.5,62651.6,62681.5,450.336597
2026-06-08 05:00:00+00:00,62681.5,62824.0,62401.3,62764.3,697.44816451
2026-06-08 06:00:00+00:00,62765.9,63147.5,62733.6,62992.0,485.17244129
2026-06-08 07:00:00+00:00,62992.0,63347.5,62812.9,63283.1,1083.6985839
2026-06-08 08:00:00+00:00,63283.0,63283.1,62991.7,63134.8,484.31352216
2026-06-08 09:00:00+00:00,63134.9,63575.9,63124.7,63498.5,539.475336
2026-06-08 10:00:00+00:00,63498.4,63551.4,63086.4,63150.5,585.626963
2026-06-08 11:00:00+00:00,63156.8,63877.1,63050.6,63481.3,874.494461
2026-06-08 12:00:00+00:00,63481.4,63938.2,62708.6,63861.9,1237.44791045
2026-06-08 13:00:00+00:00,63872.8,63938.6,63352.2,63758.3,1278.34701434
2026-06-08 14:00:00+00:00,63758.3,64094.3,63569.7,63966.1,939.54004
2026-06-08 15:00:00+00:00,63966.2,64212.8,63713.6,63772.4,1067.35254861
2026-06-08 16:00:00+00:00,63772.5,64056.0,63469.5,63531.1,648.977023
2026-06-08 17:00:00+00:00,63531.0,63649.4,63274.9,63552.2,736.835139
2026-06-08 18:00:00+00:00,63552.1,63685.4,63339.2,63469.2,257.334908
2026-06-08 19:00:00+00:00,63469.1,63594.9,63356.0,63373.5,309.523024
2026-06-08 20:00:00+00:00,63373.5,63481.3,63160.8,63481.2,327.3211239
2026-06-08 21:00:00+00:00,63481.3,63844.9,63481.3,63726.0,287.808957
2026-06-08 22:00:00+00:00,63725.9,63725.9,63211.2,63436.4,253.27816669
2026-06-08 23:00:00+00:00,63438.6,63596.7,62979.6,63082.3,363.19341947
2026-06-09 00:00:00+00:00,63082.3,63188.1,62420.0,62559.4,1028.79414311
2026-06-09 01:00:00+00:00,62559.3,62875.9,62548.9,62761.4,664.09668197
2026-06-09 02:00:00+00:00,62761.4,62867.7,62545.1,62864.0,286.809781
2026-06-09 03:00:00+00:00,62866.3,62968.2,62702.4,62870.2,335.533583
2026-06-09 04:00:00+00:00,62870.2,63423.8,62753.2,63247.6,688.062143
2026-06-09 05:00:00+00:00,63247.5,63523.6,63121.4,63349.8,387.19030512
2026-06-09 06:00:00+00:00,63349.9,63505.1,63231.8,63296.8,372.35605307
2026-06-09 07:00:00+00:00,63296.8,63440.1,63007.2,63196.3,414.496495
2026-06-09 08:00:00+00:00,63196.3,63204.1,62765.0,62849.4,788.5956763
2026-06-09 09:00:00+00:00,62849.4,62957.0,62583.9,62717.4,839.315197
2026-06-09 10:00:00+00:00,62717.3,62837.6,62600.0,62787.0,273.765439
2026-06-09 11:00:00+00:00,62787.0,62827.2,62496.4,62710.1,432.36160203
2026-06-09 12:00:00+00:00,62710.0,62894.7,62431.0,62640.4,694.08676399
2026-06-09 13:00:00+00:00,62640.3,62734.4,62142.2,62268.2,1161.5683968
2026-06-09 14:00:00+00:00,62268.2,62390.8,61144.4,61542.8,1920.00022617
2026-06-09 15:00:00+00:00,61542.9,61713.7,61031.1,61127.6,1281.59378698
2026-06-09 16:00:00+00:00,61126.5,61499.4,60773.7,61388.1,4193.21117021
2026-06-09 17:00:00+00:00,61388.2,61883.6,61388.2,61689.6,5497.36598528
2026-06-09 18:00:00+00:00,61689.5,61960.1,61597.6,61794.9,3213.323196
2026-06-09 19:00:00+00:00,61794.8,62103.9,61719.6,62100.8,1626.212432
2026-06-09 20:00:00+00:00,62100.9,62272.7,61954.3,62154.7,739.757665
2026-06-09 21:00:00+00:00,62156.2,62174.8,61693.5,61759.9,1188.32022
2026-06-09 22:00:00+00:00,61760.0,61974.3,61670.0,61717.3,1686.583928
2026-06-09 23:00:00+00:00,61717.2,61877.8,61552.2,61720.6,301.92009394
2026-06-10 00:00:00+00:00,61720.8,61928.4,61445.4,61922.0,364.778232
2026-06-10 01:00:00+00:00,61918.1,61971.2,61591.0,61719.1,376.41064401
2026-06-10 02:00:00+00:00,61719.2,61841.2,61227.9,61300.5,379.85100017
2026-06-10 03:00:00+00:00,61300.6,61591.9,61288.8,61544.6,245.59377272
2026-06-10 04:00:00+00:00,61544.6,61565.4,61194.8,61291.6,249.02428
2026-06-10 05:00:00+00:00,61291.6,61391.7,61081.5,61355.6,341.752324
2026-06-10 06:00:00+00:00,61355.7,61518.8,61146.2,61477.5,297.25654584
2026-06-10 07:00:00+00:00,61477.5,61791.9,61442.7,61685.3,753.835262
2026-06-10 08:00:00+00:00,61685.4,61732.1,61171.0,61256.9,506.21873261
2026-06-10 09:00:00+00:00,61257.0,61419.3,60734.1,61330.6,696.03495856
2026-06-10 10:00:00+00:00,61330.7,61453.3,61153.7,61382.9,476.73282303
2026-06-10 11:00:00+00:00,61382.9,61427.0,60871.5,61034.1,927.3107791
2026-06-10 12:00:00+00:00,61034.0,61968.4,60965.1,61567.1,1420.35186299
2026-06-10 13:00:00+00:00,61567.2,62446.0,61444.1,62145.6,1622.62707699
2026-06-10 14:00:00+00:00,62145.7,62254.3,61806.3,62193.2,980.04236678
2026-06-10 15:00:00+00:00,62193.3,62852.9,61851.8,62638.5,1488.614317
2026-06-10 16:00:00+00:00,62638.6,62646.5,61932.4,62217.6,889.12656
2026-06-10 17:00:00+00:00,62217.7,62356.1,61651.4,61973.8,976.37309911
2026-06-10 18:00:00+00:00,61973.8,62161.6,61595.6,61885.8,694.18554
2026-06-10 19:00:00+00:00,61885.7,62064.7,61680.5,61939.4,509.293131
2026-06-10 20:00:00+00:00,61939.3,61948.6,61692.9,61807.0,389.48123192
2026-06-10 21:00:00+00:00,61805.3,61805.3,61184.7,61356.7,510.017303
2026-06-10 22:00:00+00:00,61356.8,61578.1,61104.4,61386.4,726.39523713
2026-06-10 23:00:00+00:00,61386.5,61611.7,61161.2,61511.2,395.83041058
2026-06-11 00:00:00+00:00,61516.8,61974.6,61516.8,61823.3,365.196931
2026-06-11 01:00:00+00:00,61823.3,62371.8,61823.3,62206.5,497.097706
2026-06-11 02:00:00+00:00,62206.5,62307.0,61942.1,62146.6,326.561835
2026-06-11 03:00:00+00:00,62146.6,62848.9,62007.2,62687.2,621.071555
2026-06-11 04:00:00+00:00,62687.2,62858.2,62525.4,62729.0,720.151893
2026-06-11 05:00:00+00:00,62729.0,62729.0,62548.6,62607.8,329.321432
2026-06-11 06:00:00+00:00,62607.8,63000.0,62540.8,62768.1,566.45367998
2026-06-11 07:00:00+00:00,62766.7,62837.6,62608.3,62717.7,434.093689
2026-06-11 08:00:00+00:00,62717.8,63044.4,62717.7,62952.0,838.908644
2026-06-11 09:00:00+00:00,62952.1,62985.8,62791.1,62921.0,324.5963047
2026-06-11 10:00:00+00:00,62920.9,63233.7,62792.7,63138.8,341.22484279
2026-06-11 11:00:00+00:00,63138.7,63256.2,63050.0,63105.8,611.64442689
2026-06-11 12:00:00+00:00,63105.8,63187.3,62500.0,63004.2,1302.82088088
2026-06-11 13:00:00+00:00,63004.1,63234.6,62669.3,63075.4,950.990453
2026-06-11 14:00:00+00:00,63075.4,63085.7,62734.9,62736.0,845.00746698
2026-06-11 15:00:00+00:00,62736.1,62882.2,62538.2,62746.4,1016.486164
2026-06-11 16:00:00+00:00,62746.4,62836.6,62538.0,62582.2,545.265595
2026-06-11 17:00:00+00:00,62582.2,63656.2,62345.3,63638.9,1880.37052648
2026-06-11 18:00:00+00:00,63638.8,63786.4,63328.8,63460.1,860.14080199
2026-06-11 19:00:00+00:00,63460.1,63930.0,63389.7,63604.7,915.54787241
2026-06-11 20:00:00+00:00,63604.4,63665.1,63275.3,63398.4,433.84685299
2026-06-11 21:00:00+00:00,63396.3,63590.9,63396.3,63517.8,216.14439399
2026-06-11 22:00:00+00:00,63517.8,63666.6,63469.0,63502.1,190.64107501
2026-06-11 23:00:00+00:00,63502.1,63701.2,63358.7,63619.4,354.531955
2026-06-12 00:00:00+00:00,63619.4,63794.4,63520.0,63638.8,385.864636
2026-06-12 01:00:00+00:00,63638.8,63638.8,63297.8,63421.8,297.618527
2026-06-12 02:00:00+00:00,63421.8,63777.6,63421.7,63619.7,262.61014106
2026-06-12 03:00:00+00:00,63619.7,63648.9,63353.8,63523.3,181.063365
2026-06-12 04:00:00+00:00,63523.3,63859.8,63423.8,63697.0,264.10428
2026-06-12 05:00:00+00:00,63697.8,63721.4,63309.2,63356.9,381.335344
2026-06-12 06:00:00+00:00,63356.8,63412.2,62846.1,62979.8,475.85919315
2026-06-12 07:00:00+00:00,62979.8,63196.2,62954.4,63093.9,1001.550142
2026-06-12 08:00:00+00:00,63093.9,63611.0,63093.8,63472.2,644.888701
2026-06-12 09:00:00+00:00,63472.2,63969.5,63435.6,63756.1,696.414543
2026-06-12 10:00:00+00:00,63756.0,63847.5,63583.0,63697.5,414.240299
2026-06-12 11:00:00+00:00,63697.6,63884.8,63685.9,63763.2,353.564704
2026-06-12 12:00:00+00:00,63763.1,63768.8,63354.3,63465.4,458.208359
2026-06-12 13:00:00+00:00,63465.5,63529.0,63051.5,63233.6,1149.151253
2026-06-12 14:00:00+00:00,63233.6,64011.2,63198.6,63995.8,1382.388651
2026-06-12 15:00:00+00:00,63995.8,64392.7,63549.2,63595.8,1730.131862
2026-06-12 16:00:00+00:00,63595.9,63997.2,63510.5,63980.9,766.848561
2026-06-12 17:00:00+00:00,63981.0,64100.1,63742.1,63859.1,414.911096
2026-06-12 18:00:00+00:00,63859.7,63935.4,63681.2,63691.4,364.431628
2026-06-12 19:00:00+00:00,63691.3,63827.4,63586.2,63586.5,349.979977
2026-06-12 20:00:00+00:00,63586.6,63693.6,63395.4,63450.5,219.037814
2026-06-12 21:00:00+00:00,63450.5,63620.1,63438.9,63473.6,134.50774
2026-06-12 22:00:00+00:00,63471.5,63657.9,63468.6,63500.3,256.241478
2026-06-12 23:00:00+00:00,63500.3,63577.0,63421.0,63577.0,161.633161
2026-06-13 00:00:00+00:00,63577.6,63643.6,63512.4,63601.1,149.013084
2026-06-13 01:00:00+00:00,63605.0,63839.3,63605.0,63827.1,218.338528
2026-06-13 02:00:00+00:00,63827.1,63827.1,63555.3,63647.3,184.41361
2026-06-13 03:00:00+00:00,63647.4,63717.3,63405.7,63532.2,172.639451
2026-06-13 04:00:00+00:00,63532.2,63652.2,63486.2,63514.4,72.621228
2026-06-13 05:00:00+00:00,63514.4,63596.0,63497.9,63580.0,214.88462
2026-06-13 06:00:00+00:00,63580.9,63736.3,63556.8,63736.2,122.72583
2026-06-13 07:00:00+00:00,63736.1,63879.3,63679.7,63844.3,281.083995
2026-06-13 08:00:00+00:00,63844.3,63907.2,63758.6,63795.8,254.67707
2026-06-13 09:00:00+00:00,63795.9,63856.6,63734.5,63734.6,208.407671
2026-06-13 10:00:00+00:00,63736.3,63904.0,63722.9,63832.2,226.697141
2026-06-13 11:00:00+00:00,63832.2,63969.5,63832.2,63969.4,209.898807
2026-06-13 12:00:00+00:00,63969.3,64205.4,63917.1,64129.4,305.901812
2026-06-13 13:00:00+00:00,64129.4,64237.0,64057.0,64104.2,453.226543
2026-06-13 14:00:00+00:00,64102.3,64228.1,64085.6,64219.6,215.014573
2026-06-13 15:00:00+00:00,64219.6,64342.7,64184.8,64299.9,352.862001
2026-06-13 16:00:00+00:00,64300.0,64302.7,63915.3,64026.8,917.960956
2026-06-13 17:00:00+00:00,64026.9,64118.5,63945.3,63976.5,425.51344
2026-06-13 18:00:00+00:00,63976.5,64285.1,63976.4,64157.4,203.356949
2026-06-13 19:00:00+00:00,64157.4,64340.8,64151.7,64302.7,244.032421
2026-06-13 20:00:00+00:00,64302.8,64302.8,64236.2,64281.8,109.555202
2026-06-13 21:00:00+00:00,64281.9,64753.5,64227.7,64468.3,450.082803
2026-06-13 22:00:00+00:00,64464.6,64554.1,64366.8,64460.5,264.649968
2026-06-13 23:00:00+00:00,64460.5,64598.0,64391.2,64454.5,206.515235
2026-06-14 00:00:00+00:00,64454.4,64576.6,64383.5,64556.0,207.028741
2026-06-14 01:00:00+00:00,64555.6,64711.8,64507.1,64568.1,332.296708
2026-06-14 02:00:00+00:00,64568.2,64631.9,64478.8,64490.5,148.487927
2026-06-14 03:00:00+00:00,64490.5,64542.4,64467.1,64542.4,106.688577
2026-06-14 04:00:00+00:00,64542.4,64560.8,64326.6,64336.0,158.930254
2026-06-14 05:00:00+00:00,64336.0,64411.9,64296.8,64354.4,197.36118
2026-06-14 06:00:00+00:00,64355.0,64492.7,64245.9,64287.1,311.330041
2026-06-14 07:00:00+00:00,64287.2,64441.0,64227.4,64428.5,161.857352
2026-06-14 08:00:00+00:00,64428.4,64514.2,64392.1,64453.8,104.895521
2026-06-14 09:00:00+00:00,64453.9,64614.5,64326.0,64614.5,211.991228
2026-06-14 10:00:00+00:00,64614.5,64662.0,64495.2,64522.6,152.869436
2026-06-14 11:00:00+00:00,64522.6,64643.5,64462.0,64545.4,137.52014
2026-06-14 12:00:00+00:00,64545.5,64556.5,64299.6,64327.7,175.73168
2026-06-14 13:00:00+00:00,64327.6,64398.5,64248.5,64317.1,195.37239
2026-06-14 14:00:00+00:00,64317.2,64338.6,63870.5,63982.3,515.06286
2026-06-14 15:00:00+00:00,63983.1,64148.1,63983.0,64026.9,401.859608
2026-06-14 16:00:00+00:00,64026.9,64209.9,63938.5,63942.5,222.734793
2026-06-14 17:00:00+00:00,63942.5,64022.4,63700.0,63734.0,373.228707
2026-06-14 18:00:00+00:00,63734.1,63816.5,63685.5,63816.4,205.810559
2026-06-14 19:00:00+00:00,63816.5,63859.3,63740.3,63799.0,160.820203
2026-06-14 20:00:00+00:00,63802.2,64095.8,63798.2,64012.3,264.357299
2026-06-14 21:00:00+00:00,64012.3,65670.2,64012.2,65305.4,2343.188028
2026-06-14 22:00:00+00:00,65315.3,65553.1,64950.0,65413.0,1672.976387
2026-06-14 23:00:00+00:00,65413.1,65799.2,65260.0,65743.3,856.955299
2026-06-15 00:00:00+00:00,65742.1,65903.5,65490.1,65621.5,947.537539
2026-06-15 01:00:00+00:00,65621.5,65737.5,65356.8,65519.7,554.224309
2026-06-15 02:00:00+00:00,65519.6,65772.4,65422.5,65462.3,376.25682
2026-06-15 03:00:00+00:00,65462.2,65999.0,65427.5,65926.4,709.512833
2026-06-15 04:00:00+00:00,65926.4,65926.4,65638.6,65644.6,346.854862
2026-06-15 05:00:00+00:00,65644.5,65866.6,65613.5,65859.5,268.797971
2026-06-15 06:00:00+00:00,65859.5,65957.9,65766.7,65813.3,350.77547
2026-06-15 07:00:00+00:00,65813.3,66004.4,65628.5,65670.2,526.972347
2026-06-15 08:00:00+00:00,65670.2,65793.9,65620.0,65664.4,489.560325
2026-06-15 09:00:00+00:00,65664.5,65785.4,65509.9,65595.0,605.158987
2026-06-15 10:00:00+00:00,65595.0,65975.3,65586.8,65917.6,359.286687
2026-06-15 11:00:00+00:00,65917.5,66382.8,65820.4,66233.7,1356.948169
2026-06-15 12:00:00+00:00,66233.8,66603.8,66105.5,66561.7,590.930647
2026-06-15 13:00:00+00:00,66561.7,66947.2,66413.5,66442.4,1644.16858
2026-06-15 14:00:00+00:00,66442.4,66678.1,66297.6,66591.5,710.777941
2026-06-15 15:00:00+00:00,66591.5,67297.6,66582.9,67295.9,870.999942
2026-06-15 16:00:00+00:00,67286.6,67286.6,67092.7,67156.5,633.334662
2026-06-15 17:00:00+00:00,67156.4,67156.5,66682.1,66855.3,697.142156
2026-06-15 18:00:00+00:00,66855.3,66949.7,66720.1,66769.7,351.695247
2026-06-15 19:00:00+00:00,66768.1,66892.3,66355.6,66614.1,547.622446
2026-06-15 20:00:00+00:00,66614.0,66692.2,66484.3,66518.8,294.53194
2026-06-15 21:00:00+00:00,66518.9,66561.0,66337.7,66368.0,253.887637
2026-06-15 22:00:00+00:00,66369.7,66468.2,66100.0,66201.5,539.837118
2026-06-15 23:00:00+00:00,66201.5,66365.4,66121.8,66326.4,264.79723
2026-06-16 00:00:00+00:00,66326.4,66458.5,66242.7,66246.9,231.592743
2026-06-16 01:00:00+00:00,66246.9,66413.6,66246.9,66349.0,237.672439
2026-06-16 02:00:00+00:00,66347.7,66362.2,65692.7,65742.6,493.298342
2026-06-16 03:00:00+00:00,65743.0,66176.1,65652.5,66161.8,474.886623
2026-06-16 04:00:00+00:00,66161.9,66274.8,65805.0,65844.0,291.44536
2026-06-16 05:00:00+00:00,65844.1,66147.3,65844.1,66065.3,282.209615
2026-06-16 06:00:00+00:00,66065.3,66568.0,66065.2,66443.4,368.590243
2026-06-16 07:00:00+00:00,66443.4,66527.4,66309.9,66368.2,993.399162
2026-06-16 08:00:00+00:00,66368.1,66986.2,66340.6,66895.5,478.096513
2026-06-16 09:00:00+00:00,66895.4,66913.1,66482.3,66515.3,519.69634
2026-06-16 10:00:00+00:00,66515.3,66778.5,66490.5,66514.7,310.298185
2026-06-16 11:00:00+00:00,66514.8,66641.1,66371.2,66481.5,273.906701
2026-06-16 12:00:00+00:00,66483.0,66817.9,66361.0,66433.4,421.841278
2026-06-16 13:00:00+00:00,66433.4,66465.2,65932.8,66046.7,930.490891
2026-06-16 14:00:00+00:00,66051.7,66261.4,65361.9,65651.9,1093.735071
2026-06-16 15:00:00+00:00,65651.9,66069.0,65619.1,65865.1,788.599264
2026-06-16 16:00:00+00:00,65865.1,65954.6,65705.1,65759.4,392.343377
2026-06-16 17:00:00+00:00,65766.9,66007.0,65708.6,65977.0,365.066152
2026-06-16 18:00:00+00:00,65977.0,66248.9,65800.2,65842.1,426.811903
2026-06-16 19:00:00+00:00,65842.1,65842.1,65558.0,65675.9,451.452401
2026-06-16 20:00:00+00:00,65675.8,65861.1,65591.3,65856.2,224.859263
2026-06-16 21:00:00+00:00,65856.3,65932.6,65645.8,65772.7,189.606128
2026-06-16 22:00:00+00:00,65772.7,65879.3,65680.8,65783.0,110.186717
2026-06-16 23:00:00+00:00,65783.0,65827.9,65630.1,65671.8,108.81128
2026-06-17 00:00:00+00:00,65671.8,65851.3,65671.8,65704.4,161.830861
2026-06-17 01:00:00+00:00,65704.4,65953.6,65479.6,65943.1,395.40326
2026-06-17 02:00:00+00:00,65943.1,66164.7,65792.7,65906.1,310.140946
2026-06-17 03:00:00+00:00,65906.2,65906.2,65708.2,65850.6,229.485929
2026-06-17 04:00:00+00:00,65850.7,66047.0,65795.0,65894.4,179.312581
2026-06-17 05:00:00+00:00,65894.5,65976.2,65750.6,65835.0,193.595884
2026-06-17 06:00:00+00:00,65835.0,65899.1,65577.9,65620.6,210.799474
2026-06-17 07:00:00+00:00,65620.6,65711.2,65254.9,65536.7,977.595209
2026-06-17 08:00:00+00:00,65536.7,65578.8,64840.4,64927.5,1247.976365
2026-06-17 09:00:00+00:00,64927.6,65075.4,64841.3,64907.9,686.523177
2026-06-17 10:00:00+00:00,64908.4,64994.8,64768.5,64798.6,334.310938
2026-06-17 11:00:00+00:00,64798.6,64862.0,64568.6,64811.1,511.061037
2026-06-17 12:00:00+00:00,64811.1,65105.5,64591.5,65042.4,437.349733
2026-06-17 13:00:00+00:00,65041.8,65369.0,64849.2,65271.7,749.258549
2026-06-17 14:00:00+00:00,65270.0,65457.1,64777.8,65101.4,771.075324
2026-06-17 15:00:00+00:00,65101.5,65848.9,64987.1,65751.3,853.379495
2026-06-17 16:00:00+00:00,65751.4,66440.0,65717.9,65861.2,926.737164
2026-06-17 17:00:00+00:00,65861.2,66190.0,65790.5,66100.0,434.818101
2026-06-17 18:00:00+00:00,66098.9,66100.9,64795.8,65510.5,2229.404371
2026-06-17 19:00:00+00:00,65510.5,65660.3,64020.0,64297.8,2254.624851
2026-06-17 20:00:00+00:00,64306.6,64482.5,64177.0,64435.4,740.756986
2026-06-17 21:00:00+00:00,64435.4,64455.8,64142.5,64254.4,376.842249
2026-06-17 22:00:00+00:00,64254.5,64433.7,63909.9,64296.3,441.180342
2026-06-17 23:00:00+00:00,64296.3,64521.2,64251.8,64506.2,289.422229
2026-06-18 00:00:00+00:00,64506.2,64704.4,64456.7,64465.8,259.647059
2026-06-18 01:00:00+00:00,64463.6,64803.7,64463.3,64547.3,306.973647
2026-06-18 02:00:00+00:00,64547.3,64771.4,64487.0,64693.1,405.921002
2026-06-18 03:00:00+00:00,64693.0,64693.0,64262.0,64280.0,573.736045
2026-06-18 04:00:00+00:00,64280.0,64339.4,63828.4,63874.3,900.026471
2026-06-18 05:00:00+00:00,63874.3,64025.7,63700.0,63998.8,538.111705
2026-06-18 06:00:00+00:00,63989.2,64123.8,63850.1,64089.6,355.218829
2026-06-18 07:00:00+00:00,64089.6,64510.4,64019.7,64508.0,461.087675
2026-06-18 08:00:00+00:00,64508.1,64648.0,64380.5,64396.5,411.254535
2026-06-18 09:00:00+00:00,64396.6,64476.9,64193.0,64199.6,528.989312
2026-06-18 10:00:00+00:00,64199.6,64223.6,63917.3,64081.2,751.183352
2026-06-18 11:00:00+00:00,64081.3,64197.1,63888.2,63975.3,403.166
2026-06-18 12:00:00+00:00,63975.2,64404.7,63925.8,64379.9,512.337803
2026-06-18 13:00:00+00:00,64380.0,64445.1,63798.7,63984.5,1818.899901
2026-06-18 14:00:00+00:00,63984.5,64200.9,63555.1,63818.4,1037.08039
2026-06-18 15:00:00+00:00,63818.4,63823.5,62297.7,62369.7,2282.248199
2026-06-18 16:00:00+00:00,62362.7,62811.7,62344.7,62688.6,1144.715588
2026-06-18 17:00:00+00:00,62688.7,62750.3,62268.1,62608.3,918.08508
2026-06-18 18:00:00+00:00,62608.3,62959.1,62578.4,62708.5,608.502169
2026-06-18 19:00:00+00:00,62708.5,63006.1,62633.9,62948.5,395.880003
2026-06-18 20:00:00+00:00,62949.5,63273.1,62949.5,63085.9,450.122332
2026-06-18 21:00:00+00:00,63085.9,63118.7,62870.3,62964.7,241.885107
2026-06-18 22:00:00+00:00,62964.6,62991.2,62741.5,62880.7,197.49569
2026-06-18 23:00:00+00:00,62880.7,62983.2,62753.3,62956.5,229.995724
2026-06-19 00:00:00+00:00,62956.6,63085.4,62847.3,63025.0,287.629454
2026-06-19 01:00:00+00:00,63025.0,63095.7,62846.5,63022.4,305.996867
2026-06-19 02:00:00+00:00,63022.4,63106.1,62895.7,63003.7,191.471356
2026-06-19 03:00:00+00:00,63003.8,63028.9,62388.2,62775.4,821.748418
2026-06-19 04:00:00+00:00,62775.4,62917.7,62418.0,62453.6,294.175482
2026-06-19 05:00:00+00:00,62453.7,62740.1,62453.7,62738.4,322.699203
2026-06-19 06:00:00+00:00,62738.4,62910.4,62725.2,62895.2,227.774336
2026-06-19 07:00:00+00:00,62894.1,62917.3,62505.5,62623.4,1331.420144
2026-06-19 08:00:00+00:00,62623.4,62775.9,62536.6,62602.1,594.233581
2026-06-19 09:00:00+00:00,62603.2,62655.0,62318.8,62388.6,823.046768
2026-06-19 10:00:00+00:00,62388.5,62595.1,62381.9,62537.0,500.043539
2026-06-19 11:00:00+00:00,62537.0,62683.3,62454.0,62630.0,347.475681
2026-06-19 12:00:00+00:00,62630.7,62872.6,62354.3,62828.7,451.001537
2026-06-19 13:00:00+00:00,62828.7,63406.4,62669.3,63215.3,916.559552
2026-06-19 14:00:00+00:00,63213.2,63416.6,63013.8,63204.6,564.996932
2026-06-19 15:00:00+00:00,63204.7,63290.9,63023.8,63213.8,401.137316
2026-06-19 16:00:00+00:00,63213.8,63391.2,62922.4,62973.5,369.738854
2026-06-19 17:00:00+00:00,62973.5,63229.1,62873.2,63195.6,388.28172
2026-06-19 18:00:00+00:00,63194.4,63202.2,62985.5,63107.2,173.84018
2026-06-19 19:00:00+00:00,63107.1,63139.2,62940.8,63020.1,157.573288
2026-06-19 20:00:00+00:00,63020.2,63273.1,62962.4,63249.7,117.03655
2026-06-19 21:00:00+00:00,63249.7,63285.7,63059.6,63074.6,131.529048
2026-06-19 22:00:00+00:00,63074.6,63367.8,63053.5,63316.3,171.693663
2026-06-19 23:00:00+00:00,63316.3,63664.4,63277.6,63541.9,176.879966
2026-06-20 00:00:00+00:00,63541.2,63773.6,63464.0,63526.4,547.24281
2026-06-20 01:00:00+00:00,63526.4,63615.2,63404.4,63573.3,190.896123
2026-06-20 02:00:00+00:00,63575.5,63575.5,63333.1,63340.8,135.27496
2026-06-20 03:00:00+00:00,63335.3,63509.5,63320.8,63474.4,132.813817
2026-06-20 04:00:00+00:00,63478.5,63609.9,63403.2,63582.3,96.236474
2026-06-20 05:00:00+00:00,63582.4,63919.9,63534.2,63677.1,330.709185
2026-06-20 06:00:00+00:00,63677.1,63753.7,63640.9,63738.3,109.775748
2026-06-20 07:00:00+00:00,63738.3,63793.5,63595.7,63653.2,399.232791
2026-06-20 08:00:00+00:00,63655.5,63673.0,63397.1,63418.7,740.366001
2026-06-20 09:00:00+00:00,63418.7,63788.1,63418.7,63737.1,637.411194
2026-06-20 10:00:00+00:00,63737.1,63769.4,63599.2,63672.1,311.048286
2026-06-20 11:00:00+00:00,63674.0,63793.5,63623.3,63683.5,121.712811
2026-06-20 12:00:00+00:00,63683.6,63784.0,63531.2,63654.6,170.38226
2026-06-20 13:00:00+00:00,63653.8,63653.8,63274.5,63396.1,315.44161
2026-06-20 14:00:00+00:00,63396.0,64143.9,63194.4,63946.9,898.80807
2026-06-20 15:00:00+00:00,63946.9,64382.2,63843.1,64155.3,857.098194
2026-06-20 16:00:00+00:00,64155.4,64174.5,63904.8,64032.1,563.051672
2026-06-20 17:00:00+00:00,64033.7,64039.5,63739.0,63836.8,365.573799
2026-06-20 18:00:00+00:00,63842.4,63931.5,63785.8,63804.8,78.723638
2026-06-20 19:00:00+00:00,63804.9,63967.2,63791.1,63944.3,101.132414
2026-06-20 20:00:00+00:00,63944.3,63980.0,63855.5,63922.3,51.444151
2026-06-20 21:00:00+00:00,63931.3,64094.3,63918.9,64011.5,125.026858
2026-06-20 22:00:00+00:00,64011.6,64355.0,63978.8,64268.5,236.591998
2026-06-20 23:00:00+00:00,64268.6,64342.1,64247.3,64296.7,115.524926
2026-06-21 00:00:00+00:00,64304.0,64325.7,64228.4,64290.4,112.519504
2026-06-21 01:00:00+00:00,64290.5,64323.4,64204.1,64246.5,110.081495
2026-06-21 02:00:00+00:00,64243.2,64270.9,64218.0,64241.8,87.963596
2026-06-21 03:00:00+00:00,64241.8,64469.3,64240.3,64428.0,254.026304
2026-06-21 04:00:00+00:00,64425.0,64588.5,64269.9,64287.3,205.039464
2026-06-21 05:00:00+00:00,64287.3,64364.3,64230.8,64261.3,131.331415
2026-06-21 06:00:00+00:00,64261.3,64327.1,64203.3,64300.1,48.159596
2026-06-21 07:00:00+00:00,64302.3,64302.8,64178.1,64193.3,96.687429
2026-06-21 08:00:00+00:00,64193.3,64229.4,63906.4,64015.2,416.241152
2026-06-21 09:00:00+00:00,64016.8,64242.4,63961.0,64204.6,423.834016
2026-06-21 10:00:00+00:00,64204.5,64410.1,64199.0,64361.1,415.613282
2026-06-21 11:00:00+00:00,64361.1,64480.0,64118.4,64170.9,1127.937934
2026-06-21 12:00:00+00:00,64170.9,64238.1,63956.6,64198.5,283.326789
2026-06-21 13:00:00+00:00,64198.6,64198.6,64022.0,64144.2,151.161048
2026-06-21 14:00:00+00:00,64144.2,64157.9,64004.5,64145.3,128.100946
2026-06-21 15:00:00+00:00,64148.8,64352.8,64120.0,64218.2,196.507409
2026-06-21 16:00:00+00:00,64215.1,64246.0,64039.4,64146.7,152.904976
2026-06-21 17:00:00+00:00,64146.8,64216.1,64069.2,64151.2,97.836587
2026-06-21 18:00:00+00:00,64151.2,64236.9,63943.1,64209.3,148.018172
2026-06-21 19:00:00+00:00,64209.3,64296.3,64162.4,64197.9,88.501619
2026-06-21 20:00:00+00:00,64201.7,64269.3,63703.7,63854.9,199.792218
2026-06-21 21:00:00+00:00,63854.9,63962.1,63505.5,63809.1,522.98721
2026-06-21 22:00:00+00:00,63807.3,63863.0,63576.8,63800.1,287.526955
2026-06-21 23:00:00+00:00,63800.0,63800.0,63269.6,63310.4,599.643745
2026-06-22 00:00:00+00:00,63310.5,64090.8,63310.5,63896.5,590.91814
2026-06-22 01:00:00+00:00,63896.5,64815.8,63854.6,64611.5,1212.522486
2026-06-22 02:00:00+00:00,64611.5,64668.6,64243.9,64258.6,372.608888
2026-06-22 03:00:00+00:00,64253.2,64453.5,63901.9,63972.6,871.66281
2026-06-22 04:00:00+00:00,63973.1,64116.7,63875.1,64100.4,329.90698
2026-06-22 05:00:00+00:00,64098.9,64337.2,64086.3,64243.6,365.617559
2026-06-22 06:00:00+00:00,64243.6,64325.9,63955.1,63991.3,182.902798
2026-06-22 07:00:00+00:00,63991.4,64394.8,63972.9,64207.7,279.88025
2026-06-22 08:00:00+00:00,64207.9,64342.1,64044.1,64165.9,645.17612
2026-06-22 09:00:00+00:00,64167.5,64251.0,64051.5,64144.9,210.648236
2026-06-22 10:00:00+00:00,64145.0,64269.2,64072.0,64139.1,143.286721
2026-06-22 11:00:00+00:00,64139.1,64768.7,64100.4,64653.7,787.122251
2026-06-22 12:00:00+00:00,64653.8,65217.0,64577.0,65147.5,946.500661
2026-06-22 13:00:00+00:00,65147.4,65587.6,64949.6,65575.4,880.962409
2026-06-22 14:00:00+00:00,65577.1,65619.5,64837.2,64976.1,744.711676
2026-06-22 15:00:00+00:00,64976.0,65138.8,64751.1,64836.2,543.591037
2026-06-22 16:00:00+00:00,64836.2,64857.3,64519.0,64722.5,514.671648
2026-06-22 17:00:00+00:00,64731.7,64767.6,64390.7,64607.6,392.95012
2026-06-22 18:00:00+00:00,64607.6,64733.0,64312.9,64338.9,307.721934
2026-06-22 19:00:00+00:00,64342.0,64500.1,64278.9,64469.9,406.09309
2026-06-22 20:00:00+00:00,64476.8,64657.6,64362.5,64433.8,264.609879
2026-06-22 21:00:00+00:00,64433.9,64478.8,64149.1,64316.3,161.957616
2026-06-22 22:00:00+00:00,64320.6,64396.9,63805.8,63970.2,456.419485
2026-06-22 23:00:00+00:00,63970.1,64060.0,63884.4,64022.5,319.003313
2026-06-23 00:00:00+00:00,64022.5,64153.9,63836.0,64152.8,288.116687
2026-06-23 01:00:00+00:00,64152.8,64271.0,63893.0,64155.0,399.217349
2026-06-23 02:00:00+00:00,64155.0,64268.0,64046.2,64200.1,199.622731
2026-06-23 03:00:00+00:00,64200.1,64204.1,63973.5,64069.4,212.479161
2026-06-23 04:00:00+00:00,64069.4,64091.0,63613.2,63628.1,239.334709
2026-06-23 05:00:00+00:00,63628.1,63731.9,63360.2,63398.4,672.447134
2026-06-23 06:00:00+00:00,63398.5,63399.7,62572.5,62938.4,1144.867139
2026-06-23 07:00:00+00:00,62938.4,63091.4,62869.8,62876.6,1099.098013
2026-06-23 08:00:00+00:00,62876.5,62941.6,61932.0,62389.1,1962.153566
2026-06-23 09:00:00+00:00,62389.0,62512.9,62343.1,62384.9,401.589711
2026-06-23 10:00:00+00:00,62385.4,62582.5,62245.0,62333.7,299.368385
2026-06-23 11:00:00+00:00,62329.7,62644.3,62329.7,62510.9,319.603058
2026-06-23 12:00:00+00:00,62511.0,62556.3,62192.8,62264.2,326.976009
2026-06-23 13:00:00+00:00,62266.1,62536.6,61960.4,62477.2,903.738434
2026-06-23 14:00:00+00:00,62479.9,62870.5,62411.1,62493.0,631.416542
2026-06-23 15:00:00+00:00,62492.9,62510.7,62206.0,62483.6,632.585884
2026-06-23 16:00:00+00:00,62483.7,62825.0,62425.0,62548.9,474.809193
2026-06-23 17:00:00+00:00,62548.5,62688.8,62337.7,62358.8,345.193241
2026-06-23 18:00:00+00:00,62358.8,62442.9,62101.6,62237.0,319.949934
2026-06-23 19:00:00+00:00,62237.0,62477.8,62230.9,62396.1,384.120298
2026-06-23 20:00:00+00:00,62390.8,62531.5,62373.1,62466.3,217.599087
2026-06-23 21:00:00+00:00,62466.3,62661.3,62466.3,62596.0,164.372645
2026-06-23 22:00:00+00:00,62595.9,62778.9,62519.4,62586.6,173.905482
2026-06-23 23:00:00+00:00,62586.7,62796.8,62490.7,62729.6,214.862047
2026-06-24 00:00:00+00:00,62729.6,63023.9,62729.5,63008.2,371.143658
2026-06-24 01:00:00+00:00,63010.3,63119.4,62777.0,62932.4,360.560918
2026-06-24 02:00:00+00:00,62932.5,63018.1,62606.7,62634.6,323.816769
2026-06-24 03:00:00+00:00,62634.5,62830.1,62466.1,62731.0,426.738017
2026-06-24 04:00:00+00:00,62731.1,62794.9,62530.6,62751.6,235.473681
2026-06-24 05:00:00+00:00,62751.6,63068.4,62711.1,62888.0,308.13698
2026-06-24 06:00:00+00:00,62888.1,62905.3,62732.8,62778.1,161.561749
2026-06-24 07:00:00+00:00,62778.2,62851.3,62612.1,62650.9,867.720755
2026-06-24 08:00:00+00:00,62650.9,62804.1,62606.3,62802.8,275.38522893
2026-06-24 09:00:00+00:00,62802.8,62802.8,62632.8,62685.5,130.181212
2026-06-24 10:00:00+00:00,62685.4,62685.4,62416.0,62445.3,228.608779
2026-06-24 11:00:00+00:00,62446.9,63221.2,62316.3,62919.2,636.650243
2026-06-24 12:00:00+00:00,62919.2,62971.3,62585.0,62615.3,496.454288
2026-06-24 13:00:00+00:00,62617.2,62633.2,61250.1,61333.5,2273.631013
2026-06-24 14:00:00+00:00,61333.4,61459.8,60889.5,61113.2,1551.738796
2026-06-24 15:00:00+00:00,61129.3,61143.3,60259.7,60269.3,1691.833215
2026-06-24 16:00:00+00:00,60269.2,60680.9,59550.0,59850.1,2434.602613
2026-06-24 17:00:00+00:00,59850.2,60055.1,59108.6,59399.4,2755.282099
2026-06-24 18:00:00+00:00,59399.4,59927.1,59311.3,59604.8,1337.227113
2026-06-24 19:00:00+00:00,59604.8,59999.9,59526.0,59961.5,849.896143
2026-06-24 20:00:00+00:00,59962.8,61213.0,59852.3,60958.2,1537.083549
2026-06-24 21:00:00+00:00,60958.2,61149.7,60672.1,61116.9,638.915092
2026-06-24 22:00:00+00:00,61104.7,61268.0,60801.8,60872.4,426.008242
2026-06-24 23:00:00+00:00,60872.3,61108.9,60831.4,61077.8,331.569208
2026-06-25 00:00:00+00:00,61077.9,61156.7,60726.0,60817.2,519.83882
2026-06-25 01:00:00+00:00,60817.2,60987.1,60722.4,60924.2,367.096322
2026-06-25 02:00:00+00:00,60922.2,60965.6,60700.0,60800.0,358.629804
2026-06-25 03:00:00+00:00,60799.9,60902.0,60686.9,60877.9,299.375057
2026-06-25 04:00:00+00:00,60879.5,61403.6,60786.0,61360.7,273.449064
2026-06-25 05:00:00+00:00,61360.7,61818.4,61281.9,61602.6,876.407395
2026-06-25 06:00:00+00:00,61602.6,61852.2,61602.6,61729.7,247.637064
2026-06-25 07:00:00+00:00,61729.7,61954.6,61660.4,61909.6,1314.200877
2026-06-25 08:00:00+00:00,61909.7,61923.2,61686.8,61709.2,244.755459
2026-06-25 09:00:00+00:00,61709.2,61782.9,61612.3,61735.3,211.684051
2026-06-25 10:00:00+00:00,61735.2,61748.5,61254.4,61269.7,361.079567
2026-06-25 11:00:00+00:00,61274.1,61416.6,61065.4,61276.5,648.981996
2026-06-25 12:00:00+00:00,61284.0,61759.8,61075.0,61240.8,1011.51722
2026-06-25 13:00:00+00:00,61240.8,61359.1,58106.9,58301.1,2462.130851
2026-06-25 14:00:00+00:00,58301.0,60491.1,58282.4,59468.9,3492.006871
2026-06-25 15:00:00+00:00,59477.2,59653.0,58873.9,59553.9,1687.375751
2026-06-25 16:00:00+00:00,59560.7,60061.5,59153.8,59307.1,1012.086743
2026-06-25 17:00:00+00:00,59307.0,59732.3,59133.8,59671.9,841.625923
2026-06-25 18:00:00+00:00,59677.7,59793.0,59355.1,59512.3,627.892754
2026-06-25 19:00:00+00:00,59513.1,59520.3,59170.0,59325.1,632.805699
2026-06-25 20:00:00+00:00,59325.1,59735.9,59319.8,59451.1,462.032156
2026-06-25 21:00:00+00:00,59451.2,60263.5,59451.1,60212.8,401.478252
2026-06-25 22:00:00+00:00,60193.4,60206.5,59744.1,59847.1,433.959772
2026-06-25 23:00:00+00:00,59841.2,60188.6,59743.8,59796.3,365.973406
2026-06-26 00:00:00+00:00,59805.3,59899.9,59632.4,59665.6,439.620837
2026-06-26 01:00:00+00:00,59665.5,59783.1,59227.2,59439.4,504.812122
2026-06-26 02:00:00+00:00,59439.6,59456.1,58362.7,58564.0,974.688238
2026-06-26 03:00:00+00:00,58564.1,60128.3,58333.0,60043.4,1160.934515
2026-06-26 04:00:00+00:00,60043.3,60232.2,59835.5,59917.2,680.25651
2026-06-26 05:00:00+00:00,59917.1,60046.4,59736.9,59943.8,511.721332
2026-06-26 06:00:00+00:00,59943.7,60449.4,59699.2,60324.0,837.613716
2026-06-26 07:00:00+00:00,60321.7,60754.7,60283.4,60529.7,1068.901203
2026-06-26 08:00:00+00:00,60524.5,60569.1,60149.7,60241.5,716.110458
2026-06-26 09:00:00+00:00,60241.4,60256.5,59589.9,59734.6,659.823253
2026-06-26 10:00:00+00:00,59734.6,59855.7,59238.1,59316.3,685.54058
2026-06-26 11:00:00+00:00,59316.3,59588.1,59264.3,59415.1,674.202542
2026-06-26 12:00:00+00:00,59415.1,60002.2,58973.2,59185.6,1074.245111
2026-06-26 13:00:00+00:00,59185.6,60209.5,58496.0,60169.6,1797.797334
2026-06-26 14:00:00+00:00,60171.5,60293.2,59386.5,59589.3,1152.46822
2026-06-26 15:00:00+00:00,59589.4,60500.0,59579.9,60326.3,1063.200673
2026-06-26 16:00:00+00:00,60326.4,60577.7,59971.4,60042.8,782.901855
2026-06-26 17:00:00+00:00,60041.5,60284.5,59946.5,60023.3,569.050471
2026-06-26 18:00:00+00:00,60023.4,60156.2,59556.7,59666.3,467.779451
2026-06-26 19:00:00+00:00,59666.4,60090.0,59615.5,59759.5,627.390946
2026-06-26 20:00:00+00:00,59759.9,59994.7,59583.1,59719.2,565.960242
2026-06-26 21:00:00+00:00,59711.6,60047.3,59680.0,59913.8,236.38675
2026-06-26 22:00:00+00:00,59913.7,60079.5,59757.4,60050.3,204.230191
2026-06-26 23:00:00+00:00,60050.3,60115.1,59924.5,60098.6,190.897929
2026-06-27 00:00:00+00:00,60103.5,60189.5,59883.5,60056.3,182.309316
2026-06-27 01:00:00+00:00,60056.4,60065.3,59938.1,59947.4,107.726583
2026-06-27 02:00:00+00:00,59943.9,60370.8,59922.7,60282.3,297.893853
2026-06-27 03:00:00+00:00,60282.2,60405.5,60162.0,60309.8,249.612964
2026-06-27 04:00:00+00:00,60309.7,60490.2,60220.0,60241.0,190.342729
2026-06-27 05:00:00+00:00,60241.0,60311.9,60136.4,60240.7,193.094383
2026-06-27 06:00:00+00:00,60240.7,60507.2,60115.0,60368.4,286.907651
2026-06-27 07:00:00+00:00,60368.4,60577.0,60298.3,60545.8,233.861809
2026-06-27 08:00:00+00:00,60545.7,60545.8,60375.0,60458.0,181.587769
2026-06-27 09:00:00+00:00,60457.9,60504.7,60290.1,60415.4,177.634194
2026-06-27 10:00:00+00:00,60415.4,60485.7,60375.1,60414.3,93.819257
2026-06-27 11:00:00+00:00,60414.4,60444.0,60200.0,60365.9,209.41026
2026-06-27 12:00:00+00:00,60365.9,60426.3,60251.0,60419.4,136.164742
2026-06-27 13:00:00+00:00,60419.3,60677.9,60383.8,60585.9,267.826798
2026-06-27 14:00:00+00:00,60586.3,60721.9,60511.2,60609.9,208.374256
2026-06-27 15:00:00+00:00,60610.0,60940.7,60569.1,60837.3,402.190476
2026-06-27 16:00:00+00:00,60837.4,60850.5,60678.0,60804.7,181.791098
2026-06-27 17:00:00+00:00,60808.8,60817.0,60402.9,60522.4,451.130859
2026-06-27 18:00:00+00:00,60524.1,60570.7,60454.1,60562.4,208.95557
2026-06-27 19:00:00+00:00,60564.3,60600.6,60081.7,60175.7,561.070291
2026-06-27 20:00:00+00:00,60175.7,60304.1,60175.6,60294.7,221.710651
2026-06-27 21:00:00+00:00,60294.7,60487.9,60144.4,60197.1,396.540336
2026-06-27 22:00:00+00:00,60197.1,60254.1,59860.4,60228.1,544.274853
2026-06-27 23:00:00+00:00,60228.1,60321.8,59954.0,60027.1,579.396293
2026-06-28 00:00:00+00:00,60027.0,60191.1,60007.0,60145.9,443.805393
2026-06-28 01:00:00+00:00,60145.9,60279.0,59984.6,60217.2,399.640582
2026-06-28 02:00:00+00:00,60223.0,60335.3,60054.7,60155.2,238.666063
2026-06-28 03:00:00+00:00,60155.3,60277.8,60155.3,60205.6,229.194492
2026-06-28 04:00:00+00:00,60205.6,60232.1,60093.2,60136.6,195.97184
2026-06-28 05:00:00+00:00,60137.9,60142.9,59757.0,59986.9,479.397336
2026-06-28 06:00:00+00:00,59986.9,60034.1,59807.2,60004.9,275.353365
2026-06-28 07:00:00+00:00,60004.9,60263.5,60000.9,60217.6,320.65171
2026-06-28 08:00:00+00:00,60219.7,60541.8,60138.6,60369.1,476.610165
2026-06-28 09:00:00+00:00,60369.1,60467.0,60251.2,60257.5,307.21391
2026-06-28 10:00:00+00:00,60257.5,60292.3,60073.2,60166.8,299.684901
2026-06-28 11:00:00+00:00,60166.9,60374.0,60119.0,60340.7,313.230773
2026-06-28 12:00:00+00:00,60340.7,60452.8,60190.2,60294.2,331.54412
2026-06-28 13:00:00+00:00,60291.0,60291.0,59966.6,60071.1,560.06727
2026-06-28 14:00:00+00:00,60071.1,60250.0,60013.6,60033.0,384.917575
2026-06-28 15:00:00+00:00,60033.1,60127.9,59822.2,59893.1,520.727506
2026-06-28 16:00:00+00:00,59893.1,59941.4,59588.9,59689.2,700.695795
2026-06-28 17:00:00+00:00,59689.2,59850.0,59401.0,59587.5,527.919017
2026-06-28 18:00:00+00:00,59587.4,59698.6,59507.9,59607.1,184.191244
2026-06-28 19:00:00+00:00,59607.1,59688.2,59271.0,59483.7,342.275394
2026-06-28 20:00:00+00:00,59483.6,59764.2,59473.2,59661.3,142.411798
2026-06-28 21:00:00+00:00,59662.1,59792.2,59328.9,59444.9,211.714962
2026-06-28 22:00:00+00:00,59445.0,59907.8,58902.1,59069.9,669.848693
2026-06-28 23:00:00+00:00,59069.6,59844.5,59004.6,59576.2,571.392123
2026-06-29 00:00:00+00:00,59576.4,59704.8,59003.5,59663.2,632.473329
2026-06-29 01:00:00+00:00,59677.1,59698.0,59200.0,59435.8,517.797666
2026-06-29 02:00:00+00:00,59445.6,59809.2,58900.0,59753.8,624.245297
2026-06-29 03:00:00+00:00,59753.9,60230.7,59753.9,60044.8,640.558386
2026-06-29 04:00:00+00:00,60044.8,60052.2,59747.8,59830.7,273.640297
2026-06-29 05:00:00+00:00,59830.7,60103.4,59395.5,60103.4,424.479554
2026-06-29 06:00:00+00:00,60105.1,60342.3,60047.0,60076.7,383.659315
2026-06-29 07:00:00+00:00,60076.7,60185.5,59924.7,60030.1,266.829279
2026-06-29 08:00:00+00:00,60030.0,60091.5,59737.2,59841.8,1696.86854
2026-06-29 09:00:00+00:00,59841.9,60102.2,59775.6,60053.6,658.432821
2026-06-29 10:00:00+00:00,60053.6,60312.1,60053.6,60086.0,442.88981
2026-06-29 11:00:00+00:00,60085.5,60223.6,59802.8,59953.6,425.9244
2026-06-29 12:00:00+00:00,59955.2,60784.7,59596.8,59951.3,1743.728471
2026-06-29 13:00:00+00:00,59958.5,60338.6,59329.0,59581.4,1397.15294
2026-06-29 14:00:00+00:00,59581.4,59695.8,59002.9,59459.9,1332.508574
2026-06-29 15:00:00+00:00,59459.9,59956.5,59089.7,59820.4,970.593887
2026-06-29 16:00:00+00:00,59820.4,60012.7,59584.8,59887.6,555.892909
2026-06-29 17:00:00+00:00,59887.5,60673.9,59887.5,60406.6,938.106486
2026-06-29 18:00:00+00:00,60411.5,60513.5,60176.2,60290.3,364.402294
2026-06-29 19:00:00+00:00,60290.3,60550.6,60160.3,60433.2,375.612066
2026-06-29 20:00:00+00:00,60433.1,60548.1,60295.8,60295.8,270.956266
2026-06-29 21:00:00+00:00,60297.8,60584.6,60263.5,60480.6,186.348107
2026-06-29 22:00:00+00:00,60480.6,60522.5,60341.9,60350.0,155.745014
2026-06-29 23:00:00+00:00,60350.1,60376.1,60191.1,60265.7,146.259855
2026-06-30 00:00:00+00:00,60256.9,60271.7,59695.8,59837.9,525.524518
2026-06-30 01:00:00+00:00,59837.9,60049.5,59772.9,59938.3,412.56335
2026-06-30 02:00:00+00:00,59939.4,60042.3,59753.0,59940.7,396.739166
2026-06-30 03:00:00+00:00,59940.7,60022.7,59602.4,59619.6,490.8849203
2026-06-30 04:00:00+00:00,59619.6,59696.1,59426.8,59490.4,537.722421
2026-06-30 05:00:00+00:00,59492.3,59651.7,59362.7,59651.6,547.214979
2026-06-30 06:00:00+00:00,59651.7,59717.9,59515.0,59596.3,281.841468
2026-06-30 07:00:00+00:00,59596.4,59636.0,59445.6,59529.8,728.514083
2026-06-30 08:00:00+00:00,59529.7,59548.5,59185.1,59316.6,922.931008
2026-06-30 09:00:00+00:00,59308.7,59420.0,59250.3,59373.1,340.386557
2026-06-30 10:00:00+00:00,59378.5,59420.0,59291.1,59329.0,227.721151
2026-06-30 11:00:00+00:00,59329.1,59419.0,59125.1,59191.5,454.349975
2026-06-30 12:00:00+00:00,59191.4,59191.4,58400.0,58412.1,1025.037517
2026-06-30 13:00:00+00:00,58419.4,58805.6,58235.0,58734.6,1896.514097
2026-06-30 14:00:00+00:00,58734.5,59272.0,58430.6,58481.8,1432.572243
2026-06-30 15:00:00+00:00,58486.8,58792.0,58188.4,58381.8,1210.576837
2026-06-30 16:00:00+00:00,58381.8,58635.3,58254.6,58494.5,606.858105
2026-06-30 17:00:00+00:00,58494.5,58620.0,58310.4,58421.5,422.788548
2026-06-30 18:00:00+00:00,58421.5,58696.5,58351.7,58686.1,311.684112
2026-06-30 19:00:00+00:00,58686.1,58843.7,58583.5,58819.2,410.534902
2026-06-30 20:00:00+00:00,58811.3,58878.9,58643.7,58730.4,232.373643
2026-06-30 21:00:00+00:00,58730.5,58777.3,58505.0,58639.3,262.407262
2026-06-30 22:00:00+00:00,58641.2,58803.0,58514.8,58608.7,120.263371
2026-06-30 23:00:00+00:00,58608.6,58665.6,58551.2,58632.4,134.161729
2026-07-01 00:00:00+00:00,58632.5,58749.2,58306.2,58575.6,346.284772
2026-07-01 01:00:00+00:00,58576.5,59013.3,57813.4,58770.9,1665.867431
2026-07-01 02:00:00+00:00,58770.9,59170.1,58668.1,59088.1,454.342394
2026-07-01 03:00:00+00:00,59089.2,59320.9,58850.4,59196.6,499.581075
2026-07-01 04:00:00+00:00,59196.5,59460.2,59062.2,59332.2,424.966185
2026-07-01 05:00:00+00:00,59329.4,59373.7,59121.4,59151.9,291.736908
2026-07-01 06:00:00+00:00,59151.9,59159.7,58541.6,58751.8,437.405401
2026-07-01 07:00:00+00:00,58753.6,58825.1,58602.4,58765.8,308.958187
2026-07-01 08:00:00+00:00,58765.9,58983.8,58498.9,58980.6,397.214157
2026-07-01 09:00:00+00:00,58974.0,59102.2,58836.0,58946.6,343.852271
2026-07-01 10:00:00+00:00,58946.6,58946.7,58625.0,58654.4,249.89795
2026-07-01 11:00:00+00:00,58654.4,58755.0,58560.7,58620.4,382.362647
2026-07-01 12:00:00+00:00,58620.9,58678.6,58327.2,58532.5,563.70893
2026-07-01 13:00:00+00:00,58533.8,59508.6,58532.4,59493.1,1276.941472
2026-07-01 14:00:00+00:00,59497.7,60086.6,59276.5,59542.4,1297.412478
2026-07-01 15:00:00+00:00,59541.9,60538.1,59523.8,60142.8,1302.058271
2026-07-01 16:00:00+00:00,60142.8,60259.6,59864.0,59919.7,437.905857
2026-07-01 17:00:00+00:00,59919.7,60237.4,59784.1,60189.4,530.29128
2026-07-01 18:00:00+00:00,60189.3,60296.0,60020.1,60170.6,361.858481
2026-07-01 19:00:00+00:00,60175.0,60354.2,59996.5,60030.6,328.669632
2026-07-01 20:00:00+00:00,60032.2,60188.5,59878.2,60134.7,377.562316
2026-07-01 21:00:00+00:00,60134.8,60848.0,60130.0,60813.0,579.24488
2026-07-01 22:00:00+00:00,60813.0,61324.4,60347.6,60473.8,1038.853922
2026-07-01 23:00:00+00:00,60473.8,60473.8,59983.4,60026.8,503.386562
2026-07-02 00:00:00+00:00,60033.8,60033.8,59588.2,59751.9,748.101934
2026-07-02 01:00:00+00:00,59751.9,60320.9,59718.0,60178.1,846.16229
2026-07-02 02:00:00+00:00,60178.2,60499.1,60018.7,60423.2,389.562984
2026-07-02 03:00:00+00:00,60423.3,61122.7,60291.5,61065.7,618.287885
2026-07-02 04:00:00+00:00,61065.6,61065.6,60726.0,60788.6,547.207139
2026-07-02 05:00:00+00:00,60788.5,60879.9,60485.7,60508.4,748.969848
2026-07-02 06:00:00+00:00,60508.4,60645.2,60262.4,60275.5,572.092087
2026-07-02 07:00:00+00:00,60274.2,60310.9,60107.9,60146.9,1017.914818
2026-07-02 08:00:00+00:00,60146.9,60554.9,60131.0,60517.7,558.203096
2026-07-02 09:00:00+00:00,60515.1,61429.0,60368.4,61181.6,1146.013633
2026-07-02 10:00:00+00:00,61181.5,61350.6,61043.2,61264.1,644.573009
2026-07-02 11:00:00+00:00,61270.9,61384.9,61132.0,61362.9,537.108607
2026-07-02 12:00:00+00:00,61358.8,61607.4,61160.7,61540.3,855.963564
2026-07-02 13:00:00+00:00,61542.0,62055.2,61506.6,61933.8,1641.21799
2026-07-02 14:00:00+00:00,61933.9,62200.8,61387.3,61692.6,1007.519669
2026-07-02 15:00:00+00:00,61692.5,61845.0,61428.9,61609.3,778.294155
2026-07-02 16:00:00+00:00,61613.3,61787.0,61142.5,61676.7,760.398711
2026-07-02 17:00:00+00:00,61672.2,61960.2,61623.4,61664.1,486.424389
2026-07-02 18:00:00+00:00,61664.2,61873.9,61664.2,61755.0,272.661314
2026-07-02 19:00:00+00:00,61755.0,61765.9,61421.7,61480.6,323.956678
2026-07-02 20:00:00+00:00,61476.6,61596.1,61339.0,61576.7,343.906514
2026-07-02 21:00:00+00:00,61576.7,61652.1,61511.7,61590.4,170.950225
2026-07-02 22:00:00+00:00,61590.4,61593.1,61387.9,61470.1,133.773006
2026-07-02 23:00:00+00:00,61470.0,61601.8,61355.5,61560.5,161.80759
2026-07-03 00:00:00+00:00,61560.3,61573.7,61251.5,61307.6,372.589345
2026-07-03 01:00:00+00:00,61307.7,61731.4,61286.2,61594.7,373.152625
2026-07-03 02:00:00+00:00,61594.8,61670.4,61296.5,61439.5,298.184698
2026-07-03 03:00:00+00:00,61439.5,61583.3,61326.3,61440.8,327.977439
2026-07-03 04:00:00+00:00,61440.8,61525.1,61332.7,61452.8,195.229523
2026-07-03 05:00:00+00:00,61448.9,61805.3,61434.4,61704.3,328.992492
2026-07-03 06:00:00+00:00,61704.4,61861.6,61611.2,61713.2,251.734067
2026-07-03 07:00:00+00:00,61713.1,61862.2,61668.0,61753.8,306.212806
2026-07-03 08:00:00+00:00,61753.8,61897.3,61558.1,61585.7,246.454756
2026-07-03 09:00:00+00:00,61585.7,61798.9,61514.7,61715.3,279.799345
2026-07-03 10:00:00+00:00,61715.3,62040.0,61674.0,61915.0,359.243979
2026-07-03 11:00:00+00:00,61915.0,62095.4,61839.3,62023.0,346.931411
2026-07-03 12:00:00+00:00,62023.1,62175.6,61869.6,61981.9,418.698118
2026-07-03 13:00:00+00:00,61986.0,62272.0,61943.5,62116.1,403.910452
2026-07-03 14:00:00+00:00,62116.1,62277.2,61700.4,62167.0,373.460742
2026-07-03 15:00:00+00:00,62166.9,62398.8,61822.1,61924.0,506.119761
2026-07-03 16:00:00+00:00,61924.1,62130.3,61915.2,62110.1,196.804228
2026-07-03 17:00:00+00:00,62109.9,62287.4,62068.8,62194.3,191.076022
2026-07-03 18:00:00+00:00,62196.5,62248.9,62119.9,62205.0,138.165435
2026-07-03 19:00:00+00:00,62205.1,62316.1,62152.7,62207.4,246.389753
2026-07-03 20:00:00+00:00,62207.5,62906.3,62183.2,62775.4,696.519109
2026-07-03 21:00:00+00:00,62775.5,62959.6,62515.4,62729.0,315.665602
2026-07-03 22:00:00+00:00,62729.1,62747.8,62533.9,62576.3,228.122284
2026-07-03 23:00:00+00:00,62574.5,62703.9,62527.4,62585.4,170.394305
2026-07-04 00:00:00+00:00,62581.2,62947.6,62581.1,62756.3,284.913212
2026-07-04 01:00:00+00:00,62756.3,62756.4,62409.7,62477.9,298.578077
2026-07-04 02:00:00+00:00,62476.4,62578.0,62435.3,62538.5,120.207471
2026-07-04 03:00:00+00:00,62538.6,62753.8,62490.1,62631.0,183.685475
2026-07-04 04:00:00+00:00,62630.9,62749.9,62594.8,62686.4,157.734253
2026-07-04 05:00:00+00:00,62686.3,62686.3,62441.8,62472.8,184.019061
2026-07-04 06:00:00+00:00,62472.8,62563.6,62338.6,62504.4,154.810765
2026-07-04 07:00:00+00:00,62504.3,62631.3,62474.0,62577.2,168.216647
2026-07-04 08:00:00+00:00,62577.2,62668.0,62514.1,62561.6,206.973184
2026-07-04 09:00:00+00:00,62562.7,62582.6,62412.2,62490.7,212.643344
2026-07-04 10:00:00+00:00,62489.9,62540.7,62445.8,62513.9,75.387187
2026-07-04 11:00:00+00:00,62513.8,62559.3,62463.3,62483.6,98.064783
2026-07-04 12:00:00+00:00,62483.6,62694.6,62483.6,62665.5,75.097503
2026-07-04 13:00:00+00:00,62665.4,62793.2,62544.3,62587.3,147.011824
2026-07-04 14:00:00+00:00,62587.2,62742.8,62585.4,62697.7,87.779552
2026-07-04 15:00:00+00:00,62701.0,63075.7,62690.2,62934.7,471.169265
2026-07-04 16:00:00+00:00,62934.6,62966.3,62780.8,62919.5,179.868243
2026-07-04 17:00:00+00:00,62919.5,63448.6,62800.0,63275.0,385.169385
2026-07-04 18:00:00+00:00,63275.1,63344.1,63095.7,63166.2,236.66113
2026-07-04 19:00:00+00:00,63166.2,63452.3,63121.3,63292.8,206.646526
2026-07-04 20:00:00+00:00,63287.5,63388.8,63158.7,63231.6,131.704647
2026-07-04 21:00:00+00:00,63231.6,63455.9,63202.6,63298.1,174.496741
2026-07-04 22:00:00+00:00,63294.3,63310.8,63166.4,63186.1,131.231149
2026-07-04 23:00:00+00:00,63190.1,63233.6,62935.9,63141.4,232.164515
2026-07-05 00:00:00+00:00,63141.5,63141.5,62893.5,62984.2,133.810245
2026-07-05 01:00:00+00:00,62984.2,63043.5,62805.4,62886.1,230.332881
2026-07-05 02:00:00+00:00,62886.0,62928.2,62591.9,62697.4,160.851245
2026-07-05 03:00:00+00:00,62699.6,62795.3,62656.6,62771.7,140.311918
2026-07-05 04:00:00+00:00,62771.7,62959.2,62712.4,62820.1,139.788182
2026-07-05 05:00:00+00:00,62819.2,62819.2,62661.9,62741.2,131.839578
2026-07-05 06:00:00+00:00,62743.5,62824.1,62671.0,62778.8,86.021022
2026-07-05 07:00:00+00:00,62778.9,63061.2,62715.9,63018.9,206.400928
2026-07-05 08:00:00+00:00,63018.9,63103.2,62902.9,62913.2,167.263503
2026-07-05 09:00:00+00:00,62913.2,62928.5,62448.4,62626.0,292.298785
2026-07-05 10:00:00+00:00,62621.6,62757.1,62541.5,62757.0,106.197777
2026-07-05 11:00:00+00:00,62757.4,62818.9,62610.8,62636.2,111.169938
2026-07-05 12:00:00+00:00,62656.7,62776.0,62561.0,62742.5,110.373753
2026-07-05 13:00:00+00:00,62742.6,62818.8,62647.3,62790.1,141.952034
2026-07-05 14:00:00+00:00,62797.7,62819.9,62658.3,62814.4,109.755537
2026-07-05 15:00:00+00:00,62814.4,62948.2,62680.4,62743.1,211.750754
2026-07-05 16:00:00+00:00,62743.2,62776.6,62604.4,62646.9,123.577494
2026-07-05 17:00:00+00:00,62646.8,62814.4,62595.5,62630.4,133.070246
2026-07-05 18:00:00+00:00,62630.5,62881.5,62622.6,62816.8,107.481811
2026-07-05 19:00:00+00:00,62816.8,62879.0,62725.2,62772.1,107.249235
2026-07-05 20:00:00+00:00,62772.2,62841.1,62704.1,62734.4,40.129735
2026-07-05 21:00:00+00:00,62734.4,63219.9,62610.0,63094.2,189.633388
2026-07-05 22:00:00+00:00,63096.9,63942.1,63009.4,63735.0,756.78079
2026-07-05 23:00:00+00:00,63735.1,63999.9,63573.9,63647.1,433.076223
2026-07-06 00:00:00+00:00,63644.2,63773.2,63344.7,63759.6,349.950929
2026-07-06 01:00:00+00:00,63759.6,63922.1,63545.3,63571.4,286.550861
2026-07-06 02:00:00+00:00,63571.4,63664.7,63368.7,63458.4,256.571403
2026-07-06 03:00:00+00:00,63458.4,63494.7,63132.8,63292.4,289.895238
2026-07-06 04:00:00+00:00,63293.0,63403.8,63192.9,63267.9,163.641362
2026-07-06 05:00:00+00:00,63267.8,63272.3,62945.7,63116.1,320.114704
2026-07-06 06:00:00+00:00,63116.1,63152.9,62977.7,62987.9,181.007587
2026-07-06 07:00:00+00:00,62984.1,63118.2,62893.3,63092.5,227.338589
2026-07-06 08:00:00+00:00,63092.5,63243.8,62829.2,62907.9,245.851621
2026-07-06 09:00:00+00:00,62908.0,62916.8,62633.3,62669.2,284.762706
2026-07-06 10:00:00+00:00,62669.2,63028.3,62669.2,62821.4,236.274542
2026-07-06 11:00:00+00:00,62826.2,62995.2,62487.8,62487.8,174.838383
2026-07-06 12:00:00+00:00,62490.1,62490.2,61678.0,61754.2,1366.418532
2026-07-06 13:00:00+00:00,61754.2,62033.3,61320.0,61771.9,1365.784101
2026-07-06 14:00:00+00:00,61771.9,62409.7,61711.0,62043.8,753.523049
2026-07-06 15:00:00+00:00,62043.9,63555.3,62043.9,63546.6,1012.717837
2026-07-06 16:00:00+00:00,63546.7,63860.7,63391.8,63729.2,954.880689
2026-07-06 17:00:00+00:00,63729.3,63971.3,63569.5,63586.3,445.097894
2026-07-06 18:00:00+00:00,63589.2,63891.3,63559.9,63694.2,210.808317
2026-07-06 19:00:00+00:00,63696.9,63889.9,63658.5,63738.9,193.377406
2026-07-06 20:00:00+00:00,63734.3,63891.9,63590.0,63824.2,160.10722
2026-07-06 21:00:00+00:00,63824.2,64689.8,63807.1,64486.3,901.661788
2026-07-06 22:00:00+00:00,64486.3,64496.2,64154.8,64247.3,168.924411
2026-07-06 23:00:00+00:00,64247.3,64343.9,64030.6,64040.4,151.555988
2026-07-07 00:00:00+00:00,64040.3,64309.7,64000.1,64203.7,203.869923
2026-07-07 01:00:00+00:00,64203.6,64203.7,63779.8,63842.0,352.230284
2026-07-07 02:00:00+00:00,63842.4,63905.0,63292.0,63324.0,318.27834
2026-07-07 03:00:00+00:00,63323.9,63413.1,63150.0,63190.1,256.738693
2026-07-07 04:00:00+00:00,63190.0,63282.1,63070.6,63097.3,225.176756
2026-07-07 05:00:00+00:00,63097.3,63260.1,62804.9,63126.4,266.698869
2026-07-07 06:00:00+00:00,63126.5,63408.5,62991.6,63342.4,263.240985
2026-07-07 07:00:00+00:00,63342.5,63443.8,63079.9,63084.4,206.671726
2026-07-07 08:00:00+00:00,63084.5,63191.3,62989.9,63107.2,198.527699
2026-07-07 09:00:00+00:00,63107.2,63344.6,63068.3,63252.5,142.797056
2026-07-07 10:00:00+00:00,63256.4,63455.5,63232.4,63279.5,189.262515
2026-07-07 11:00:00+00:00,63281.1,63452.1,63111.5,63405.1,229.282257
2026-07-07 12:00:00+00:00,63405.0,63874.2,63399.3,63480.0,323.507814
2026-07-07 13:00:00+00:00,63474.6,63481.3,62993.2,63049.0,585.996097
2026-07-07 14:00:00+00:00,63053.4,63629.9,62679.7,63559.0,830.435708
2026-07-07 15:00:00+00:00,63559.0,64109.4,63379.2,63935.1,932.988298
2026-07-07 16:00:00+00:00,63938.1,64249.3,63813.6,63986.2,421.416125
2026-07-07 17:00:00+00:00,63986.2,64230.8,63898.4,64185.3,319.574306
2026-07-07 18:00:00+00:00,64193.3,64193.3,63674.9,63682.7,278.970323
2026-07-07 19:00:00+00:00,63682.7,63894.1,63383.0,63819.7,447.732542
2026-07-07 20:00:00+00:00,63823.6,63904.2,63621.1,63697.6,149.150319
2026-07-07 21:00:00+00:00,63697.6,63865.0,63312.4,63423.9,283.07228
2026-07-07 22:00:00+00:00,63416.6,63662.4,63218.0,63547.8,210.600671
2026-07-07 23:00:00+00:00,63547.7,63712.2,63312.8,63361.6,109.37347
2026-07-08 00:00:00+00:00,63368.6,63765.3,63311.1,63611.5,233.790439
2026-07-08 01:00:00+00:00,63613.3,63644.4,62919.0,63043.1,427.509147
2026-07-08 02:00:00+00:00,63043.0,63066.6,62533.8,62983.2,461.369738
2026-07-08 03:00:00+00:00,62983.3,63094.1,62710.0,62765.4,174.590339
2026-07-08 04:00:00+00:00,62765.9,62899.6,62680.8,62804.6,237.640595
2026-07-08 05:00:00+00:00,62804.4,62877.3,62559.7,62638.8,226.763175
2026-07-08 06:00:00+00:00,62642.1,62747.9,62479.3,62656.4,240.053407
2026-07-08 07:00:00+00:00,62657.8,62897.3,62553.5,62887.5,299.255585
2026-07-08 08:00:00+00:00,62887.4,62935.1,61865.4,62018.2,838.479096
2026-07-08 09:00:00+00:00,62021.0,62175.2,61744.1,62059.3,825.71786
2026-07-08 10:00:00+00:00,62059.4,62195.8,61906.5,62183.9,311.901403
2026-07-08 11:00:00+00:00,62183.8,62412.3,62051.0,62303.3,419.875704
2026-07-08 12:00:00+00:00,62303.2,62423.0,61957.0,61957.0,308.600054
2026-07-08 13:00:00+00:00,61957.1,62094.0,61638.0,61945.5,558.897177
2026-07-08 14:00:00+00:00,61942.2,62173.3,61706.0,61887.9,666.722381
2026-07-08 15:00:00+00:00,61888.0,61926.2,61546.6,61706.5,585.836075
2026-07-08 16:00:00+00:00,61702.4,62150.0,61690.3,62109.9,489.75343
2026-07-08 17:00:00+00:00,62109.8,62389.9,62024.9,62097.9,500.06837
2026-07-08 18:00:00+00:00,62097.8,62348.5,62033.3,62182.6,274.144857
2026-07-08 19:00:00+00:00,62182.6,62288.2,62070.5,62278.2,253.771571
2026-07-08 20:00:00+00:00,62278.8,62308.1,62087.0,62104.2,194.61404
2026-07-08 21:00:00+00:00,62105.5,62242.4,61956.4,62185.7,272.941534
2026-07-08 22:00:00+00:00,62185.8,62350.4,62167.2,62334.9,137.603695
2026-07-08 23:00:00+00:00,62331.3,62350.8,62168.9,62289.8,134.899441
2026-07-09 00:00:00+00:00,62287.3,62311.3,62061.2,62122.6,176.549434
2026-07-09 01:00:00+00:00,62122.6,62644.5,61846.3,61907.8,472.391119
2026-07-09 02:00:00+00:00,61907.8,62119.5,61700.4,61787.0,263.315169
2026-07-09 03:00:00+00:00,61787.1,62072.5,61733.9,61974.8,292.945095
2026-07-09 04:00:00+00:00,61974.8,62452.8,61959.5,62452.7,198.370483
2026-07-09 05:00:00+00:00,62446.5,62622.2,62236.9,62584.3,348.190744
2026-07-09 06:00:00+00:00,62585.5,62971.7,62489.0,62952.4,371.119311
2026-07-09 07:00:00+00:00,62952.5,63276.4,62798.6,63003.7,600.306105
2026-07-09 08:00:00+00:00,63003.7,63088.9,62852.5,62894.6,673.078144
2026-07-09 09:00:00+00:00,62894.6,62996.6,62786.7,62950.1,1307.724618
2026-07-09 10:00:00+00:00,62950.0,63054.7,62687.3,62783.7,296.538855
2026-07-09 11:00:00+00:00,62780.3,62826.3,62619.2,62783.6,262.268054
2026-07-09 12:00:00+00:00,62783.6,62952.3,62465.2,62610.4,2263.384169
2026-07-09 13:00:00+00:00,62613.0,63236.4,62521.3,63025.6,473.268548
2026-07-09 14:00:00+00:00,63025.7,63142.8,62661.7,63013.6,371.993595
2026-07-09 15:00:00+00:00,63013.6,63255.8,62811.2,62870.8,504.425321
2026-07-09 16:00:00+00:00,62870.8,62994.2,62559.1,62696.9,313.505692
2026-07-09 17:00:00+00:00,62706.0,63159.5,62667.7,63134.7,305.066836
2026-07-09 18:00:00+00:00,63134.7,63499.9,63074.9,63213.1,400.703844
2026-07-09 19:00:00+00:00,63213.1,63376.8,63149.3,63250.6,197.599537
2026-07-09 20:00:00+00:00,63252.5,63319.0,63178.4,63313.8,101.637118
2026-07-09 21:00:00+00:00,63313.8,63390.8,63210.5,63271.1,95.903742
2026-07-09 22:00:00+00:00,63271.1,63414.1,63212.5,63212.5,102.402435
2026-07-09 23:00:00+00:00,63212.5,63320.0,63059.4,63222.0,166.197403
2026-07-10 00:00:00+00:00,63222.0,63248.0,62920.9,63109.6,218.253457
2026-07-10 01:00:00+00:00,63109.6,63942.6,62958.5,63749.4,463.934375
2026-07-10 02:00:00+00:00,63749.5,64042.8,63690.5,63962.1,477.459814
2026-07-10 03:00:00+00:00,63962.1,64043.9,63828.2,63940.4,251.237889
2026-07-10 04:00:00+00:00,63944.9,64179.5,63861.5,64049.2,264.646202
2026-07-10 05:00:00+00:00,64049.2,64196.2,63938.3,64114.7,177.909632
2026-07-10 06:00:00+00:00,64114.7,64160.9,63839.6,63853.6,235.277823
2026-07-10 07:00:00+00:00,63858.7,64011.6,63805.3,63978.2,287.676471
2026-07-10 08:00:00+00:00,63978.2,64379.9,63974.3,64242.3,310.500611
2026-07-10 09:00:00+00:00,64241.3,64479.7,64101.9,64385.3,537.85607
2026-07-10 10:00:00+00:00,64385.3,64495.6,64274.1,64400.8,191.976967
2026-07-10 11:00:00+00:00,64400.0,64477.5,64337.9,64423.7,185.77826
2026-07-10 12:00:00+00:00,64426.0,64607.1,64277.1,64293.0,309.692458
2026-07-10 13:00:00+00:00,64292.9,64695.1,64152.0,64486.5,452.078051
2026-07-10 14:00:00+00:00,64486.5,64514.1,63793.9,63915.6,700.437715
2026-07-10 15:00:00+00:00,63915.8,64206.5,63894.7,64037.1,530.735862
2026-07-10 16:00:00+00:00,64036.5,64220.0,63824.1,64131.6,292.174024
2026-07-10 17:00:00+00:00,64131.5,64157.3,63824.1,63824.1,261.695507
2026-07-10 18:00:00+00:00,63824.1,63994.9,63738.7,63807.6,172.37479
2026-07-10 19:00:00+00:00,63805.9,64044.2,63777.4,63916.2,225.464028
2026-07-10 20:00:00+00:00,63922.3,63926.2,63662.9,63839.2,375.302767
2026-07-10 21:00:00+00:00,63839.2,64095.8,63835.9,64012.9,126.460033
2026-07-10 22:00:00+00:00,64014.4,64166.1,63979.4,64114.5,121.871592
2026-07-10 23:00:00+00:00,64114.5,64210.8,64023.5,64165.2,152.794031
2026-07-11 00:00:00+00:00,64165.2,64169.3,64035.9,64130.3,97.599836
2026-07-11 01:00:00+00:00,64130.3,64320.1,64003.2,64011.7,120.581461
2026-07-11 02:00:00+00:00,64011.8,64170.8,63975.6,64159.9,57.280903
2026-07-11 03:00:00+00:00,64159.9,64195.8,64067.0,64154.3,59.171851
2026-07-11 04:00:00+00:00,64154.2,64214.2,64079.1,64151.7,45.951207
2026-07-11 05:00:00+00:00,64153.5,64229.6,64114.9,64174.6,94.356299
2026-07-11 06:00:00+00:00,64174.7,64279.9,64119.1,64219.3,75.887769
2026-07-11 07:00:00+00:00,64219.4,64250.0,64153.6,64161.0,76.511475
2026-07-11 08:00:00+00:00,64161.0,64305.3,64153.4,64262.4,67.530676
2026-07-11 09:00:00+00:00,64262.4,64307.4,64166.6,64169.8,83.310903
2026-07-11 10:00:00+00:00,64170.6,64211.1,64145.0,64198.2,66.647858
2026-07-11 11:00:00+00:00,64199.1,64216.8,64172.3,64203.4,68.375414
2026-07-11 12:00:00+00:00,64203.4,64235.2,64134.6,64196.4,68.407513
2026-07-11 13:00:00+00:00,64196.5,64271.6,64175.8,64241.5,81.924376
2026-07-11 14:00:00+00:00,64241.6,64503.8,64241.5,64353.4,181.104141
2026-07-11 15:00:00+00:00,64353.4,64489.8,63906.6,64174.4,502.172783
2026-07-11 16:00:00+00:00,64174.4,64269.3,64086.1,64183.2,152.714683
2026-07-11 17:00:00+00:00,64183.3,64401.2,64167.9,64326.6,107.911856
2026-07-11 18:00:00+00:00,64318.6,64392.2,64293.4,64332.5,88.502693
2026-07-11 19:00:00+00:00,64332.5,64344.7,64233.8,64289.2,76.201158
2026-07-11 20:00:00+00:00,64289.2,64456.6,64289.2,64384.9,48.232026
2026-07-11 21:00:00+00:00,64385.0,64433.1,64337.8,64352.3,55.345668
2026-07-11 22:00:00+00:00,64352.3,64431.3,64151.8,64199.8,105.397708
2026-07-11 23:00:00+00:00,64199.9,64250.5,63820.0,63822.2,340.771729
2026-07-12 00:00:00+00:00,63822.2,63914.7,63705.8,63832.4,440.532719
2026-07-12 01:00:00+00:00,63828.9,64166.6,63816.7,64131.2,269.915275
2026-07-12 02:00:00+00:00,64131.3,64131.8,64037.5,64074.3,124.924994
2026-07-12 03:00:00+00:00,64074.3,64225.0,64039.2,64225.0,159.642802
2026-07-12 04:00:00+00:00,64225.0,64245.7,63948.2,63995.3,130.967705
2026-07-12 05:00:00+00:00,63995.2,64025.3,63911.5,63969.3,68.971245
2026-07-12 06:00:00+00:00,63969.3,63969.3,63643.6,63760.2,224.941009
2026-07-12 07:00:00+00:00,63760.3,63899.6,63742.5,63886.5,87.77096951
2026-07-12 08:00:00+00:00,63886.5,64095.9,63886.4,63979.9,220.95866027
2026-07-12 09:00:00+00:00,63984.1,64041.5,63768.5,63961.7,358.798209
2026-07-12 10:00:00+00:00,63961.7,63961.7,63843.1,63861.7,134.544682
2026-07-12 11:00:00+00:00,63867.1,64028.5,63829.2,64012.6,107.244849
2026-07-12 12:00:00+00:00,64012.6,64131.8,63973.6,64026.6,100.848386
2026-07-12 13:00:00+00:00,64026.6,64099.5,63991.7,64021.5,96.455286
2026-07-12 14:00:00+00:00,64021.5,64283.7,63961.7,64205.6,100.954845
2026-07-12 15:00:00+00:00,64205.7,64264.3,64115.8,64175.9,153.424332
2026-07-12 16:00:00+00:00,64175.9,64206.8,64043.2,64175.2,108.741629
2026-07-12 17:00:00+00:00,64175.3,64175.3,64026.4,64076.7,64.383235
2026-07-12 18:00:00+00:00,64076.7,64156.3,64016.9,64147.5,54.6541
2026-07-12 19:00:00+00:00,64147.5,64270.8,64147.5,64230.9,47.835935
2026-07-12 20:00:00+00:00,64235.8,64258.2,64176.8,64200.2,44.729452
2026-07-12 21:00:00+00:00,64200.3,64232.0,63889.2,63920.3,157.272495
2026-07-12 22:00:00+00:00,63920.3,63926.0,63671.6,63890.6,279.7842
2026-07-12 23:00:00+00:00,63886.3,63917.6,63725.7,63781.0,219.466563
2026-07-13 00:00:00+00:00,63780.9,64433.3,63572.3,64069.0,548.564197
2026-07-13 01:00:00+00:00,64069.0,64069.0,63397.9,63410.1,623.460595
2026-07-13 02:00:00+00:00,63413.1,63544.0,63238.9,63371.5,488.725536
2026-07-13 03:00:00+00:00,63371.5,63379.1,62738.7,62809.7,652.63823084
2026-07-13 04:00:00+00:00,62809.7,62906.9,62621.0,62676.9,306.141319
2026-07-13 05:00:00+00:00,62676.9,62907.3,62500.0,62796.1,437.821529
2026-07-13 06:00:00+00:00,62796.1,62882.1,62715.9,62796.7,158.992609
2026-07-13 07:00:00+00:00,62797.0,63055.2,62749.7,62990.3,466.491051
2026-07-13 08:00:00+00:00,62990.4,63279.1,62942.0,63197.1,637.174925
2026-07-13 09:00:00+00:00,63197.2,63210.1,63089.7,63098.2,198.770306
2026-07-13 10:00:00+00:00,63098.2,63151.3,62863.1,62868.4,231.824085
2026-07-13 11:00:00+00:00,62868.5,63128.8,62868.5,62899.1,253.176759
2026-07-13 12:00:00+00:00,62899.0,62987.0,62573.0,62621.2,359.973583
2026-07-13 13:00:00+00:00,62621.1,62763.2,62164.1,62320.2,800.421817
2026-07-13 14:00:00+00:00,62320.2,62790.4,62106.2,62788.1,1021.737343
2026-07-13 15:00:00+00:00,62788.1,62970.4,62567.1,62614.7,476.171047
2026-07-13 16:00:00+00:00,62614.7,62626.4,62208.9,62273.3,483.762638
2026-07-13 17:00:00+00:00,62273.4,62362.1,61894.9,61902.3,479.522901
2026-07-13 18:00:00+00:00,61903.9,62098.8,61826.5,62019.6,352.191421
2026-07-13 19:00:00+00:00,62023.7,62290.7,61987.0,62288.3,216.56268
2026-07-13 20:00:00+00:00,62283.5,62321.8,62050.0,62206.2,134.732962
2026-07-13 21:00:00+00:00,62208.0,62220.3,61894.7,62067.1,172.150627
2026-07-13 22:00:00+00:00,62067.1,62221.7,61913.5,61926.3,143.689826
2026-07-13 23:00:00+00:00,61926.3,62350.8,61883.3,62337.3,205.712961
2026-07-14 00:00:00+00:00,62337.2,62663.5,62273.7,62548.7,338.938586
2026-07-14 01:00:00+00:00,62549.8,62639.9,62465.2,62535.6,319.919434
2026-07-14 02:00:00+00:00,62535.6,62640.8,62317.2,62544.6,193.87811
2026-07-14 03:00:00+00:00,62544.6,62602.2,62318.3,62574.4,194.633705
2026-07-14 04:00:00+00:00,62574.3,62768.6,62545.7,62747.1,128.953975
2026-07-14 05:00:00+00:00,62747.1,62872.8,62701.0,62734.0,169.106172
2026-07-14 06:00:00+00:00,62735.5,62771.7,62572.2,62630.1,169.496723
2026-07-14 07:00:00+00:00,62630.0,62655.4,62517.8,62554.1,202.761977
2026-07-14 08:00:00+00:00,62554.1,62795.2,62498.5,62704.9,207.170039
2026-07-14 09:00:00+00:00,62704.8,62740.0,62535.7,62628.8,165.061824
2026-07-14 10:00:00+00:00,62628.9,62902.3,62608.4,62799.9,214.526671
2026-07-14 11:00:00+00:00,62799.9,62924.3,62715.1,62843.1,206.397524
2026-07-14 12:00:00+00:00,62844.5,63981.1,62788.8,63952.2,1521.583522
2026-07-14 13:00:00+00:00,63952.3,64176.2,63701.5,63842.6,1078.131985
2026-07-14 14:00:00+00:00,63842.6,64337.2,63580.6,64292.2,602.517967
2026-07-14 15:00:00+00:00,64292.3,64958.2,64200.0,64744.9,1470.910035
2026-07-14 16:00:00+00:00,64745.0,64892.7,64620.5,64726.2,564.381019
2026-07-14 17:00:00+00:00,64726.2,64726.3,64269.7,64625.8,583.325677
2026-07-14 18:00:00+00:00,64625.8,64650.2,64480.0,64572.1,224.035452
2026-07-14 19:00:00+00:00,64572.2,64707.1,64487.3,64568.2,168.00291
2026-07-14 20:00:00+00:00,64568.3,64599.9,64420.4,64570.4,158.539068
2026-07-14 21:00:00+00:00,64570.4,64888.1,64524.4,64676.3,190.301703
2026-07-14 22:00:00+00:00,64676.3,65100.0,64519.0,64864.7,574.728082
2026-07-14 23:00:00+00:00,64864.7,65052.4,64777.7,65034.0,167.318804
2026-07-15 00:00:00+00:00,65035.3,65055.9,64770.3,64829.5,210.17832
2026-07-15 01:00:00+00:00,64833.1,64851.3,64639.0,64669.0,195.007047
2026-07-15 02:00:00+00:00,64669.0,64748.8,64486.8,64495.8,118.562472
2026-07-15 03:00:00+00:00,64495.9,64836.9,64495.8,64790.3,144.364686
2026-07-15 04:00:00+00:00,64790.3,64880.5,64717.3,64747.1,116.410284
2026-07-15 05:00:00+00:00,64747.1,64975.1,64610.3,64941.6,165.068512
2026-07-15 06:00:00+00:00,64946.1,65267.3,64811.5,64812.9,409.032481
2026-07-15 07:00:00+00:00,64811.6,64874.4,64487.5,64551.4,543.242878
2026-07-15 08:00:00+00:00,64551.5,64784.1,64551.5,64767.8,301.642805
2026-07-15 09:00:00+00:00,64765.5,64917.3,64651.3,64666.8,182.477489
2026-07-15 10:00:00+00:00,64666.7,64849.5,64615.5,64661.9,132.420016
2026-07-15 11:00:00+00:00,64661.8,64750.0,64627.3,64735.9,128.751121
2026-07-15 12:00:00+00:00,64736.0,65247.8,64608.8,65160.9,635.166973
2026-07-15 13:00:00+00:00,65160.8,65574.3,64887.8,65117.5,1028.188388
2026-07-15 14:00:00+00:00,65117.6,65515.1,65057.4,65400.0,780.285616
2026-07-15 15:00:00+00:00,65399.9,65600.0,65266.5,65422.8,455.724527
2026-07-15 16:00:00+00:00,65424.5,65459.7,64784.2,65112.6,576.834964
2026-07-15 17:00:00+00:00,65122.5,65191.6,64976.0,65061.9,417.37822
2026-07-15 18:00:00+00:00,65061.9,65145.9,64852.1,64862.6,292.345541
2026-07-15 19:00:00+00:00,64862.6,64999.3,64748.7,64968.0,169.628915
2026-07-15 20:00:00+00:00,64972.6,65055.2,64900.8,64975.7,73.552786
2026-07-15 21:00:00+00:00,64975.7,65014.8,64796.2,64825.7,125.782748
2026-07-15 22:00:00+00:00,64829.5,64979.1,64775.6,64865.0,119.335323
2026-07-15 23:00:00+00:00,64865.1,64938.4,64692.3,64753.6,132.668917
2026-07-16 00:00:00+00:00,64753.6,64843.4,64500.2,64586.1,301.554831
2026-07-16 01:00:00+00:00,64595.5,64825.8,64393.4,64730.5,225.481103
2026-07-16 02:00:00+00:00,64730.6,64731.1,64586.4,64646.2,121.568036
2026-07-16 03:00:00+00:00,64646.3,64745.3,64556.6,64618.6,110.293765
2026-07-16 04:00:00+00:00,64620.4,64691.4,64540.5,64637.2,123.730856
2026-07-16 05:00:00+00:00,64641.6,65000.0,64603.4,64919.5,271.01152
2026-07-16 06:00:00+00:00,64916.3,64970.0,64633.9,64765.1,128.979441
2026-07-16 07:00:00+00:00,64771.8,64774.7,64082.0,64235.9,417.822141
2026-07-16 08:00:00+00:00,64239.3,64365.1,63890.3,64124.2,828.88054
2026-07-16 09:00:00+00:00,64124.2,64181.9,64020.4,64093.5,497.862964
2026-07-16 10:00:00+00:00,64092.3,64262.0,64076.4,64223.3,139.72742
2026-07-16 11:00:00+00:00,64223.3,64274.7,64092.9,64256.6,183.404952
2026-07-16 12:00:00+00:00,64256.5,64256.5,63855.7,63961.7,364.418307
2026-07-16 13:00:00+00:00,63960.1,64475.0,63960.0,64368.1,440.115241
2026-07-16 14:00:00+00:00,64376.9,64851.9,64330.4,64539.2,499.654507
2026-07-16 15:00:00+00:00,64539.2,64900.7,64322.1,64702.4,449.719876
2026-07-16 16:00:00+00:00,64702.4,64714.4,64337.2,64481.8,281.007678
2026-07-16 17:00:00+00:00,64480.6,64480.7,63992.2,64067.0,366.489565
2026-07-16 18:00:00+00:00,64071.5,64327.9,64054.3,64244.3,201.691694
2026-07-16 19:00:00+00:00,64244.4,64307.1,64152.7,64268.6,167.556551
2026-07-16 20:00:00+00:00,64268.5,64273.6,64109.2,64122.2,70.692128
2026-07-16 21:00:00+00:00,64122.2,64238.4,64100.5,64158.3,74.753013
2026-07-16 22:00:00+00:00,64158.3,64238.9,63948.3,63963.7,174.728855
2026-07-16 23:00:00+00:00,63963.6,63999.6,63751.4,63831.8,234.831562
2026-07-17 00:00:00+00:00,63831.9,63904.6,63614.5,63880.7,306.147103
2026-07-17 01:00:00+00:00,63880.8,64059.3,63471.8,63540.2,393.227803
2026-07-17 02:00:00+00:00,63540.2,63651.2,63386.3,63484.9,326.076855
2026-07-17 03:00:00+00:00,63484.9,63723.3,63483.6,63571.1,199.191009
2026-07-17 04:00:00+00:00,63571.1,63572.9,63320.0,63488.5,161.425679
2026-07-17 05:00:00+00:00,63488.3,63488.3,62807.2,62837.8,481.38234
2026-07-17 06:00:00+00:00,62837.9,62992.2,62715.7,62945.2,437.922897
2026-07-17 07:00:00+00:00,62949.5,62976.7,62800.4,62827.6,418.939944
2026-07-17 08:00:00+00:00,62827.5,62937.5,62666.3,62890.2,411.549732
2026-07-17 09:00:00+00:00,62890.2,63062.8,62865.6,62991.9,172.933083
2026-07-17 10:00:00+00:00,62994.1,63196.1,62994.1,63177.6,145.141607
2026-07-17 11:00:00+00:00,63180.9,63356.6,63064.8,63295.8,168.317879
2026-07-17 12:00:00+00:00,63308.3,63338.1,63068.9,63093.7,178.247579
2026-07-17 13:00:00+00:00,63094.6,63178.1,62532.9,63149.6,640.554436
2026-07-17 14:00:00+00:00,63151.1,63511.7,63083.2,63177.6,693.702772
2026-07-17 15:00:00+00:00,63174.3,63450.6,62857.2,63450.6,505.103002
2026-07-17 16:00:00+00:00,63450.5,63700.8,63317.1,63593.1,329.707163
2026-07-17 17:00:00+00:00,63593.0,64221.3,63593.0,64054.3,517.472405
2026-07-17 18:00:00+00:00,64048.0,64385.2,63895.6,64257.5,310.943674
2026-07-17 19:00:00+00:00,64257.5,64259.6,63989.0,64155.5,243.037393
2026-07-17 20:00:00+00:00,64158.2,64198.4,63961.9,64117.7,138.942913
2026-07-17 21:00:00+00:00,64117.7,64217.8,64069.9,64104.9,94.517184
2026-07-17 22:00:00+00:00,64105.1,64153.7,63919.3,63981.9,75.737356
2026-07-17 23:00:00+00:00,63981.9,64011.3,63887.0,63935.1,61.780372
2026-07-18 00:00:00+00:00,63935.2,64023.2,63894.6,63903.4,60.077049
2026-07-18 01:00:00+00:00,63907.3,63996.9,63894.6,63957.1,41.830809
2026-07-18 02:00:00+00:00,63957.1,64040.2,63931.1,63963.2,62.044071
2026-07-18 03:00:00+00:00,63963.3,64015.8,63930.0,64015.7,57.666919
2026-07-18 04:00:00+00:00,64015.8,64015.8,63945.5,63965.8,31.46118
2026-07-18 05:00:00+00:00,63972.1,63996.3,63929.0,63959.4,37.393347
2026-07-18 06:00:00+00:00,63962.5,64003.1,63951.1,63980.5,22.199248
2026-07-18 07:00:00+00:00,63980.6,64022.5,63980.5,64009.2,55.073736
2026-07-18 08:00:00+00:00,64009.3,64025.0,63961.1,63995.6,126.397667
2026-07-18 09:00:00+00:00,63995.6,64005.4,63932.7,63983.6,39.77078
2026-07-18 10:00:00+00:00,63983.6,64017.7,63983.6,64009.8,15.751981
2026-07-18 11:00:00+00:00,64009.7,64090.4,64009.7,64064.5,19.520358
2026-07-18 12:00:00+00:00,64064.6,64269.6,64056.4,64211.1,107.70923
2026-07-18 13:00:00+00:00,64208.4,64208.4,63968.4,64104.6,163.96869
2026-07-18 14:00:00+00:00,64105.7,64195.3,64105.0,64124.1,58.35308
2026-07-18 15:00:00+00:00,64127.2,64160.8,64036.0,64117.5,51.336229
2026-07-18 16:00:00+00:00,64117.5,64313.8,64094.2,64303.5,92.987838
2026-07-18 17:00:00+00:00,64303.6,64492.4,64271.8,64483.2,201.877971
2026-07-18 18:00:00+00:00,64483.3,64664.0,64456.8,64513.1,212.431499
2026-07-18 19:00:00+00:00,64513.1,64597.1,64476.7,64559.8,79.942446
2026-07-18 20:00:00+00:00,64556.6,64736.9,64509.9,64690.3,137.889624
2026-07-18 21:00:00+00:00,64689.8,64848.3,64620.9,64732.0,166.083709
2026-07-18 22:00:00+00:00,64730.6,64864.8,64716.0,64807.9,108.963476
2026-07-18 23:00:00+00:00,64807.7,64848.4,64718.5,64837.9,84.227784
2026-07-19 00:00:00+00:00,64838.0,64905.5,64763.0,64783.7,100.794718
2026-07-19 01:00:00+00:00,64785.4,64788.7,64761.7,64774.0,31.564602
2026-07-19 02:00:00+00:00,64772.6,64970.0,64698.8,64823.8,174.076983
2026-07-19 03:00:00+00:00,64832.7,64841.7,64629.1,64705.7,92.22868
2026-07-19 04:00:00+00:00,64713.1,64793.6,64616.6,64719.8,63.449101
2026-07-19 05:00:00+00:00,64719.9,64811.1,64675.3,64723.8,38.511577
2026-07-19 06:00:00+00:00,64723.9,64761.5,64694.3,64712.1,47.326761
2026-07-19 07:00:00+00:00,64712.0,64779.5,64671.9,64729.8,75.562993
2026-07-19 08:00:00+00:00,64717.4,64740.3,64631.7,64709.7,89.915112
2026-07-19 09:00:00+00:00,64714.0,64718.3,64495.6,64514.1,77.506458
2026-07-19 10:00:00+00:00,64510.8,64699.9,64482.2,64583.2,175.158025
2026-07-19 11:00:00+00:00,64583.3,64638.0,64450.8,64469.4,181.795437
2026-07-19 12:00:00+00:00,64469.2,64469.2,64277.9,64445.1,324.195342
2026-07-19 13:00:00+00:00,64445.1,64515.0,64306.9,64482.9,106.537856
2026-07-19 14:00:00+00:00,64483.0,64656.3,64423.8,64590.2,124.004055
2026-07-19 15:00:00+00:00,64590.3,64617.8,64500.7,64572.7,69.245799
2026-07-19 16:00:00+00:00,64577.1,64645.4,64506.3,64537.3,70.881902
2026-07-19 17:00:00+00:00,64537.4,64750.0,64406.4,64546.9,181.888956
2026-07-19 18:00:00+00:00,64546.8,64551.9,64285.4,64417.3,164.231087
2026-07-19 19:00:00+00:00,64420.7,64460.6,64346.1,64460.5,50.153901
2026-07-19 20:00:00+00:00,64460.6,64563.8,64460.5,64530.6,37.299
2026-07-19 21:00:00+00:00,64535.1,64559.0,64351.8,64414.4,80.762232
2026-07-19 22:00:00+00:00,64414.3,64894.4,64348.0,64670.3,439.936425
2026-07-19 23:00:00+00:00,64670.3,64770.0,64572.6,64726.5,179.428104
2026-07-20 00:00:00+00:00,64726.5,65106.6,64411.7,64553.5,309.05597
2026-07-20 01:00:00+00:00,64553.5,65028.7,64503.8,64630.3,284.00133
2026-07-20 02:00:00+00:00,64628.1,64962.1,64579.4,64824.5,299.67536
2026-07-20 03:00:00+00:00,64824.6,64914.9,64646.7,64870.3,193.98961
2026-07-20 04:00:00+00:00,64870.3,64870.4,64538.3,64540.8,165.463177
2026-07-20 05:00:00+00:00,64542.5,64562.8,64080.1,64124.2,502.253904
2026-07-20 06:00:00+00:00,64128.9,64218.5,63769.4,63916.8,486.078183
2026-07-20 07:00:00+00:00,63916.8,64306.3,63895.4,64276.9,343.507619
2026-07-20 08:00:00+00:00,64276.9,64353.6,63733.8,64050.7,940.062546
2026-07-20 09:00:00+00:00,64050.6,64282.8,64011.6,64202.5,162.710583
2026-07-20 10:00:00+00:00,64202.4,64408.5,64167.4,64305.5,148.48262
2026-07-20 11:00:00+00:00,64306.5,65071.9,64272.0,65001.7,467.906677
2026-07-20 12:00:00+00:00,65001.6,65005.1,64603.3,64643.6,466.266605
2026-07-20 13:00:00+00:00,64643.6,64764.7,64209.4,64343.1,552.476951
2026-07-20 14:00:00+00:00,64343.0,64581.0,64076.3,64416.3,473.712944
2026-07-20 15:00:00+00:00,64419.8,65662.2,64415.9,65599.7,1095.837016
2026-07-20 16:00:00+00:00,65599.6,65636.0,65326.6,65501.4,633.482203
2026-07-20 17:00:00+00:00,65501.4,65644.6,65344.8,65585.5,370.032251
2026-07-20 18:00:00+00:00,65585.4,65796.4,65205.1,65244.1,333.407509
2026-07-20 19:00:00+00:00,65244.0,65272.2,65042.9,65142.7,339.052472
2026-07-20 20:00:00+00:00,65142.7,65437.9,65059.0,65369.5,185.032924
2026-07-20 21:00:00+00:00,65369.5,65440.7,65273.4,65288.3,103.776163
2026-07-20 22:00:00+00:00,65288.2,65288.3,65094.9,65144.5,97.698642
2026-07-20 23:00:00+00:00,65144.6,65267.1,65132.2,65256.1,91.240702
2026-07-21 00:00:00+00:00,65256.0,65590.0,65148.5,65568.2,217.040098
2026-07-21 01:00:00+00:00,65567.2,65655.3,65235.4,65235.4,205.464153
2026-07-21 02:00:00+00:00,65235.5,65512.5,65174.6,65414.7,129.575274
2026-07-21 03:00:00+00:00,65414.2,65592.4,65410.1,65567.1,215.844632
2026-07-21 04:00:00+00:00,65567.0,65735.1,65478.1,65522.4,217.686739
2026-07-21 05:00:00+00:00,65522.4,65936.2,65490.5,65748.0,259.755614
2026-07-21 06:00:00+00:00,65748.0,65992.6,65632.4,65919.8,298.021709
2026-07-21 07:00:00+00:00,65919.7,66244.7,65864.6,66188.7,503.063267
2026-07-21 08:00:00+00:00,66188.8,66352.5,66129.0,66226.8,488.782549
2026-07-21 09:00:00+00:00,66226.9,66347.1,66134.0,66285.1,214.06436
2026-07-21 10:00:00+00:00,66285.1,66418.0,66177.6,66189.0,334.068808
2026-07-21 11:00:00+00:00,66188.9,66351.4,66145.9,66347.7,211.321924
2026-07-21 12:00:00+00:00,66347.7,66635.8,66267.0,66565.0,318.824495
2026-07-21 13:00:00+00:00,66565.1,66802.5,66329.2,66784.3,532.559963
2026-07-21 14:00:00+00:00,66787.4,66954.1,66650.0,66840.2,822.76462
2026-07-21 15:00:00+00:00,66840.2,66840.2,66529.3,66685.5,510.400247
2026-07-21 16:00:00+00:00,66685.6,66759.5,66473.1,66542.1,241.931454
2026-07-21 17:00:00+00:00,66541.7,66561.9,66038.6,66211.4,583.512264
2026-07-21 18:00:00+00:00,66211.5,66357.8,66100.0,66315.7,381.137526
2026-07-21 19:00:00+00:00,66315.7,66507.2,66268.5,66446.6,241.368154
2026-07-21 20:00:00+00:00,66447.2,66493.2,66363.0,66406.2,174.771115
2026-07-21 21:00:00+00:00,66406.2,66406.8,66291.8,66380.4,197.127168
2026-07-21 22:00:00+00:00,66380.4,66380.4,66202.5,66304.9,169.655806
2026-07-21 23:00:00+00:00,66304.9,66572.2,66226.0,66557.7,143.192289
2026-07-22 00:00:00+00:00,66557.6,66736.5,66541.2,66626.6,476.521981
2026-07-22 01:00:00+00:00,66624.4,66659.1,66288.2,66437.9,349.428312
2026-07-22 02:00:00+00:00,66437.9,66529.6,66296.2,66313.3,193.474954
2026-07-22 03:00:00+00:00,66313.2,66366.1,66180.4,66205.6,203.740296
2026-07-22 04:00:00+00:00,66205.6,66420.9,66195.6,66378.2,212.210027
2026-07-22 05:00:00+00:00,66378.3,66378.3,65942.9,65968.2,343.74553
2026-07-22 06:00:00+00:00,65968.2,66014.3,65830.0,65929.6,266.287525
2026-07-22 07:00:00+00:00,65929.7,65962.4,65699.8,65842.1,404.620144
2026-07-22 08:00:00+00:00,65842.1,66156.9,65841.9,65983.4,295.439194
2026-07-22 09:00:00+00:00,65983.3,66080.0,65849.0,65927.1,267.065211
2026-07-22 10:00:00+00:00,65927.0,66120.8,65896.2,66041.8,233.262965
2026-07-22 11:00:00+00:00,66041.9,66083.9,65909.2,66015.8,224.282893
2026-07-22 12:00:00+00:00,66015.8,66015.8,65550.0,65641.8,286.222277
2026-07-22 13:00:00+00:00,65641.8,65985.1,65565.0,65957.3,452.664733
2026-07-22 14:00:00+00:00,65957.3,66214.3,65589.1,65793.8,514.164499
2026-07-22 15:00:00+00:00,65793.9,66129.7,65793.9,66046.9,385.462902
2026-07-22 16:00:00+00:00,66046.5,66393.2,65912.2,66234.3,303.827382
2026-07-22 17:00:00+00:00,66234.3,66276.7,65946.8,66030.3,233.425252
2026-07-22 18:00:00+00:00,66030.4,66075.5,65732.6,65896.6,208.678376
2026-07-22 19:00:00+00:00,65896.5,65957.0,65695.9,65923.9,159.425878
2026-07-22 20:00:00+00:00,65923.6,65984.1,65794.7,65914.4,198.873
2026-07-22 21:00:00+00:00,65914.5,66132.7,65891.9,66065.0,105.896732
2026-07-22 22:00:00+00:00,66065.1,66079.8,65930.4,66042.5,94.102858
2026-07-22 23:00:00+00:00,66042.7,66138.5,65852.4,66113.9,120.603362
2026-07-23 00:00:00+00:00,66118.5,66314.9,66055.1,66062.7,332.698783
2026-07-23 01:00:00+00:00,66062.8,66205.0,65755.9,65833.2,310.221312
2026-07-23 02:00:00+00:00,65833.2,65838.4,65653.6,65810.4,142.438898
2026-07-23 03:00:00+00:00,65810.5,65820.2,65585.8,65661.0,170.45926
2026-07-23 04:00:00+00:00,65661.0,65745.9,65599.8,65610.5,148.672618
2026-07-23 05:00:00+00:00,65620.3,65796.7,65583.8,65694.5,105.080494
2026-07-23 06:00:00+00:00,65694.5,65820.0,65622.9,65790.1,80.781025
2026-07-23 07:00:00+00:00,65790.1,65790.1,65355.7,65441.4,373.229356
2026-07-23 08:00:00+00:00,65441.4,65660.3,65425.1,65637.1,176.883686
2026-07-23 09:00:00+00:00,65633.0,65756.4,65604.7,65632.6,155.248663
2026-07-23 10:00:00+00:00,65634.1,65788.7,65591.4,65735.6,119.599482
2026-07-23 11:00:00+00:00,65735.7,65736.3,65543.3,65550.5,119.76633
2026-07-23 12:00:00+00:00,65550.4,65579.1,64982.9,65163.1,480.979534
2026-07-23 13:00:00+00:00,65163.1,65217.8,64864.8,64880.9,640.827265
2026-07-23 14:00:00+00:00,64881.0,65222.3,64820.0,64905.0,463.86376
2026-07-23 15:00:00+00:00,64905.0,65022.5,64723.9,64955.1,453.099781
2026-07-23 16:00:00+00:00,64960.9,64960.9,64703.9,64752.3,298.127108
2026-07-23 17:00:00+00:00,64752.3,64895.8,64651.1,64672.8,198.858415
2026-07-23 18:00:00+00:00,64674.8,64942.5,64674.8,64862.4,179.784862
2026-07-23 19:00:00+00:00,64862.5,64929.7,64694.6,64846.1,186.98614
2026-07-23 20:00:00+00:00,64843.5,65186.5,64835.0,65145.1,161.338481
2026-07-23 21:00:00+00:00,65145.0,65209.8,65009.9,65169.8,102.122724
2026-07-23 22:00:00+00:00,65170.7,65222.2,65013.7,65191.9,112.781037
2026-07-23 23:00:00+00:00,65192.0,65215.6,65046.3,65099.2,102.854877
2026-07-24 00:00:00+00:00,65099.2,65110.8,64761.3,64967.2,187.513297
2026-07-24 01:00:00+00:00,64968.7,65168.7,64931.6,65079.5,184.314178
2026-07-24 02:00:00+00:00,65079.5,65180.7,64920.4,65112.0,160.663956
2026-07-24 03:00:00+00:00,65112.0,65457.5,65078.1,65452.6,226.41006
2026-07-24 04:00:00+00:00,65452.7,65465.8,65272.3,65307.3,178.122262
2026-07-24 05:00:00+00:00,65309.0,65389.6,65248.4,65315.8,104.607565
2026-07-24 06:00:00+00:00,65319.5,65516.5,65270.4,65471.9,206.196837
2026-07-24 07:00:00+00:00,65473.9,65808.0,65364.0,65498.5,512.57674
2026-07-24 08:00:00+00:00,65503.0,65506.6,65311.0,65312.3,168.71389
2026-07-24 09:00:00+00:00,65310.8,65318.0,64951.7,65106.8,352.660584
2026-07-24 10:00:00+00:00,65108.3,65148.8,64903.3,64947.7,161.363115
2026-07-24 11:00:00+00:00,64947.8,65097.0,64852.1,65085.2,236.102902
2026-07-24 12:00:00+00:00,65085.1,65131.2,64762.8,64778.3,185.046956
2026-07-24 13:00:00+00:00,64776.6,64799.6,63916.2,64150.8,990.31508
2026-07-24 14:00:00+00:00,64150.8,64195.8,63737.0,64057.5,874.245065
2026-07-24 15:00:00+00:00,64057.4,64325.1,63859.0,64094.3,1243.694772
2026-07-24 16:00:00+00:00,64094.4,64195.1,63879.2,63956.9,230.263237
2026-07-24 17:00:00+00:00,63956.8,64191.3,63908.0,64176.7,192.190332
2026-07-24 18:00:00+00:00,64176.8,64282.9,64129.7,64271.9,111.924066
2026-07-24 19:00:00+00:00,64272.0,64285.9,64143.5,64225.0,121.406474
2026-07-24 20:00:00+00:00,64225.0,64277.3,64128.4,64175.2,98.547149
2026-07-24 21:00:00+00:00,64175.3,64215.8,64122.8,64140.1,113.527201
2026-07-24 22:00:00+00:00,64141.7,64207.5,64130.7,64167.6,62.364844
2026-07-24 23:00:00+00:00,64167.6,64176.9,64141.5,64145.9,39.254722
2026-07-25 00:00:00+00:00,64145.9,64173.1,64037.5,64069.9,62.185291
2026-07-25 01:00:00+00:00,64069.9,64151.2,64009.6,64067.8,97.084189
2026-07-25 02:00:00+00:00,64067.9,64089.9,64023.4,64041.2,51.117897
2026-07-25 03:00:00+00:00,64045.6,64096.3,64020.4,64080.8,80.03595
2026-07-25 04:00:00+00:00,64080.9,64197.5,64080.8,64171.8,32.0727
2026-07-25 05:00:00+00:00,64179.6,64189.3,63983.5,64020.0,35.146611
2026-07-25 06:00:00+00:00,64020.0,64056.6,63961.5,64003.6,77.209967
2026-07-25 07:00:00+00:00,64003.5,64035.2,63999.8,64008.6,78.03003
2026-07-25 08:00:00+00:00,64008.7,64008.7,63807.2,63877.1,175.384267
2026-07-25 09:00:00+00:00,63877.6,64025.3,63829.0,64000.9,214.812529
2026-07-25 10:00:00+00:00,64005.3,64067.9,63993.8,64067.9,50.692268
2026-07-25 11:00:00+00:00,64067.8,64111.9,64050.8,64064.0,48.506445
2026-07-25 12:00:00+00:00,64064.0,64120.7,64039.9,64117.8,55.922644
2026-07-25 13:00:00+00:00,64118.1,64267.6,64114.0,64177.7,64.801239
2026-07-25 14:00:00+00:00,64177.8,64216.7,64123.4,64212.5,59.478757
2026-07-25 15:00:00+00:00,64212.4,64275.6,64172.9,64186.1,69.89976
2026-07-25 16:00:00+00:00,64186.2,64240.2,64124.6,64208.8,41.27652
2026-07-25 17:00:00+00:00,64208.9,64347.3,64196.2,64263.7,68.572688
2026-07-25 18:00:00+00:00,64267.5,64443.4,64267.5,64415.6,77.034941
2026-07-25 19:00:00+00:00,64415.6,64437.3,64389.2,64393.8,40.621436
2026-07-25 20:00:00+00:00,64393.8,64396.7,64313.8,64333.3,33.846891
2026-07-25 21:00:00+00:00,64335.0,64427.3,64261.0,64345.7,52.579905
2026-07-25 22:00:00+00:00,64345.7,64417.8,64345.7,64412.8,49.303613
2026-07-25 23:00:00+00:00,64412.9,64423.1,64369.2,64373.6,34.992158
2026-07-26 00:00:00+00:00,64372.0,64508.6,64352.4,64508.5,59.424307
2026-07-26 01:00:00+00:00,64508.6,64533.0,64459.9,64459.9,111.243857
2026-07-26 02:00:00+00:00,64460.0,64523.3,64433.6,64523.2,72.535908
2026-07-26 03:00:00+00:00,64523.3,64575.0,64490.7,64546.2,79.412736
2026-07-26 04:00:00+00:00,64546.3,64596.4,64488.5,64529.0,56.028229
2026-07-26 05:00:00+00:00,64528.9,64529.0,64411.8,64416.7,95.892681
2026-07-26 06:00:00+00:00,64417.6,64452.6,64290.0,64435.9,88.893267
2026-07-26 07:00:00+00:00,64436.0,64457.0,64344.6,64364.8,64.514732
2026-07-26 08:00:00+00:00,64364.8,64486.3,64352.0,64477.4,46.878819
2026-07-26 09:00:00+00:00,64477.5,64548.5,64477.4,64536.4,36.853538
2026-07-26 10:00:00+00:00,64536.4,64574.4,64492.7,64515.4,26.169903
2026-07-26 11:00:00+00:00,64515.4,64532.1,64493.0,64510.4,26.673799
2026-07-26 12:00:00+00:00,64510.4,64655.1,64435.5,64466.5,72.604551
2026-07-26 13:00:00+00:00,64466.5,64568.3,64410.9,64520.5,60.183042
2026-07-26 14:00:00+00:00,64520.5,64770.4,64520.5,64713.1,164.042494
2026-07-26 15:00:00+00:00,64713.0,64828.2,64673.4,64766.0,114.951887
2026-07-26 16:00:00+00:00,64766.0,64932.3,64699.7,64734.2,139.4292
2026-07-26 17:00:00+00:00,64734.3,64789.1,64673.2,64694.0,77.81091
2026-07-26 18:00:00+00:00,64694.0,64771.5,64672.2,64739.8,26.828811
2026-07-26 19:00:00+00:00,64739.9,64754.1,64677.3,64699.8,34.713732
2026-07-26 20:00:00+00:00,64699.9,64703.4,64632.8,64651.1,17.383044
2026-07-26 21:00:00+00:00,64651.1,64915.2,64651.1,64854.9,86.958898
2026-07-26 22:00:00+00:00,64855.0,65494.4,64855.0,65404.6,481.342039
2026-07-26 23:00:00+00:00,65407.8,65569.6,65269.2,65399.4,236.205294
2026-07-27 00:00:00+00:00,65400.7,65426.8,65066.4,65125.4,279.281286
2026-07-27 01:00:00+00:00,65125.5,65208.8,64904.7,65198.6,237.047479
2026-07-27 02:00:00+00:00,65198.7,65273.4,65124.8,65181.4,120.730203
2026-07-27 03:00:00+00:00,65181.4,65361.6,65172.3,65283.9,124.051828
2026-07-27 04:00:00+00:00,65283.9,65492.2,65247.5,65289.4,122.988547
2026-07-27 05:00:00+00:00,65288.5,65495.9,65280.6,65471.3,156.534236
2026-07-27 06:00:00+00:00,65470.2,65744.0,65408.4,65415.3,345.273444
2026-07-27 07:00:00+00:00,65415.3,65449.4,65224.9,65230.0,292.174386
2026-07-27 08:00:00+00:00,65230.1,65254.0,65128.3,65176.0,201.691597
2026-07-27 09:00:00+00:00,65176.0,65333.3,65106.0,65268.5,245.236098
2026-07-27 10:00:00+00:00,65268.4,65427.5,65237.7,65340.0,118.595097
2026-07-27 11:00:00+00:00,65340.1,65340.1,65096.7,65104.5,139.149413
2026-07-27 12:00:00+00:00,65104.5,65256.4,64836.8,65082.0,377.399335
2026-07-27 13:00:00+00:00,65094.8,65709.9,64917.5,65220.1,730.516874
2026-07-27 14:00:00+00:00,65220.2,65426.4,64461.1,64687.2,999.890501
2026-07-27 15:00:00+00:00,64687.2,64775.1,64422.9,64553.8,574.246384
2026-07-27 16:00:00+00:00,64553.7,64967.4,64515.6,64899.6,412.548446
2026-07-27 17:00:00+00:00,64899.7,65088.8,64789.5,65020.5,234.856502
2026-07-27 18:00:00+00:00,65020.6,65053.8,64759.9,64878.7,183.891566
2026-07-27 19:00:00+00:00,64876.4,65072.7,64802.9,64979.9,190.008947
2026-07-27 20:00:00+00:00,64981.4,65045.8,64907.1,64963.7,98.766259
2026-07-27 21:00:00+00:00,64963.8,64963.8,64788.1,64818.9,107.029416
2026-07-27 22:00:00+00:00,64819.0,64819.0,63797.5,63797.6,558.677962
2026-07-27 23:00:00+00:00,63797.6,63946.8,63610.1,63759.7,785.155224
2026-07-28 00:00:00+00:00,63759.7,63822.3,63470.4,63482.0,503.402546
2026-07-28 01:00:00+00:00,63487.4,63529.8,63063.6,63233.5,859.523578
2026-07-28 02:00:00+00:00,63231.2,63303.7,63107.6,63187.3,224.905875
2026-07-28 03:00:00+00:00,63187.4,63373.4,63170.6,63347.5,231.132199
2026-07-28 04:00:00+00:00,63347.4,63361.1,63227.2,63345.5,166.219985
2026-07-28 05:00:00+00:00,63345.6,63619.3,63323.4,63454.4,227.954741
2026-07-28 06:00:00+00:00,63452.9,63660.3,63399.3,63639.5,203.246469
2026-07-28 07:00:00+00:00,63639.6,63655.6,63458.2,63506.1,279.012641
2026-07-28 08:00:00+00:00,63506.1,63537.1,63411.1,63428.4,227.703252
2026-07-28 09:00:00+00:00,63428.4,63575.7,63368.6,63394.2,143.439052
2026-07-28 10:00:00+00:00,63394.2,63549.9,63297.1,63473.0,257.293468
2026-07-28 11:00:00+00:00,63474.7,63593.1,63353.8,63458.1,253.893054
2026-07-28 12:00:00+00:00,63458.1,63562.4,63375.4,63548.1,235.268996
2026-07-28 13:00:00+00:00,63546.5,63584.9,62744.9,63103.1,834.401207
2026-07-28 14:00:00+00:00,63103.2,63548.6,62965.5,63409.9,689.766151
2026-07-28 15:00:00+00:00,63412.3,64023.6,63270.1,63927.4,1030.990724
2026-07-28 16:00:00+00:00,63927.5,64102.6,63779.9,64037.6,370.934414
2026-07-28 17:00:00+00:00,64037.6,64037.6,63501.8,63681.8,394.318195
2026-07-28 18:00:00+00:00,63681.9,63843.2,63673.7,63734.5,191.345104
2026-07-28 19:00:00+00:00,63735.6,63900.3,63675.4,63900.3,209.416916
2026-07-28 20:00:00+00:00,63900.5,64013.2,63878.5,63916.8,177.904707
2026-07-28 21:00:00+00:00,63916.9,64063.8,63894.8,63975.8,132.79769
2026-07-28 22:00:00+00:00,63975.9,64015.7,63768.1,63785.5,156.334393
2026-07-28 23:00:00+00:00,63785.6,63950.8,63560.0,63924.2,309.214919
2026-07-29 00:00:00+00:00,63923.4,64190.5,63875.7,63958.1,392.989735
2026-07-29 01:00:00+00:00,63951.7,63994.1,63677.5,63699.0,362.415085
2026-07-29 02:00:00+00:00,63699.0,64122.0,63653.5,63969.8,299.558514
2026-07-29 03:00:00+00:00,63972.6,63999.7,63707.7,63744.4,274.805017
2026-07-29 04:00:00+00:00,63744.5,63961.5,63598.9,63961.4,284.36744
2026-07-29 05:00:00+00:00,63961.4,64089.1,63892.0,64060.3,239.493523
2026-07-29 06:00:00+00:00,64060.4,64461.7,64026.8,64432.0,278.258259
2026-07-29 07:00:00+00:00,64432.7,64570.9,64406.5,64556.9,203.266957
2026-07-29 08:00:00+00:00,64564.3,64580.0,64287.7,64417.9,258.44283
2026-07-29 09:00:00+00:00,64417.9,64733.8,64389.8,64695.3,210.668056
2026-07-29 10:00:00+00:00,64695.3,64713.9,64414.9,64469.0,181.384757
2026-07-29 11:00:00+00:00,64469.0,64583.8,64420.5,64505.7,147.067375
2026-07-29 12:00:00+00:00,64509.3,64509.3,64225.0,64279.1,151.213381
2026-07-29 13:00:00+00:00,64279.1,64668.4,64144.6,64666.3,490.320291
2026-07-29 14:00:00+00:00,64666.3,64719.4,64051.9,64112.3,590.929446
2026-07-29 15:00:00+00:00,64112.2,64188.2,63890.3,63967.0,515.204252
2026-07-29 16:00:00+00:00,63966.9,64142.5,63626.3,63809.6,421.164703
2026-07-29 17:00:00+00:00,63809.6,64285.7,63714.1,64264.1,303.725398
2026-07-29 18:00:00+00:00,64274.7,64646.4,63770.7,64505.7,1094.304284
2026-07-29 19:00:00+00:00,64503.1,64601.3,63518.7,63592.6,864.624138
2026-07-29 20:00:00+00:00,63594.7,63739.8,63369.3,63518.6,541.794011
2026-07-29 21:00:00+00:00,63518.6,63864.6,63267.6,63864.5,383.776351
2026-07-29 22:00:00+00:00,63859.2,64126.2,63856.4,63935.6,327.835344
2026-07-29 23:00:00+00:00,63935.6,64067.2,63896.5,63982.4,143.434082
2026-07-30 00:00:00+00:00,63980.9,64110.4,63601.8,63689.1,215.054001
2026-07-30 01:00:00+00:00,63690.9,64371.7,63687.6,64265.1,317.149824
2026-07-30 02:00:00+00:00,64271.7,64404.0,64164.3,64185.9,239.955453
2026-07-30 03:00:00+00:00,64190.0,64301.0,64137.8,64165.3,182.821066
2026-07-30 04:00:00+00:00,64165.5,64186.9,64016.5,64024.3,160.813502
2026-07-30 05:00:00+00:00,64024.4,64176.8,63915.4,64030.7,258.576907
2026-07-30 06:00:00+00:00,64030.7,64077.1,63960.6,64001.6,145.449349
2026-07-30 07:00:00+00:00,64001.6,64148.5,63943.4,64013.5,248.095646
2026-07-30 08:00:00+00:00,64013.6,64353.6,63981.2,64305.8,256.221928
2026-07-30 09:00:00+00:00,64305.9,64633.3,64287.6,64569.8,409.129543
2026-07-30 10:00:00+00:00,64569.9,64629.8,64562.9,64574.6,126.205241
2026-07-30 11:00:00+00:00,64574.6,64885.0,64540.3,64786.9,222.989468
2026-07-30 12:00:00+00:00,64786.9,65019.8,64783.3,64921.8,316.641267
2026-07-30 13:00:00+00:00,64921.8,65170.2,64690.6,65021.8,533.828863
2026-07-30 14:00:00+00:00,65020.9,65038.9,64620.1,64685.1,461.647733
2026-07-30 15:00:00+00:00,64685.1,64884.0,64610.1,64730.8,297.142567
2026-07-30 16:00:00+00:00,64730.8,64958.5,64730.8,64817.4,181.96098
2026-07-30 17:00:00+00:00,64817.4,64981.3,64772.6,64872.2,166.43596
2026-07-30 18:00:00+00:00,64872.2,64892.3,64688.4,64704.5,78.090716
2026-07-30 19:00:00+00:00,64704.4,64905.2,64703.4,64800.8,146.578186
2026-07-30 20:00:00+00:00,64805.2,64933.0,64756.4,64776.4,199.957115
2026-07-30 21:00:00+00:00,64776.4,64802.9,64707.1,64737.5,62.959674
2026-07-30 22:00:00+00:00,64737.4,65016.1,64668.5,64851.4,191.847593
2026-07-30 23:00:00+00:00,64848.4,65080.4,64741.5,64783.8,243.644971
2026-07-31 00:00:00+00:00,64783.9,64893.9,64691.4,64724.1,193.436345
2026-07-31 01:00:00+00:00,64725.4,65432.2,64479.7,64563.9,685.658396
2026-07-31 02:00:00+00:00,64563.9,64610.8,64204.0,64295.5,404.898961
2026-07-31 03:00:00+00:00,64295.5,64442.1,64178.9,64376.7,253.28061
2026-07-31 04:00:00+00:00,64376.6,64435.7,64240.7,64307.5,151.865135
2026-07-31 05:00:00+00:00,64307.6,64416.1,64276.9,64357.2,125.694963
2026-07-31 06:00:00+00:00,64357.3,64492.5,64189.7,64233.3,183.495445
2026-07-31 07:00:00+00:00,64233.2,64236.9,63872.6,63946.0,665.586714
2026-07-31 08:00:00+00:00,63946.0,63977.1,63813.3,63836.4,236.466727
2026-07-31 09:00:00+00:00,63840.5,63845.7,63643.6,63722.2,224.064486
2026-07-31 10:00:00+00:00,63722.3,63951.9,63614.0,63927.2,168.827638
2026-07-31 11:00:00+00:00,63927.2,64007.4,63794.3,63806.3,126.315134
2026-07-31 12:00:00+00:00,63806.3,63825.4,63632.8,63753.3,151.153809
2026-07-31 13:00:00+00:00,63753.4,63831.3,63245.5,63273.0,773.559661
2026-07-31 14:00:00+00:00,63273.0,63312.2,62457.9,62695.7,1409.78995
2026-07-31 15:00:00+00:00,62692.2,62765.5,62500.0,62718.0,609.567422
2026-07-31 16:00:00+00:00,62718.0,62929.2,62710.4,62880.5,260.25927
2026-07-31 17:00:00+00:00,62876.1,63288.0,62809.3,63241.8,288.561519
2026-07-31 18:00:00+00:00,63241.7,63288.0,62967.9,63100.4,276.793155
2026-07-31 19:00:00+00:00,63100.4,63156.0,62940.0,62967.4,123.488002
2026-07-31 20:00:00+00:00,62970.6,63027.9,62929.1,62950.8,124.02379
2026-07-31 21:00:00+00:00,62955.5,63059.6,62850.0,62951.4,127.185398
2026-07-31 22:00:00+00:00,62951.4,63019.3,62871.1,62950.8,93.136265
2026-07-31 23:00:00+00:00,62950.6,63008.2,62863.1,62888.4,38.817257
2026-08-01 00:00:00+00:00,62892.7,63025.8,62892.7,62940.5,109.203951
2026-08-01 01:00:00+00:00,62940.5,62983.6,62928.1,62970.7,98.556243
2026-08-01 02:00:00+00:00,62975.7,63104.1,62975.6,63074.1,47.557981
2026-08-01 03:00:00+00:00,63074.1,63079.0,62972.3,63002.0,99.462212
2026-08-01 04:00:00+00:00,63002.1,63104.8,62998.5,63098.3,33.798896
2026-08-01 05:00:00+00:00,63098.2,63140.0,63001.2,63028.8,98.60764
2026-08-01 06:00:00+00:00,63028.8,63080.7,62998.0,63080.7,79.621632
2026-08-01 07:00:00+00:00,63080.7,63110.7,63038.4,63053.5,64.978963
2026-08-01 08:00:00+00:00,63053.5,63146.5,63053.5,63131.6,32.375115
2026-08-01 09:00:00+00:00,63131.6,63140.0,63048.2,63060.9,46.745701
2026-08-01 10:00:00+00:00,63061.0,63119.6,62989.0,63061.4,79.456507
2026-08-01 11:00:00+00:00,63061.6,63092.1,63043.9,63078.9,30.39877588
2026-08-01 12:00:00+00:00,63078.8,63122.7,63078.8,63101.3,34.131099
2026-08-01 13:00:00+00:00,63101.3,63102.5,63053.0,63063.6,26.319135
2026-08-01 14:00:00+00:00,63071.4,63123.6,63067.0,63119.5,48.677247
2026-08-01 15:00:00+00:00,63119.5,63127.4,63004.4,63004.5,36.886912
2026-08-01 16:00:00+00:00,63004.0,63026.4,62872.7,62923.8,114.403329
2026-08-01 17:00:00+00:00,62923.8,62991.1,62657.1,62711.4,233.367691
2026-08-01 18:00:00+00:00,62711.3,62736.1,62272.1,62579.8,599.968417
2026-08-01 19:00:00+00:00,62579.7,62624.8,62461.8,62528.5,192.739585
2026-08-01 20:00:00+00:00,62528.5,62666.6,62490.6,62665.3,103.620081
2026-08-01 21:00:00+00:00,62665.3,62860.9,62658.9,62814.1,170.560419
2026-08-01 22:00:00+00:00,62814.1,62865.9,62799.4,62835.1,48.011524
2026-08-01 23:00:00+00:00,62835.0,62855.3,62770.7,62821.3,62.597824
2026-08-02 00:00:00+00:00,62821.4,62978.9,62813.3,62837.1,115.032575
2026-08-02 01:00:00+00:00,62838.6,63093.7,62838.6,62993.0,101.821501
2026-08-02 02:00:00+00:00,62993.0,63550.0,62957.6,63449.3,481.304842
2026-08-02 03:00:00+00:00,63456.8,63553.4,63381.3,63453.4,176.883058
2026-08-02 04:00:00+00:00,63453.5,63604.9,63453.5,63581.7,68.50096
2026-08-02 05:00:00+00:00,63581.6,63627.6,63415.7,63451.1,129.313503
2026-08-02 06:00:00+00:00,63455.5,63498.4,63434.9,63487.2,39.281437
2026-08-02 07:00:00+00:00,63487.3,63537.4,63475.5,63498.9,78.179855
2026-08-02 08:00:00+00:00,63498.9,63522.6,63168.5,63185.5,209.02496
2026-08-02 09:00:00+00:00,63189.6,63316.5,63089.8,63271.8,148.132385
2026-08-02 10:00:00+00:00,63271.5,63271.5,63129.9,63203.2,115.718524
2026-08-02 11:00:00+00:00,63205.0,63207.0,62995.6,63032.8,143.481362
2026-08-02 12:00:00+00:00,63032.8,63233.0,63032.8,63125.1,145.736713
2026-08-02 13:00:00+00:00,63125.1,63147.0,63012.6,63119.6,98.850852
2026-08-02 14:00:00+00:00,63121.3,63185.2,63064.8,63072.9,69.979952
2026-08-02 15:00:00+00:00,63072.9,63176.7,63052.2,63108.5,65.064762
2026-08-02 16:00:00+00:00,63108.6,63263.3,63073.7,63184.0,96.623317
2026-08-02 17:00:00+00:00,63179.1,63336.5,63156.3,63307.3,71.43422
2026-08-02 18:00:00+00:00,63307.4,63611.1,63294.7,63385.1,178.084855
2026-08-02 19:00:00+00:00,63385.0,63472.7,63327.9,63455.4,56.781877
2026-08-02 20:00:00+00:00,63455.4,63500.0,63403.9,63497.9,42.701999
2026-08-02 21:00:00+00:00,63498.0,63780.8,63483.5,63578.4,211.972001
2026-08-02 22:00:00+00:00,63582.2,63790.0,63374.8,63430.4,330.312742
2026-08-02 23:00:00+00:00,63430.3,63588.0,63334.5,63565.6,190.463084
2026-08-03 00:00:00+00:00,63565.6,63591.2,63207.7,63312.0,295.6892
2026-08-03 01:00:00+00:00,63310.3,63342.7,63108.7,63215.4,268.000682
2026-08-03 02:00:00+00:00,63214.1,63282.0,63098.8,63140.0,126.238376
2026-08-03 03:00:00+00:00,63139.9,63162.0,62780.9,62874.3,210.583147
2026-08-03 04:00:00+00:00,62874.3,63008.1,62776.6,62786.5,177.465588
2026-08-03 05:00:00+00:00,62786.6,62869.3,62752.2,62821.2,225.225309
2026-08-03 06:00:00+00:00,62826.6,62872.7,62618.3,62619.1,206.834507
2026-08-03 07:00:00+00:00,62619.2,62699.6,62555.9,62614.6,317.400533
2026-08-03 08:00:00+00:00,62614.6,62644.8,62300.7,62542.1,325.911297
2026-08-03 09:00:00+00:00,62542.0,62871.1,62528.7,62836.2,236.709891
2026-08-03 10:00:00+00:00,62835.2,62862.3,62617.3,62740.7,151.329356
2026-08-03 11:00:00+00:00,62740.8,62773.6,62542.7,62553.6,153.068652
2026-08-03 12:00:00+00:00,62562.1,62799.6,62447.1,62703.5,260.598565
2026-08-03 13:00:00+00:00,62703.2,63392.3,62568.5,63353.1,599.577766
2026-08-03 14:00:00+00:00,63353.0,63994.6,63138.9,63971.1,1230.866111
2026-08-03 15:00:00+00:00,63971.0,63990.2,63649.6,63693.7,836.570004
2026-08-03 16:00:00+00:00,63693.8,63942.3,63667.5,63776.5,401.462382
2026-08-03 17:00:00+00:00,63776.6,64061.1,63720.5,63904.7,400.860519
2026-08-03 18:00:00+00:00,63904.8,64000.5,63769.5,63870.2,224.992223
2026-08-03 19:00:00+00:00,63870.3,64079.6,63844.4,63866.6,271.711384
2026-08-03 20:00:00+00:00,63870.9,64025.5,63768.1,63783.6,174.912321
2026-08-03 21:00:00+00:00,63783.6,63791.9,63553.4,63587.6,179.919017
2026-08-03 22:00:00+00:00,63587.6,63675.2,63391.2,63613.6,199.045917
2026-08-03 23:00:00+00:00,63611.2,63619.2,63467.7,63523.0,131.151918
2026-08-04 00:00:00+00:00,63526.7,63577.7,63326.8,63359.3,285.674536
2026-08-04 01:00:00+00:00,63363.6,63931.1,63363.5,63848.2,417.123808
2026-08-04 02:00:00+00:00,63848.3,63971.4,63689.1,63822.1,207.472114
2026-08-04 03:00:00+00:00,63822.1,63856.1,63657.9,63800.8,107.610009
2026-08-04 04:00:00+00:00,63800.7,64240.2,63761.4,64034.6,309.676875
2026-08-04 05:00:00+00:00,64034.6,64056.6,63797.7,63814.5,286.824868
2026-08-04 06:00:00+00:00,63814.6,63886.6,63660.8,63675.4,122.962827
2026-08-04 07:00:00+00:00,63675.5,63756.5,63506.4,63688.2,217.944565
2026-08-04 08:00:00+00:00,63688.2,63741.8,63563.1,63586.6,117.90368
2026-08-04 09:00:00+00:00,63586.6,63607.4,63519.1,63592.2,150.67039
2026-08-04 10:00:00+00:00,63592.2,63837.2,63455.9,63765.2,193.3389616
2026-08-04 11:00:00+00:00,63769.9,63946.4,63709.9,63923.7,151.395972
2026-08-04 12:00:00+00:00,63923.7,64063.9,63791.6,63906.9,209.236311
2026-08-04 13:00:00+00:00,63907.0,64098.2,63656.8,63687.9,453.328993
2026-08-04 14:00:00+00:00,63687.9,64193.5,63611.3,64128.7,424.065102
2026-08-04 15:00:00+00:00,64128.8,64236.6,63814.7,64124.9,342.089366
2026-08-04 16:00:00+00:00,64124.9,64132.8,63904.9,63953.1,161.925866
2026-08-04 17:00:00+00:00,63953.2,64183.3,63898.7,63975.9,214.668912
2026-08-04 18:00:00+00:00,63975.8,64406.7,63971.9,64310.0,235.16804
2026-08-04 19:00:00+00:00,64310.4,64415.1,64208.6,64226.8,176.161743
2026-08-04 20:00:00+00:00,64232.3,64423.7,64005.7,64345.4,238.559809
2026-08-04 21:00:00+00:00,64345.4,64401.9,64177.0,64197.9,95.260653
2026-08-04 22:00:00+00:00,64198.0,64293.1,64142.1,64266.3,73.040822
2026-08-04 23:00:00+00:00,64266.4,64539.3,64080.6,64106.9,265.233619
2026-08-05 00:00:00+00:00,64106.6,64191.4,63985.7,63996.0,275.376223
2026-08-05 01:00:00+00:00,63996.0,64346.3,63953.9,64334.8,232.524999
2026-08-05 02:00:00+00:00,64339.5,64506.8,64331.3,64371.1,304.514383
2026-08-05 03:00:00+00:00,64371.0,64447.7,64052.2,64183.8,226.599366
2026-08-05 04:00:00+00:00,64183.8,64220.9,64096.9,64180.7,55.04327
2026-08-05 05:00:00+00:00,64180.5,64526.9,64168.3,64337.3,141.160098
2026-08-05 06:00:00+00:00,64337.3,64369.1,64236.9,64257.6,103.001386
2026-08-05 07:00:00+00:00,64257.7,64271.6,64001.5,64164.1,244.112363
2026-08-05 08:00:00+00:00,64164.2,64276.2,64102.6,64121.3,253.489843
2026-08-05 09:00:00+00:00,64121.3,64210.6,64102.9,64157.7,79.912534
2026-08-05 10:00:00+00:00,64157.8,64237.8,64016.4,64062.1,189.32184
2026-08-05 11:00:00+00:00,64062.0,64148.0,64047.9,64074.3,90.943861
2026-08-05 12:00:00+00:00,64074.4,64588.0,64041.4,64333.9,317.258306
2026-08-05 13:00:00+00:00,64334.0,64408.2,63880.0,64407.6,550.517779
2026-08-05 14:00:00+00:00,64407.6,64576.5,64302.2,64476.6,572.390609
2026-08-05 15:00:00+00:00,64476.6,64745.2,64387.6,64392.1,485.884736
2026-08-05 16:00:00+00:00,64392.2,64765.5,64392.2,64665.0,303.459851
2026-08-05 17:00:00+00:00,64666.7,64812.2,64547.6,64775.0,208.115156
2026-08-05 18:00:00+00:00,64775.0,64850.0,64677.8,64800.3,228.626485
2026-08-05 19:00:00+00:00,64800.4,64935.3,64785.2,64840.7,210.276792
2026-08-05 20:00:00+00:00,64840.7,65019.8,64808.4,64831.0,341.161086
2026-08-05 21:00:00+00:00,64831.1,64831.1,64666.6,64732.3,135.706277
2026-08-05 22:00:00+00:00,64732.3,64782.3,64633.4,64635.1,74.937057
2026-08-05 23:00:00+00:00,64634.0,64746.9,64578.6,64656.7,135.073434
2026-08-06 00:00:00+00:00,64656.8,64719.4,64570.1,64652.8,120.216257
2026-08-06 01:00:00+00:00,64652.4,64657.5,64496.0,64590.4,132.30251
2026-08-06 02:00:00+00:00,64590.5,64655.9,64447.0,64582.0,155.069542
2026-08-06 03:00:00+00:00,64582.0,64582.5,64497.4,64533.5,75.080564
2026-08-06 04:00:00+00:00,64533.6,64736.8,64502.5,64732.3,96.378337
2026-08-06 05:00:00+00:00,64732.3,64996.1,64732.2,64902.6,235.299272
2026-08-06 06:00:00+00:00,64904.2,64904.2,64750.4,64859.3,104.507525
2026-08-06 07:00:00+00:00,64859.4,64963.2,64777.8,64815.4,169.199831
2026-08-06 08:00:00+00:00,64815.4,64996.1,64761.1,64944.8,177.30402016
2026-08-06 09:00:00+00:00,64944.8,64949.2,64637.2,64684.6,187.464227
2026-08-06 10:00:00+00:00,64684.7,64690.0,64591.2,64622.2,93.160745
2026-08-06 11:00:00+00:00,64622.2,64659.2,64510.2,64623.3,147.311616
2026-08-06 12:00:00+00:00,64623.3,64637.2,64386.6,64429.9,113.706455
2026-08-06 13:00:00+00:00,64429.9,64524.4,64171.5,64431.6,477.41074
2026-08-06 14:00:00+00:00,64430.2,64844.9,64363.2,64774.9,457.968593
2026-08-06 15:00:00+00:00,64774.9,64981.1,64624.3,64629.4,401.069658
2026-08-06 16:00:00+00:00,64630.8,64776.8,64596.1,64752.1,222.922371
2026-08-06 17:00:00+00:00,64753.9,64835.2,64550.4,64620.8,126.891848
2026-08-06 18:00:00+00:00,64620.9,64625.3,64378.2,64421.1,121.968724
2026-08-06 19:00:00+00:00,64421.2,64476.6,64363.7,64452.9,105.502692
2026-08-06 20:00:00+00:00,64447.3,64533.1,64439.2,64442.5,65.602676
2026-08-06 21:00:00+00:00,64442.6,64515.8,64401.2,64440.7,79.742676
2026-08-06 22:00:00+00:00,64441.7,64448.8,64329.7,64352.3,53.062827
2026-08-06 23:00:00+00:00,64343.8,64363.6,64200.0,64327.6,61.036379
2026-08-07 00:00:00+00:00,64329.5,64410.5,64235.4,64317.4,132.410345
2026-08-07 01:00:00+00:00,64329.4,64478.8,64304.7,64425.7,219.4567
2026-08-07 02:00:00+00:00,64425.8,64544.2,64259.4,64406.2,165.207524
2026-08-07 03:00:00+00:00,64406.2,64406.3,64266.6,64292.7,97.598087
2026-08-07 04:00:00+00:00,64292.7,64364.4,64160.2,64248.6,103.37646
2026-08-07 05:00:00+00:00,64250.3,64392.1,64169.5,64342.8,98.994349
2026-08-07 06:00:00+00:00,64342.8,64463.8,64285.5,64304.6,142.872548
2026-08-07 07:00:00+00:00,64304.7,64436.4,64265.4,64315.0,121.254514
2026-08-07 08:00:00+00:00,64316.5,64668.4,64304.4,64599.4,165.87307
2026-08-07 09:00:00+00:00,64599.5,64959.2,64599.5,64834.5,301.834805
2026-08-07 10:00:00+00:00,64836.2,64916.5,64800.1,64891.0,76.885118
2026-08-07 11:00:00+00:00,64891.2,65208.7,64891.2,65021.5,325.496448
2026-08-07 12:00:00+00:00,65021.5,65387.5,64982.6,65286.7,606.166844
2026-08-07 13:00:00+00:00,65286.8,65333.0,64984.8,65008.1,507.923289
2026-08-07 14:00:00+00:00,65008.1,65274.6,64785.6,64956.5,565.088255
2026-08-07 15:00:00+00:00,64966.3,65129.7,64893.0,64909.1,245.997741
2026-08-07 16:00:00+00:00,64910.4,65066.7,64816.6,64816.6,174.000972
2026-08-07 17:00:00+00:00,64816.7,64825.4,64527.0,64757.6,311.021329
2026-08-07 18:00:00+00:00,64757.7,64875.8,64681.3,64737.6,106.614403
2026-08-07 19:00:00+00:00,64737.6,65024.6,64737.6,64961.0,270.451653
2026-08-07 20:00:00+00:00,64960.9,65032.4,64949.6,64975.1,276.69107
2026-08-07 21:00:00+00:00,64975.1,65100.0,64928.8,64934.2,49.299779
2026-08-07 22:00:00+00:00,64934.3,64950.7,64846.5,64882.7,47.834921
2026-08-07 23:00:00+00:00,64882.7,64919.2,64882.3,64919.2,21.401224
2026-08-08 00:00:00+00:00,64919.2,64953.8,64823.1,64916.9,40.236153
2026-08-08 01:00:00+00:00,64917.0,64952.5,64907.2,64912.8,42.501849
2026-08-08 02:00:00+00:00,64912.8,64954.7,64894.3,64919.1,26.687467
2026-08-08 03:00:00+00:00,64919.0,65064.3,64918.8,65033.3,40.904296
2026-08-08 04:00:00+00:00,65033.3,65063.4,64972.4,65006.7,47.104143
2026-08-08 05:00:00+00:00,65006.7,65020.1,64979.1,64991.0,19.969736
2026-08-08 06:00:00+00:00,64994.5,65009.6,64959.9,65007.8,32.332384
2026-08-08 07:00:00+00:00,65007.9,65008.0,64948.7,64963.1,20.584629
2026-08-08 08:00:00+00:00,64963.2,65013.4,64949.7,64991.5,23.209316
2026-08-08 09:00:00+00:00,64991.6,65050.4,64988.1,64988.1,25.762067
2026-08-08 10:00:00+00:00,64988.2,65021.3,64988.1,65003.6,24.70107
2026-08-08 11:00:00+00:00,65003.7,65021.9,64961.0,64963.8,18.441593
2026-08-08 12:00:00+00:00,64963.7,65046.6,64917.6,65001.1,153.235862
2026-08-08 13:00:00+00:00,65001.1,65020.3,65000.3,65015.1,26.322412
2026-08-08 14:00:00+00:00,65015.2,65185.7,65015.1,65127.4,72.27888
2026-08-08 15:00:00+00:00,65127.4,65150.7,65061.8,65078.9,27.579404
2026-08-08 16:00:00+00:00,65078.9,65116.0,65037.2,65084.9,16.071302
2026-08-08 17:00:00+00:00,65084.9,65142.4,65077.5,65116.7,25.881092
2026-08-08 18:00:00+00:00,65116.7,65125.6,65028.1,65044.3,22.472305
2026-08-08 19:00:00+00:00,65044.3,65099.3,65017.2,65076.8,22.489417
2026-08-08 20:00:00+00:00,65076.8,65092.6,65059.0,65082.2,29.701672
2026-08-08 21:00:00+00:00,65082.2,65082.2,64999.2,65017.1,43.25271
2026-08-08 22:00:00+00:00,65017.1,65037.4,64946.5,64946.6,49.330463
2026-08-08 23:00:00+00:00,64946.6,64973.6,64941.7,64958.0,18.929187
2026-08-09 00:00:00+00:00,64958.0,64984.0,64957.9,64977.8,11.811902
2026-08-09 01:00:00+00:00,64977.9,65001.0,64849.2,64866.9,51.843216
2026-08-09 02:00:00+00:00,64866.8,64866.8,64779.4,64822.6,35.533571
2026-08-09 03:00:00+00:00,64822.4,64822.4,64728.4,64786.7,31.443716
2026-08-09 04:00:00+00:00,64786.7,64827.7,64785.0,64788.2,16.725702
2026-08-09 05:00:00+00:00,64788.2,64801.1,64778.6,64801.1,10.207567
2026-08-09 06:00:00+00:00,64801.2,64863.8,64801.1,64853.2,20.211598
2026-08-09 07:00:00+00:00,64853.3,64858.1,64824.7,64827.3,151.509875
2026-08-09 08:00:00+00:00,64827.4,64933.9,64786.3,64816.5,217.365796
2026-08-09 09:00:00+00:00,64816.5,64875.9,64808.0,64875.9,16.576916
2026-08-09 10:00:00+00:00,64881.2,64972.7,64881.1,64958.6,78.511232
2026-08-09 11:00:00+00:00,64958.6,64995.0,64949.6,64949.7,19.48934
2026-08-09 12:00:00+00:00,64949.7,64954.7,64918.4,64954.6,15.615539
2026-08-09 13:00:00+00:00,64954.7,65262.9,64954.7,65222.7,136.373217
2026-08-09 14:00:00+00:00,65222.7,65294.1,65151.6,65263.4,57.319194
2026-08-09 15:00:00+00:00,65269.5,65269.5,65208.0,65234.7,75.681043
2026-08-09 16:00:00+00:00,65234.8,65263.6,65180.2,65235.1,40.684325
2026-08-09 17:00:00+00:00,65235.2,65235.2,65195.6,65195.9,11.974181
2026-08-09 18:00:00+00:00,65195.9,65221.6,65185.9,65195.7,10.773681
2026-08-09 19:00:00+00:00,65195.8,65211.8,65177.4,65180.7,16.659118
2026-08-09 20:00:00+00:00,65180.7,65187.1,65080.0,65141.3,70.19689
2026-08-09 21:00:00+00:00,65141.4,65247.1,65121.6,65192.7,63.173891
2026-08-09 22:00:00+00:00,65192.8,65477.1,64974.1,65078.8,213.179396
2026-08-09 23:00:00+00:00,65078.8,65105.1,64841.5,64898.2,137.078091
2026-08-10 00:00:00+00:00,64889.9,65324.4,64829.1,64970.6,242.690319
2026-08-10 01:00:00+00:00,64977.2,65387.3,64900.0,65194.7,195.131153
2026-08-10 02:00:00+00:00,65194.7,65213.5,64909.8,65100.2,140.589867
2026-08-10 03:00:00+00:00,65100.1,65164.5,64917.1,64985.5,147.515437
2026-08-10 04:00:00+00:00,64985.6,65099.9,64925.0,65002.7,106.607567
2026-08-10 05:00:00+00:00,65002.8,65158.4,64987.3,65137.5,87.581051
2026-08-10 06:00:00+00:00,65137.4,65345.3,65133.7,65302.0,128.723546
2026-08-10 07:00:00+00:00,65302.1,65367.7,65200.0,65207.1,155.646057
2026-08-10 08:00:00+00:00,65207.2,65327.0,65189.5,65247.3,85.438225
2026-08-10 09:00:00+00:00,65242.9,65242.9,64963.8,64971.8,100.716715
2026-08-10 10:00:00+00:00,64971.7,65070.8,64968.1,65017.5,86.314027
2026-08-10 11:00:00+00:00,65017.5,65131.8,64981.7,65123.9,69.727925
2026-08-10 12:00:00+00:00,65123.9,65233.8,64846.7,64866.9,166.847873
2026-08-10 13:00:00+00:00,64866.9,64964.2,64520.2,64563.2,474.352189
2026-08-10 14:00:00+00:00,64563.3,64880.0,64541.4,64626.5,296.025394
2026-08-10 15:00:00+00:00,64626.6,64708.6,64203.1,64296.9,517.484443
2026-08-10 16:00:00+00:00,64296.8,64353.9,63831.7,63904.1,445.522613
2026-08-10 17:00:00+00:00,63906.1,64023.1,63830.2,63948.3,306.722787
2026-08-10 18:00:00+00:00,63952.0,64019.9,63817.2,63891.9,230.31062
2026-08-10 19:00:00+00:00,63891.9,64100.2,63887.9,64041.9,143.11757
2026-08-10 20:00:00+00:00,64046.9,64205.8,64021.1,64157.3,69.109723
2026-08-10 21:00:00+00:00,64157.4,64157.4,63977.0,63977.0,71.483807
2026-08-10 22:00:00+00:00,63977.1,64056.9,63942.4,64012.7,54.851481
2026-08-10 23:00:00+00:00,64016.1,64017.1,63920.9,63973.7,54.836947
2026-08-11 00:00:00+00:00,63973.8,64053.6,63893.6,64036.2,124.67478
2026-08-11 01:00:00+00:00,64036.3,64080.2,63957.3,64067.3,106.21783
2026-08-11 02:00:00+00:00,64067.4,64085.7,64032.2,64042.8,32.205709
2026-08-11 03:00:00+00:00,64042.8,64174.7,64042.8,64143.6,41.032546
2026-08-11 04:00:00+00:00,64143.6,64155.0,64028.0,64028.1,53.540649
2026-08-11 05:00:00+00:00,64028.0,64053.5,63966.0,64000.1,41.11899
2026-08-11 06:00:00+00:00,64000.2,64048.3,63853.4,63964.5,85.512185
2026-08-11 07:00:00+00:00,63964.6,64105.7,63911.9,64057.6,146.957858
2026-08-11 08:00:00+00:00,64057.7,64153.4,64041.7,64137.9,74.966208
2026-08-11 09:00:00+00:00,64137.9,64302.1,64129.5,64302.1,68.822541
2026-08-11 10:00:00+00:00,64302.1,64309.5,64201.4,64229.4,199.266081
2026-08-11 11:00:00+00:00,64229.5,64402.5,64229.5,64387.8,238.716257
2026-08-11 12:00:00+00:00,64387.8,64495.9,64295.3,64326.4,181.019837
2026-08-11 13:00:00+00:00,64326.3,64366.5,64049.2,64200.1,415.699307
2026-08-11 14:00:00+00:00,64190.7,64260.9,63707.8,63768.7,416.192957
2026-08-11 15:00:00+00:00,63768.7,63864.3,63448.7,63606.9,690.630304
2026-08-11 16:00:00+00:00,63607.0,63665.1,63460.5,63507.7,231.320789
2026-08-11 17:00:00+00:00,63507.7,63629.0,63457.1,63599.9,152.132507
2026-08-11 18:00:00+00:00,63599.9,63620.1,63250.0,63377.5,334.027115
2026-08-11 19:00:00+00:00,63377.6,63537.2,63234.7,63537.1,142.419776
2026-08-11 20:00:00+00:00,63536.5,63745.8,63536.5,63742.1,128.014341
2026-08-11 21:00:00+00:00,63742.2,63765.9,63619.7,63675.3,70.962074
2026-08-11 22:00:00+00:00,63675.4,63767.0,63628.0,63667.3,55.546991
2026-08-11 23:00:00+00:00,63667.3,63667.3,63550.3,63598.2,47.15355
2026-08-12 00:00:00+00:00,63598.1,63745.2,63529.5,63745.1,90.941185
2026-08-12 01:00:00+00:00,63745.2,63856.8,63692.6,63821.8,99.336586
2026-08-12 02:00:00+00:00,63821.8,63901.2,63730.6,63740.3,244.23399
2026-08-12 03:00:00+00:00,63742.0,63841.9,63713.6,63823.0,80.904388
2026-08-12 04:00:00+00:00,63823.0,63889.2,63740.4,63770.4,102.737719
2026-08-12 05:00:00+00:00,63770.5,63866.5,63731.7,63852.9,154.326985
2026-08-12 06:00:00+00:00,63841.6,63841.7,63598.1,63715.3,342.266525
2026-08-12 07:00:00+00:00,63715.3,63837.5,63641.8,63837.4,119.444919
2026-08-12 08:00:00+00:00,63837.5,63866.5,63773.7,63795.2,141.94322
2026-08-12 09:00:00+00:00,63795.2,64106.8,63769.5,64106.8,233.54847
2026-08-12 10:00:00+00:00,64106.8,64213.5,64060.7,64140.1,197.437796
2026-08-12 11:00:00+00:00,64140.2,64246.3,64116.8,64233.3,103.873334
2026-08-12 12:00:00+00:00,64233.4,64473.5,63973.9,64121.1,679.753523
2026-08-12 13:00:00+00:00,64121.1,64161.9,63832.4,63838.2,364.260122
2026-08-12 14:00:00+00:00,63838.1,63927.3,63363.9,63369.3,482.79707
2026-08-12 15:00:00+00:00,63369.3,63569.7,63321.0,63442.2,464.344706
2026-08-12 16:00:00+00:00,63442.3,63580.2,63365.1,63491.0,199.719313
2026-08-12 17:00:00+00:00,63491.0,63554.9,63410.4,63468.6,95.538684
2026-08-12 18:00:00+00:00,63468.6,63521.8,63374.9,63386.5,122.266628
2026-08-12 19:00:00+00:00,63386.5,63457.5,63312.6,63418.7,143.487373
2026-08-12 20:00:00+00:00,63418.7,63596.9,63418.7,63596.9,88.565773
2026-08-12 21:00:00+00:00,63597.1,63649.5,63424.1,63463.7,96.594408
2026-08-12 22:00:00+00:00,63463.7,63533.0,63372.8,63433.3,68.320108
2026-08-12 23:00:00+00:00,63433.3,63485.5,63377.7,63480.6,138.056347
2026-08-13 00:00:00+00:00,63480.7,63715.4,63464.8,63568.1,130.925429
2026-08-13 01:00:00+00:00,63567.1,63634.5,63383.3,63461.1,143.366447
2026-08-13 02:00:00+00:00,63461.0,63581.0,63380.3,63550.7,108.185616
2026-08-13 03:00:00+00:00,63550.1,63687.5,63514.1,63648.9,152.571407
2026-08-13 04:00:00+00:00,63649.0,63773.5,63596.5,63697.5,92.253873
2026-08-13 05:00:00+00:00,63697.4,64005.7,63672.0,63878.1,162.697999
2026-08-13 06:00:00+00:00,63878.0,63934.9,63755.2,63934.9,94.543861
2026-08-13 07:00:00+00:00,63934.9,63947.6,63853.7,63859.9,105.217516
2026-08-13 08:00:00+00:00,63860.0,63912.1,63743.3,63765.1,65.142541
2026-08-13 09:00:00+00:00,63768.5,63786.9,63587.1,63780.8,126.201354
2026-08-13 10:00:00+00:00,63780.9,63819.5,63582.1,63653.9,148.717669
2026-08-13 11:00:00+00:00,63653.9,63666.5,63355.8,63485.3,155.087167
2026-08-13 12:00:00+00:00,63485.3,63713.3,63445.6,63693.6,179.424565
2026-08-13 13:00:00+00:00,63693.6,63850.0,63565.9,63721.3,353.994733
2026-08-13 14:00:00+00:00,63721.3,63999.0,63688.5,63861.5,301.973245
2026-08-13 15:00:00+00:00,63864.8,63939.7,63420.1,63420.1,286.516094
2026-08-13 16:00:00+00:00,63420.1,63569.2,62851.0,63158.9,851.728484
2026-08-13 17:00:00+00:00,63159.2,63299.9,63078.5,63147.1,341.004266
2026-08-13 18:00:00+00:00,63147.1,63369.3,63113.3,63308.6,140.711715
2026-08-13 19:00:00+00:00,63308.7,63514.1,63308.7,63404.0,158.766337
2026-08-13 20:00:00+00:00,63406.3,63471.8,63366.3,63411.2,69.759389
2026-08-13 21:00:00+00:00,63411.3,63505.3,63394.5,63478.4,67.947272
2026-08-13 22:00:00+00:00,63478.4,63638.7,63478.3,63527.4,83.469911
2026-08-13 23:00:00+00:00,63527.4,63534.2,63402.8,63483.1,86.969336
2026-08-14 00:00:00+00:00,63486.5,63556.4,63413.6,63539.1,138.273005
2026-08-14 01:00:00+00:00,63540.0,63591.8,63461.7,63574.9,133.916448
2026-08-14 02:00:00+00:00,63576.4,63617.4,63467.7,63467.7,130.43876
2026-08-14 03:00:00+00:00,63466.6,63575.4,63307.4,63315.8,161.233783
2026-08-14 04:00:00+00:00,63315.8,63473.2,63279.1,63374.4,91.762131
2026-08-14 05:00:00+00:00,63374.4,63398.1,63291.3,63383.6,65.885388
2026-08-14 06:00:00+00:00,63383.7,63383.7,62941.9,62975.0,172.61117
2026-08-14 07:00:00+00:00,62975.0,63110.6,62919.4,62920.0,257.903264
2026-08-14 08:00:00+00:00,62920.0,62997.3,62700.0,62939.4,397.993784
2026-08-14 09:00:00+00:00,62939.9,62939.9,62747.2,62795.7,191.433209
2026-08-14 10:00:00+00:00,62795.7,62938.8,62747.8,62819.3,168.404556
2026-08-14 11:00:00+00:00,62819.4,62933.6,62812.0,62867.0,106.782887
2026-08-14 12:00:00+00:00,62867.1,62912.0,62730.4,62740.5,168.01328
2026-08-14 13:00:00+00:00,62740.5,62822.4,62606.1,62665.0,602.032809
2026-08-14 14:00:00+00:00,62667.2,62798.0,62538.1,62619.2,416.627314
2026-08-14 15:00:00+00:00,62619.3,63086.6,62614.1,62988.5,393.972393
2026-08-14 16:00:00+00:00,62988.5,63214.0,62963.2,63132.6,207.132611
2026-08-14 17:00:00+00:00,63132.6,63237.9,62996.3,63011.0,132.009367
2026-08-14 18:00:00+00:00,63011.0,63079.7,62896.5,62929.2,128.590393
2026-08-14 19:00:00+00:00,62929.3,62994.7,62830.0,62967.6,141.589848
2026-08-14 20:00:00+00:00,62967.5,63020.8,62892.2,62906.0,95.013047
2026-08-14 21:00:00+00:00,62906.1,62933.3,62872.7,62927.2,63.038128
2026-08-14 22:00:00+00:00,62927.2,62957.3,62801.1,62882.1,71.953809
2026-08-14 23:00:00+00:00,62882.1,63061.3,62865.3,63039.8,80.484068
2026-08-15 00:00:00+00:00,63039.9,63053.0,62997.4,63013.5,43.22419
2026-08-15 01:00:00+00:00,63013.6,63045.9,62998.4,63040.9,55.993224
2026-08-15 02:00:00+00:00,63041.0,63137.7,63040.9,63137.7,53.006421
2026-08-15 03:00:00+00:00,63137.7,63187.6,63046.4,63052.6,35.86669
2026-08-15 04:00:00+00:00,63054.8,63149.5,63054.7,63122.1,24.937015
2026-08-15 05:00:00+00:00,63122.2,63154.5,63038.4,63077.4,25.749178
2026-08-15 06:00:00+00:00,63077.4,63131.5,63035.3,63111.6,48.869821
2026-08-15 07:00:00+00:00,63111.6,63127.8,63036.0,63070.4,57.613123
2026-08-15 08:00:00+00:00,63070.5,63080.7,62931.4,62935.0,33.614932
2026-08-15 09:00:00+00:00,62935.0,63045.5,62917.7,63033.1,54.803929
2026-08-15 10:00:00+00:00,63033.1,63052.8,63003.4,63042.7,20.295124
2026-08-15 11:00:00+00:00,63042.4,63053.0,62997.0,63019.1,36.711776
2026-08-15 12:00:00+00:00,63019.2,63055.8,62949.2,63055.7,31.094108
2026-08-15 13:00:00+00:00,63055.8,63082.0,63022.2,63057.8,41.242488
2026-08-15 14:00:00+00:00,63057.8,63057.8,63000.1,63039.8,21.209455
2026-08-15 15:00:00+00:00,63039.9,63121.6,63034.6,63096.3,28.737306
2026-08-15 16:00:00+00:00,63096.3,63125.8,63066.4,63097.7,26.863874
2026-08-15 17:00:00+00:00,63097.8,63105.6,63064.0,63071.1,10.367258
2026-08-15 18:00:00+00:00,63071.1,63106.2,63043.7,63057.9,19.366884
2026-08-15 19:00:00+00:00,63057.9,63123.9,63052.4,63123.9,28.687457
2026-08-15 20:00:00+00:00,63123.9,63123.9,63073.1,63103.1,9.538871
2026-08-15 21:00:00+00:00,63103.1,63167.3,63103.0,63153.3,23.315018
2026-08-15 22:00:00+00:00,63153.4,63171.7,63129.9,63132.6,22.352723
2026-08-15 23:00:00+00:00,63132.6,63139.6,63083.4,63083.5,11.670283
2026-08-16 00:00:00+00:00,63083.5,63083.9,63064.7,63083.4,12.886658
2026-08-16 01:00:00+00:00,63083.5,63083.5,63006.2,63080.2,19.041405
2026-08-16 02:00:00+00:00,63080.2,63156.6,63021.9,63121.3,39.432283
2026-08-16 03:00:00+00:00,63121.3,63128.4,63111.3,63126.8,8.306811
2026-08-16 04:00:00+00:00,63126.8,63149.0,63090.5,63090.5,9.178855
2026-08-16 05:00:00+00:00,63090.4,63095.0,63039.8,63065.4,18.496553
2026-08-16 06:00:00+00:00,63065.4,63080.0,63040.3,63064.5,43.724218
2026-08-16 07:00:00+00:00,63064.6,63065.9,63053.6,63059.4,7.873072
2026-08-16 08:00:00+00:00,63059.5,63071.4,63059.4,63064.0,8.954464
2026-08-16 09:00:00+00:00,63064.0,63064.3,62966.6,62988.8,37.158454
2026-08-16 10:00:00+00:00,62988.9,63012.6,62965.8,63005.8,21.508165
2026-08-16 11:00:00+00:00,63005.8,63009.0,62977.7,63009.0,15.515418
2026-08-16 12:00:00+00:00,63014.1,63024.9,62992.5,63013.8,13.311674
2026-08-16 13:00:00+00:00,63013.9,63068.6,63013.8,63065.4,9.702294
2026-08-16 14:00:00+00:00,63065.4,63100.5,63057.7,63099.4,21.17469
2026-08-16 15:00:00+00:00,63099.5,63143.4,63099.5,63141.4,38.035882
2026-08-16 16:00:00+00:00,63141.4,63386.2,63135.8,63258.1,116.299471
2026-08-16 17:00:00+00:00,63258.2,63276.9,63125.1,63157.5,75.093819
2026-08-16 18:00:00+00:00,63157.6,63175.5,63122.4,63141.2,23.309356
2026-08-16 19:00:00+00:00,63141.3,63227.4,63100.7,63108.9,39.064164
2026-08-16 20:00:00+00:00,63109.0,63139.6,63026.6,63062.5,34.47972
2026-08-16 21:00:00+00:00,63062.6,63087.3,62739.8,62933.2,102.166541
2026-08-16 22:00:00+00:00,62933.2,62953.7,62714.3,62913.0,136.284842
2026-08-16 23:00:00+00:00,62912.9,62989.0,62832.1,62898.4,105.676974
2026-08-17 00:00:00+00:00,62898.4,62957.1,62753.0,62915.6,170.646281
2026-08-17 01:00:00+00:00,62914.6,63241.2,62897.8,63110.0,312.977828
2026-08-17 02:00:00+00:00,63110.1,63496.6,63034.6,63403.6,209.798859
2026-08-17 03:00:00+00:00,63406.4,63516.7,63343.9,63429.9,156.291528
2026-08-17 04:00:00+00:00,63429.9,63582.3,63429.9,63536.3,165.858896
2026-08-17 05:00:00+00:00,63536.4,63591.6,63444.4,63520.0,174.201753
2026-08-17 06:00:00+00:00,63520.1,63714.1,63479.9,63664.8,137.942132
2026-08-17 07:00:00+00:00,63664.8,63670.7,63515.9,63518.0,138.743165
2026-08-17 08:00:00+00:00,63518.8,63541.2,63351.4,63385.5,176.475256
2026-08-17 09:00:00+00:00,63385.6,63427.8,63291.3,63320.5,66.522505
2026-08-17 10:00:00+00:00,63320.6,63690.2,63300.5,63690.1,189.83634
2026-08-17 11:00:00+00:00,63690.1,63776.5,63589.0,63623.4,141.649726
2026-08-17 12:00:00+00:00,63623.4,63678.2,63533.4,63550.5,225.561869
2026-08-17 13:00:00+00:00,63550.6,63799.8,63442.3,63667.8,289.153202
2026-08-17 14:00:00+00:00,63673.3,63897.8,63590.8,63897.7,260.62568
2026-08-17 15:00:00+00:00,63897.8,64233.1,63810.8,64201.5,563.516908
2026-08-17 16:00:00+00:00,64201.6,64216.1,64061.2,64114.5,244.535375
2026-08-17 17:00:00+00:00,64114.5,64424.0,63983.0,64327.7,525.688438
2026-08-17 18:00:00+00:00,64326.9,64630.6,64284.3,64428.9,391.314546
2026-08-17 19:00:00+00:00,64430.7,64430.7,64288.9,64308.4,194.908955
2026-08-17 20:00:00+00:00,64308.4,64436.2,64264.6,64396.2,118.744565
2026-08-17 21:00:00+00:00,64396.0,64436.6,64294.8,64383.3,92.406135
2026-08-17 22:00:00+00:00,64383.4,64415.7,64276.9,64290.5,91.528416
2026-08-17 23:00:00+00:00,64290.7,64579.8,64287.2,64536.4,121.554152
2026-08-18 00:00:00+00:00,64536.6,64568.1,64362.9,64379.9,127.178297
2026-08-18 01:00:00+00:00,64380.0,64388.1,64154.2,64203.7,118.986761
2026-08-18 02:00:00+00:00,64203.7,64270.8,64045.4,64105.6,160.485634
2026-08-18 03:00:00+00:00,64097.0,64186.0,64043.5,64180.4,151.022386
2026-08-18 04:00:00+00:00,64180.3,64253.7,64090.6,64209.9,173.348573
2026-08-18 05:00:00+00:00,64214.3,64273.3,64139.7,64232.1,208.847267
2026-08-18 06:00:00+00:00,64232.2,64449.9,64160.0,64321.9,208.076103
2026-08-18 07:00:00+00:00,64321.8,64353.6,64167.0,64194.0,131.762508
2026-08-18 08:00:00+00:00,64194.0,64339.5,64092.8,64287.0,159.426947
2026-08-18 09:00:00+00:00,64287.0,64287.0,64137.6,64174.4,75.098694
2026-08-18 10:00:00+00:00,64171.3,64222.3,64128.4,64200.8,94.368852
2026-08-18 11:00:00+00:00,64200.8,64400.0,64191.8,64351.9,135.215009
2026-08-18 12:00:00+00:00,64351.9,64352.0,64214.6,64227.8,66.023637
2026-08-18 13:00:00+00:00,64227.8,64286.0,64043.9,64220.7,389.943749
2026-08-18 14:00:00+00:00,64221.4,65057.3,64221.3,64719.5,945.521401
2026-08-18 15:00:00+00:00,64730.9,64887.3,64653.5,64855.1,437.798215
2026-08-18 16:00:00+00:00,64855.6,64892.4,64675.0,64833.4,216.625887
2026-08-18 17:00:00+00:00,64833.5,64838.7,64675.0,64675.0,148.781623
2026-08-18 18:00:00+00:00,64675.0,64824.0,64659.3,64776.1,69.563168
2026-08-18 19:00:00+00:00,64776.2,64796.5,64642.9,64647.8,66.456788
2026-08-18 20:00:00+00:00,64647.8,64657.1,64567.1,64580.1,57.10935
2026-08-18 21:00:00+00:00,64580.1,64659.8,64571.4,64607.7,58.738441
2026-08-18 22:00:00+00:00,64603.0,64652.6,64564.7,64633.1,59.536634
2026-08-18 23:00:00+00:00,64633.2,64782.6,64633.1,64727.4,68.554554
2026-08-19 00:00:00+00:00,64727.4,64739.1,64484.7,64491.1,119.840408
2026-08-19 01:00:00+00:00,64491.0,64550.8,64393.4,64404.0,168.073123
2026-08-19 02:00:00+00:00,64402.1,64416.1,64346.3,64355.7,132.464528
2026-08-19 03:00:00+00:00,64355.6,64412.9,64282.9,64325.3,87.471644
2026-08-19 04:00:00+00:00,64325.3,64387.8,64299.1,64316.5,73.79712
2026-08-19 05:00:00+00:00,64316.6,64407.0,64235.6,64235.8,72.284579
2026-08-19 06:00:00+00:00,64235.8,64346.9,64166.4,64336.5,134.514625
2026-08-19 07:00:00+00:00,64336.6,64396.9,64278.6,64298.4,156.38968
2026-08-19 08:00:00+00:00,64298.1,64510.3,64248.4,64415.1,137.181718
2026-08-19 09:00:00+00:00,64415.1,64471.0,64357.4,64423.6,94.977384
2026-08-19 10:00:00+00:00,64423.6,64458.2,64369.3,64458.1,72.822954
2026-08-19 11:00:00+00:00,64458.0,64534.7,64453.1,64510.8,130.844001
2026-08-19 12:00:00+00:00,64510.8,64982.6,64471.1,64882.4,486.300726
2026-08-19 13:00:00+00:00,64882.3,65217.0,64789.9,65008.7,859.232773
2026-08-19 14:00:00+00:00,65008.6,65980.6,65008.6,65921.6,1134.014508
2026-08-19 15:00:00+00:00,65921.6,69622.8,65883.9,68550.5,4649.090264
2026-08-19 16:00:00+00:00,68550.5,68987.0,68419.3,68461.0,1152.884885
2026-08-19 17:00:00+00:00,68460.2,68533.3,67828.5,68194.0,901.401624
2026-08-19 18:00:00+00:00,68194.1,68462.7,68036.1,68404.5,342.830645
2026-08-19 19:00:00+00:00,68398.6,68490.4,68107.8,68424.7,495.306561
2026-08-19 20:00:00+00:00,68430.7,69587.4,68386.0,69046.0,828.129512
2026-08-19 21:00:00+00:00,69045.6,70055.2,68981.6,69716.9,1801.417651
2026-08-19 22:00:00+00:00,69720.3,69839.4,68984.3,69259.7,785.668637
2026-08-19 23:00:00+00:00,69261.5,69458.8,69162.8,69342.9,529.639484
2026-08-20 00:00:00+00:00,69342.9,69788.1,69320.1,69418.1,538.465179
2026-08-20 01:00:00+00:00,69418.1,69887.4,69276.9,69720.2,519.978883
2026-08-20 02:00:00+00:00,69722.1,69823.1,69274.8,69300.3,389.224467
2026-08-20 03:00:00+00:00,69300.2,69345.0,68907.3,69191.1,571.932768
2026-08-20 04:00:00+00:00,69191.2,69610.8,69167.4,69488.0,291.568482
2026-08-20 05:00:00+00:00,69488.0,69666.6,69369.4,69418.1,349.763514
2026-08-20 06:00:00+00:00,69418.1,69925.0,69349.1,69859.6,506.533366
2026-08-20 07:00:00+00:00,69859.6,70019.9,69513.4,69832.0,776.731088
2026-08-20 08:00:00+00:00,69832.0,71812.9,69792.1,71582.9,1780.985789
2026-08-20 09:00:00+00:00,71586.9,72066.7,71487.9,71788.8,1915.95715
2026-08-20 10:00:00+00:00,71786.9,72486.8,71706.4,71999.8,932.88995
2026-08-20 11:00:00+00:00,71999.7,72319.8,71813.9,71921.7,752.667979
2026-08-20 12:00:00+00:00,71921.6,72003.3,71494.8,71951.4,852.56362
2026-08-20 13:00:00+00:00,71951.5,72108.9,71122.8,71693.4,1492.208759
2026-08-20 14:00:00+00:00,71693.4,71989.6,71361.9,71819.5,772.467787
2026-08-20 15:00:00+00:00,71819.6,72835.3,71785.4,72473.7,1665.359772
2026-08-20 16:00:00+00:00,72473.7,72904.8,72212.1,72834.7,649.091855
2026-08-20 17:00:00+00:00,72849.0,72961.2,72536.7,72736.5,656.813546
2026-08-20 18:00:00+00:00,72736.5,72814.9,72396.5,72424.8,515.227521
2026-08-20 19:00:00+00:00,72424.9,72776.0,72331.1,72681.3,400.403117
2026-08-20 20:00:00+00:00,72683.4,73122.6,72593.9,72679.8,460.825743
2026-08-20 21:00:00+00:00,72679.9,72845.9,72555.8,72737.5,249.846089
2026-08-20 22:00:00+00:00,72748.6,72880.7,72487.7,72679.9,250.071879
2026-08-20 23:00:00+00:00,72680.0,73397.7,72662.3,73022.0,676.559666
2026-08-21 00:00:00+00:00,73028.2,73987.0,73020.4,73703.3,879.256843
2026-08-21 01:00:00+00:00,73699.5,75783.9,73661.5,75128.0,1878.588081
2026-08-21 02:00:00+00:00,75128.0,75193.9,74382.5,74435.0,1086.773976
2026-08-21 03:00:00+00:00,74443.6,74877.5,74244.3,74510.5,601.002436
2026-08-21 04:00:00+00:00,74510.5,75044.5,74510.5,75029.2,396.241189
2026-08-21 05:00:00+00:00,75030.4,75499.8,74912.3,75468.0,700.787475
2026-08-21 06:00:00+00:00,75468.1,75741.0,75102.0,75646.5,785.495761
2026-08-21 07:00:00+00:00,75642.8,76917.0,75612.6,76316.5,2118.43257
2026-08-21 08:00:00+00:00,76316.5,79520.0,76257.3,79274.5,1938.305143
2026-08-21 09:00:00+00:00,79252.6,79379.8,77262.1,77914.4,2269.726491
2026-08-21 10:00:00+00:00,77914.5,78251.5,77621.6,77808.8,888.101463
2026-08-21 11:00:00+00:00,77808.3,77858.8,76424.0,76745.1,1372.784024
2026-08-21 12:00:00+00:00,76745.1,77480.0,76540.6,77219.1,1223.952805
2026-08-21 13:00:00+00:00,77219.4,77715.3,76253.1,77262.5,1414.533398
2026-08-21 14:00:00+00:00,77268.7,77441.7,76554.0,77385.4,1156.479131
2026-08-21 15:00:00+00:00,77382.6,77866.0,77170.2,77224.3,1031.464812
2026-08-21 16:00:00+00:00,77205.3,77558.2,76765.2,77471.4,775.23233
2026-08-21 17:00:00+00:00,77471.5,77708.6,77185.9,77384.5,788.993273
2026-08-21 18:00:00+00:00,77384.6,77544.4,76614.2,77137.8,650.574557
2026-08-21 19:00:00+00:00,77137.9,77356.3,76854.2,77029.5,635.001275
2026-08-21 20:00:00+00:00,77029.8,77547.4,76856.4,77522.9,721.77323
2026-08-21 21:00:00+00:00,77522.6,78684.1,77391.7,78510.5,1146.245263
2026-08-21 22:00:00+00:00,78510.5,78759.9,78085.3,78461.9,906.885824
2026-08-21 23:00:00+00:00,78467.2,78725.5,78124.5,78336.1,786.065413
2026-08-22 00:00:00+00:00,78336.0,78500.6,77690.5,77945.5,645.990718
2026-08-22 01:00:00+00:00,77945.6,78230.9,77816.8,77819.4,541.228314
2026-08-22 02:00:00+00:00,77819.5,78557.6,77789.2,78477.3,520.370747
2026-08-22 03:00:00+00:00,78477.2,78835.1,78375.9,78408.5,523.314963
2026-08-22 04:00:00+00:00,78408.6,78821.0,78205.9,78441.7,554.190705
2026-08-22 05:00:00+00:00,78439.6,78592.6,76500.0,77391.0,1981.160406
2026-08-22 06:00:00+00:00,77390.9,77573.4,77001.0,77490.0,496.75757498
2026-08-22 07:00:00+00:00,77490.0,77675.6,77222.5,77296.6,604.707074
2026-08-22 08:00:00+00:00,77298.5,77441.4,77035.0,77202.1,483.211425
2026-08-22 09:00:00+00:00,77202.1,77385.9,76845.9,77060.7,466.752998
2026-08-22 10:00:00+00:00,77060.7,77185.9,76533.4,76974.3,647.696563
2026-08-22 11:00:00+00:00,76974.4,77207.7,76815.6,77130.1,373.885388
2026-08-22 12:00:00+00:00,77130.1,77386.4,77078.7,77300.0,282.819614
2026-08-22 13:00:00+00:00,77300.1,77363.9,77103.6,77284.8,259.549748
2026-08-22 14:00:00+00:00,77284.8,77316.9,76928.6,77010.2,275.310842
2026-08-22 15:00:00+00:00,77010.2,77103.9,76880.1,76984.9,259.435164
2026-08-22 16:00:00+00:00,76985.0,77555.5,76958.6,77287.5,329.711669
2026-08-22 17:00:00+00:00,77287.5,77371.8,77077.8,77275.1,223.708022
2026-08-22 18:00:00+00:00,77275.2,77352.4,77134.2,77257.5,114.870429
2026-08-22 19:00:00+00:00,77257.6,77469.8,77202.9,77418.0,127.003619
2026-08-22 20:00:00+00:00,77418.0,77460.1,77259.0,77311.8,98.952746
2026-08-22 21:00:00+00:00,77302.9,77312.6,76823.0,76854.3,191.836876
2026-08-22 22:00:00+00:00,76854.2,77156.3,76770.2,76999.0,281.817131
2026-08-22 23:00:00+00:00,76999.0,77131.9,76900.3,77078.0,155.448839
2026-08-23 00:00:00+00:00,77078.1,77359.5,77042.7,77307.5,164.978898
2026-08-23 01:00:00+00:00,77307.4,77402.7,77158.1,77198.1,187.81568
2026-08-23 02:00:00+00:00,77198.2,77222.5,77005.6,77077.0,153.241504
2026-08-23 03:00:00+00:00,77077.0,77137.1,76833.3,76927.8,204.466857
2026-08-23 04:00:00+00:00,76927.9,77029.0,76457.7,76599.7,459.845794
2026-08-23 05:00:00+00:00,76599.6,76733.1,75560.0,76054.9,1234.949349
2026-08-23 06:00:00+00:00,76055.0,76359.1,75880.0,76100.7,389.215656
2026-08-23 07:00:00+00:00,76102.0,76351.2,75903.9,76001.8,253.703425
2026-08-23 08:00:00+00:00,76004.3,76652.0,75945.2,76483.1,430.169354
2026-08-23 09:00:00+00:00,76483.1,76633.5,76461.3,76538.2,207.325651
2026-08-23 10:00:00+00:00,76538.2,76916.8,76528.9,76779.5,274.657935
2026-08-23 11:00:00+00:00,76779.6,77385.6,76730.3,77301.8,552.760798
2026-08-23 12:00:00+00:00,77301.8,77302.0,77000.1,77202.4,365.694926
2026-08-23 13:00:00+00:00,77202.5,77754.3,77189.9,77477.9,539.33882
2026-08-23 14:00:00+00:00,77478.0,77642.1,76789.9,77191.0,516.817089
2026-08-23 15:00:00+00:00,77191.1,77331.7,76921.4,77147.9,273.846737
2026-08-23 16:00:00+00:00,77147.9,77471.7,77147.9,77416.7,145.376564
2026-08-23 17:00:00+00:00,77416.7,77446.1,77152.2,77177.7,189.581836
2026-08-23 18:00:00+00:00,77177.7,77399.3,77106.6,77336.8,179.031691
2026-08-23 19:00:00+00:00,77336.8,77477.1,77248.6,77336.0,129.779526
2026-08-23 20:00:00+00:00,77336.0,77450.0,77192.5,77395.2,89.658064
2026-08-23 21:00:00+00:00,77395.2,78050.8,77395.2,77838.8,563.057993
2026-08-23 22:00:00+00:00,77838.8,77982.9,77566.2,77599.2,335.327831
2026-08-23 23:00:00+00:00,77599.3,77824.4,77289.3,77726.9,390.192436
2026-08-24 00:00:00+00:00,77727.0,77739.6,77150.4,77680.6,478.753253
2026-08-24 01:00:00+00:00,77680.6,77714.8,76905.6,76909.0,534.083649
2026-08-24 02:00:00+00:00,76908.9,77545.3,76868.1,77474.2,486.645704
2026-08-24 03:00:00+00:00,77481.5,77521.8,76928.8,76936.6,454.162251
2026-08-24 04:00:00+00:00,76936.6,77249.7,76666.7,76896.8,379.85002
2026-08-24 05:00:00+00:00,76896.9,77229.9,76846.6,77151.2,499.653045
2026-08-24 06:00:00+00:00,77151.2,77523.6,77067.5,77469.2,362.177791
2026-08-24 07:00:00+00:00,77469.2,77785.4,77286.8,77315.6,338.823815
2026-08-24 08:00:00+00:00,77315.7,77415.6,76834.1,77045.4,395.914195
2026-08-24 09:00:00+00:00,77038.3,77593.2,77035.0,77545.5,280.60378
2026-08-24 10:00:00+00:00,77545.4,78013.3,77532.9,77615.9,503.871374
2026-08-24 11:00:00+00:00,77616.0,78600.0,77445.1,78438.4,791.699977
2026-08-24 12:00:00+00:00,78438.6,79324.6,77975.7,79157.2,910.357838
2026-08-24 13:00:00+00:00,79157.2,79421.2,77864.7,78593.7,1628.954703
2026-08-24 14:00:00+00:00,78598.0,79837.1,78594.6,79506.7,1458.19678
2026-08-24 15:00:00+00:00,79506.7,80000.0,78821.1,79097.6,1419.221994
2026-08-24 16:00:00+00:00,79097.6,79860.8,78901.5,79051.3,949.606182
2026-08-24 17:00:00+00:00,79051.4,79197.0,78464.2,78764.8,1142.020553
2026-08-24 18:00:00+00:00,78764.8,79081.8,78713.8,78930.6,387.895989
2026-08-24 19:00:00+00:00,78935.8,79117.0,78596.0,78751.9,527.925428
2026-08-24 20:00:00+00:00,78752.0,78998.2,78553.9,78932.3,274.383134
2026-08-24 21:00:00+00:00,78936.5,79045.0,78847.9,78982.4,155.944528
2026-08-24 22:00:00+00:00,78982.5,78994.3,78694.6,78741.4,136.681737
2026-08-24 23:00:00+00:00,78742.3,79005.1,78623.7,78984.9,164.10432
2026-08-25 00:00:00+00:00,78984.9,79885.8,78711.1,79735.6,502.567427
2026-08-25 01:00:00+00:00,79735.6,79980.0,79480.0,79819.7,633.318005
2026-08-25 02:00:00+00:00,79827.8,81269.2,79730.9,80642.9,1196.528015
2026-08-25 03:00:00+00:00,80643.0,80951.6,80315.3,80480.6,722.694084
2026-08-25 04:00:00+00:00,80480.6,80606.6,80151.1,80364.1,599.47718
2026-08-25 05:00:00+00:00,80364.2,80820.2,80316.8,80733.3,440.250277
2026-08-25 06:00:00+00:00,80737.7,80919.9,80400.0,80565.1,308.283211
2026-08-25 07:00:00+00:00,80568.1,80806.2,79347.8,79701.1,728.109342
2026-08-25 08:00:00+00:00,79701.1,80246.3,79612.5,79933.4,597.65549
2026-08-25 09:00:00+00:00,79936.8,79957.6,78876.9,79195.3,627.071415
2026-08-25 10:00:00+00:00,79195.3,79481.6,78989.7,79309.9,491.333874
2026-08-25 11:00:00+00:00,79311.7,79474.1,79047.4,79123.9,337.240015
2026-08-25 12:00:00+00:00,79123.9,79176.8,78646.5,78988.2,548.587679
2026-08-25 13:00:00+00:00,78988.2,79224.2,78113.5,78654.7,768.428976
2026-08-25 14:00:00+00:00,78654.7,79379.5,78529.4,79232.2,610.954354
2026-08-25 15:00:00+00:00,79241.6,79534.3,79020.5,79496.3,397.472036
2026-08-25 16:00:00+00:00,79496.3,79570.1,79075.3,79145.1,228.382729
2026-08-25 17:00:00+00:00,79145.1,79252.3,78751.3,79231.8,257.393986
2026-08-25 18:00:00+00:00,79231.9,79377.6,79052.3,79123.0,172.389643
2026-08-25 19:00:00+00:00,79123.0,79233.7,78731.9,78919.9,149.261178
2026-08-25 20:00:00+00:00,78920.0,78981.8,78169.6,78204.5,337.989728
2026-08-25 21:00:00+00:00,78204.4,78667.7,77865.0,78565.8,476.81791
2026-08-25 22:00:00+00:00,78565.7,79009.3,78565.7,78890.5,196.516009
2026-08-25 23:00:00+00:00,78890.5,78976.9,78394.0,78523.0,197.288274
2026-08-26 00:00:00+00:00,78529.9,78711.2,78309.7,78636.2,256.2179
2026-08-26 01:00:00+00:00,78625.7,78956.4,78602.4,78807.7,206.209804
2026-08-26 02:00:00+00:00,78815.4,79235.9,78741.5,79109.5,158.67207598
2026-08-26 03:00:00+00:00,79109.4,79181.2,78894.4,79079.6,162.740877
2026-08-26 04:00:00+00:00,79079.5,79190.5,78784.5,78817.8,183.389448
2026-08-26 05:00:00+00:00,78817.9,79132.6,78635.7,79090.8,190.117313
2026-08-26 06:00:00+00:00,79090.8,79207.5,78811.0,78945.2,140.002523
2026-08-26 07:00:00+00:00,78945.0,79095.0,78865.2,78929.7,148.883373
2026-08-26 08:00:00+00:00,78929.7,79116.8,78601.7,78706.4,149.29396
2026-08-26 09:00:00+00:00,78711.1,78870.8,78248.1,78449.2,275.402668
2026-08-26 10:00:00+00:00,78443.3,78877.9,78289.8,78724.5,161.172249
2026-08-26 11:00:00+00:00,78724.4,78783.1,78311.2,78488.7,116.848312
2026-08-26 12:00:00+00:00,78488.8,78707.8,77942.8,78314.1,331.359241
2026-08-26 13:00:00+00:00,78314.0,78552.8,77913.2,78450.4,356.942042
2026-08-26 14:00:00+00:00,78450.4,78597.6,77777.0,77800.5,475.768776
2026-08-26 15:00:00+00:00,77800.5,78161.6,77638.6,78009.3,373.187613
2026-08-26 16:00:00+00:00,78009.2,78163.2,77860.7,77995.5,174.972484
2026-08-26 17:00:00+00:00,77995.6,78600.0,77993.4,78439.8,228.579914
2026-08-26 18:00:00+00:00,78439.8,78655.8,78280.3,78474.4,127.98566
2026-08-26 19:00:00+00:00,78474.5,78569.3,78285.4,78469.2,116.384299
2026-08-26 20:00:00+00:00,78469.3,78518.0,78200.1,78449.9,76.994177
2026-08-26 21:00:00+00:00,78450.0,78841.9,78381.6,78721.2,139.969808
2026-08-26 22:00:00+00:00,78722.0,78978.3,78560.1,78713.9,117.903629
2026-08-26 23:00:00+00:00,78707.3,79171.1,78647.0,79027.1,201.009748
2026-08-27 00:00:00+00:00,79027.3,79027.3,78686.4,78686.4,135.40314
2026-08-27 01:00:00+00:00,78685.6,79013.2,78553.8,78907.3,175.070062
2026-08-27 02:00:00+00:00,78907.3,78974.5,78709.5,78731.6,67.816719
2026-08-27 03:00:00+00:00,78731.5,78987.4,78647.6,78834.3,137.783616
2026-08-27 04:00:00+00:00,78834.3,78893.1,78687.6,78774.7,88.593798
2026-08-27 05:00:00+00:00,78774.8,78922.8,78602.9,78909.8,104.525104
2026-08-27 06:00:00+00:00,78903.6,78903.6,78603.0,78825.5,126.447901
2026-08-27 07:00:00+00:00,78808.1,79097.8,78750.7,79083.0,104.585274
2026-08-27 08:00:00+00:00,79083.0,80021.1,79045.6,79763.1,575.556092
2026-08-27 09:00:00+00:00,79759.3,80520.9,79683.9,79988.4,465.284731
2026-08-27 10:00:00+00:00,79988.4,80156.8,79345.7,79620.3,353.174756
2026-08-27 11:00:00+00:00,79627.2,79768.5,79193.6,79480.5,514.659215
2026-08-27 12:00:00+00:00,79480.5,79587.8,79265.5,79279.5,127.186135
2026-08-27 13:00:00+00:00,79279.5,79570.1,78927.8,79536.5,392.067281
2026-08-27 14:00:00+00:00,79535.3,80390.0,79360.9,80207.5,507.154723
2026-08-27 15:00:00+00:00,80207.6,80799.9,80093.3,80302.1,684.19145
2026-08-27 16:00:00+00:00,80302.1,80627.8,80192.6,80366.1,321.304698
2026-08-27 17:00:00+00:00,80366.2,80857.2,80234.2,80440.8,367.030901
2026-08-27 18:00:00+00:00,80440.8,80440.8,79746.7,80159.4,264.563374
2026-08-27 19:00:00+00:00,80160.0,80297.0,79883.3,79919.0,155.947368
2026-08-27 20:00:00+00:00,79919.1,80117.1,79887.5,80093.4,93.114939
2026-08-27 21:00:00+00:00,80093.4,80183.9,79978.5,80183.9,97.594278
2026-08-27 22:00:00+00:00,80188.0,80432.2,80154.5,80300.3,94.127965
2026-08-27 23:00:00+00:00,80300.2,80391.6,80138.6,80253.4,77.727182
2026-08-28 00:00:00+00:00,80256.4,80700.0,80155.7,80572.7,165.759188
2026-08-28 01:00:00+00:00,80575.8,81473.2,80431.7,80501.3,756.631349
2026-08-28 02:00:00+00:00,80497.7,80500.1,79734.1,79930.0,456.825599
2026-08-28 03:00:00+00:00,79930.1,80053.2,79765.2,79806.3,200.384705
2026-08-28 04:00:00+00:00,79806.3,79965.4,79602.8,79641.5,178.013306
2026-08-28 05:00:00+00:00,79641.6,79869.0,79556.6,79691.2,166.758028
2026-08-28 06:00:00+00:00,79691.3,79992.0,79691.3,79898.9,77.303257
2026-08-28 07:00:00+00:00,79904.9,79904.9,79580.2,79667.1,307.026289
2026-08-28 08:00:00+00:00,79667.0,79843.5,79477.8,79506.6,545.513596
2026-08-28 09:00:00+00:00,79506.5,79510.8,79250.0,79278.8,231.483727
2026-08-28 10:00:00+00:00,79280.8,79567.8,79002.0,79562.0,197.761269
2026-08-28 11:00:00+00:00,79561.9,79764.9,79548.5,79602.7,156.048331
2026-08-28 12:00:00+00:00,79602.7,79720.6,79300.7,79415.3,120.80828
2026-08-28 13:00:00+00:00,79411.3,79546.6,79034.5,79334.9,392.642628
2026-08-28 14:00:00+00:00,79334.9,79705.8,78433.6,79546.2,1255.840472
2026-08-28 15:00:00+00:00,79553.8,79824.0,78314.3,78325.5,539.596718
2026-08-28 16:00:00+00:00,78325.5,78400.8,76890.3,77792.1,1497.9703
2026-08-28 17:00:00+00:00,77785.7,78120.8,77659.5,77910.7,389.488745
2026-08-28 18:00:00+00:00,77910.7,77937.1,77267.5,77554.1,305.947067
2026-08-28 19:00:00+00:00,77554.2,77799.4,77377.1,77570.0,258.999296
2026-08-28 20:00:00+00:00,77577.3,77610.9,77314.6,77409.0,158.711034
2026-08-28 21:00:00+00:00,77409.0,77532.1,77259.7,77365.3,108.589533
2026-08-28 22:00:00+00:00,77365.3,77770.7,77343.3,77762.9,113.139374
2026-08-28 23:00:00+00:00,77755.1,77845.5,77642.4,77845.4,89.584481
2026-08-29 00:00:00+00:00,77845.5,77946.6,77722.4,77722.6,77.57616
2026-08-29 01:00:00+00:00,77721.5,77839.2,77632.7,77798.9,82.616702
2026-08-29 02:00:00+00:00,77799.0,77822.7,77576.1,77670.7,65.806609
2026-08-29 03:00:00+00:00,77670.7,77724.9,77500.6,77508.7,83.636803
2026-08-29 04:00:00+00:00,77511.5,77669.9,77511.5,77646.9,39.523324
2026-08-29 05:00:00+00:00,77647.0,77719.2,77605.0,77637.5,45.565623
2026-08-29 06:00:00+00:00,77637.5,77641.9,77379.2,77461.9,159.12666516
2026-08-29 07:00:00+00:00,77461.9,77667.0,77439.5,77626.0,194.104488
2026-08-29 08:00:00+00:00,77626.0,77632.7,77480.2,77632.7,85.722689
2026-08-29 09:00:00+00:00,77635.4,77750.0,77558.2,77653.2,48.045679
2026-08-29 10:00:00+00:00,77653.2,77728.6,77521.1,77641.0,36.474244
2026-08-29 11:00:00+00:00,77641.0,77731.4,77570.4,77588.1,22.778332
2026-08-29 12:00:00+00:00,77588.1,77658.2,77508.6,77586.0,26.543772
2026-08-29 13:00:00+00:00,77586.0,77719.2,77566.6,77707.6,85.269423
2026-08-29 14:00:00+00:00,77707.6,78153.1,77661.9,78009.9,200.682913
2026-08-29 15:00:00+00:00,78010.0,78016.7,77810.3,77861.4,90.796171
2026-08-29 16:00:00+00:00,77861.4,78117.5,77854.0,78029.3,128.619715
2026-08-29 17:00:00+00:00,78029.2,78100.3,77900.4,78098.1,149.631823
2026-08-29 18:00:00+00:00,78098.2,78254.9,78016.8,78166.4,78.918456
2026-08-29 19:00:00+00:00,78166.5,78336.3,78138.4,78183.7,55.696471
2026-08-29 20:00:00+00:00,78183.8,78292.1,78120.1,78129.7,34.264474
2026-08-29 21:00:00+00:00,78129.8,78206.9,78060.6,78164.4,59.665709
2026-08-29 22:00:00+00:00,78164.5,78236.8,78081.0,78226.2,46.08854
2026-08-29 23:00:00+00:00,78226.3,78280.0,78193.5,78230.7,34.058137
2026-08-30 00:00:00+00:00,78230.8,78319.7,78144.6,78184.1,33.572843
2026-08-30 01:00:00+00:00,78181.3,78191.9,77987.5,78074.9,77.022134
2026-08-30 02:00:00+00:00,78074.9,78171.4,78010.5,78099.8,49.241729
2026-08-30 03:00:00+00:00,78099.9,78229.9,78057.1,78137.3,58.44107
2026-08-30 04:00:00+00:00,78137.3,78215.5,78000.0,78108.9,57.702698
2026-08-30 05:00:00+00:00,78108.9,78218.2,78108.8,78132.6,21.827521
2026-08-30 06:00:00+00:00,78132.6,78300.0,78108.5,78282.6,49.102684
2026-08-30 07:00:00+00:00,78282.6,78297.0,78108.5,78110.4,27.741561
2026-08-30 08:00:00+00:00,78110.5,78200.5,78029.2,78074.1,35.582594
2026-08-30 09:00:00+00:00,78074.0,78118.2,77984.5,78001.7,38.746747
2026-08-30 10:00:00+00:00,78001.2,78149.9,77966.7,78146.2,31.936479
2026-08-30 11:00:00+00:00,78146.2,78244.2,78113.4,78171.2,29.678338
2026-08-30 12:00:00+00:00,78171.5,78849.3,78171.5,78781.2,278.982744
2026-08-30 13:00:00+00:00,78781.1,78966.2,78586.2,78855.3,161.394006
2026-08-30 14:00:00+00:00,78845.5,78943.2,78720.6,78780.1,99.473372
2026-08-30 15:00:00+00:00,78780.2,78910.6,78623.6,78824.1,119.406691
2026-08-30 16:00:00+00:00,78824.2,79399.6,78742.8,79335.1,274.638911
2026-08-30 17:00:00+00:00,79335.0,79339.2,78775.9,79019.0,213.013556
2026-08-30 18:00:00+00:00,79018.9,79170.4,78775.2,79033.1,85.329469
2026-08-30 19:00:00+00:00,79033.1,79042.6,78723.7,78856.8,62.216206
2026-08-30 20:00:00+00:00,78856.9,78924.2,78439.0,78594.4,103.707788
2026-08-30 21:00:00+00:00,78594.4,78731.9,78215.6,78655.3,194.549563
2026-08-30 22:00:00+00:00,78655.3,78801.5,78282.4,78423.3,122.156833
2026-08-30 23:00:00+00:00,78423.2,78448.0,76999.9,77683.4,621.149506
2026-08-31 00:00:00+00:00,77683.3,78179.0,77439.8,77933.7,303.988345
2026-08-31 01:00:00+00:00,77933.8,77998.5,77567.7,77639.0,190.565682
2026-08-31 02:00:00+00:00,77643.3,78002.9,77382.1,77466.8,143.700282
2026-08-31 03:00:00+00:00,77472.9,77865.6,77385.7,77753.3,106.703632
2026-08-31 04:00:00+00:00,77753.3,77769.6,77459.0,77617.0,128.605908
2026-08-31 05:00:00+00:00,77617.0,78151.3,77511.2,78012.1,172.728894
2026-08-31 06:00:00+00:00,78005.3,78140.5,77861.1,78081.9,217.027527
2026-08-31 07:00:00+00:00,78082.0,78323.7,78024.4,78190.9,168.495309
2026-08-31 08:00:00+00:00,78191.0,78511.3,77977.4,78474.6,156.535348
2026-08-31 09:00:00+00:00,78474.6,78799.9,78391.4,78508.8,213.378738
2026-08-31 10:00:00+00:00,78508.9,78727.2,78318.7,78707.4,130.067104
2026-08-31 11:00:00+00:00,78707.3,78707.4,78296.4,78309.2,127.310194
2026-08-31 12:00:00+00:00,78309.2,78541.6,77694.3,77921.4,326.322862
2026-08-31 13:00:00+00:00,77921.7,78279.1,77725.2,77851.0,384.785057
2026-08-31 14:00:00+00:00,77863.7,78679.9,77752.0,78607.7,354.945391
2026-08-31 15:00:00+00:00,78609.3,78767.2,78215.0,78577.8,368.694321
2026-08-31 16:00:00+00:00,78577.8,78881.3,78521.9,78638.2,181.208071
2026-08-31 17:00:00+00:00,78636.6,79000.0,78498.2,78895.6,238.226653
2026-08-31 18:00:00+00:00,78890.0,79213.5,78778.3,79016.6,138.895939
2026-08-31 19:00:00+00:00,79016.7,79248.8,78853.9,78896.5,128.744138
2026-08-31 20:00:00+00:00,78899.8,79174.9,78790.6,78861.2,82.819194
2026-08-31 21:00:00+00:00,78861.3,79065.0,78731.9,78962.3,73.277264
2026-08-31 22:00:00+00:00,78962.4,79015.7,78582.5,78588.6,50.594561
2026-08-31 23:00:00+00:00,78588.6,78591.3,78400.0,78585.7,84.971569
2026-09-01 00:00:00+00:00,78583.2,78893.7,78555.4,78651.0,111.669767
2026-09-01 01:00:00+00:00,78651.1,78791.6,78372.1,78406.3,207.802688
2026-09-01 02:00:00+00:00,78406.2,78456.1,78184.6,78450.0,230.48279
2026-09-01 03:00:00+00:00,78450.1,78867.9,78402.2,78676.9,172.163845
2026-09-01 04:00:00+00:00,78677.0,78910.8,78650.0,78720.7,106.288598
2026-09-01 05:00:00+00:00,78729.3,79213.6,78729.3,79179.0,154.188739
2026-09-01 06:00:00+00:00,79171.7,79171.7,78742.7,78742.7,144.607102
2026-09-01 07:00:00+00:00,78742.8,78805.5,78508.8,78634.3,203.953431
2026-09-01 08:00:00+00:00,78634.4,78663.8,77825.9,77880.0,978.939104
2026-09-01 09:00:00+00:00,77880.0,78055.9,77783.4,77913.8,403.438071
2026-09-01 10:00:00+00:00,77913.9,78193.8,77757.1,78025.6,182.11062
2026-09-01 11:00:00+00:00,78025.6,78196.9,77888.2,78091.1,147.023757
2026-09-01 12:00:00+00:00,78091.2,78158.2,77743.0,78002.5,227.942705
2026-09-01 13:00:00+00:00,78002.6,78200.0,77511.2,78075.3,825.452272
2026-09-01 14:00:00+00:00,78075.3,78418.0,78051.3,78162.9,385.59741
2026-09-01 15:00:00+00:00,78168.2,78168.3,77726.4,77914.2,251.319846
2026-09-01 16:00:00+00:00,77918.3,77969.1,77315.7,77596.3,399.7873
2026-09-01 17:00:00+00:00,77596.3,77716.2,77239.3,77264.4,223.838935
2026-09-01 18:00:00+00:00,77267.8,77318.0,76420.0,77149.5,924.076323
2026-09-01 19:00:00+00:00,77155.4,77467.5,77108.7,77309.0,250.224292
2026-09-01 20:00:00+00:00,77311.5,77471.5,77231.1,77446.3,130.566026
2026-09-01 21:00:00+00:00,77446.2,77514.1,76917.3,77210.2,250.887719
2026-09-01 22:00:00+00:00,77210.2,77358.3,77027.1,77276.2,128.459392
2026-09-01 23:00:00+00:00,77276.2,77630.2,77211.6,77437.4,166.513681
2026-09-02 00:00:00+00:00,77437.5,77512.4,77131.5,77212.1,267.98341
2026-09-02 01:00:00+00:00,77212.1,77372.7,76720.0,77014.3,311.264358
2026-09-02 02:00:00+00:00,77005.3,77339.6,76944.8,77328.4,272.72085
2026-09-02 03:00:00+00:00,77328.4,77791.4,77309.6,77556.0,338.74015
2026-09-02 04:00:00+00:00,77556.0,77605.2,77291.7,77560.6,124.043946
2026-09-02 05:00:00+00:00,77560.7,77756.6,77428.5,77650.7,181.551518
2026-09-02 06:00:00+00:00,77651.0,77721.0,77461.2,77602.3,274.963731
2026-09-02 07:00:00+00:00,77604.5,77758.6,77474.0,77474.1,156.462085
2026-09-02 08:00:00+00:00,77474.1,77552.6,76745.7,76848.2,286.364251
2026-09-02 09:00:00+00:00,76848.2,77049.4,76486.1,76757.3,466.565917
2026-09-02 10:00:00+00:00,76757.4,76761.0,76257.6,76678.3,431.156632
2026-09-02 11:00:00+00:00,76678.2,76835.2,76350.6,76826.5,427.431019
2026-09-02 12:00:00+00:00,76823.7,77049.3,76610.9,76612.4,266.990535
2026-09-02 13:00:00+00:00,76612.4,77438.2,76612.4,77149.6,520.615738
2026-09-02 14:00:00+00:00,77149.6,77489.2,77009.8,77062.7,480.175171
2026-09-02 15:00:00+00:00,77062.7,77384.7,76740.9,77292.0,493.066081
2026-09-02 16:00:00+00:00,77291.9,77574.8,77175.4,77175.5,324.996963
2026-09-02 17:00:00+00:00,77175.4,77401.3,76957.1,77385.2,235.385953
2026-09-02 18:00:00+00:00,77385.2,77520.0,77291.6,77379.9,135.332295
2026-09-02 19:00:00+00:00,77379.9,77415.1,77120.7,77340.6,174.733077
2026-09-02 20:00:00+00:00,77338.6,77521.8,77207.1,77405.2,164.532099
2026-09-02 21:00:00+00:00,77405.2,77443.0,77237.0,77288.6,103.363849
2026-09-02 22:00:00+00:00,77288.5,77288.5,77017.5,77034.1,81.291933
2026-09-02 23:00:00+00:00,77034.2,77365.7,77016.1,77335.7,74.597537
2026-09-03 00:00:00+00:00,77335.7,77395.3,76981.6,77065.9,201.026281
2026-09-03 01:00:00+00:00,77064.0,77537.7,76965.9,77346.8,437.904462
2026-09-03 02:00:00+00:00,77346.7,77902.1,77231.7,77814.4,418.616258
2026-09-03 03:00:00+00:00,77823.5,77879.2,77636.1,77701.3,167.841658
2026-09-03 04:00:00+00:00,77701.2,77826.1,77543.8,77770.9,107.799878
2026-09-03 05:00:00+00:00,77774.3,77824.4,77103.6,77812.8,328.83834
2026-09-03 06:00:00+00:00,77812.8,77845.5,77683.4,77830.8,204.238452
2026-09-03 07:00:00+00:00,77824.3,78181.8,77597.9,77656.7,527.434791
2026-09-03 08:00:00+00:00,77665.3,78066.6,77665.3,77842.6,241.011923
2026-09-03 09:00:00+00:00,77842.6,77977.3,77613.2,77613.2,162.877359
2026-09-03 10:00:00+00:00,77613.2,77772.3,77480.1,77737.3,186.320973
2026-09-03 11:00:00+00:00,77737.4,78000.0,77705.6,77947.0,201.300176
2026-09-03 12:00:00+00:00,77944.0,78785.0,77894.0,78653.2,499.250096
2026-09-03 13:00:00+00:00,78653.2,78992.9,78455.1,78842.2,803.948611
2026-09-03 14:00:00+00:00,78842.1,80568.7,78711.1,80553.0,1264.388198
2026-09-03 15:00:00+00:00,80552.9,81367.7,80358.5,81345.0,1545.054409
2026-09-03 16:00:00+00:00,81345.0,81360.1,80621.2,80970.7,724.179679
2026-09-03 17:00:00+00:00,80971.7,81192.0,80885.5,81047.2,384.42387
2026-09-03 18:00:00+00:00,81047.1,81331.2,80898.8,81254.6,284.451918
2026-09-03 19:00:00+00:00,81254.7,81794.1,81167.0,81756.2,488.934802
2026-09-03 20:00:00+00:00,81756.2,81785.6,81384.4,81469.8,352.220045
2026-09-03 21:00:00+00:00,81464.8,82278.2,81299.7,81583.8,771.323525
2026-09-03 22:00:00+00:00,81583.7,81614.0,80907.8,81141.9,420.335166
2026-09-03 23:00:00+00:00,81141.9,81331.2,81083.8,81262.6,245.100098
2026-09-04 00:00:00+00:00,81262.5,81428.2,80963.6,80975.0,442.99039
2026-09-04 01:00:00+00:00,80975.0,81100.0,80762.7,80961.6,346.04248479
2026-09-04 02:00:00+00:00,80961.7,80961.7,80658.5,80830.3,176.429515
2026-09-04 03:00:00+00:00,80830.3,81014.2,80801.4,80850.3,197.786161
2026-09-04 04:00:00+00:00,80843.1,81284.9,80809.2,81071.1,184.138601
2026-09-04 05:00:00+00:00,81071.1,81140.6,80859.1,80996.3,206.820777
2026-09-04 06:00:00+00:00,80994.6,81086.8,80586.6,80803.9,211.855066
2026-09-04 07:00:00+00:00,80803.9,80963.6,80650.0,80661.9,298.059714
2026-09-04 08:00:00+00:00,80662.0,81234.0,80505.4,81147.4,591.00723
2026-09-04 09:00:00+00:00,81155.8,81306.5,80938.3,81052.6,553.67446
2026-09-04 10:00:00+00:00,81052.6,81188.9,80834.2,81183.1,529.75253
2026-09-04 11:00:00+00:00,81188.9,81408.9,81075.9,81227.1,231.328399
2026-09-04 12:00:00+00:00,81227.1,81338.9,79178.1,79460.0,1806.506433
2026-09-04 13:00:00+00:00,79460.0,79702.1,78998.6,79374.1,1021.892222
2026-09-04 14:00:00+00:00,79374.2,79569.9,78654.0,78908.8,814.044377
2026-09-04 15:00:00+00:00,78909.0,79554.8,78800.0,79422.8,386.79434
2026-09-04 16:00:00+00:00,79422.8,79870.8,79377.9,79742.0,328.562015
2026-09-04 17:00:00+00:00,79748.5,79756.1,79387.9,79466.1,193.09466
2026-09-04 18:00:00+00:00,79466.2,79658.7,79466.2,79616.9,68.502567
2026-09-04 19:00:00+00:00,79617.0,79814.9,79617.0,79797.7,117.27605
2026-09-04 20:00:00+00:00,79782.8,79862.2,79663.8,79703.3,113.980059
2026-09-04 21:00:00+00:00,79703.4,79818.4,79522.1,79622.1,142.454803
2026-09-04 22:00:00+00:00,79622.2,79716.9,79622.2,79636.8,105.037245
2026-09-04 23:00:00+00:00,79636.9,79761.0,79596.8,79656.7,36.189864
2026-09-05 00:00:00+00:00,79656.7,79719.2,79557.9,79577.2,78.28011
2026-09-05 01:00:00+00:00,79578.7,79720.0,79538.5,79538.5,120.992209
2026-09-05 02:00:00+00:00,79538.2,79615.6,79480.0,79566.5,126.157663
2026-09-05 03:00:00+00:00,79566.5,79624.7,79513.9,79580.5,47.475469
2026-09-05 04:00:00+00:00,79580.5,79596.1,79500.0,79500.1,45.316659
2026-09-05 05:00:00+00:00,79500.1,79599.4,79445.6,79580.4,70.341908
2026-09-05 06:00:00+00:00,79580.4,79718.1,79580.3,79643.9,187.836765
2026-09-05 07:00:00+00:00,79643.9,79755.1,79638.6,79715.2,197.045051
2026-09-05 08:00:00+00:00,79715.2,79727.0,79565.7,79653.7,84.187379
2026-09-05 09:00:00+00:00,79653.8,79737.6,79608.9,79630.1,35.701516
2026-09-05 10:00:00+00:00,79630.1,79667.9,79593.3,79617.0,41.852908
2026-09-05 11:00:00+00:00,79616.9,79680.2,79609.6,79613.0,34.985981
2026-09-05 12:00:00+00:00,79613.0,79773.3,79612.6,79712.1,59.89153
2026-09-05 13:00:00+00:00,79712.1,79766.2,79551.4,79619.8,85.944368
2026-09-05 14:00:00+00:00,79619.8,79748.7,79619.7,79713.8,35.842701
2026-09-05 15:00:00+00:00,79713.8,79818.6,79680.4,79802.1,69.122592
2026-09-05 16:00:00+00:00,79802.2,80198.7,79745.5,80042.7,175.589866
2026-09-05 17:00:00+00:00,80042.7,80158.9,79965.8,80064.7,274.644914
2026-09-05 18:00:00+00:00,80064.7,80082.0,79931.6,79995.8,84.200328
2026-09-05 19:00:00+00:00,79995.9,79995.9,79903.7,79972.8,15.389713
