timestamp,open,high,low,close,volume
2026-08-18 20:35:00+00:00,0.03552,0.03585,0.03552,0.03569,347.0
2026-08-18 20:40:00+00:00,0.0357,0.03635,0.0357,0.03627,569.0
2026-08-18 20:45:00+00:00,0.03622,0.03622,0.03573,0.03582,802.0
2026-08-18 20:50:00+00:00,0.0357,0.03586,0.03474,0.03519,1607.0
2026-08-18 20:55:00+00:00,0.03501,0.03501,0.03332,0.03427,5291.0
2026-08-18 21:00:00+00:00,0.03432,0.03459,0.03404,0.03416,2363.0
2026-08-18 21:05:00+00:00,0.03421,0.03475,0.03386,0.03475,1577.0
2026-08-18 21:10:00+00:00,0.03475,0.03497,0.03466,0.03497,337.0
2026-08-18 21:15:00+00:00,0.03486,0.03536,0.03473,0.03525,1277.0
2026-08-18 21:20:00+00:00,0.03527,0.03544,0.03511,0.0353,468.0
2026-08-18 21:25:00+00:00,0.0354,0.0354,0.03507,0.03507,70.0
2026-08-18 21:30:00+00:00,0.03506,0.03552,0.0348,0.03525,534.0
2026-08-18 21:35:00+00:00,0.03515,0.03943,0.03475,0.03943,12855.0
2026-08-18 21:40:00+00:00,0.03918,0.03949,0.03771,0.0388,7355.0
2026-08-18 21:45:00+00:00,0.0388,0.04065,0.03854,0.03975,8428.0
2026-08-18 21:50:00+00:00,0.03975,0.04157,0.03903,0.04058,12051.0
2026-08-18 21:55:00+00:00,0.04058,0.04085,0.0391,0.03934,10527.0
2026-08-18 22:00:00+00:00,0.03943,0.04192,0.0389,0.0409,11047.0
2026-08-18 22:05:00+00:00,0.0407,0.045,0.04056,0.04478,14424.0
2026-08-18 22:10:00+00:00,0.04491,0.04609,0.04209,0.04454,25503.0
2026-08-18 22:15:00+00:00,0.0447,0.04473,0.043,0.04324,4761.0
2026-08-18 22:20:00+00:00,0.04309,0.04375,0.042,0.04323,11326.0
2026-08-18 22:25:00+00:00,0.04327,0.04541,0.04317,0.04458,7094.0
2026-08-18 22:30:00+00:00,0.04453,0.045,0.0425,0.04255,8119.0
2026-08-18 22:35:00+00:00,0.04276,0.04317,0.04205,0.04273,6932.0
2026-08-18 22:40:00+00:00,0.04283,0.04311,0.04132,0.042,2845.0
2026-08-18 22:45:00+00:00,0.04202,0.04202,0.04014,0.04101,5935.0
2026-08-18 22:50:00+00:00,0.04103,0.04113,0.03928,0.03928,7049.0
2026-08-18 22:55:00+00:00,0.03948,0.0411,0.03844,0.04081,5959.0
2026-08-18 23:00:00+00:00,0.04081,0.0411,0.04034,0.0405,2748.0
2026-08-18 23:05:00+00:00,0.0405,0.041,0.03966,0.03998,2690.0
2026-08-18 23:10:00+00:00,0.04015,0.04024,0.0388,0.0388,2471.0
2026-08-18 23:15:00+00:00,0.03907,0.04029,0.03896,0.03957,1865.0
2026-08-18 23:20:00+00:00,0.03968,0.04021,0.03947,0.0402,1805.0
2026-08-18 23:25:00+00:00,0.04021,0.04148,0.04001,0.04137,3136.0
2026-08-18 23:30:00+00:00,0.04158,0.04231,0.04137,0.0421,1670.0
2026-08-18 23:35:00+00:00,0.04186,0.0422,0.04122,0.04196,2625.0
2026-08-18 23:40:00+00:00,0.04194,0.04211,0.03998,0.04064,4757.0
2026-08-18 23:45:00+00:00,0.04078,0.04452,0.04078,0.04429,5634.0
2026-08-18 23:50:00+00:00,0.04451,0.04451,0.04268,0.043,10940.0
2026-08-18 23:55:00+00:00,0.04319,0.04336,0.0411,0.0421,10920.0
2026-08-19 00:00:00+00:00,0.0421,0.04448,0.0421,0.04261,10385.0
2026-08-19 00:05:00+00:00,0.04264,0.04276,0.04156,0.04243,4264.0
2026-08-19 00:10:00+00:00,0.04226,0.04266,0.04126,0.04181,4005.0
2026-08-19 00:15:00+00:00,0.04181,0.04264,0.04117,0.04235,3004.0
2026-08-19 00:20:00+00:00,0.04232,0.04276,0.03967,0.04023,9683.0
2026-08-19 00:25:00+00:00,0.04023,0.04291,0.03924,0.04088,24103.0
2026-08-19 00:30:00+00:00,0.04096,0.04113,0.03955,0.04019,2702.0
2026-08-19 00:35:00+00:00,0.0402,0.04033,0.03954,0.03986,1001.0
2026-08-19 00:40:00+00:00,0.0399,0.04029,0.0396,0.04,2457.0
2026-08-19 00:45:00+00:00,0.03999,0.04025,0.03968,0.04015,1296.0
2026-08-19 00:50:00+00:00,0.0401,0.04074,0.03981,0.04074,1538.0
2026-08-19 00:55:00+00:00,0.04079,0.04079,0.04022,0.04061,349.0
2026-08-19 01:00:00+00:00,0.04062,0.04098,0.04,0.04079,2415.0
2026-08-19 01:05:00+00:00,0.04069,0.04119,0.04064,0.04094,1163.0
2026-08-19 01:10:00+00:00,0.04094,0.0412,0.04072,0.04094,1061.0
2026-08-19 01:15:00+00:00,0.04086,0.04086,0.04025,0.04028,2030.0
2026-08-19 01:20:00+00:00,0.04025,0.04033,0.0396,0.03972,3680.0
2026-08-19 01:25:00+00:00,0.03981,0.04087,0.03967,0.04085,2856.0
2026-08-19 01:30:00+00:00,0.04085,0.04192,0.04085,0.04158,8488.0
2026-08-19 01:35:00+00:00,0.04154,0.04252,0.04147,0.04231,8149.0
2026-08-19 01:40:00+00:00,0.04231,0.04337,0.04223,0.04278,5758.0
2026-08-19 01:45:00+00:00,0.04287,0.04361,0.04252,0.04252,8108.0
2026-08-19 01:50:00+00:00,0.0425,0.04253,0.04177,0.04183,5136.0
2026-08-19 01:55:00+00:00,0.04183,0.042,0.04171,0.04181,2213.0
2026-08-19 02:00:00+00:00,0.04189,0.04199,0.04107,0.04109,3659.0
2026-08-19 02:05:00+00:00,0.04104,0.04107,0.03986,0.04026,9630.0
2026-08-19 02:10:00+00:00,0.04018,0.04018,0.03723,0.03758,13439.0
2026-08-19 02:15:00+00:00,0.03757,0.03972,0.0375,0.03753,8272.0
2026-08-19 02:20:00+00:00,0.03753,0.03783,0.0359,0.03638,12750.0
2026-08-19 02:25:00+00:00,0.03663,0.03744,0.03564,0.03735,8288.0
2026-08-19 02:30:00+00:00,0.037,0.03707,0.03557,0.0359,13882.0
2026-08-19 02:35:00+00:00,0.03581,0.03671,0.0357,0.03631,4036.0
2026-08-19 02:40:00+00:00,0.03623,0.03643,0.03485,0.03567,12169.0
2026-08-19 02:45:00+00:00,0.03567,0.03626,0.03523,0.03613,5484.0
2026-08-19 02:50:00+00:00,0.03595,0.03849,0.03584,0.03806,9052.0
2026-08-19 02:55:00+00:00,0.03789,0.03828,0.03724,0.03773,5192.0
2026-08-19 03:00:00+00:00,0.03774,0.03795,0.03708,0.03732,1847.0
2026-08-19 03:05:00+00:00,0.0372,0.03841,0.03693,0.03703,4907.0
2026-08-19 03:10:00+00:00,0.03707,0.03734,0.03603,0.03614,2560.0
2026-08-19 03:15:00+00:00,0.03648,0.03716,0.03617,0.03675,5387.0
2026-08-19 03:20:00+00:00,0.0368,0.03719,0.03667,0.03699,1393.0
2026-08-19 03:25:00+00:00,0.0371,0.03875,0.0371,0.0385,3325.0
2026-08-19 03:30:00+00:00,0.0385,0.04012,0.03816,0.04012,5927.0
2026-08-19 03:35:00+00:00,0.03985,0.04212,0.03983,0.04188,12467.0
2026-08-19 03:40:00+00:00,0.0418,0.0423,0.0405,0.04086,7605.0
2026-08-19 03:45:00+00:00,0.0411,0.04229,0.03994,0.04186,21117.0
2026-08-19 03:50:00+00:00,0.04209,0.04391,0.04173,0.0423,8371.0
2026-08-19 03:55:00+00:00,0.04228,0.04317,0.04031,0.0405,10396.0
2026-08-19 04:00:00+00:00,0.04077,0.0414,0.04019,0.04047,3022.0
2026-08-19 04:05:00+00:00,0.04045,0.04108,0.03911,0.04079,6560.0
2026-08-19 04:10:00+00:00,0.04091,0.04121,0.03978,0.04047,4892.0
2026-08-19 04:15:00+00:00,0.04068,0.0414,0.04031,0.04047,2123.0
2026-08-19 04:20:00+00:00,0.04036,0.0414,0.03986,0.04007,4528.0
2026-08-19 04:25:00+00:00,0.03992,0.041,0.03991,0.04069,2560.0
2026-08-19 04:30:00+00:00,0.04067,0.04151,0.04007,0.04023,3941.0
2026-08-19 04:35:00+00:00,0.04014,0.0409,0.03996,0.04089,2385.0
2026-08-19 04:40:00+00:00,0.04069,0.0411,0.04054,0.04066,1084.0
2026-08-19 04:45:00+00:00,0.04066,0.04101,0.03842,0.03881,7054.0
2026-08-19 04:50:00+00:00,0.03882,0.03922,0.0383,0.03876,3300.0
2026-08-19 04:55:00+00:00,0.0386,0.03882,0.03605,0.03673,19971.0
2026-08-19 05:00:00+00:00,0.03676,0.0386,0.03673,0.03776,12821.0
2026-08-19 05:05:00+00:00,0.03782,0.03922,0.03782,0.0385,6301.0
2026-08-19 05:10:00+00:00,0.03858,0.03878,0.03817,0.03856,3634.0
2026-08-19 05:15:00+00:00,0.03838,0.03876,0.03724,0.03759,2424.0
2026-08-19 05:20:00+00:00,0.03761,0.0383,0.03739,0.03756,4808.0
2026-08-19 05:25:00+00:00,0.0375,0.03919,0.03735,0.03919,3139.0
2026-08-19 05:30:00+00:00,0.03912,0.03984,0.03859,0.03939,5932.0
2026-08-19 05:35:00+00:00,0.03937,0.04033,0.03918,0.04021,6463.0
2026-08-19 05:40:00+00:00,0.0403,0.0403,0.03846,0.03853,6340.0
2026-08-19 05:45:00+00:00,0.03853,0.03858,0.03756,0.03792,3692.0
2026-08-19 05:50:00+00:00,0.03792,0.03926,0.03782,0.03893,6663.0
2026-08-19 05:55:00+00:00,0.03904,0.0391,0.03792,0.03808,2572.0
2026-08-19 06:00:00+00:00,0.03804,0.03904,0.03761,0.03845,3144.0
2026-08-19 06:05:00+00:00,0.03833,0.0394,0.03798,0.0381,3034.0
2026-08-19 06:10:00+00:00,0.03794,0.0391,0.03791,0.03828,3722.0
2026-08-19 06:15:00+00:00,0.03816,0.03832,0.03804,0.03832,250.0
2026-08-19 06:20:00+00:00,0.03838,0.03861,0.03832,0.03843,767.0
2026-08-19 06:25:00+00:00,0.03848,0.03876,0.03767,0.03813,2962.0
2026-08-19 06:30:00+00:00,0.03794,0.03843,0.03783,0.03822,1577.0
2026-08-19 06:35:00+00:00,0.03823,0.03932,0.03822,0.03881,3541.0
2026-08-19 06:40:00+00:00,0.03892,0.03926,0.03855,0.03871,2277.0
2026-08-19 06:45:00+00:00,0.0386,0.0386,0.03766,0.03796,1703.0
2026-08-19 06:50:00+00:00,0.03787,0.03846,0.03713,0.03786,6853.0
2026-08-19 06:55:00+00:00,0.03772,0.03775,0.03719,0.03746,1684.0
2026-08-19 07:00:00+00:00,0.0375,0.038,0.03717,0.03765,893.0
2026-08-19 07:05:00+00:00,0.03783,0.03816,0.03768,0.0379,1282.0
2026-08-19 07:10:00+00:00,0.03805,0.03828,0.03775,0.03809,1671.0
2026-08-19 07:15:00+00:00,0.03815,0.03816,0.03719,0.03724,1726.0
2026-08-19 07:20:00+00:00,0.03724,0.03904,0.03705,0.03904,5082.0
2026-08-19 07:25:00+00:00,0.03903,0.03941,0.03865,0.03887,3191.0
2026-08-19 07:30:00+00:00,0.03896,0.03896,0.0383,0.03864,2429.0
2026-08-19 07:35:00+00:00,0.03849,0.03873,0.03828,0.03859,1325.0
2026-08-19 07:40:00+00:00,0.03871,0.03891,0.03821,0.03838,1193.0
2026-08-19 07:45:00+00:00,0.03827,0.03891,0.03806,0.03849,1963.0
2026-08-19 07:50:00+00:00,0.0386,0.0388,0.03838,0.03838,1020.0
2026-08-19 07:55:00+00:00,0.03851,0.0388,0.03816,0.03866,1155.0
2026-08-19 08:00:00+00:00,0.03866,0.0402,0.03866,0.03959,3762.0
2026-08-19 08:05:00+00:00,0.03958,0.04196,0.03937,0.04196,6766.0
2026-08-19 08:10:00+00:00,0.04179,0.04283,0.04115,0.04115,10111.0
2026-08-19 08:15:00+00:00,0.04134,0.04146,0.03981,0.04064,2845.0
2026-08-19 08:20:00+00:00,0.04047,0.04071,0.03901,0.03937,5498.0
2026-08-19 08:25:00+00:00,0.03959,0.03968,0.03874,0.03904,2162.0
2026-08-19 08:30:00+00:00,0.03915,0.03986,0.03874,0.0397,4340.0
2026-08-19 08:35:00+00:00,0.03981,0.04064,0.0395,0.04023,2385.0
2026-08-19 08:40:00+00:00,0.04036,0.04079,0.04017,0.04061,1253.0
2026-08-19 08:45:00+00:00,0.04072,0.04099,0.04072,0.04082,3330.0
2026-08-19 08:50:00+00:00,0.04082,0.04082,0.0397,0.04067,9447.0
2026-08-19 08:55:00+00:00,0.0407,0.04146,0.04065,0.04134,4965.0
2026-08-19 09:00:00+00:00,0.04134,0.04152,0.04113,0.04136,1917.0
2026-08-19 09:05:00+00:00,0.04124,0.04124,0.04052,0.04069,3583.0
2026-08-19 09:10:00+00:00,0.04067,0.04118,0.04058,0.04107,4997.0
2026-08-19 09:15:00+00:00,0.04102,0.04146,0.04047,0.04058,2301.0
2026-08-19 09:20:00+00:00,0.04067,0.04077,0.04038,0.04053,3201.0
2026-08-19 09:25:00+00:00,0.04053,0.04057,0.04046,0.04046,1868.0
2026-08-19 09:30:00+00:00,0.04047,0.04122,0.04014,0.0402,6697.0
2026-08-19 09:35:00+00:00,0.0402,0.0402,0.03921,0.03929,3260.0
2026-08-19 09:40:00+00:00,0.03929,0.03929,0.03863,0.03918,6786.0
2026-08-19 09:45:00+00:00,0.03922,0.03977,0.0392,0.03941,2437.0
2026-08-19 09:50:00+00:00,0.03941,0.03948,0.03901,0.03912,4570.0
2026-08-19 09:55:00+00:00,0.03908,0.0393,0.039,0.03908,5350.0
2026-08-19 10:00:00+00:00,0.03917,0.03917,0.03906,0.03913,5612.0
2026-08-19 10:05:00+00:00,0.03917,0.03964,0.03914,0.03948,2676.0
2026-08-19 10:10:00+00:00,0.03968,0.04016,0.03964,0.04009,4515.0
2026-08-19 10:15:00+00:00,0.03997,0.04052,0.03988,0.04035,3191.0
2026-08-19 10:20:00+00:00,0.04036,0.04046,0.03998,0.04024,2562.0
2026-08-19 10:25:00+00:00,0.04017,0.04075,0.04009,0.04046,2469.0
2026-08-19 10:30:00+00:00,0.04036,0.04047,0.03988,0.03988,1467.0
2026-08-19 10:35:00+00:00,0.03989,0.04,0.03988,0.03991,711.0
2026-08-19 10:40:00+00:00,0.03991,0.03998,0.03938,0.03957,3089.0
2026-08-19 10:45:00+00:00,0.03952,0.03988,0.03952,0.03987,2273.0
2026-08-19 10:50:00+00:00,0.03985,0.04043,0.03985,0.04039,2900.0
2026-08-19 10:55:00+00:00,0.04035,0.04135,0.04029,0.04135,7793.0
2026-08-19 11:00:00+00:00,0.04127,0.04133,0.04022,0.04075,8411.0
2026-08-19 11:05:00+00:00,0.0408,0.04121,0.04026,0.0408,3351.0
2026-08-19 11:10:00+00:00,0.04089,0.04113,0.04045,0.04092,1642.0
2026-08-19 11:15:00+00:00,0.04092,0.04125,0.04026,0.04032,2391.0
2026-08-19 11:20:00+00:00,0.04027,0.04048,0.04003,0.04048,1405.0
2026-08-19 11:25:00+00:00,0.04048,0.04048,0.04048,0.04048,0.0
2026-08-19 11:30:00+00:00,0.04033,0.04033,0.03995,0.0402,2505.0
2026-08-19 11:35:00+00:00,0.04028,0.04034,0.03931,0.03987,2040.0
2026-08-19 11:40:00+00:00,0.03993,0.04048,0.03993,0.04022,2124.0
2026-08-19 11:45:00+00:00,0.04021,0.04033,0.04021,0.04021,1036.0
2026-08-19 11:50:00+00:00,0.04021,0.0403,0.04015,0.0402,1843.0
2026-08-19 11:55:00+00:00,0.0402,0.04027,0.0395,0.03951,1676.0
2026-08-19 12:00:00+00:00,0.0395,0.03965,0.03942,0.03954,2344.0
2026-08-19 12:05:00+00:00,0.0396,0.03999,0.03912,0.0392,3598.0
2026-08-19 12:10:00+00:00,0.0392,0.03958,0.03917,0.03954,1653.0
2026-08-19 12:15:00+00:00,0.0395,0.0395,0.03826,0.03846,6877.0
2026-08-19 12:20:00+00:00,0.03838,0.03849,0.03692,0.03715,14819.0
2026-08-19 12:25:00+00:00,0.0372,0.03743,0.03585,0.03678,25692.0
2026-08-19 12:30:00+00:00,0.03667,0.03798,0.03624,0.03798,14826.0
2026-08-19 12:35:00+00:00,0.038,0.03839,0.03712,0.03725,8180.0
2026-08-19 12:40:00+00:00,0.0372,0.0378,0.03657,0.03664,3300.0
2026-08-19 12:45:00+00:00,0.0367,0.03673,0.03557,0.03599,12458.0
2026-08-19 12:50:00+00:00,0.0359,0.03757,0.0358,0.03637,7653.0
2026-08-19 12:55:00+00:00,0.0365,0.03662,0.03539,0.03609,8875.0
2026-08-19 13:00:00+00:00,0.03609,0.03659,0.03609,0.03649,2974.0
2026-08-19 13:05:00+00:00,0.03635,0.03669,0.03629,0.03636,1374.0
2026-08-19 13:10:00+00:00,0.03637,0.0378,0.03636,0.03726,11246.0
2026-08-19 13:15:00+00:00,0.03726,0.03764,0.0372,0.03743,2174.0
2026-08-19 13:20:00+00:00,0.03744,0.03744,0.03708,0.03731,2303.0
2026-08-19 13:25:00+00:00,0.03738,0.0374,0.03621,0.037,7602.0
2026-08-19 13:30:00+00:00,0.0371,0.03725,0.03638,0.037,10112.0
2026-08-19 13:35:00+00:00,0.037,0.03725,0.03618,0.03621,4599.0
2026-08-19 13:40:00+00:00,0.0364,0.037,0.03592,0.03633,6404.0
2026-08-19 13:45:00+00:00,0.03649,0.0367,0.0347,0.0348,8938.0
2026-08-19 13:50:00+00:00,0.03481,0.03534,0.03358,0.03408,10556.0
2026-08-19 13:55:00+00:00,0.03408,0.03556,0.03408,0.0347,7461.0
2026-08-19 14:00:00+00:00,0.03461,0.03526,0.03428,0.03461,4424.0
2026-08-19 14:05:00+00:00,0.03461,0.03478,0.03359,0.03416,7038.0
2026-08-19 14:10:00+00:00,0.03429,0.0348,0.03413,0.0345,2468.0
2026-08-19 14:15:00+00:00,0.03449,0.0355,0.03444,0.03506,5160.0
2026-08-19 14:20:00+00:00,0.0349,0.0354,0.0346,0.03489,3770.0
2026-08-19 14:25:00+00:00,0.03489,0.0352,0.0348,0.035,1502.0
2026-08-19 14:30:00+00:00,0.03502,0.0351,0.0324,0.03309,18384.0
2026-08-19 14:35:00+00:00,0.03312,0.0337,0.03292,0.03332,5815.0
2026-08-19 14:40:00+00:00,0.03335,0.0336,0.03288,0.0331,6096.0
2026-08-19 14:45:00+00:00,0.0331,0.03337,0.0327,0.0332,6110.0
2026-08-19 14:50:00+00:00,0.0332,0.0343,0.03313,0.0343,5811.0
2026-08-19 14:55:00+00:00,0.03434,0.0344,0.03373,0.03414,6995.0
2026-08-19 15:00:00+00:00,0.0341,0.03503,0.03376,0.03471,9475.0
2026-08-19 15:05:00+00:00,0.03471,0.03768,0.0345,0.03725,14971.0
2026-08-19 15:10:00+00:00,0.0374,0.03845,0.03588,0.03724,35683.0
2026-08-19 15:15:00+00:00,0.03724,0.03759,0.03649,0.03759,11503.0
2026-08-19 15:20:00+00:00,0.0376,0.04043,0.03745,0.03999,27101.0
2026-08-19 15:25:00+00:00,0.0399,0.04061,0.03891,0.0401,17382.0
2026-08-19 15:30:00+00:00,0.04,0.0402,0.03912,0.03977,18134.0
2026-08-19 15:35:00+00:00,0.0398,0.04024,0.03893,0.03966,12405.0
2026-08-19 15:40:00+00:00,0.03961,0.04115,0.03934,0.03982,21899.0
2026-08-19 15:45:00+00:00,0.03988,0.04226,0.0398,0.04182,18611.0
2026-08-19 15:50:00+00:00,0.04182,0.0427,0.04075,0.04075,18870.0
2026-08-19 15:55:00+00:00,0.04076,0.04168,0.0401,0.0408,13867.0
2026-08-19 16:00:00+00:00,0.04069,0.04184,0.04061,0.04122,16845.0
2026-08-19 16:05:00+00:00,0.0412,0.04126,0.04053,0.04073,6560.0
2026-08-19 16:10:00+00:00,0.04073,0.04111,0.04033,0.04057,4901.0
2026-08-19 16:15:00+00:00,0.04057,0.04057,0.03968,0.03993,15282.0
2026-08-19 16:20:00+00:00,0.03997,0.03997,0.03808,0.03839,17372.0
2026-08-19 16:25:00+00:00,0.03844,0.0388,0.03756,0.03783,20951.0
2026-08-19 16:30:00+00:00,0.03799,0.03978,0.0377,0.0397,23587.0
2026-08-19 16:35:00+00:00,0.03961,0.03981,0.03829,0.03872,14120.0
2026-08-19 16:40:00+00:00,0.03867,0.03932,0.03774,0.03799,21420.0
2026-08-19 16:45:00+00:00,0.03808,0.03898,0.03728,0.0389,15231.0
2026-08-19 16:50:00+00:00,0.03889,0.03924,0.03829,0.03869,6611.0
2026-08-19 16:55:00+00:00,0.03869,0.03879,0.03774,0.03808,8213.0
2026-08-19 17:00:00+00:00,0.03815,0.04089,0.03815,0.04034,14280.0
2026-08-19 17:05:00+00:00,0.04041,0.041,0.0396,0.04001,15685.0
2026-08-19 17:10:00+00:00,0.0401,0.04093,0.04005,0.04061,8923.0
2026-08-19 17:15:00+00:00,0.04068,0.04194,0.03996,0.04156,23102.0
2026-08-19 17:20:00+00:00,0.04167,0.0419,0.04009,0.04033,20851.0
2026-08-19 17:25:00+00:00,0.04026,0.04049,0.039,0.03927,19287.0
2026-08-19 17:30:00+00:00,0.03926,0.03942,0.03857,0.03877,14788.0
2026-08-19 17:35:00+00:00,0.03876,0.04042,0.03825,0.0391,35919.0
2026-08-19 17:40:00+00:00,0.03909,0.0402,0.03909,0.03962,13536.0
2026-08-19 17:45:00+00:00,0.03952,0.04032,0.03896,0.03966,10501.0
2026-08-19 17:50:00+00:00,0.03966,0.04042,0.03952,0.03974,7443.0
2026-08-19 17:55:00+00:00,0.03973,0.04091,0.03946,0.04025,13814.0
2026-08-19 18:00:00+00:00,0.04025,0.04068,0.03982,0.03999,7827.0
2026-08-19 18:05:00+00:00,0.03989,0.04026,0.03959,0.03997,4766.0
2026-08-19 18:10:00+00:00,0.0398,0.04019,0.03947,0.03984,7711.0
2026-08-19 18:15:00+00:00,0.03982,0.04075,0.03982,0.0404,6448.0
2026-08-19 18:20:00+00:00,0.04051,0.04082,0.04017,0.04017,6412.0
2026-08-19 18:25:00+00:00,0.04023,0.04042,0.03972,0.03985,3549.0
2026-08-19 18:30:00+00:00,0.03985,0.04,0.0394,0.0395,5479.0
2026-08-19 18:35:00+00:00,0.03948,0.03984,0.03921,0.03942,3824.0
2026-08-19 18:40:00+00:00,0.0395,0.0397,0.03863,0.039,8793.0
2026-08-19 18:45:00+00:00,0.03908,0.03916,0.03815,0.0384,6440.0
2026-08-19 18:50:00+00:00,0.03844,0.03887,0.0381,0.03882,5865.0
2026-08-19 18:55:00+00:00,0.03882,0.0397,0.03874,0.03885,8153.0
2026-08-19 19:00:00+00:00,0.03898,0.04016,0.03885,0.03988,7624.0
2026-08-19 19:05:00+00:00,0.03988,0.04024,0.03974,0.0402,3150.0
2026-08-19 19:10:00+00:00,0.04021,0.0407,0.03997,0.04054,1721.0
2026-08-19 19:15:00+00:00,0.04058,0.04107,0.04041,0.04044,2441.0
2026-08-19 19:20:00+00:00,0.04044,0.04064,0.03991,0.04061,2724.0
2026-08-19 19:25:00+00:00,0.04065,0.0408,0.04042,0.04042,1131.0
2026-08-19 19:30:00+00:00,0.04051,0.04064,0.0398,0.03983,1928.0
2026-08-19 19:35:00+00:00,0.03993,0.04003,0.03967,0.03982,2012.0
2026-08-19 19:40:00+00:00,0.0399,0.0399,0.03917,0.03961,2083.0
2026-08-19 19:45:00+00:00,0.03962,0.03968,0.03907,0.03934,1470.0
2026-08-19 19:50:00+00:00,0.03933,0.03934,0.03836,0.03851,3555.0
2026-08-19 19:55:00+00:00,0.0385,0.03929,0.03837,0.03858,4774.0
2026-08-19 20:00:00+00:00,0.03859,0.03888,0.0376,0.0376,5292.0
2026-08-19 20:05:00+00:00,0.0377,0.03796,0.03711,0.0375,5473.0
2026-08-19 20:10:00+00:00,0.03759,0.03838,0.03751,0.0383,3841.0
2026-08-19 20:15:00+00:00,0.03827,0.0388,0.03817,0.03835,1657.0
2026-08-19 20:20:00+00:00,0.0383,0.0383,0.03772,0.0378,1940.0
2026-08-19 20:25:00+00:00,0.0378,0.03785,0.03763,0.03777,699.0
2026-08-19 20:30:00+00:00,0.03778,0.0383,0.03765,0.03815,1186.0
2026-08-19 20:35:00+00:00,0.03805,0.0381,0.03766,0.03793,1093.0
2026-08-19 20:40:00+00:00,0.03791,0.038,0.0377,0.03796,1578.0
2026-08-19 20:45:00+00:00,0.03795,0.03838,0.0378,0.03816,1850.0
2026-08-19 20:50:00+00:00,0.03819,0.0391,0.03808,0.0391,2310.0
2026-08-19 20:55:00+00:00,0.0391,0.0391,0.03673,0.0377,10358.0
2026-08-19 21:00:00+00:00,0.0376,0.03782,0.03696,0.03734,6335.0
2026-08-19 21:05:00+00:00,0.0373,0.03746,0.03698,0.03718,3062.0
2026-08-19 21:10:00+00:00,0.03718,0.038,0.0365,0.0374,7363.0
2026-08-19 21:15:00+00:00,0.0375,0.03856,0.03743,0.03798,4059.0
2026-08-19 21:20:00+00:00,0.03808,0.03859,0.03806,0.0384,1256.0
2026-08-19 21:25:00+00:00,0.0384,0.03855,0.0381,0.0385,843.0
2026-08-19 21:30:00+00:00,0.0384,0.03855,0.03812,0.0383,1519.0
2026-08-19 21:35:00+00:00,0.03826,0.03847,0.03764,0.03784,6408.0
2026-08-19 21:40:00+00:00,0.03787,0.0386,0.03756,0.03792,6164.0
2026-08-19 21:45:00+00:00,0.03792,0.03884,0.03792,0.03884,3778.0
2026-08-19 21:50:00+00:00,0.03885,0.03937,0.03874,0.03896,4304.0
2026-08-19 21:55:00+00:00,0.03896,0.03931,0.03877,0.03901,1211.0
2026-08-19 22:00:00+00:00,0.0389,0.0389,0.03812,0.03826,3045.0
2026-08-19 22:05:00+00:00,0.03828,0.03958,0.0381,0.0393,3627.0
2026-08-19 22:10:00+00:00,0.03934,0.03988,0.03927,0.0396,5300.0
2026-08-19 22:15:00+00:00,0.0396,0.04099,0.03944,0.04054,6674.0
2026-08-19 22:20:00+00:00,0.04055,0.04234,0.04042,0.04202,10948.0
2026-08-19 22:25:00+00:00,0.0421,0.0435,0.04146,0.04279,16756.0
2026-08-19 22:30:00+00:00,0.0428,0.0439,0.0416,0.04177,11154.0
2026-08-19 22:35:00+00:00,0.04184,0.04212,0.04094,0.04126,4639.0
2026-08-19 22:40:00+00:00,0.04129,0.04141,0.04086,0.0412,4712.0
2026-08-19 22:45:00+00:00,0.04121,0.04213,0.0406,0.04099,6252.0
2026-08-19 22:50:00+00:00,0.04105,0.04254,0.04095,0.04228,10819.0
2026-08-19 22:55:00+00:00,0.04224,0.04224,0.042,0.04219,4804.0
2026-08-19 23:00:00+00:00,0.04204,0.0428,0.042,0.04272,3615.0
2026-08-19 23:05:00+00:00,0.04274,0.04393,0.04219,0.04237,6459.0
2026-08-19 23:10:00+00:00,0.04237,0.0424,0.04141,0.04169,7132.0
2026-08-19 23:15:00+00:00,0.0417,0.04181,0.04068,0.04099,4993.0
2026-08-19 23:20:00+00:00,0.04099,0.04117,0.04033,0.04033,1402.0
2026-08-19 23:25:00+00:00,0.04042,0.0408,0.04,0.0406,2243.0
2026-08-19 23:30:00+00:00,0.0406,0.04089,0.04025,0.04067,1205.0
2026-08-19 23:35:00+00:00,0.04051,0.04068,0.03906,0.03924,4426.0
2026-08-19 23:40:00+00:00,0.03925,0.0398,0.03925,0.0395,4859.0
2026-08-19 23:45:00+00:00,0.0395,0.03977,0.03914,0.03949,1931.0
2026-08-19 23:50:00+00:00,0.03949,0.04048,0.03945,0.04036,3714.0
2026-08-19 23:55:00+00:00,0.04035,0.04083,0.0394,0.03986,8166.0
2026-08-20 00:00:00+00:00,0.03975,0.03999,0.03905,0.03927,4298.0
2026-08-20 00:05:00+00:00,0.03916,0.03969,0.03914,0.03965,834.0
2026-08-20 00:10:00+00:00,0.03954,0.03985,0.03952,0.03983,690.0
2026-08-20 00:15:00+00:00,0.03984,0.03999,0.03938,0.03962,2365.0
2026-08-20 00:20:00+00:00,0.03973,0.04038,0.0397,0.04036,2001.0
2026-08-20 00:25:00+00:00,0.04038,0.04096,0.04006,0.04094,5954.0
2026-08-20 00:30:00+00:00,0.04096,0.04181,0.0406,0.04127,7173.0
2026-08-20 00:35:00+00:00,0.04116,0.04149,0.04073,0.04087,3602.0
2026-08-20 00:40:00+00:00,0.04078,0.04097,0.04062,0.04091,1568.0
2026-08-20 00:45:00+00:00,0.0408,0.04158,0.04037,0.0414,6380.0
2026-08-20 00:50:00+00:00,0.0415,0.04342,0.04149,0.0428,7381.0
2026-08-20 00:55:00+00:00,0.04289,0.04319,0.04236,0.04258,6126.0
2026-08-20 01:00:00+00:00,0.04266,0.04285,0.04143,0.04175,7369.0
2026-08-20 01:05:00+00:00,0.04186,0.04384,0.04177,0.04269,6661.0
2026-08-20 01:10:00+00:00,0.04258,0.04365,0.04245,0.0426,3657.0
2026-08-20 01:15:00+00:00,0.0425,0.04263,0.041,0.04158,5030.0
2026-08-20 01:20:00+00:00,0.04144,0.04153,0.04044,0.04069,1717.0
2026-08-20 01:25:00+00:00,0.04062,0.04069,0.03949,0.04003,6337.0
2026-08-20 01:30:00+00:00,0.03997,0.041,0.03997,0.04073,3119.0
2026-08-20 01:35:00+00:00,0.0408,0.041,0.04046,0.0407,1099.0
2026-08-20 01:40:00+00:00,0.0406,0.04083,0.04043,0.0406,764.0
2026-08-20 01:45:00+00:00,0.04051,0.04113,0.04043,0.04078,1139.0
2026-08-20 01:50:00+00:00,0.04072,0.041,0.04053,0.04057,925.0
2026-08-20 01:55:00+00:00,0.04062,0.04062,0.04034,0.04051,732.0
2026-08-20 02:00:00+00:00,0.0406,0.04084,0.03973,0.04016,2580.0
2026-08-20 02:05:00+00:00,0.04017,0.04056,0.04013,0.04043,2213.0
2026-08-20 02:10:00+00:00,0.04038,0.04044,0.03914,0.03914,1609.0
2026-08-20 02:15:00+00:00,0.03914,0.03916,0.0383,0.03846,5800.0
2026-08-20 02:20:00+00:00,0.0386,0.03914,0.03835,0.03908,4304.0
2026-08-20 02:25:00+00:00,0.03908,0.03938,0.03896,0.03938,1622.0
2026-08-20 02:30:00+00:00,0.0394,0.0404,0.03929,0.0402,3309.0
2026-08-20 02:35:00+00:00,0.04018,0.04031,0.03967,0.03998,1653.0
2026-08-20 02:40:00+00:00,0.0399,0.0399,0.03925,0.03964,716.0
2026-08-20 02:45:00+00:00,0.03953,0.03968,0.03865,0.03904,2831.0
2026-08-20 02:50:00+00:00,0.03904,0.03984,0.03889,0.03953,1611.0
2026-08-20 02:55:00+00:00,0.03952,0.03997,0.03951,0.03997,691.0
2026-08-20 03:00:00+00:00,0.03994,0.03996,0.03935,0.03952,3002.0
2026-08-20 03:05:00+00:00,0.0396,0.04,0.03938,0.03938,2445.0
2026-08-20 03:10:00+00:00,0.0395,0.03968,0.03915,0.0392,2834.0
2026-08-20 03:15:00+00:00,0.0392,0.03933,0.03877,0.03896,4033.0
2026-08-20 03:20:00+00:00,0.03897,0.03942,0.0389,0.0391,2296.0
2026-08-20 03:25:00+00:00,0.03903,0.0393,0.03888,0.03916,721.0
2026-08-20 03:30:00+00:00,0.03918,0.03945,0.03836,0.03871,2364.0
2026-08-20 03:35:00+00:00,0.03874,0.03898,0.03874,0.03888,637.0
2026-08-20 03:40:00+00:00,0.03888,0.03905,0.0384,0.0384,1055.0
2026-08-20 03:45:00+00:00,0.0385,0.03855,0.03836,0.03841,935.0
2026-08-20 03:50:00+00:00,0.03836,0.03858,0.03703,0.03747,7142.0
2026-08-20 03:55:00+00:00,0.03747,0.03809,0.03673,0.03771,6022.0
2026-08-20 04:00:00+00:00,0.03772,0.03845,0.03763,0.03826,2377.0
2026-08-20 04:05:00+00:00,0.03827,0.03915,0.0378,0.03896,3666.0
2026-08-20 04:10:00+00:00,0.0389,0.0389,0.03819,0.03862,3058.0
2026-08-20 04:15:00+00:00,0.03862,0.03995,0.03856,0.03978,1671.0
2026-08-20 04:20:00+00:00,0.03969,0.04,0.03967,0.0397,1323.0
2026-08-20 04:25:00+00:00,0.03967,0.04019,0.0392,0.03922,3885.0
2026-08-20 04:30:00+00:00,0.0392,0.0392,0.03859,0.0388,1233.0
2026-08-20 04:35:00+00:00,0.03872,0.03883,0.03836,0.03882,3198.0
2026-08-20 04:40:00+00:00,0.03874,0.03939,0.03874,0.03929,1020.0
2026-08-20 04:45:00+00:00,0.03925,0.03975,0.03832,0.03834,3495.0
2026-08-20 04:50:00+00:00,0.03843,0.0391,0.0383,0.03888,983.0
2026-08-20 04:55:00+00:00,0.03896,0.03908,0.03896,0.03908,166.0
2026-08-20 05:00:00+00:00,0.03898,0.03924,0.03888,0.03902,1126.0
2026-08-20 05:05:00+00:00,0.03904,0.03919,0.03889,0.03892,1478.0
2026-08-20 05:10:00+00:00,0.03899,0.03899,0.03801,0.03802,8053.0
2026-08-20 05:15:00+00:00,0.03802,0.03868,0.03801,0.03844,975.0
2026-08-20 05:20:00+00:00,0.03842,0.03898,0.03842,0.0387,1194.0
2026-08-20 05:25:00+00:00,0.0387,0.03901,0.0387,0.03901,202.0
2026-08-20 05:30:00+00:00,0.03905,0.03907,0.0388,0.0388,199.0
2026-08-20 05:35:00+00:00,0.03882,0.03912,0.03882,0.03906,670.0
2026-08-20 05:40:00+00:00,0.03893,0.03909,0.03891,0.03909,159.0
2026-08-20 05:45:00+00:00,0.03909,0.03956,0.039,0.03946,268.0
2026-08-20 05:50:00+00:00,0.0395,0.03954,0.03912,0.03933,1438.0
2026-08-20 05:55:00+00:00,0.03937,0.03967,0.03927,0.03958,916.0
2026-08-20 06:00:00+00:00,0.03954,0.03991,0.03945,0.0399,1032.0
2026-08-20 06:05:00+00:00,0.03985,0.03985,0.03962,0.03976,326.0
2026-08-20 06:10:00+00:00,0.03976,0.03979,0.03914,0.03916,410.0
2026-08-20 06:15:00+00:00,0.03914,0.03973,0.03912,0.03917,1063.0
2026-08-20 06:20:00+00:00,0.0392,0.0392,0.039,0.03911,349.0
2026-08-20 06:25:00+00:00,0.03902,0.03944,0.0389,0.03929,1621.0
2026-08-20 06:30:00+00:00,0.03922,0.04,0.03919,0.04,7024.0
2026-08-20 06:35:00+00:00,0.04,0.04069,0.03992,0.04009,4265.0
2026-08-20 06:40:00+00:00,0.04,0.0403,0.03954,0.03994,953.0
2026-08-20 06:45:00+00:00,0.03992,0.04049,0.0397,0.0402,2148.0
2026-08-20 06:50:00+00:00,0.04028,0.04118,0.0402,0.04101,4121.0
2026-08-20 06:55:00+00:00,0.04111,0.04199,0.0409,0.04199,5494.0
2026-08-20 07:00:00+00:00,0.04196,0.04252,0.04117,0.0416,6755.0
2026-08-20 07:05:00+00:00,0.04165,0.0418,0.04031,0.0406,4507.0
2026-08-20 07:10:00+00:00,0.0406,0.04103,0.0404,0.0404,1883.0
2026-08-20 07:15:00+00:00,0.04041,0.04062,0.03975,0.03975,1039.0
2026-08-20 07:20:00+00:00,0.03975,0.0399,0.03939,0.03978,3550.0
2026-08-20 07:25:00+00:00,0.03967,0.04015,0.03943,0.03977,2842.0
2026-08-20 07:30:00+00:00,0.03979,0.04,0.03969,0.03998,423.0
2026-08-20 07:35:00+00:00,0.03998,0.04095,0.03998,0.04083,1846.0
2026-08-20 07:40:00+00:00,0.04094,0.0419,0.04057,0.04123,4888.0
2026-08-20 07:45:00+00:00,0.0412,0.04134,0.04037,0.04082,2186.0
2026-08-20 07:50:00+00:00,0.04072,0.04083,0.0399,0.04029,2145.0
2026-08-20 07:55:00+00:00,0.0403,0.04099,0.0403,0.04095,1476.0
2026-08-20 08:00:00+00:00,0.0408,0.04148,0.04057,0.04095,2079.0
2026-08-20 08:05:00+00:00,0.0409,0.04125,0.04078,0.04125,1034.0
2026-08-20 08:10:00+00:00,0.04125,0.04128,0.04025,0.04079,4823.0
2026-08-20 08:15:00+00:00,0.04069,0.04117,0.04065,0.04094,668.0
2026-08-20 08:20:00+00:00,0.04085,0.04285,0.04082,0.04244,2462.0
2026-08-20 08:25:00+00:00,0.04258,0.04481,0.04225,0.044,17531.0
2026-08-20 08:30:00+00:00,0.04401,0.04676,0.04399,0.0465,16394.0
2026-08-20 08:35:00+00:00,0.0466,0.0563,0.0466,0.05569,45688.0
2026-08-20 08:40:00+00:00,0.05569,0.05784,0.05064,0.05229,30514.0
2026-08-20 08:45:00+00:00,0.0523,0.06114,0.05209,0.05841,48018.0
2026-08-20 08:50:00+00:00,0.05835,0.05985,0.05481,0.05853,37855.0
2026-08-20 08:55:00+00:00,0.05884,0.06313,0.05629,0.0619,35676.0
2026-08-20 09:00:00+00:00,0.0617,0.0697,0.05818,0.06465,80316.0
2026-08-20 09:05:00+00:00,0.06425,0.06738,0.0616,0.06397,36741.0
2026-08-20 09:10:00+00:00,0.0639,0.06461,0.06,0.06101,32552.0
2026-08-20 09:15:00+00:00,0.06124,0.06192,0.0582,0.0594,45428.0
2026-08-20 09:20:00+00:00,0.0594,0.05984,0.05639,0.05696,33955.0
2026-08-20 09:25:00+00:00,0.05695,0.05968,0.05695,0.05928,22694.0
2026-08-20 09:30:00+00:00,0.05918,0.06166,0.05903,0.06086,24846.0
2026-08-20 09:35:00+00:00,0.06086,0.06244,0.06034,0.0611,14397.0
2026-08-20 09:40:00+00:00,0.06124,0.06144,0.06,0.06111,12284.0
2026-08-20 09:45:00+00:00,0.0612,0.06254,0.06092,0.06149,13096.0
2026-08-20 09:50:00+00:00,0.06149,0.0622,0.05915,0.06039,11088.0
2026-08-20 09:55:00+00:00,0.0604,0.06173,0.05974,0.06039,8337.0
2026-08-20 10:00:00+00:00,0.06024,0.06059,0.05815,0.05817,6881.0
2026-08-20 10:05:00+00:00,0.05843,0.0598,0.05692,0.0598,18315.0
2026-08-20 10:10:00+00:00,0.05982,0.06237,0.05963,0.0604,14346.0
2026-08-20 10:15:00+00:00,0.0604,0.06264,0.06001,0.06126,9660.0
2026-08-20 10:20:00+00:00,0.06152,0.06498,0.06126,0.06373,23386.0
2026-08-20 10:25:00+00:00,0.06348,0.06964,0.06253,0.06712,50890.0
2026-08-20 10:30:00+00:00,0.06707,0.06716,0.063,0.06427,28319.0
2026-08-20 10:35:00+00:00,0.06419,0.06929,0.063,0.06795,27545.0
2026-08-20 10:40:00+00:00,0.06783,0.06949,0.06679,0.06838,32633.0
2026-08-20 10:45:00+00:00,0.06838,0.07138,0.06628,0.06915,41829.0
2026-08-20 10:50:00+00:00,0.06894,0.07323,0.0682,0.07128,41037.0
2026-08-20 10:55:00+00:00,0.07128,0.07193,0.06816,0.0691,23531.0
2026-08-20 11:00:00+00:00,0.069,0.069,0.064,0.06786,40749.0
2026-08-20 11:05:00+00:00,0.06786,0.06942,0.06713,0.06726,14483.0
2026-08-20 11:10:00+00:00,0.0674,0.07,0.067,0.06957,16056.0
2026-08-20 11:15:00+00:00,0.0698,0.07,0.06722,0.06823,15026.0
2026-08-20 11:20:00+00:00,0.068,0.06848,0.06582,0.06629,11072.0
2026-08-20 11:25:00+00:00,0.06606,0.06634,0.06412,0.06469,14116.0
2026-08-20 11:30:00+00:00,0.06469,0.06621,0.06353,0.06404,16052.0
2026-08-20 11:35:00+00:00,0.0641,0.06444,0.06254,0.06366,8730.0
2026-08-20 11:40:00+00:00,0.06392,0.06567,0.06372,0.06524,8972.0
2026-08-20 11:45:00+00:00,0.06524,0.06726,0.06518,0.06681,9233.0
2026-08-20 11:50:00+00:00,0.06679,0.06694,0.06342,0.06395,8467.0
2026-08-20 11:55:00+00:00,0.06396,0.065,0.06088,0.06244,15402.0
2026-08-20 12:00:00+00:00,0.06245,0.06271,0.06084,0.06127,14462.0
2026-08-20 12:05:00+00:00,0.06142,0.06359,0.0613,0.06183,14718.0
2026-08-20 12:10:00+00:00,0.06185,0.0621,0.06017,0.06077,10316.0
2026-08-20 12:15:00+00:00,0.06091,0.06199,0.06051,0.0618,7559.0
2026-08-20 12:20:00+00:00,0.06197,0.06197,0.06,0.06037,14361.0
2026-08-20 12:25:00+00:00,0.06037,0.0611,0.0586,0.05923,12508.0
2026-08-20 12:30:00+00:00,0.05915,0.0606,0.05864,0.06033,10239.0
2026-08-20 12:35:00+00:00,0.0605,0.06128,0.06033,0.06051,9952.0
2026-08-20 12:40:00+00:00,0.06035,0.0621,0.0596,0.06197,11465.0
2026-08-20 12:45:00+00:00,0.06186,0.06242,0.06053,0.06229,11449.0
2026-08-20 12:50:00+00:00,0.06224,0.0625,0.06027,0.06045,12318.0
2026-08-20 12:55:00+00:00,0.06044,0.06287,0.06035,0.06174,10767.0
2026-08-20 13:00:00+00:00,0.0617,0.06178,0.06032,0.0608,10076.0
2026-08-20 13:05:00+00:00,0.06066,0.06511,0.06065,0.06278,18603.0
2026-08-20 13:10:00+00:00,0.06276,0.06485,0.06262,0.06383,12891.0
2026-08-20 13:15:00+00:00,0.06383,0.06443,0.06301,0.06318,6492.0
2026-08-20 13:20:00+00:00,0.06302,0.06332,0.061,0.06159,9270.0
2026-08-20 13:25:00+00:00,0.06157,0.06188,0.06,0.06046,13541.0
2026-08-20 13:30:00+00:00,0.06046,0.06115,0.06013,0.06013,4310.0
2026-08-20 13:35:00+00:00,0.06026,0.06125,0.05941,0.06085,14329.0
2026-08-20 13:40:00+00:00,0.06093,0.06226,0.06093,0.06179,6846.0
2026-08-20 13:45:00+00:00,0.06174,0.06209,0.05956,0.06106,7162.0
2026-08-20 13:50:00+00:00,0.06125,0.06231,0.0605,0.06224,7530.0
2026-08-20 13:55:00+00:00,0.06208,0.0639,0.06188,0.0634,9975.0
2026-08-20 14:00:00+00:00,0.0635,0.0635,0.06214,0.06234,6593.0
2026-08-20 14:05:00+00:00,0.06235,0.06306,0.06215,0.06305,2066.0
2026-08-20 14:10:00+00:00,0.06312,0.06434,0.06289,0.06376,4541.0
2026-08-20 14:15:00+00:00,0.06366,0.06392,0.06137,0.0622,9837.0
2026-08-20 14:20:00+00:00,0.06204,0.06217,0.06156,0.06177,6035.0
2026-08-20 14:25:00+00:00,0.06177,0.06218,0.06035,0.06138,5547.0
2026-08-20 14:30:00+00:00,0.06153,0.06154,0.06066,0.061,8760.0
2026-08-20 14:35:00+00:00,0.061,0.06188,0.06091,0.0615,6163.0
2026-08-20 14:40:00+00:00,0.06155,0.0631,0.06154,0.06286,5682.0
2026-08-20 14:45:00+00:00,0.06291,0.06339,0.06159,0.06255,6497.0
2026-08-20 14:50:00+00:00,0.0624,0.06386,0.06238,0.06351,4811.0
2026-08-20 14:55:00+00:00,0.06359,0.06499,0.06356,0.06422,11804.0
2026-08-20 15:00:00+00:00,0.064,0.06708,0.064,0.067,19873.0
2026-08-20 15:05:00+00:00,0.0668,0.0669,0.06472,0.06495,11357.0
2026-08-20 15:10:00+00:00,0.06495,0.06539,0.0629,0.06315,11869.0
2026-08-20 15:15:00+00:00,0.06296,0.0635,0.06109,0.06131,15501.0
2026-08-20 15:20:00+00:00,0.06133,0.06274,0.06074,0.06127,10935.0
2026-08-20 15:25:00+00:00,0.06125,0.06186,0.06116,0.06174,3545.0
2026-08-20 15:30:00+00:00,0.06174,0.06297,0.06137,0.06266,5466.0
2026-08-20 15:35:00+00:00,0.06263,0.06346,0.062,0.06215,7297.0
2026-08-20 15:40:00+00:00,0.06201,0.06201,0.06103,0.06154,8717.0
2026-08-20 15:45:00+00:00,0.06138,0.06151,0.05754,0.0593,34557.0
2026-08-20 15:50:00+00:00,0.05915,0.05995,0.0578,0.05915,27419.0
2026-08-20 15:55:00+00:00,0.05908,0.05938,0.05636,0.0586,27211.0
2026-08-20 16:00:00+00:00,0.05856,0.05911,0.05661,0.05788,18553.0
2026-08-20 16:05:00+00:00,0.05791,0.05997,0.05775,0.05951,13671.0
2026-08-20 16:10:00+00:00,0.05946,0.05992,0.058,0.05855,11242.0
2026-08-20 16:15:00+00:00,0.0587,0.059,0.0582,0.05888,5276.0
2026-08-20 16:20:00+00:00,0.05897,0.05897,0.05708,0.05791,4399.0
2026-08-20 16:25:00+00:00,0.05796,0.05852,0.05694,0.05787,9931.0
2026-08-20 16:30:00+00:00,0.05771,0.05949,0.05744,0.05934,11063.0
2026-08-20 16:35:00+00:00,0.05932,0.06138,0.05932,0.06068,7492.0
2026-08-20 16:40:00+00:00,0.06056,0.06133,0.06028,0.06133,10425.0
2026-08-20 16:45:00+00:00,0.06121,0.062,0.06106,0.06172,10406.0
2026-08-20 16:50:00+00:00,0.06162,0.06174,0.05876,0.05965,10547.0
2026-08-20 16:55:00+00:00,0.05977,0.06142,0.05977,0.06129,4392.0
2026-08-20 17:00:00+00:00,0.06118,0.06152,0.06009,0.06025,6705.0
2026-08-20 17:05:00+00:00,0.06032,0.06106,0.06001,0.06001,4134.0
2026-08-20 17:10:00+00:00,0.06016,0.06079,0.05976,0.06027,3907.0
2026-08-20 17:15:00+00:00,0.0604,0.0605,0.05932,0.05974,1695.0
2026-08-20 17:20:00+00:00,0.05972,0.05997,0.05947,0.05951,1894.0
2026-08-20 17:25:00+00:00,0.05966,0.06038,0.05783,0.06038,4423.0
2026-08-20 17:30:00+00:00,0.06038,0.06044,0.05863,0.0596,6929.0
2026-08-20 17:35:00+00:00,0.05952,0.05995,0.05925,0.0596,2098.0
2026-08-20 17:40:00+00:00,0.0595,0.05977,0.05903,0.05919,882.0
2026-08-20 17:45:00+00:00,0.05932,0.05939,0.05889,0.05925,1640.0
2026-08-20 17:50:00+00:00,0.05914,0.05933,0.05878,0.05895,1860.0
2026-08-20 17:55:00+00:00,0.05905,0.05937,0.0575,0.05765,3655.0
2026-08-20 18:00:00+00:00,0.05773,0.0583,0.057,0.05817,6070.0
2026-08-20 18:05:00+00:00,0.05804,0.05835,0.05797,0.05816,2363.0
2026-08-20 18:10:00+00:00,0.05804,0.05811,0.05778,0.05778,6105.0
2026-08-20 18:15:00+00:00,0.05778,0.05788,0.0566,0.05733,9418.0
2026-08-20 18:20:00+00:00,0.05734,0.059,0.05717,0.0586,10210.0
2026-08-20 18:25:00+00:00,0.05844,0.05865,0.05725,0.05794,5250.0
2026-08-20 18:30:00+00:00,0.0578,0.05987,0.0578,0.05953,8320.0
2026-08-20 18:35:00+00:00,0.05953,0.06,0.0582,0.05886,3488.0
2026-08-20 18:40:00+00:00,0.05864,0.05932,0.0585,0.05923,2494.0
2026-08-20 18:45:00+00:00,0.05924,0.05951,0.05876,0.05951,3087.0
2026-08-20 18:50:00+00:00,0.0595,0.05951,0.059,0.0593,4305.0
2026-08-20 18:55:00+00:00,0.05917,0.06085,0.05914,0.06032,8935.0
2026-08-20 19:00:00+00:00,0.06024,0.06034,0.05929,0.05999,5008.0
2026-08-20 19:05:00+00:00,0.05985,0.06079,0.05985,0.06012,7468.0
2026-08-20 19:10:00+00:00,0.05996,0.06044,0.05984,0.06024,3821.0
2026-08-20 19:15:00+00:00,0.06039,0.0614,0.06026,0.06125,3093.0
2026-08-20 19:20:00+00:00,0.06119,0.06312,0.061,0.06257,8667.0
2026-08-20 19:25:00+00:00,0.06238,0.06261,0.062,0.06223,7221.0
2026-08-20 19:30:00+00:00,0.06232,0.06246,0.06102,0.06119,8578.0
2026-08-20 19:35:00+00:00,0.06119,0.06199,0.06084,0.06149,5730.0
2026-08-20 19:40:00+00:00,0.06149,0.06362,0.06149,0.06265,7420.0
2026-08-20 19:45:00+00:00,0.06263,0.06298,0.06176,0.06234,6218.0
2026-08-20 19:50:00+00:00,0.06234,0.06257,0.06102,0.06184,7403.0
2026-08-20 19:55:00+00:00,0.06172,0.0619,0.06142,0.06178,1174.0
2026-08-20 20:00:00+00:00,0.06166,0.0619,0.06041,0.06136,8143.0
2026-08-20 20:05:00+00:00,0.06136,0.06137,0.05807,0.05953,9251.0
2026-08-20 20:10:00+00:00,0.05972,0.06151,0.05964,0.06139,7993.0
2026-08-20 20:15:00+00:00,0.06139,0.06148,0.05852,0.05895,11611.0
2026-08-20 20:20:00+00:00,0.05901,0.05965,0.058,0.05864,8408.0
2026-08-20 20:25:00+00:00,0.05864,0.05957,0.05767,0.0579,5495.0
2026-08-20 20:30:00+00:00,0.05769,0.05814,0.05743,0.05759,2720.0
2026-08-20 20:35:00+00:00,0.05758,0.0585,0.05758,0.05811,2933.0
2026-08-20 20:40:00+00:00,0.05792,0.05883,0.05642,0.05646,5493.0
2026-08-20 20:45:00+00:00,0.05647,0.05659,0.05419,0.05493,10426.0
2026-08-20 20:50:00+00:00,0.05516,0.05592,0.05444,0.05469,8133.0
2026-08-20 20:55:00+00:00,0.05475,0.05496,0.05351,0.05496,5804.0
2026-08-20 21:00:00+00:00,0.05481,0.0557,0.05424,0.05558,4967.0
2026-08-20 21:05:00+00:00,0.05564,0.05672,0.05563,0.05647,2215.0
2026-08-20 21:10:00+00:00,0.05636,0.05655,0.0557,0.05625,1382.0
2026-08-20 21:15:00+00:00,0.05625,0.05749,0.05615,0.05686,4926.0
2026-08-20 21:20:00+00:00,0.05702,0.05985,0.05684,0.05866,9694.0
2026-08-20 21:25:00+00:00,0.05854,0.05931,0.05728,0.05789,8766.0
2026-08-20 21:30:00+00:00,0.0579,0.05815,0.05747,0.05802,3061.0
2026-08-20 21:35:00+00:00,0.05804,0.05895,0.05618,0.05658,7179.0
2026-08-20 21:40:00+00:00,0.05637,0.05702,0.05568,0.05682,1989.0
2026-08-20 21:45:00+00:00,0.05677,0.05713,0.05661,0.05697,1247.0
2026-08-20 21:50:00+00:00,0.05696,0.05725,0.05627,0.05682,2537.0
2026-08-20 21:55:00+00:00,0.05661,0.05683,0.05578,0.05578,3259.0
2026-08-20 22:00:00+00:00,0.05596,0.05611,0.0544,0.05441,8820.0
2026-08-20 22:05:00+00:00,0.05456,0.05467,0.05283,0.053,11713.0
2026-08-20 22:10:00+00:00,0.05276,0.0549,0.05265,0.05406,10841.0
2026-08-20 22:15:00+00:00,0.05396,0.05651,0.05323,0.05561,11748.0
2026-08-20 22:20:00+00:00,0.05561,0.05658,0.05541,0.0563,3273.0
2026-08-20 22:25:00+00:00,0.05624,0.05771,0.05587,0.05708,9275.0
2026-08-20 22:30:00+00:00,0.05719,0.05818,0.05582,0.0568,7259.0
2026-08-20 22:35:00+00:00,0.05661,0.05723,0.05653,0.05697,5601.0
2026-08-20 22:40:00+00:00,0.05699,0.0574,0.05601,0.05601,3018.0
2026-08-20 22:45:00+00:00,0.05622,0.05725,0.05595,0.0572,2792.0
2026-08-20 22:50:00+00:00,0.05715,0.0572,0.05541,0.05656,8988.0
2026-08-20 22:55:00+00:00,0.05656,0.05656,0.05516,0.05618,7547.0
2026-08-20 23:00:00+00:00,0.0562,0.05623,0.05412,0.05479,5408.0
2026-08-20 23:05:00+00:00,0.05479,0.05672,0.05462,0.05662,3401.0
2026-08-20 23:10:00+00:00,0.05661,0.05896,0.05651,0.0584,10098.0
2026-08-20 23:15:00+00:00,0.05852,0.05915,0.05735,0.05794,12780.0
2026-08-20 23:20:00+00:00,0.05814,0.05888,0.05753,0.05819,7830.0
2026-08-20 23:25:00+00:00,0.05805,0.05847,0.05666,0.05805,6344.0
2026-08-20 23:30:00+00:00,0.05805,0.05813,0.05705,0.0572,1009.0
2026-08-20 23:35:00+00:00,0.057,0.057,0.05581,0.05622,4217.0
2026-08-20 23:40:00+00:00,0.05624,0.05706,0.05604,0.0568,2790.0
2026-08-20 23:45:00+00:00,0.0568,0.05779,0.0568,0.05764,2461.0
2026-08-20 23:50:00+00:00,0.05759,0.05764,0.05661,0.05694,2079.0
2026-08-20 23:55:00+00:00,0.05692,0.05855,0.05692,0.05781,7905.0
2026-08-21 00:00:00+00:00,0.05782,0.06085,0.05781,0.06,6540.0
2026-08-21 00:05:00+00:00,0.05998,0.06037,0.05879,0.05889,5573.0
2026-08-21 00:10:00+00:00,0.05888,0.06012,0.05872,0.05901,3694.0
2026-08-21 00:15:00+00:00,0.05902,0.0596,0.05843,0.05878,4465.0
2026-08-21 00:20:00+00:00,0.05877,0.05906,0.05671,0.05675,6802.0
2026-08-21 00:25:00+00:00,0.05695,0.0573,0.05684,0.05724,2409.0
2026-08-21 00:30:00+00:00,0.05725,0.05731,0.05551,0.05576,8393.0
2026-08-21 00:35:00+00:00,0.056,0.05633,0.05553,0.05633,3827.0
2026-08-21 00:40:00+00:00,0.05634,0.05767,0.05634,0.05663,4426.0
2026-08-21 00:45:00+00:00,0.05663,0.05707,0.05663,0.05683,1720.0
2026-08-21 00:50:00+00:00,0.05696,0.05779,0.05696,0.05768,1842.0
2026-08-21 00:55:00+00:00,0.05769,0.0581,0.05608,0.0563,2568.0
2026-08-21 01:00:00+00:00,0.05629,0.0566,0.05619,0.05646,1596.0
2026-08-21 01:05:00+00:00,0.05646,0.05707,0.05636,0.05697,2510.0
2026-08-21 01:10:00+00:00,0.05684,0.05707,0.05635,0.05674,3233.0
2026-08-21 01:15:00+00:00,0.05681,0.05731,0.05658,0.05703,2015.0
2026-08-21 01:20:00+00:00,0.05702,0.05812,0.057,0.05812,3823.0
2026-08-21 01:25:00+00:00,0.05802,0.05981,0.05802,0.05937,7406.0
2026-08-21 01:30:00+00:00,0.05936,0.06094,0.05928,0.06093,4829.0
2026-08-21 01:35:00+00:00,0.06093,0.06299,0.06072,0.06273,6451.0
2026-08-21 01:40:00+00:00,0.06277,0.063,0.061,0.06232,10805.0
2026-08-21 01:45:00+00:00,0.06234,0.06423,0.06173,0.0637,11352.0
2026-08-21 01:50:00+00:00,0.0639,0.065,0.06301,0.06418,9140.0
2026-08-21 01:55:00+00:00,0.06418,0.06449,0.0626,0.06303,6523.0
2026-08-21 02:00:00+00:00,0.06292,0.06599,0.06161,0.06477,9871.0
2026-08-21 02:05:00+00:00,0.06477,0.06666,0.06421,0.06524,12363.0
2026-08-21 02:10:00+00:00,0.06523,0.06601,0.06514,0.06575,5992.0
2026-08-21 02:15:00+00:00,0.06546,0.06547,0.0624,0.06342,7692.0
2026-08-21 02:20:00+00:00,0.06369,0.0655,0.06317,0.06524,6626.0
2026-08-21 02:25:00+00:00,0.06549,0.06551,0.0647,0.06505,4295.0
2026-08-21 02:30:00+00:00,0.06506,0.06884,0.06506,0.06842,20530.0
2026-08-21 02:35:00+00:00,0.06866,0.06885,0.06577,0.06577,10251.0
2026-08-21 02:40:00+00:00,0.06573,0.06659,0.06551,0.06586,3623.0
2026-08-21 02:45:00+00:00,0.06565,0.06598,0.065,0.06545,5184.0
2026-08-21 02:50:00+00:00,0.065,0.06585,0.06437,0.06522,4031.0
2026-08-21 02:55:00+00:00,0.06523,0.06552,0.06426,0.06461,4881.0
2026-08-21 03:00:00+00:00,0.06455,0.06465,0.06352,0.06353,2348.0
2026-08-21 03:05:00+00:00,0.06366,0.06415,0.06248,0.06258,4658.0
2026-08-21 03:10:00+00:00,0.06292,0.06319,0.06176,0.06178,3696.0
2026-08-21 03:15:00+00:00,0.06212,0.06213,0.06114,0.06179,5249.0
2026-08-21 03:20:00+00:00,0.06191,0.06319,0.06164,0.0621,6027.0
2026-08-21 03:25:00+00:00,0.06233,0.06253,0.06,0.06097,12528.0
2026-08-21 03:30:00+00:00,0.06102,0.06116,0.06,0.06096,13716.0
2026-08-21 03:35:00+00:00,0.06084,0.06177,0.06021,0.06133,7453.0
2026-08-21 03:40:00+00:00,0.06152,0.06224,0.06152,0.06224,3137.0
2026-08-21 03:45:00+00:00,0.06219,0.06235,0.06199,0.0622,5865.0
2026-08-21 03:50:00+00:00,0.06219,0.06255,0.06207,0.06245,4628.0
2026-08-21 03:55:00+00:00,0.06236,0.06257,0.06133,0.06228,6540.0
2026-08-21 04:00:00+00:00,0.06231,0.06283,0.06154,0.06173,4889.0
2026-08-21 04:05:00+00:00,0.06164,0.06461,0.06156,0.06338,8630.0
2026-08-21 04:10:00+00:00,0.06338,0.0653,0.06338,0.06529,7171.0
2026-08-21 04:15:00+00:00,0.0653,0.0684,0.0653,0.06742,16350.0
2026-08-21 04:20:00+00:00,0.06747,0.06747,0.06409,0.06543,14836.0
2026-08-21 04:25:00+00:00,0.06554,0.06715,0.06539,0.06677,7943.0
2026-08-21 04:30:00+00:00,0.06671,0.069,0.06635,0.06897,12802.0
2026-08-21 04:35:00+00:00,0.06897,0.06899,0.067,0.06736,6440.0
2026-08-21 04:40:00+00:00,0.06723,0.0691,0.067,0.0672,12350.0
2026-08-21 04:45:00+00:00,0.06715,0.06781,0.06628,0.067,6136.0
2026-08-21 04:50:00+00:00,0.067,0.06881,0.06422,0.06788,13465.0
2026-08-21 04:55:00+00:00,0.06785,0.0725,0.06773,0.07133,16378.0
2026-08-21 05:00:00+00:00,0.07116,0.07349,0.07031,0.07125,24351.0
2026-08-21 05:05:00+00:00,0.07126,0.07333,0.07094,0.07328,11258.0
2026-08-21 05:10:00+00:00,0.07328,0.07428,0.07106,0.07157,13191.0
2026-08-21 05:15:00+00:00,0.07172,0.07322,0.0708,0.07291,11178.0
2026-08-21 05:20:00+00:00,0.07294,0.07379,0.0701,0.07129,16496.0
2026-08-21 05:25:00+00:00,0.07145,0.0715,0.06863,0.07038,14920.0
2026-08-21 05:30:00+00:00,0.07038,0.07055,0.06778,0.06984,8880.0
2026-08-21 05:35:00+00:00,0.06974,0.07191,0.06964,0.07188,6082.0
2026-08-21 05:40:00+00:00,0.07188,0.07261,0.0713,0.0722,10669.0
2026-08-21 05:45:00+00:00,0.07214,0.0722,0.06886,0.07048,13326.0
2026-08-21 05:50:00+00:00,0.07052,0.0723,0.07035,0.07112,6304.0
2026-08-21 05:55:00+00:00,0.07091,0.07153,0.07091,0.07118,4956.0
2026-08-21 06:00:00+00:00,0.07118,0.07118,0.06937,0.07005,5454.0
2026-08-21 06:05:00+00:00,0.06996,0.07124,0.06994,0.071,3583.0
2026-08-21 06:10:00+00:00,0.07103,0.07189,0.07071,0.07177,4098.0
2026-08-21 06:15:00+00:00,0.07169,0.07292,0.06993,0.0715,15960.0
2026-08-21 06:20:00+00:00,0.07145,0.07159,0.06995,0.07034,5646.0
2026-08-21 06:25:00+00:00,0.0701,0.07068,0.06995,0.07048,1963.0
2026-08-21 06:30:00+00:00,0.07048,0.07048,0.06767,0.0678,13163.0
2026-08-21 06:35:00+00:00,0.0677,0.06922,0.06701,0.06883,9884.0
2026-08-21 06:40:00+00:00,0.06889,0.07198,0.06835,0.07046,9901.0
2026-08-21 06:45:00+00:00,0.0704,0.07066,0.069,0.07034,3678.0
2026-08-21 06:50:00+00:00,0.07055,0.07055,0.06983,0.07024,2144.0
2026-08-21 06:55:00+00:00,0.07025,0.07031,0.0685,0.06855,4161.0
2026-08-21 07:00:00+00:00,0.06868,0.06983,0.0675,0.06961,5528.0
2026-08-21 07:05:00+00:00,0.06963,0.0704,0.06963,0.06995,4332.0
2026-08-21 07:10:00+00:00,0.0698,0.06998,0.06937,0.06957,1685.0
2026-08-21 07:15:00+00:00,0.06942,0.07059,0.06942,0.07043,2768.0
2026-08-21 07:20:00+00:00,0.07042,0.07162,0.06996,0.07162,3411.0
2026-08-21 07:25:00+00:00,0.0716,0.07247,0.07139,0.07221,5329.0
2026-08-21 07:30:00+00:00,0.07244,0.07259,0.0718,0.07217,4553.0
2026-08-21 07:35:00+00:00,0.07212,0.07418,0.06974,0.0717,14485.0
2026-08-21 07:40:00+00:00,0.07171,0.07879,0.07139,0.07381,24920.0
2026-08-21 07:45:00+00:00,0.07378,0.07749,0.07355,0.07662,17427.0
2026-08-21 07:50:00+00:00,0.07665,0.07739,0.07328,0.07492,20212.0
2026-08-21 07:55:00+00:00,0.07477,0.07592,0.07315,0.07579,11404.0
2026-08-21 08:00:00+00:00,0.07569,0.07591,0.07282,0.07305,6969.0
2026-08-21 08:05:00+00:00,0.07294,0.07384,0.07192,0.07292,11282.0
2026-08-21 08:10:00+00:00,0.07286,0.073,0.07006,0.07119,13740.0
2026-08-21 08:15:00+00:00,0.07117,0.07242,0.06957,0.06998,12922.0
2026-08-21 08:20:00+00:00,0.07,0.0701,0.0678,0.0686,21534.0
2026-08-21 08:25:00+00:00,0.06875,0.06924,0.06794,0.06905,6702.0
2026-08-21 08:30:00+00:00,0.06892,0.06894,0.06717,0.06727,9134.0
2026-08-21 08:35:00+00:00,0.0674,0.0689,0.06717,0.06865,10760.0
2026-08-21 08:40:00+00:00,0.06865,0.07188,0.06835,0.0701,17231.0
2026-08-21 08:45:00+00:00,0.0701,0.0712,0.06992,0.07076,6244.0
2026-08-21 08:50:00+00:00,0.07079,0.07105,0.07028,0.07097,3453.0
2026-08-21 08:55:00+00:00,0.0711,0.07226,0.07088,0.07211,4706.0
2026-08-21 09:00:00+00:00,0.07201,0.07258,0.06653,0.0674,17585.0
2026-08-21 09:05:00+00:00,0.06754,0.06868,0.06501,0.06545,19365.0
2026-08-21 09:10:00+00:00,0.0655,0.06751,0.0648,0.067,14464.0
2026-08-21 09:15:00+00:00,0.06709,0.06725,0.06522,0.06611,8935.0
2026-08-21 09:20:00+00:00,0.06611,0.06611,0.06316,0.06381,12455.0
2026-08-21 09:25:00+00:00,0.06382,0.06585,0.06382,0.06569,4154.0
2026-08-21 09:30:00+00:00,0.0656,0.0668,0.06553,0.0659,4903.0
2026-08-21 09:35:00+00:00,0.06583,0.06618,0.06547,0.06614,2068.0
2026-08-21 09:40:00+00:00,0.06618,0.0682,0.06598,0.06695,7667.0
2026-08-21 09:45:00+00:00,0.0671,0.06745,0.06505,0.06548,4990.0
2026-08-21 09:50:00+00:00,0.0656,0.06587,0.0645,0.06478,5291.0
2026-08-21 09:55:00+00:00,0.06496,0.06511,0.064,0.06424,4329.0
2026-08-21 10:00:00+00:00,0.06421,0.06439,0.0629,0.06352,8093.0
2026-08-21 10:05:00+00:00,0.06338,0.06575,0.06338,0.06521,6047.0
2026-08-21 10:10:00+00:00,0.06522,0.06549,0.06484,0.06535,2993.0
2026-08-21 10:15:00+00:00,0.0652,0.06631,0.06501,0.06631,4289.0
2026-08-21 10:20:00+00:00,0.06615,0.06716,0.0659,0.06654,6521.0
2026-08-21 10:25:00+00:00,0.06635,0.06776,0.06628,0.06754,6092.0
2026-08-21 10:30:00+00:00,0.06745,0.06984,0.06734,0.0688,7702.0
2026-08-21 10:35:00+00:00,0.06861,0.06905,0.06843,0.06862,6873.0
2026-08-21 10:40:00+00:00,0.06878,0.06944,0.06763,0.06923,5847.0
2026-08-21 10:45:00+00:00,0.06934,0.06934,0.06813,0.06864,2818.0
2026-08-21 10:50:00+00:00,0.06875,0.06875,0.068,0.06836,2521.0
2026-08-21 10:55:00+00:00,0.06817,0.06905,0.06786,0.06885,5635.0
2026-08-21 11:00:00+00:00,0.06885,0.06885,0.06695,0.06717,11155.0
2026-08-21 11:05:00+00:00,0.06728,0.06754,0.06652,0.06717,7159.0
2026-08-21 11:10:00+00:00,0.06724,0.06726,0.06625,0.06664,3176.0
2026-08-21 11:15:00+00:00,0.06659,0.06852,0.06618,0.06787,7679.0
2026-08-21 11:20:00+00:00,0.06798,0.0686,0.06765,0.06765,3101.0
2026-08-21 11:25:00+00:00,0.06765,0.06814,0.0673,0.06785,1439.0
2026-08-21 11:30:00+00:00,0.06782,0.068,0.0666,0.0668,1480.0
2026-08-21 11:35:00+00:00,0.06665,0.06681,0.0654,0.06611,4849.0
2026-08-21 11:40:00+00:00,0.06635,0.06639,0.06545,0.06591,1700.0
2026-08-21 11:45:00+00:00,0.06591,0.06608,0.06452,0.06501,2956.0
2026-08-21 11:50:00+00:00,0.06502,0.0656,0.06426,0.0653,5318.0
2026-08-21 11:55:00+00:00,0.06545,0.06616,0.06536,0.06561,2475.0
2026-08-21 12:00:00+00:00,0.06547,0.0665,0.06547,0.06599,3989.0
2026-08-21 12:05:00+00:00,0.066,0.0661,0.06502,0.06528,2060.0
2026-08-21 12:10:00+00:00,0.06527,0.06569,0.06363,0.06405,4632.0
2026-08-21 12:15:00+00:00,0.06401,0.06418,0.06114,0.06179,11775.0
2026-08-21 12:20:00+00:00,0.06156,0.0625,0.06016,0.06203,10606.0
2026-08-21 12:25:00+00:00,0.0623,0.06305,0.06174,0.0629,3725.0
2026-08-21 12:30:00+00:00,0.0629,0.06297,0.06173,0.06225,2001.0
2026-08-21 12:35:00+00:00,0.06238,0.06403,0.06192,0.06362,3394.0
2026-08-21 12:40:00+00:00,0.06362,0.06433,0.06351,0.064,3304.0
2026-08-21 12:45:00+00:00,0.06401,0.06426,0.06365,0.064,2736.0
2026-08-21 12:50:00+00:00,0.06388,0.06432,0.0615,0.06327,9236.0
2026-08-21 12:55:00+00:00,0.06329,0.06369,0.06276,0.06301,2829.0
2026-08-21 13:00:00+00:00,0.063,0.06305,0.06124,0.06217,5837.0
2026-08-21 13:05:00+00:00,0.06217,0.06264,0.06083,0.06123,7967.0
2026-08-21 13:10:00+00:00,0.06129,0.06133,0.05835,0.05973,15021.0
2026-08-21 13:15:00+00:00,0.05974,0.06027,0.05844,0.05926,8197.0
2026-08-21 13:20:00+00:00,0.05915,0.05922,0.05765,0.0589,14610.0
2026-08-21 13:25:00+00:00,0.05888,0.05913,0.05785,0.05809,4393.0
2026-08-21 13:30:00+00:00,0.05796,0.0594,0.05796,0.0594,6793.0
2026-08-21 13:35:00+00:00,0.05933,0.06136,0.05906,0.06131,10123.0
2026-08-21 13:40:00+00:00,0.06131,0.06197,0.06013,0.06082,7627.0
2026-08-21 13:45:00+00:00,0.06074,0.06074,0.05942,0.06005,6954.0
2026-08-21 13:50:00+00:00,0.06004,0.06028,0.05862,0.05893,2257.0
2026-08-21 13:55:00+00:00,0.05883,0.05897,0.0573,0.05828,4968.0
2026-08-21 14:00:00+00:00,0.05828,0.05889,0.05766,0.05832,4722.0
2026-08-21 14:05:00+00:00,0.05833,0.05885,0.05809,0.05868,4910.0
2026-08-21 14:10:00+00:00,0.05884,0.05911,0.0586,0.05905,5236.0
2026-08-21 14:15:00+00:00,0.05887,0.0591,0.05681,0.05896,8259.0
2026-08-21 14:20:00+00:00,0.05879,0.05991,0.05853,0.05952,4814.0
2026-08-21 14:25:00+00:00,0.05965,0.06066,0.0596,0.06036,3597.0
2026-08-21 14:30:00+00:00,0.06017,0.06196,0.06015,0.06116,2869.0
2026-08-21 14:35:00+00:00,0.061,0.06247,0.061,0.06167,6596.0
2026-08-21 14:40:00+00:00,0.06162,0.06184,0.06032,0.06056,7444.0
2026-08-21 14:45:00+00:00,0.06063,0.06098,0.06033,0.06071,1437.0
2026-08-21 14:50:00+00:00,0.06071,0.061,0.0607,0.06087,1338.0
2026-08-21 14:55:00+00:00,0.06074,0.06127,0.06036,0.06125,2614.0
2026-08-21 15:00:00+00:00,0.06125,0.06184,0.06122,0.06182,1388.0
2026-08-21 15:05:00+00:00,0.06168,0.06225,0.06039,0.06075,8083.0
2026-08-21 15:10:00+00:00,0.06061,0.06061,0.0578,0.05836,11047.0
2026-08-21 15:15:00+00:00,0.05824,0.0585,0.05716,0.05739,9018.0
2026-08-21 15:20:00+00:00,0.05739,0.05768,0.053,0.05388,38950.0
2026-08-21 15:25:00+00:00,0.0538,0.05738,0.0538,0.05706,17927.0
2026-08-21 15:30:00+00:00,0.05704,0.05736,0.05602,0.05658,6475.0
2026-08-21 15:35:00+00:00,0.05658,0.05667,0.0541,0.05606,15808.0
2026-08-21 15:40:00+00:00,0.05626,0.05699,0.05525,0.05569,4140.0
2026-08-21 15:45:00+00:00,0.05575,0.05787,0.05575,0.05679,9531.0
2026-08-21 15:50:00+00:00,0.05679,0.05883,0.05646,0.05851,9931.0
2026-08-21 15:55:00+00:00,0.05851,0.05863,0.0576,0.05769,2301.0
2026-08-21 16:00:00+00:00,0.05784,0.05784,0.05625,0.05626,5909.0
2026-08-21 16:05:00+00:00,0.05646,0.0565,0.053,0.0536,37482.0
2026-08-21 16:10:00+00:00,0.05365,0.0544,0.053,0.05307,32529.0
2026-08-21 16:15:00+00:00,0.05307,0.05372,0.051,0.05269,56554.0
2026-08-21 16:20:00+00:00,0.05288,0.05444,0.05108,0.05312,28956.0
2026-08-21 16:25:00+00:00,0.05304,0.0542,0.053,0.05379,11669.0
2026-08-21 16:30:00+00:00,0.05377,0.05377,0.05204,0.0524,13567.0
2026-08-21 16:35:00+00:00,0.05247,0.05268,0.0512,0.05166,22218.0
2026-08-21 16:40:00+00:00,0.05169,0.05397,0.05162,0.05357,11900.0
2026-08-21 16:45:00+00:00,0.05359,0.05395,0.053,0.05341,13113.0
2026-08-21 16:50:00+00:00,0.05344,0.05384,0.05333,0.05355,3778.0
2026-08-21 16:55:00+00:00,0.0535,0.05376,0.05295,0.05304,7024.0
2026-08-21 17:00:00+00:00,0.05305,0.05305,0.05239,0.05276,2372.0
2026-08-21 17:05:00+00:00,0.05287,0.05315,0.05259,0.0527,9797.0
2026-08-21 17:10:00+00:00,0.0528,0.05411,0.05266,0.05392,14742.0
2026-08-21 17:15:00+00:00,0.05391,0.05588,0.05383,0.05562,12639.0
2026-08-21 17:20:00+00:00,0.05561,0.05788,0.05472,0.05733,19032.0
2026-08-21 17:25:00+00:00,0.05732,0.05768,0.05596,0.05652,26779.0
2026-08-21 17:30:00+00:00,0.05636,0.05696,0.05589,0.05691,10365.0
2026-08-21 17:35:00+00:00,0.05679,0.05781,0.05673,0.05722,6895.0
2026-08-21 17:40:00+00:00,0.0572,0.05735,0.05552,0.05607,6288.0
2026-08-21 17:45:00+00:00,0.05608,0.05615,0.05472,0.05488,9733.0
2026-08-21 17:50:00+00:00,0.05489,0.05498,0.054,0.05458,3577.0
2026-08-21 17:55:00+00:00,0.05456,0.05535,0.05361,0.05385,6911.0
2026-08-21 18:00:00+00:00,0.05396,0.05568,0.05344,0.05544,4757.0
2026-08-21 18:05:00+00:00,0.05545,0.05552,0.05508,0.05552,2085.0
2026-08-21 18:10:00+00:00,0.05544,0.05736,0.05534,0.05736,5418.0
2026-08-21 18:15:00+00:00,0.05731,0.05826,0.05681,0.05822,11830.0
2026-08-21 18:20:00+00:00,0.05821,0.05826,0.05632,0.05741,12230.0
2026-08-21 18:25:00+00:00,0.05732,0.05799,0.0566,0.05669,6045.0
2026-08-21 18:30:00+00:00,0.05661,0.05671,0.0555,0.05587,6735.0
2026-08-21 18:35:00+00:00,0.05594,0.05648,0.0558,0.05629,1580.0
2026-08-21 18:40:00+00:00,0.05623,0.0574,0.05622,0.05721,2800.0
2026-08-21 18:45:00+00:00,0.05732,0.05798,0.05709,0.05771,1209.0
2026-08-21 18:50:00+00:00,0.05756,0.05794,0.05744,0.05768,5198.0
2026-08-21 18:55:00+00:00,0.05756,0.05808,0.05634,0.0565,8317.0
2026-08-21 19:00:00+00:00,0.05657,0.0566,0.0549,0.0549,2785.0
2026-08-21 19:05:00+00:00,0.05493,0.05495,0.05367,0.05461,8221.0
2026-08-21 19:10:00+00:00,0.05468,0.05573,0.05346,0.0537,14945.0
2026-08-21 19:15:00+00:00,0.05377,0.0561,0.05354,0.05591,7000.0
2026-08-21 19:20:00+00:00,0.05612,0.05664,0.05523,0.05612,4837.0
2026-08-21 19:25:00+00:00,0.056,0.05601,0.05566,0.05566,2039.0
2026-08-21 19:30:00+00:00,0.05567,0.0557,0.0548,0.05533,2353.0
2026-08-21 19:35:00+00:00,0.05536,0.05688,0.05518,0.05673,3379.0
2026-08-21 19:40:00+00:00,0.05672,0.05708,0.05657,0.057,971.0
2026-08-21 19:45:00+00:00,0.05708,0.05826,0.05704,0.05824,1775.0
2026-08-21 19:50:00+00:00,0.05824,0.05848,0.0566,0.05743,5034.0
2026-08-21 19:55:00+00:00,0.05744,0.05748,0.05663,0.0568,2091.0
2026-08-21 20:00:00+00:00,0.05696,0.05728,0.05684,0.05717,731.0
2026-08-21 20:05:00+00:00,0.05703,0.05843,0.05696,0.05809,3319.0
2026-08-21 20:10:00+00:00,0.05792,0.0587,0.05767,0.05867,1883.0
2026-08-21 20:15:00+00:00,0.05867,0.05907,0.05844,0.05878,653.0
2026-08-21 20:20:00+00:00,0.05897,0.05952,0.05856,0.05907,4881.0
2026-08-21 20:25:00+00:00,0.05916,0.05916,0.05798,0.05811,2504.0
2026-08-21 20:30:00+00:00,0.0582,0.05876,0.0575,0.05773,2311.0
2026-08-21 20:35:00+00:00,0.05786,0.05998,0.05775,0.0589,4832.0
2026-08-21 20:40:00+00:00,0.05891,0.05906,0.058,0.05838,1397.0
2026-08-21 20:45:00+00:00,0.05816,0.05827,0.05732,0.05737,884.0
2026-08-21 20:50:00+00:00,0.05736,0.05744,0.05578,0.0559,2737.0
2026-08-21 20:55:00+00:00,0.05591,0.05705,0.05591,0.05705,1330.0
2026-08-21 21:00:00+00:00,0.05708,0.06195,0.05708,0.0609,11248.0
2026-08-21 21:05:00+00:00,0.06071,0.06358,0.06023,0.06351,6787.0
2026-08-21 21:10:00+00:00,0.06352,0.06365,0.06133,0.06213,7690.0
2026-08-21 21:15:00+00:00,0.06219,0.06308,0.06107,0.06308,3599.0
2026-08-21 21:20:00+00:00,0.06305,0.0647,0.06233,0.0626,6930.0
2026-08-21 21:25:00+00:00,0.06269,0.06272,0.0615,0.06153,4275.0
2026-08-21 21:30:00+00:00,0.06142,0.06487,0.06142,0.06467,13410.0
2026-08-21 21:35:00+00:00,0.06485,0.065,0.0639,0.06447,8381.0
2026-08-21 21:40:00+00:00,0.06444,0.06473,0.0637,0.0638,2407.0
2026-08-21 21:45:00+00:00,0.0638,0.065,0.06292,0.06473,5421.0
2026-08-21 21:50:00+00:00,0.06464,0.0655,0.06357,0.0638,12448.0
2026-08-21 21:55:00+00:00,0.06392,0.06481,0.06236,0.06407,8964.0
2026-08-21 22:00:00+00:00,0.06404,0.06524,0.06375,0.06464,4970.0
2026-08-21 22:05:00+00:00,0.06476,0.06615,0.06452,0.06582,4498.0
2026-08-21 22:10:00+00:00,0.06582,0.06699,0.06543,0.06628,3717.0
2026-08-21 22:15:00+00:00,0.06628,0.06644,0.06559,0.06559,3878.0
2026-08-21 22:20:00+00:00,0.06558,0.06731,0.06534,0.06677,3997.0
2026-08-21 22:25:00+00:00,0.06702,0.06719,0.06569,0.06573,3971.0
2026-08-21 22:30:00+00:00,0.06573,0.06573,0.06288,0.0632,8257.0
2026-08-21 22:35:00+00:00,0.06315,0.06416,0.06291,0.06319,2743.0
2026-08-21 22:40:00+00:00,0.0632,0.0632,0.06238,0.06251,929.0
2026-08-21 22:45:00+00:00,0.06237,0.0626,0.06008,0.06041,8403.0
2026-08-21 22:50:00+00:00,0.0604,0.06255,0.0604,0.062,5231.0
2026-08-21 22:55:00+00:00,0.06209,0.06356,0.06209,0.06331,6251.0
2026-08-21 23:00:00+00:00,0.06332,0.06412,0.06281,0.06356,10651.0
2026-08-21 23:05:00+00:00,0.06353,0.06417,0.06298,0.06389,4840.0
2026-08-21 23:10:00+00:00,0.064,0.06418,0.06385,0.064,3337.0
2026-08-21 23:15:00+00:00,0.06388,0.06418,0.06345,0.06345,3779.0
2026-08-21 23:20:00+00:00,0.06356,0.06519,0.06356,0.06504,4950.0
2026-08-21 23:25:00+00:00,0.06517,0.0652,0.06464,0.06499,1057.0
2026-08-21 23:30:00+00:00,0.06505,0.06509,0.06371,0.06434,1887.0
2026-08-21 23:35:00+00:00,0.06434,0.0644,0.06218,0.06218,2666.0
2026-08-21 23:40:00+00:00,0.06232,0.06235,0.0603,0.06164,9435.0
2026-08-21 23:45:00+00:00,0.06174,0.06188,0.0589,0.05985,12201.0
2026-08-21 23:50:00+00:00,0.05992,0.06002,0.057,0.05817,11822.0
2026-08-21 23:55:00+00:00,0.05817,0.05934,0.05714,0.05934,10100.0
2026-08-22 00:00:00+00:00,0.05938,0.06048,0.05911,0.06035,4690.0
2026-08-22 00:05:00+00:00,0.06048,0.06048,0.055,0.05552,25300.0
2026-08-22 00:10:00+00:00,0.05553,0.05773,0.05448,0.05586,27418.0
2026-08-22 00:15:00+00:00,0.05587,0.05755,0.05503,0.05719,16704.0
2026-08-22 00:20:00+00:00,0.05718,0.05939,0.05662,0.05854,16042.0
2026-08-22 00:25:00+00:00,0.05863,0.06046,0.05828,0.0601,5080.0
2026-08-22 00:30:00+00:00,0.05995,0.06285,0.05944,0.06235,7628.0
2026-08-22 00:35:00+00:00,0.06246,0.064,0.06169,0.06329,20043.0
2026-08-22 00:40:00+00:00,0.06312,0.06329,0.06033,0.06188,12936.0
2026-08-22 00:45:00+00:00,0.06185,0.0642,0.06168,0.0642,7458.0
2026-08-22 00:50:00+00:00,0.0642,0.06527,0.06344,0.06384,18298.0
2026-08-22 00:55:00+00:00,0.06383,0.06404,0.06265,0.06279,8196.0
2026-08-22 01:00:00+00:00,0.06273,0.06322,0.06269,0.06303,2800.0
2026-08-22 01:05:00+00:00,0.06302,0.06378,0.06302,0.06378,2874.0
2026-08-22 01:10:00+00:00,0.0638,0.06391,0.06245,0.06245,3784.0
2026-08-22 01:15:00+00:00,0.06249,0.06268,0.06162,0.06187,2046.0
2026-08-22 01:20:00+00:00,0.062,0.06242,0.06158,0.06232,1428.0
2026-08-22 01:25:00+00:00,0.06244,0.06346,0.0596,0.06108,8617.0
2026-08-22 01:30:00+00:00,0.06102,0.06124,0.06011,0.06079,3814.0
2026-08-22 01:35:00+00:00,0.06079,0.06205,0.06073,0.06178,5957.0
2026-08-22 01:40:00+00:00,0.06178,0.06179,0.05991,0.06035,4034.0
2026-08-22 01:45:00+00:00,0.06045,0.06137,0.0585,0.06036,11525.0
2026-08-22 01:50:00+00:00,0.0602,0.06114,0.06012,0.06027,3887.0
2026-08-22 01:55:00+00:00,0.06045,0.06196,0.06014,0.06166,7378.0
2026-08-22 02:00:00+00:00,0.06166,0.06176,0.05931,0.06005,7860.0
2026-08-22 02:05:00+00:00,0.06026,0.06076,0.059,0.05904,8539.0
2026-08-22 02:10:00+00:00,0.05916,0.05929,0.05816,0.05851,2801.0
2026-08-22 02:15:00+00:00,0.05855,0.06038,0.05835,0.0595,5996.0
2026-08-22 02:20:00+00:00,0.0597,0.06037,0.05809,0.0585,7164.0
2026-08-22 02:25:00+00:00,0.05867,0.05967,0.05852,0.05889,2394.0
2026-08-22 02:30:00+00:00,0.05905,0.05967,0.05891,0.05937,4638.0
2026-08-22 02:35:00+00:00,0.05923,0.05937,0.05861,0.05881,3538.0
2026-08-22 02:40:00+00:00,0.05883,0.06015,0.05883,0.06015,4181.0
2026-08-22 02:45:00+00:00,0.06025,0.06043,0.05976,0.05983,2840.0
2026-08-22 02:50:00+00:00,0.05982,0.065,0.05949,0.0639,13469.0
2026-08-22 02:55:00+00:00,0.06389,0.06538,0.0638,0.06394,10251.0
2026-08-22 03:00:00+00:00,0.06412,0.06484,0.06355,0.06399,5027.0
2026-08-22 03:05:00+00:00,0.06395,0.06422,0.06281,0.06281,3345.0
2026-08-22 03:10:00+00:00,0.06279,0.06497,0.06271,0.06344,7992.0
2026-08-22 03:15:00+00:00,0.06349,0.0649,0.06324,0.06444,5252.0
2026-08-22 03:20:00+00:00,0.06444,0.06514,0.06359,0.06367,5283.0
2026-08-22 03:25:00+00:00,0.0636,0.06472,0.06322,0.06419,4258.0
2026-08-22 03:30:00+00:00,0.06419,0.06586,0.06337,0.06468,7372.0
2026-08-22 03:35:00+00:00,0.06468,0.06664,0.06463,0.06579,6086.0
2026-08-22 03:40:00+00:00,0.06565,0.068,0.06554,0.06771,6789.0
2026-08-22 03:45:00+00:00,0.06773,0.06829,0.06579,0.06829,7703.0
2026-08-22 03:50:00+00:00,0.06825,0.07056,0.0657,0.06649,26572.0
2026-08-22 03:55:00+00:00,0.06648,0.06661,0.0646,0.06499,12993.0
2026-08-22 04:00:00+00:00,0.06499,0.06571,0.06232,0.06489,9709.0
2026-08-22 04:05:00+00:00,0.06489,0.06638,0.06489,0.06509,5898.0
2026-08-22 04:10:00+00:00,0.06521,0.06603,0.06339,0.06387,11293.0
2026-08-22 04:15:00+00:00,0.06389,0.06552,0.06389,0.06532,5161.0
2026-08-22 04:20:00+00:00,0.06551,0.06863,0.06515,0.06746,8360.0
2026-08-22 04:25:00+00:00,0.06746,0.06785,0.066,0.06604,2692.0
2026-08-22 04:30:00+00:00,0.06594,0.06652,0.0656,0.0663,3440.0
2026-08-22 04:35:00+00:00,0.06646,0.06663,0.06437,0.06521,9764.0
2026-08-22 04:40:00+00:00,0.06526,0.0653,0.06279,0.06312,6762.0
2026-08-22 04:45:00+00:00,0.06311,0.06563,0.06243,0.06551,8060.0
2026-08-22 04:50:00+00:00,0.06565,0.06726,0.06565,0.06633,5342.0
2026-08-22 04:55:00+00:00,0.06623,0.06653,0.06512,0.06635,4981.0
2026-08-22 05:00:00+00:00,0.06636,0.06724,0.06611,0.06707,4483.0
2026-08-22 05:05:00+00:00,0.06689,0.06872,0.06642,0.06684,8188.0
2026-08-22 05:10:00+00:00,0.06709,0.06762,0.05927,0.06006,27970.0
2026-08-22 05:15:00+00:00,0.06005,0.0621,0.05938,0.05971,17205.0
2026-08-22 05:20:00+00:00,0.05976,0.06065,0.05948,0.06,6181.0
2026-08-22 05:25:00+00:00,0.05999,0.06191,0.05984,0.06103,6994.0
2026-08-22 05:30:00+00:00,0.06103,0.06167,0.05767,0.05806,10120.0
2026-08-22 05:35:00+00:00,0.05816,0.05984,0.05796,0.05943,5677.0
2026-08-22 05:40:00+00:00,0.0596,0.05969,0.05833,0.05915,3538.0
2026-08-22 05:45:00+00:00,0.05916,0.0599,0.05878,0.05902,3488.0
2026-08-22 05:50:00+00:00,0.05904,0.0595,0.05852,0.05905,3555.0
2026-08-22 05:55:00+00:00,0.05909,0.06021,0.05899,0.05945,4142.0
2026-08-22 06:00:00+00:00,0.05948,0.05948,0.05886,0.05898,683.0
2026-08-22 06:05:00+00:00,0.05904,0.05908,0.05615,0.05725,12939.0
2026-08-22 06:10:00+00:00,0.05727,0.05797,0.05651,0.05663,6100.0
2026-08-22 06:15:00+00:00,0.05663,0.05852,0.0564,0.05754,8101.0
2026-08-22 06:20:00+00:00,0.05748,0.05806,0.05725,0.05806,1253.0
2026-08-22 06:25:00+00:00,0.05795,0.05849,0.05788,0.05821,2810.0
2026-08-22 06:30:00+00:00,0.05819,0.05862,0.05819,0.05831,1306.0
2026-08-22 06:35:00+00:00,0.0583,0.05866,0.05818,0.05856,1696.0
2026-08-22 06:40:00+00:00,0.05843,0.05858,0.05805,0.05849,2522.0
2026-08-22 06:45:00+00:00,0.05838,0.05856,0.05826,0.05837,1596.0
2026-08-22 06:50:00+00:00,0.05836,0.05855,0.05812,0.0585,2423.0
2026-08-22 06:55:00+00:00,0.05853,0.05993,0.05843,0.05964,4908.0
2026-08-22 07:00:00+00:00,0.05952,0.05991,0.05935,0.05975,2681.0
2026-08-22 07:05:00+00:00,0.05973,0.06237,0.05972,0.0619,9140.0
2026-08-22 07:10:00+00:00,0.06186,0.06189,0.06068,0.06068,2115.0
2026-08-22 07:15:00+00:00,0.06067,0.06103,0.06053,0.06059,1799.0
2026-08-22 07:20:00+00:00,0.06056,0.06286,0.06029,0.06226,6704.0
2026-08-22 07:25:00+00:00,0.06226,0.06289,0.06202,0.06272,2666.0
2026-08-22 07:30:00+00:00,0.06277,0.06299,0.06203,0.06234,3151.0
2026-08-22 07:35:00+00:00,0.06213,0.06223,0.06015,0.06084,3051.0
2026-08-22 07:40:00+00:00,0.06073,0.06078,0.05937,0.06009,5295.0
2026-08-22 07:45:00+00:00,0.05994,0.06012,0.05952,0.05959,1903.0
2026-08-22 07:50:00+00:00,0.05967,0.05994,0.0592,0.05968,2811.0
2026-08-22 07:55:00+00:00,0.05982,0.06112,0.05982,0.06067,2895.0
2026-08-22 08:00:00+00:00,0.06054,0.06074,0.06025,0.06033,1154.0
2026-08-22 08:05:00+00:00,0.0602,0.06041,0.05789,0.05835,6737.0
2026-08-22 08:10:00+00:00,0.05836,0.05838,0.05808,0.0581,1437.0
2026-08-22 08:15:00+00:00,0.05822,0.0585,0.05812,0.05829,1401.0
2026-08-22 08:20:00+00:00,0.05839,0.0585,0.05815,0.05848,1534.0
2026-08-22 08:25:00+00:00,0.05848,0.05849,0.05776,0.0581,3278.0
2026-08-22 08:30:00+00:00,0.05817,0.05828,0.05672,0.0569,4104.0
2026-08-22 08:35:00+00:00,0.05702,0.05709,0.056,0.05653,4706.0
2026-08-22 08:40:00+00:00,0.05647,0.05663,0.05513,0.05543,5993.0
2026-08-22 08:45:00+00:00,0.05545,0.05546,0.05408,0.05513,6467.0
2026-08-22 08:50:00+00:00,0.05514,0.05645,0.0551,0.05609,4091.0
2026-08-22 08:55:00+00:00,0.05605,0.05609,0.05555,0.05608,2027.0
2026-08-22 09:00:00+00:00,0.056,0.05661,0.05586,0.05661,4086.0
2026-08-22 09:05:00+00:00,0.0565,0.05672,0.0563,0.05672,908.0
2026-08-22 09:10:00+00:00,0.05674,0.05781,0.05673,0.05704,4179.0
2026-08-22 09:15:00+00:00,0.05704,0.05718,0.05644,0.0566,4175.0
2026-08-22 09:20:00+00:00,0.05658,0.05731,0.0564,0.05731,1352.0
2026-08-22 09:25:00+00:00,0.05718,0.06012,0.05714,0.06002,4919.0
2026-08-22 09:30:00+00:00,0.06001,0.06001,0.05843,0.05863,8770.0
2026-08-22 09:35:00+00:00,0.05859,0.0601,0.05847,0.05952,4204.0
2026-08-22 09:40:00+00:00,0.05957,0.05957,0.05867,0.05873,2693.0
2026-08-22 09:45:00+00:00,0.05868,0.05926,0.05868,0.05915,5233.0
2026-08-22 09:50:00+00:00,0.05906,0.06055,0.05899,0.06027,5241.0
2026-08-22 09:55:00+00:00,0.0603,0.0603,0.05908,0.05919,2530.0
2026-08-22 10:00:00+00:00,0.05917,0.05927,0.0588,0.05901,2162.0
2026-08-22 10:05:00+00:00,0.059,0.05919,0.05862,0.05906,2861.0
2026-08-22 10:10:00+00:00,0.0592,0.0592,0.0583,0.0584,1432.0
2026-08-22 10:15:00+00:00,0.05856,0.05902,0.05701,0.05701,7421.0
2026-08-22 10:20:00+00:00,0.05717,0.05718,0.0555,0.0555,7209.0
2026-08-22 10:25:00+00:00,0.05557,0.0566,0.05519,0.05643,9711.0
2026-08-22 10:30:00+00:00,0.05652,0.05711,0.05579,0.05579,6107.0
2026-08-22 10:35:00+00:00,0.05591,0.0562,0.05568,0.05595,1857.0
2026-08-22 10:40:00+00:00,0.05595,0.05595,0.05509,0.05522,1908.0
2026-08-22 10:45:00+00:00,0.0553,0.05547,0.055,0.05547,1086.0
2026-08-22 10:50:00+00:00,0.05545,0.0569,0.05544,0.05683,5311.0
2026-08-22 10:55:00+00:00,0.05683,0.05694,0.05613,0.05613,1383.0
2026-08-22 11:00:00+00:00,0.05621,0.05682,0.05601,0.05626,2738.0
2026-08-22 11:05:00+00:00,0.05637,0.05637,0.0554,0.05577,1886.0
2026-08-22 11:10:00+00:00,0.05577,0.05613,0.05204,0.05408,31557.0
2026-08-22 11:15:00+00:00,0.05406,0.05466,0.05353,0.05455,3528.0
2026-08-22 11:20:00+00:00,0.05456,0.05556,0.05456,0.05527,3077.0
2026-08-22 11:25:00+00:00,0.05505,0.05517,0.0538,0.05384,3790.0
2026-08-22 11:30:00+00:00,0.05384,0.05633,0.0538,0.05625,9812.0
2026-08-22 11:35:00+00:00,0.05625,0.05652,0.05595,0.05612,3170.0
2026-08-22 11:40:00+00:00,0.05601,0.05623,0.05582,0.05602,2240.0
2026-08-22 11:45:00+00:00,0.05606,0.05624,0.05514,0.05518,912.0
2026-08-22 11:50:00+00:00,0.05518,0.05526,0.05455,0.05489,1954.0
2026-08-22 11:55:00+00:00,0.05489,0.055,0.05469,0.05489,511.0
2026-08-22 12:00:00+00:00,0.05496,0.055,0.05471,0.05489,1172.0
2026-08-22 12:05:00+00:00,0.0549,0.055,0.05397,0.05468,3365.0
2026-08-22 12:10:00+00:00,0.05479,0.05497,0.05345,0.05378,2034.0
2026-08-22 12:15:00+00:00,0.05379,0.0547,0.05353,0.05464,4038.0
2026-08-22 12:20:00+00:00,0.05463,0.055,0.05459,0.05488,3340.0
2026-08-22 12:25:00+00:00,0.05488,0.0553,0.05467,0.05494,2398.0
2026-08-22 12:30:00+00:00,0.05494,0.05525,0.05492,0.05508,1038.0
2026-08-22 12:35:00+00:00,0.0551,0.05524,0.05448,0.0548,1408.0
2026-08-22 12:40:00+00:00,0.05485,0.05618,0.05479,0.05552,5862.0
2026-08-22 12:45:00+00:00,0.05544,0.05544,0.05511,0.0554,811.0
2026-08-22 12:50:00+00:00,0.0554,0.0554,0.05465,0.05489,2689.0
2026-08-22 12:55:00+00:00,0.05469,0.0559,0.05468,0.05582,2702.0
2026-08-22 13:00:00+00:00,0.05566,0.05692,0.05555,0.05692,1024.0
2026-08-22 13:05:00+00:00,0.05695,0.05755,0.05612,0.05634,2630.0
2026-08-22 13:10:00+00:00,0.0562,0.05672,0.05618,0.05653,1765.0
2026-08-22 13:15:00+00:00,0.05672,0.05672,0.05593,0.05612,3201.0
2026-08-22 13:20:00+00:00,0.05611,0.05621,0.05592,0.05621,661.0
2026-08-22 13:25:00+00:00,0.05602,0.0569,0.05602,0.0569,956.0
2026-08-22 13:30:00+00:00,0.05688,0.05696,0.05665,0.05665,185.0
2026-08-22 13:35:00+00:00,0.05665,0.05684,0.05662,0.05662,219.0
2026-08-22 13:40:00+00:00,0.05661,0.05846,0.05654,0.05781,5467.0
2026-08-22 13:45:00+00:00,0.05783,0.05813,0.05757,0.0576,2685.0
2026-08-22 13:50:00+00:00,0.05762,0.05776,0.05688,0.05693,741.0
2026-08-22 13:55:00+00:00,0.05693,0.05753,0.05633,0.05673,1134.0
2026-08-22 14:00:00+00:00,0.05672,0.05672,0.05612,0.05619,1205.0
2026-08-22 14:05:00+00:00,0.05617,0.05641,0.05566,0.05597,1793.0
2026-08-22 14:10:00+00:00,0.05576,0.05586,0.05384,0.0549,4915.0
2026-08-22 14:15:00+00:00,0.0548,0.05527,0.0545,0.05527,2557.0
2026-08-22 14:20:00+00:00,0.05528,0.0567,0.05501,0.05631,4153.0
2026-08-22 14:25:00+00:00,0.05648,0.05648,0.05392,0.05425,4294.0
2026-08-22 14:30:00+00:00,0.05444,0.05486,0.05259,0.05284,9374.0
2026-08-22 14:35:00+00:00,0.05288,0.0536,0.05288,0.05324,3280.0
2026-08-22 14:40:00+00:00,0.0532,0.05333,0.05176,0.05296,15075.0
2026-08-22 14:45:00+00:00,0.05276,0.05357,0.05232,0.05355,7699.0
2026-08-22 14:50:00+00:00,0.05336,0.05385,0.05228,0.0528,5386.0
2026-08-22 14:55:00+00:00,0.0528,0.05295,0.0513,0.05255,14700.0
2026-08-22 15:00:00+00:00,0.05275,0.05299,0.05179,0.05238,8598.0
2026-08-22 15:05:00+00:00,0.0524,0.0534,0.05209,0.0534,2944.0
2026-08-22 15:10:00+00:00,0.05324,0.05348,0.05292,0.05301,2353.0
2026-08-22 15:15:00+00:00,0.053,0.05375,0.05288,0.05362,2664.0
2026-08-22 15:20:00+00:00,0.05349,0.05362,0.05207,0.05207,2109.0
2026-08-22 15:25:00+00:00,0.05204,0.05336,0.05196,0.05258,3960.0
2026-08-22 15:30:00+00:00,0.05275,0.05294,0.05171,0.05276,2714.0
2026-08-22 15:35:00+00:00,0.05276,0.05315,0.05194,0.05252,2697.0
2026-08-22 15:40:00+00:00,0.05251,0.05259,0.05205,0.05242,570.0
2026-08-22 15:45:00+00:00,0.05252,0.05262,0.0518,0.05202,941.0
2026-08-22 15:50:00+00:00,0.05181,0.0522,0.05102,0.05151,4339.0
2026-08-22 15:55:00+00:00,0.05166,0.0518,0.04908,0.05149,14021.0
2026-08-22 16:00:00+00:00,0.05166,0.05285,0.05119,0.05228,2288.0
2026-08-22 16:05:00+00:00,0.05228,0.05255,0.05206,0.05249,2169.0
2026-08-22 16:10:00+00:00,0.05231,0.05294,0.05211,0.05284,647.0
2026-08-22 16:15:00+00:00,0.05284,0.05312,0.05267,0.053,686.0
2026-08-22 16:20:00+00:00,0.05312,0.0535,0.05262,0.0533,1707.0
2026-08-22 16:25:00+00:00,0.05346,0.05346,0.05302,0.05334,521.0
2026-08-22 16:30:00+00:00,0.05313,0.0536,0.05291,0.05302,1316.0
2026-08-22 16:35:00+00:00,0.053,0.05312,0.05292,0.05292,157.0
2026-08-22 16:40:00+00:00,0.05292,0.05306,0.05285,0.05299,172.0
2026-08-22 16:45:00+00:00,0.053,0.05384,0.05291,0.05374,1580.0
2026-08-22 16:50:00+00:00,0.05375,0.05455,0.05342,0.05422,1829.0
2026-08-22 16:55:00+00:00,0.05444,0.05509,0.05422,0.05458,3696.0
2026-08-22 17:00:00+00:00,0.05456,0.05534,0.05439,0.05533,2085.0
2026-08-22 17:05:00+00:00,0.05536,0.05612,0.0552,0.0554,2831.0
2026-08-22 17:10:00+00:00,0.05528,0.05545,0.05479,0.05515,1704.0
2026-08-22 17:15:00+00:00,0.05497,0.05738,0.05493,0.05537,3957.0
2026-08-22 17:20:00+00:00,0.05534,0.05534,0.05456,0.05459,1942.0
2026-08-22 17:25:00+00:00,0.05457,0.05475,0.05391,0.05391,1179.0
2026-08-22 17:30:00+00:00,0.0539,0.05393,0.053,0.05309,2047.0
2026-08-22 17:35:00+00:00,0.053,0.05306,0.0523,0.0523,2088.0
2026-08-22 17:40:00+00:00,0.05245,0.05247,0.05125,0.05217,4566.0
2026-08-22 17:45:00+00:00,0.05239,0.0528,0.0512,0.05155,4678.0
2026-08-22 17:50:00+00:00,0.05156,0.05187,0.05116,0.05161,896.0
2026-08-22 17:55:00+00:00,0.05162,0.0517,0.05085,0.05108,2655.0
2026-08-22 18:00:00+00:00,0.05114,0.0514,0.05001,0.05008,6549.0
2026-08-22 18:05:00+00:00,0.0502,0.05116,0.05,0.05091,3106.0
2026-08-22 18:10:00+00:00,0.05084,0.05164,0.05084,0.05148,688.0
2026-08-22 18:15:00+00:00,0.05147,0.05156,0.05077,0.05113,1709.0
2026-08-22 18:20:00+00:00,0.0512,0.05193,0.05096,0.05183,533.0
2026-08-22 18:25:00+00:00,0.052,0.05254,0.05097,0.05097,4682.0
2026-08-22 18:30:00+00:00,0.0512,0.05131,0.05096,0.05109,276.0
2026-08-22 18:35:00+00:00,0.05109,0.0511,0.0502,0.05033,1989.0
2026-08-22 18:40:00+00:00,0.05034,0.05035,0.04749,0.0481,26534.0
2026-08-22 18:45:00+00:00,0.0483,0.04874,0.0475,0.04772,7826.0
2026-08-22 18:50:00+00:00,0.04783,0.05038,0.0472,0.05017,7741.0
2026-08-22 18:55:00+00:00,0.05012,0.05027,0.04917,0.04946,2669.0
2026-08-22 19:00:00+00:00,0.04946,0.04947,0.04914,0.04928,651.0
2026-08-22 19:05:00+00:00,0.04942,0.04943,0.04833,0.04838,1855.0
2026-08-22 19:10:00+00:00,0.04837,0.04907,0.04812,0.04907,2131.0
2026-08-22 19:15:00+00:00,0.0491,0.0499,0.0491,0.04979,1988.0
2026-08-22 19:20:00+00:00,0.04979,0.05371,0.04979,0.05325,9033.0
2026-08-22 19:25:00+00:00,0.05324,0.05388,0.05289,0.05373,2912.0
2026-08-22 19:30:00+00:00,0.05372,0.054,0.05288,0.05302,7068.0
2026-08-22 19:35:00+00:00,0.053,0.055,0.05274,0.05422,7125.0
2026-08-22 19:40:00+00:00,0.05422,0.05613,0.05398,0.0556,11473.0
2026-08-22 19:45:00+00:00,0.05558,0.05605,0.05402,0.0542,6461.0
2026-08-22 19:50:00+00:00,0.05408,0.0556,0.0539,0.05555,5367.0
2026-08-22 19:55:00+00:00,0.05556,0.05749,0.05532,0.05577,6750.0
2026-08-22 20:00:00+00:00,0.05577,0.05613,0.05493,0.05553,4705.0
2026-08-22 20:05:00+00:00,0.0554,0.0554,0.05471,0.05521,894.0
2026-08-22 20:10:00+00:00,0.05504,0.05528,0.05483,0.05483,312.0
2026-08-22 20:15:00+00:00,0.05485,0.05564,0.05468,0.05468,1828.0
2026-08-22 20:20:00+00:00,0.05468,0.05468,0.05432,0.05447,479.0
2026-08-22 20:25:00+00:00,0.05468,0.0548,0.0544,0.05444,438.0
2026-08-22 20:30:00+00:00,0.05444,0.05483,0.05406,0.0542,1175.0
2026-08-22 20:35:00+00:00,0.05424,0.05491,0.05408,0.05424,1494.0
2026-08-22 20:40:00+00:00,0.0542,0.05499,0.0541,0.05478,1316.0
2026-08-22 20:45:00+00:00,0.05478,0.05492,0.05329,0.0539,2228.0
2026-08-22 20:50:00+00:00,0.05376,0.05376,0.05337,0.05358,1138.0
2026-08-22 20:55:00+00:00,0.05359,0.05359,0.05324,0.05324,569.0
2026-08-22 21:00:00+00:00,0.05331,0.05332,0.0523,0.0523,1320.0
2026-08-22 21:05:00+00:00,0.05234,0.05248,0.05162,0.05173,1637.0
2026-08-22 21:10:00+00:00,0.05173,0.05174,0.05001,0.05025,2382.0
2026-08-22 21:15:00+00:00,0.05034,0.0517,0.05025,0.05168,2936.0
2026-08-22 21:20:00+00:00,0.0518,0.05228,0.05144,0.05156,827.0
2026-08-22 21:25:00+00:00,0.05162,0.05162,0.05104,0.05108,393.0
2026-08-22 21:30:00+00:00,0.05112,0.05138,0.05098,0.05123,619.0
2026-08-22 21:35:00+00:00,0.0512,0.0514,0.05025,0.05056,3265.0
2026-08-22 21:40:00+00:00,0.05055,0.05079,0.05035,0.05065,606.0
2026-08-22 21:45:00+00:00,0.05073,0.05096,0.05068,0.05095,490.0
2026-08-22 21:50:00+00:00,0.05084,0.05095,0.05066,0.05084,748.0
2026-08-22 21:55:00+00:00,0.05073,0.05095,0.0507,0.0507,225.0
2026-08-22 22:00:00+00:00,0.05069,0.05194,0.05064,0.05194,1271.0
2026-08-22 22:05:00+00:00,0.05194,0.05194,0.05118,0.05127,2452.0
2026-08-22 22:10:00+00:00,0.0511,0.0514,0.05095,0.0512,523.0
2026-08-22 22:15:00+00:00,0.05124,0.05124,0.0506,0.05106,3996.0
2026-08-22 22:20:00+00:00,0.05087,0.05087,0.04925,0.04939,3467.0
2026-08-22 22:25:00+00:00,0.0494,0.04941,0.04768,0.04786,10295.0
2026-08-22 22:30:00+00:00,0.04796,0.0488,0.04762,0.04762,3508.0
2026-08-22 22:35:00+00:00,0.04784,0.0484,0.04732,0.04759,2066.0
2026-08-22 22:40:00+00:00,0.0476,0.04767,0.0468,0.04736,4354.0
2026-08-22 22:45:00+00:00,0.04741,0.04791,0.0445,0.04643,28248.0
2026-08-22 22:50:00+00:00,0.04642,0.04724,0.04621,0.0472,2767.0
2026-08-22 22:55:00+00:00,0.04714,0.04843,0.04618,0.04828,11092.0
2026-08-22 23:00:00+00:00,0.04821,0.04893,0.04746,0.0477,5108.0
2026-08-22 23:05:00+00:00,0.04748,0.0478,0.04681,0.04681,3105.0
2026-08-22 23:10:00+00:00,0.0468,0.04681,0.0442,0.04664,11168.0
2026-08-22 23:15:00+00:00,0.04664,0.04699,0.04622,0.04641,3798.0
2026-08-22 23:20:00+00:00,0.04641,0.04788,0.04625,0.04773,5157.0
2026-08-22 23:25:00+00:00,0.04772,0.04884,0.04761,0.04845,4255.0
2026-08-22 23:30:00+00:00,0.04832,0.04852,0.04762,0.04763,1976.0
2026-08-22 23:35:00+00:00,0.0476,0.0476,0.0463,0.04663,6588.0
2026-08-22 23:40:00+00:00,0.04676,0.04709,0.04608,0.04623,4076.0
2026-08-22 23:45:00+00:00,0.04622,0.0463,0.0432,0.0445,25961.0
2026-08-22 23:50:00+00:00,0.04449,0.04454,0.04155,0.04382,31853.0
2026-08-22 23:55:00+00:00,0.04377,0.04458,0.043,0.04419,11877.0
2026-08-23 00:00:00+00:00,0.0442,0.045,0.04361,0.0437,4567.0
2026-08-23 00:05:00+00:00,0.04386,0.045,0.04384,0.04449,3908.0
2026-08-23 00:10:00+00:00,0.04449,0.0468,0.04448,0.0468,10735.0
2026-08-23 00:15:00+00:00,0.04678,0.04829,0.04577,0.04651,12935.0
2026-08-23 00:20:00+00:00,0.04644,0.04671,0.04572,0.04577,3916.0
2026-08-23 00:25:00+00:00,0.04576,0.04601,0.0455,0.04575,2705.0
2026-08-23 00:30:00+00:00,0.04575,0.04674,0.04557,0.04638,6301.0
2026-08-23 00:35:00+00:00,0.04633,0.04672,0.0463,0.04633,1350.0
2026-08-23 00:40:00+00:00,0.0463,0.04835,0.04618,0.04686,9475.0
2026-08-23 00:45:00+00:00,0.0467,0.04722,0.04617,0.0465,6034.0
2026-08-23 00:50:00+00:00,0.0465,0.04754,0.04649,0.04711,2897.0
2026-08-23 00:55:00+00:00,0.0469,0.04723,0.04661,0.0469,2509.0
2026-08-23 01:00:00+00:00,0.0469,0.04775,0.04674,0.04712,3102.0
2026-08-23 01:05:00+00:00,0.047,0.04712,0.04543,0.04673,10342.0
2026-08-23 01:10:00+00:00,0.04672,0.04779,0.0463,0.04671,4764.0
2026-08-23 01:15:00+00:00,0.04674,0.04674,0.04475,0.046,9119.0
2026-08-23 01:20:00+00:00,0.046,0.046,0.04457,0.04472,2977.0
2026-08-23 01:25:00+00:00,0.04472,0.0454,0.04437,0.04514,4127.0
2026-08-23 01:30:00+00:00,0.04514,0.04532,0.04499,0.04499,1358.0
2026-08-23 01:35:00+00:00,0.04499,0.04504,0.04375,0.0443,7724.0
2026-08-23 01:40:00+00:00,0.04448,0.04586,0.04407,0.04524,7143.0
2026-08-23 01:45:00+00:00,0.04526,0.04526,0.044,0.044,4067.0
2026-08-23 01:50:00+00:00,0.04424,0.04436,0.04281,0.04354,5133.0
2026-08-23 01:55:00+00:00,0.04362,0.04407,0.04359,0.04396,2691.0
2026-08-23 02:00:00+00:00,0.04405,0.04445,0.04336,0.04361,8269.0
2026-08-23 02:05:00+00:00,0.04364,0.04445,0.04341,0.04443,4212.0
2026-08-23 02:10:00+00:00,0.04443,0.0446,0.04434,0.04452,2845.0
2026-08-23 02:15:00+00:00,0.04451,0.04478,0.04426,0.04478,5492.0
2026-08-23 02:20:00+00:00,0.04469,0.045,0.04461,0.04463,2148.0
2026-08-23 02:25:00+00:00,0.04469,0.04481,0.04438,0.04475,1948.0
2026-08-23 02:30:00+00:00,0.04481,0.04524,0.04471,0.04519,2748.0
2026-08-23 02:35:00+00:00,0.0451,0.04616,0.04488,0.04605,2901.0
2026-08-23 02:40:00+00:00,0.04605,0.04617,0.04535,0.04537,3564.0
2026-08-23 02:45:00+00:00,0.0454,0.04569,0.0447,0.04496,4511.0
2026-08-23 02:50:00+00:00,0.04496,0.04516,0.04407,0.04516,2018.0
2026-08-23 02:55:00+00:00,0.04502,0.04513,0.04359,0.04385,2279.0
2026-08-23 03:00:00+00:00,0.04385,0.04561,0.04385,0.04504,10576.0
2026-08-23 03:05:00+00:00,0.0449,0.04504,0.04427,0.04427,2100.0
2026-08-23 03:10:00+00:00,0.04425,0.04475,0.04402,0.04448,2289.0
2026-08-23 03:15:00+00:00,0.0446,0.04528,0.0445,0.04519,2505.0
2026-08-23 03:20:00+00:00,0.04519,0.04572,0.04505,0.04556,1964.0
2026-08-23 03:25:00+00:00,0.04557,0.0467,0.04552,0.04654,1842.0
2026-08-23 03:30:00+00:00,0.04653,0.0468,0.04622,0.04622,3486.0
2026-08-23 03:35:00+00:00,0.04621,0.04628,0.04554,0.04564,2916.0
2026-08-23 03:40:00+00:00,0.04556,0.04618,0.04534,0.04534,3059.0
2026-08-23 03:45:00+00:00,0.04533,0.048,0.04509,0.048,10900.0
2026-08-23 03:50:00+00:00,0.04785,0.0488,0.04745,0.04844,12432.0
2026-08-23 03:55:00+00:00,0.04845,0.0495,0.04834,0.04928,11311.0
2026-08-23 04:00:00+00:00,0.04927,0.04949,0.0482,0.04921,7830.0
2026-08-23 04:05:00+00:00,0.04921,0.05159,0.0492,0.05057,10485.0
2026-08-23 04:10:00+00:00,0.05057,0.05114,0.04928,0.05093,6642.0
2026-08-23 04:15:00+00:00,0.05072,0.05075,0.0481,0.04881,10765.0
2026-08-23 04:20:00+00:00,0.04889,0.04891,0.04792,0.04835,5506.0
2026-08-23 04:25:00+00:00,0.04829,0.04834,0.04707,0.04707,2899.0
2026-08-23 04:30:00+00:00,0.04719,0.04925,0.04666,0.04883,7712.0
2026-08-23 04:35:00+00:00,0.04868,0.0491,0.04818,0.0482,5186.0
2026-08-23 04:40:00+00:00,0.04814,0.04915,0.04801,0.04832,4889.0
2026-08-23 04:45:00+00:00,0.04825,0.04825,0.04684,0.04727,5396.0
2026-08-23 04:50:00+00:00,0.04735,0.04735,0.04478,0.04506,8320.0
2026-08-23 04:55:00+00:00,0.0452,0.04593,0.04418,0.04435,6068.0
2026-08-23 05:00:00+00:00,0.04447,0.04468,0.04309,0.0446,14828.0
2026-08-23 05:05:00+00:00,0.0446,0.0465,0.04403,0.04566,8613.0
2026-08-23 05:10:00+00:00,0.04566,0.04705,0.04513,0.04618,8285.0
2026-08-23 05:15:00+00:00,0.04613,0.04718,0.04575,0.04575,4957.0
2026-08-23 05:20:00+00:00,0.04591,0.04748,0.04572,0.04718,3104.0
2026-08-23 05:25:00+00:00,0.04712,0.04736,0.04687,0.0473,1644.0
2026-08-23 05:30:00+00:00,0.04712,0.04746,0.04674,0.04683,2805.0
2026-08-23 05:35:00+00:00,0.04675,0.04734,0.04594,0.04625,4983.0
2026-08-23 05:40:00+00:00,0.04628,0.04631,0.0451,0.04555,4920.0
2026-08-23 05:45:00+00:00,0.04556,0.0461,0.04556,0.04589,2416.0
2026-08-23 05:50:00+00:00,0.04591,0.04591,0.04533,0.04555,4076.0
2026-08-23 05:55:00+00:00,0.04568,0.04608,0.0451,0.04518,3726.0
2026-08-23 06:00:00+00:00,0.04532,0.04539,0.04438,0.04438,4050.0
2026-08-23 06:05:00+00:00,0.04448,0.04456,0.0441,0.04413,7389.0
2026-08-23 06:10:00+00:00,0.04432,0.04456,0.04397,0.04456,2486.0
2026-08-23 06:15:00+00:00,0.04457,0.04596,0.04455,0.04591,8693.0
2026-08-23 06:20:00+00:00,0.0459,0.04666,0.04545,0.04545,8605.0
2026-08-23 06:25:00+00:00,0.04544,0.04556,0.04502,0.04513,5410.0
2026-08-23 06:30:00+00:00,0.0453,0.04596,0.0451,0.04596,5298.0
2026-08-23 06:35:00+00:00,0.04586,0.04655,0.04586,0.0463,1997.0
2026-08-23 06:40:00+00:00,0.04619,0.04627,0.0457,0.0457,2560.0
2026-08-23 06:45:00+00:00,0.04568,0.04611,0.04541,0.04611,7145.0
2026-08-23 06:50:00+00:00,0.046,0.04607,0.04572,0.04599,3466.0
2026-08-23 06:55:00+00:00,0.04596,0.04697,0.04558,0.0469,9287.0
2026-08-23 07:00:00+00:00,0.04677,0.04723,0.04666,0.04713,6004.0
2026-08-23 07:05:00+00:00,0.04713,0.04743,0.0465,0.0466,2751.0
2026-08-23 07:10:00+00:00,0.0465,0.04694,0.0456,0.04566,5483.0
2026-08-23 07:15:00+00:00,0.04576,0.04576,0.0453,0.04572,3520.0
2026-08-23 07:20:00+00:00,0.04556,0.04556,0.04496,0.04518,1853.0
2026-08-23 07:25:00+00:00,0.04516,0.04518,0.04491,0.04512,1006.0
2026-08-23 07:30:00+00:00,0.04498,0.04531,0.04495,0.04507,2442.0
2026-08-23 07:35:00+00:00,0.04495,0.04547,0.04397,0.04505,7098.0
2026-08-23 07:40:00+00:00,0.04497,0.04497,0.0439,0.04441,5608.0
2026-08-23 07:45:00+00:00,0.04446,0.0446,0.04294,0.0435,7865.0
2026-08-23 07:50:00+00:00,0.04352,0.04433,0.04335,0.04361,7644.0
2026-08-23 07:55:00+00:00,0.0434,0.04366,0.04321,0.04341,3291.0
2026-08-23 08:00:00+00:00,0.0434,0.0477,0.04334,0.04714,13672.0
2026-08-23 08:05:00+00:00,0.04704,0.04779,0.04622,0.04663,6590.0
2026-08-23 08:10:00+00:00,0.04671,0.04802,0.04654,0.04673,7115.0
2026-08-23 08:15:00+00:00,0.04674,0.04795,0.04597,0.0478,7778.0
2026-08-23 08:20:00+00:00,0.04796,0.04849,0.04745,0.04761,8376.0
2026-08-23 08:25:00+00:00,0.04748,0.0476,0.04702,0.0476,1817.0
2026-08-23 08:30:00+00:00,0.04756,0.04806,0.04751,0.04788,811.0
2026-08-23 08:35:00+00:00,0.04785,0.04807,0.0476,0.04781,5840.0
2026-08-23 08:40:00+00:00,0.0477,0.04802,0.04766,0.04779,1202.0
2026-08-23 08:45:00+00:00,0.04773,0.0479,0.04683,0.04702,4534.0
2026-08-23 08:50:00+00:00,0.04714,0.0472,0.04694,0.04694,598.0
2026-08-23 08:55:00+00:00,0.04709,0.04725,0.047,0.04706,694.0
2026-08-23 09:00:00+00:00,0.04706,0.04726,0.04703,0.04703,709.0
2026-08-23 09:05:00+00:00,0.04703,0.0473,0.04702,0.04714,1141.0
2026-08-23 09:10:00+00:00,0.04713,0.04713,0.04654,0.04655,1352.0
2026-08-23 09:15:00+00:00,0.04657,0.0467,0.04645,0.04658,791.0
2026-08-23 09:20:00+00:00,0.04664,0.0467,0.04592,0.04605,3014.0
2026-08-23 09:25:00+00:00,0.04616,0.04668,0.04613,0.04652,1412.0
2026-08-23 09:30:00+00:00,0.0464,0.04662,0.04618,0.0464,1314.0
2026-08-23 09:35:00+00:00,0.04628,0.04667,0.04615,0.04635,638.0
2026-08-23 09:40:00+00:00,0.04637,0.04661,0.04629,0.04629,969.0
2026-08-23 09:45:00+00:00,0.04628,0.04639,0.04571,0.04607,5583.0
2026-08-23 09:50:00+00:00,0.04615,0.04673,0.04558,0.04645,5353.0
2026-08-23 09:55:00+00:00,0.04646,0.04646,0.04578,0.0461,3029.0
2026-08-23 10:00:00+00:00,0.04607,0.04691,0.04586,0.04682,4739.0
2026-08-23 10:05:00+00:00,0.04682,0.04842,0.04671,0.04754,8528.0
2026-08-23 10:10:00+00:00,0.04749,0.05187,0.04725,0.04997,18531.0
2026-08-23 10:15:00+00:00,0.04989,0.05126,0.04973,0.05108,9494.0
2026-08-23 10:20:00+00:00,0.051,0.05278,0.0509,0.05164,10917.0
2026-08-23 10:25:00+00:00,0.05164,0.05164,0.05038,0.0507,7456.0
2026-08-23 10:30:00+00:00,0.0507,0.05081,0.04902,0.05039,11267.0
2026-08-23 10:35:00+00:00,0.05059,0.05179,0.04971,0.04984,9209.0
2026-08-23 10:40:00+00:00,0.04995,0.05041,0.04979,0.05,2271.0
2026-08-23 10:45:00+00:00,0.04988,0.0504,0.04987,0.0504,433.0
2026-08-23 10:50:00+00:00,0.05031,0.05231,0.05031,0.05215,7860.0
2026-08-23 10:55:00+00:00,0.05192,0.05262,0.05181,0.05196,3414.0
2026-08-23 11:00:00+00:00,0.05192,0.0537,0.0517,0.05275,8702.0
2026-08-23 11:05:00+00:00,0.05252,0.05275,0.05226,0.05226,1327.0
2026-08-23 11:10:00+00:00,0.05221,0.05221,0.05108,0.05129,4633.0
2026-08-23 11:15:00+00:00,0.05129,0.05134,0.04982,0.04988,4714.0
2026-08-23 11:20:00+00:00,0.04999,0.04999,0.04951,0.04964,2770.0
2026-08-23 11:25:00+00:00,0.04964,0.04983,0.04892,0.04983,3516.0
2026-08-23 11:30:00+00:00,0.04986,0.05021,0.04955,0.04992,2869.0
2026-08-23 11:35:00+00:00,0.05012,0.0504,0.04992,0.05017,1544.0
2026-08-23 11:40:00+00:00,0.05,0.05008,0.04954,0.04955,2698.0
2026-08-23 11:45:00+00:00,0.04952,0.0507,0.04924,0.05057,3925.0
2026-08-23 11:50:00+00:00,0.05057,0.05136,0.05057,0.05098,2725.0
2026-08-23 11:55:00+00:00,0.05085,0.05298,0.05085,0.05211,8269.0
2026-08-23 12:00:00+00:00,0.05216,0.0527,0.05183,0.05231,4188.0
2026-08-23 12:05:00+00:00,0.05231,0.05231,0.05113,0.05144,1635.0
2026-08-23 12:10:00+00:00,0.05132,0.05203,0.05055,0.0518,4849.0
2026-08-23 12:15:00+00:00,0.05186,0.05215,0.0517,0.05202,1431.0
2026-08-23 12:20:00+00:00,0.05193,0.05215,0.0517,0.0517,680.0
2026-08-23 12:25:00+00:00,0.05168,0.05217,0.05148,0.05148,1006.0
2026-08-23 12:30:00+00:00,0.05144,0.05144,0.05058,0.05072,1807.0
2026-08-23 12:35:00+00:00,0.0506,0.0506,0.04818,0.04818,8025.0
2026-08-23 12:40:00+00:00,0.04832,0.04958,0.04813,0.04933,3124.0
2026-08-23 12:45:00+00:00,0.04927,0.0494,0.049,0.04901,234.0
2026-08-23 12:50:00+00:00,0.04916,0.0492,0.0482,0.0482,3608.0
2026-08-23 12:55:00+00:00,0.04842,0.04842,0.04755,0.04788,3654.0
2026-08-23 13:00:00+00:00,0.04808,0.04817,0.04723,0.04724,1791.0
2026-08-23 13:05:00+00:00,0.04735,0.04736,0.0457,0.04669,9659.0
2026-08-23 13:10:00+00:00,0.04676,0.04697,0.04604,0.04632,3987.0
2026-08-23 13:15:00+00:00,0.04631,0.0472,0.04616,0.04697,3994.0
2026-08-23 13:20:00+00:00,0.04697,0.04786,0.04697,0.04744,2403.0
2026-08-23 13:25:00+00:00,0.04739,0.04747,0.04697,0.04733,1147.0
2026-08-23 13:30:00+00:00,0.04713,0.04755,0.04682,0.04733,1226.0
2026-08-23 13:35:00+00:00,0.04736,0.04743,0.04657,0.0471,1898.0
2026-08-23 13:40:00+00:00,0.04712,0.04722,0.04672,0.04703,924.0
2026-08-23 13:45:00+00:00,0.04703,0.0476,0.04702,0.04736,6077.0
2026-08-23 13:50:00+00:00,0.04737,0.04748,0.046,0.04625,2897.0
2026-08-23 13:55:00+00:00,0.04624,0.04626,0.04524,0.04586,6419.0
2026-08-23 14:00:00+00:00,0.04604,0.04717,0.04578,0.047,4131.0
2026-08-23 14:05:00+00:00,0.04705,0.04758,0.0464,0.0466,3594.0
2026-08-23 14:10:00+00:00,0.04642,0.04832,0.04641,0.04701,4773.0
2026-08-23 14:15:00+00:00,0.04714,0.04766,0.04636,0.04766,5257.0
2026-08-23 14:20:00+00:00,0.04748,0.04766,0.04731,0.04763,1625.0
2026-08-23 14:25:00+00:00,0.04762,0.04789,0.04748,0.04761,780.0
2026-08-23 14:30:00+00:00,0.04762,0.04794,0.04736,0.04767,2031.0
2026-08-23 14:35:00+00:00,0.04748,0.04748,0.04692,0.04722,1541.0
2026-08-23 14:40:00+00:00,0.047,0.0472,0.04648,0.04648,906.0
2026-08-23 14:45:00+00:00,0.0466,0.047,0.04646,0.04688,582.0
2026-08-23 14:50:00+00:00,0.04676,0.04778,0.04653,0.0476,2779.0
2026-08-23 14:55:00+00:00,0.0476,0.04889,0.0476,0.04847,3314.0
2026-08-23 15:00:00+00:00,0.04844,0.04893,0.04825,0.0485,2393.0
2026-08-23 15:05:00+00:00,0.0485,0.04851,0.04753,0.04753,1737.0
2026-08-23 15:10:00+00:00,0.04767,0.04783,0.04743,0.04773,270.0
2026-08-23 15:15:00+00:00,0.04784,0.0482,0.04771,0.04814,179.0
2026-08-23 15:20:00+00:00,0.04808,0.04827,0.04798,0.04814,253.0
2026-08-23 15:25:00+00:00,0.048,0.04813,0.04742,0.0476,1054.0
2026-08-23 15:30:00+00:00,0.04748,0.04769,0.04724,0.04724,859.0
2026-08-23 15:35:00+00:00,0.0472,0.0472,0.04604,0.04604,2390.0
2026-08-23 15:40:00+00:00,0.04622,0.047,0.046,0.047,4712.0
2026-08-23 15:45:00+00:00,0.047,0.047,0.04629,0.04644,905.0
2026-08-23 15:50:00+00:00,0.04651,0.04699,0.04597,0.04609,2024.0
2026-08-23 15:55:00+00:00,0.04614,0.04652,0.04583,0.04652,531.0
2026-08-23 16:00:00+00:00,0.04653,0.04703,0.04623,0.04647,1052.0
2026-08-23 16:05:00+00:00,0.0465,0.04672,0.0465,0.0466,339.0
2026-08-23 16:10:00+00:00,0.04651,0.04651,0.046,0.04627,2394.0
2026-08-23 16:15:00+00:00,0.04627,0.04633,0.04554,0.04592,1575.0
2026-08-23 16:20:00+00:00,0.0458,0.047,0.04565,0.04628,3399.0
2026-08-23 16:25:00+00:00,0.04622,0.04627,0.046,0.0462,125.0
2026-08-23 16:30:00+00:00,0.04624,0.04675,0.04619,0.04675,1047.0
2026-08-23 16:35:00+00:00,0.04676,0.04688,0.04599,0.04616,1923.0
2026-08-23 16:40:00+00:00,0.04622,0.04646,0.04564,0.04579,1466.0
2026-08-23 16:45:00+00:00,0.04564,0.04578,0.04457,0.04466,5733.0
2026-08-23 16:50:00+00:00,0.04457,0.04476,0.04223,0.04337,42462.0
2026-08-23 16:55:00+00:00,0.04352,0.04465,0.04349,0.0441,12622.0
2026-08-23 17:00:00+00:00,0.04412,0.04433,0.04406,0.04417,1018.0
2026-08-23 17:05:00+00:00,0.0442,0.04446,0.04393,0.04425,1581.0
2026-08-23 17:10:00+00:00,0.04435,0.04437,0.04362,0.04379,1916.0
2026-08-23 17:15:00+00:00,0.04376,0.04394,0.0435,0.04388,2174.0
2026-08-23 17:20:00+00:00,0.04389,0.04395,0.04101,0.04187,13571.0
2026-08-23 17:25:00+00:00,0.04187,0.04222,0.04057,0.04161,13370.0
2026-08-23 17:30:00+00:00,0.04184,0.04191,0.04044,0.04067,7626.0
2026-08-23 17:35:00+00:00,0.04067,0.04169,0.04062,0.04128,3975.0
2026-08-23 17:40:00+00:00,0.04137,0.04208,0.04051,0.04188,4111.0
2026-08-23 17:45:00+00:00,0.04208,0.04211,0.04127,0.04191,3406.0
2026-08-23 17:50:00+00:00,0.04196,0.04238,0.04148,0.0422,3515.0
2026-08-23 17:55:00+00:00,0.04224,0.04232,0.04191,0.04222,1732.0
2026-08-23 18:00:00+00:00,0.04222,0.04287,0.04216,0.04256,2992.0
2026-08-23 18:05:00+00:00,0.04251,0.04281,0.0423,0.04258,2553.0
2026-08-23 18:10:00+00:00,0.04268,0.04289,0.0423,0.0426,1208.0
2026-08-23 18:15:00+00:00,0.04245,0.0428,0.04234,0.0426,1239.0
2026-08-23 18:20:00+00:00,0.04261,0.04261,0.04114,0.04185,6951.0
2026-08-23 18:25:00+00:00,0.04191,0.04212,0.04188,0.04212,1695.0
2026-08-23 18:30:00+00:00,0.0422,0.04299,0.0422,0.04279,1945.0
2026-08-23 18:35:00+00:00,0.04279,0.04279,0.04247,0.04266,271.0
2026-08-23 18:40:00+00:00,0.04257,0.04265,0.04162,0.04184,2447.0
2026-08-23 18:45:00+00:00,0.04182,0.04182,0.0402,0.04041,9484.0
2026-08-23 18:50:00+00:00,0.04042,0.04125,0.03684,0.03823,38052.0
2026-08-23 18:55:00+00:00,0.03823,0.0395,0.03731,0.03764,21646.0
2026-08-23 19:00:00+00:00,0.03768,0.03882,0.037,0.03846,20637.0
2026-08-23 19:05:00+00:00,0.0386,0.03899,0.03666,0.03676,15847.0
2026-08-23 19:10:00+00:00,0.03672,0.0373,0.0355,0.03662,29597.0
2026-08-23 19:15:00+00:00,0.03664,0.04048,0.03653,0.03935,25387.0
2026-08-23 19:20:00+00:00,0.03935,0.0402,0.03885,0.03955,6883.0
2026-08-23 19:25:00+00:00,0.03955,0.03965,0.03921,0.03954,1538.0
2026-08-23 19:30:00+00:00,0.03932,0.04025,0.03932,0.03968,4580.0
2026-08-23 19:35:00+00:00,0.03959,0.03977,0.0394,0.03945,1177.0
2026-08-23 19:40:00+00:00,0.03944,0.04087,0.03941,0.04083,2100.0
2026-08-23 19:45:00+00:00,0.04069,0.04095,0.03996,0.04075,4185.0
2026-08-23 19:50:00+00:00,0.0406,0.04063,0.04033,0.04038,395.0
2026-08-23 19:55:00+00:00,0.04039,0.04081,0.04039,0.04077,898.0
2026-08-23 20:00:00+00:00,0.04074,0.04084,0.04032,0.04032,633.0
2026-08-23 20:05:00+00:00,0.04031,0.04058,0.03986,0.03986,973.0
2026-08-23 20:10:00+00:00,0.03983,0.04002,0.03959,0.03995,1006.0
2026-08-23 20:15:00+00:00,0.03986,0.04001,0.03968,0.0397,724.0
2026-08-23 20:20:00+00:00,0.03968,0.03979,0.03894,0.03911,4710.0
2026-08-23 20:25:00+00:00,0.03897,0.03923,0.03766,0.03841,5699.0
2026-08-23 20:30:00+00:00,0.0384,0.03888,0.03821,0.0388,3694.0
2026-08-23 20:35:00+00:00,0.03879,0.03912,0.0365,0.0375,10803.0
2026-08-23 20:40:00+00:00,0.0375,0.0391,0.03665,0.03724,16992.0
2026-08-23 20:45:00+00:00,0.03732,0.03785,0.03702,0.0377,3928.0
2026-08-23 20:50:00+00:00,0.03771,0.03817,0.03678,0.0372,8168.0
2026-08-23 20:55:00+00:00,0.03733,0.03733,0.03607,0.0364,5105.0
2026-08-23 21:00:00+00:00,0.03644,0.03647,0.03552,0.03566,9110.0
2026-08-23 21:05:00+00:00,0.03566,0.03661,0.035,0.0365,8154.0
2026-08-23 21:10:00+00:00,0.03664,0.0379,0.03652,0.03776,5588.0
2026-08-23 21:15:00+00:00,0.03762,0.03772,0.03683,0.03706,3933.0
2026-08-23 21:20:00+00:00,0.03707,0.03729,0.03705,0.03706,834.0
2026-08-23 21:25:00+00:00,0.03719,0.03747,0.0371,0.03733,878.0
2026-08-23 21:30:00+00:00,0.0373,0.03803,0.0373,0.03801,2852.0
2026-08-23 21:35:00+00:00,0.03802,0.03866,0.03791,0.03839,2464.0
2026-08-23 21:40:00+00:00,0.03824,0.03835,0.03786,0.03805,3828.0
2026-08-23 21:45:00+00:00,0.03803,0.03851,0.038,0.03821,607.0
2026-08-23 21:50:00+00:00,0.03827,0.03835,0.03766,0.03775,1825.0
2026-08-23 21:55:00+00:00,0.03766,0.03881,0.03766,0.03881,2708.0
2026-08-23 22:00:00+00:00,0.03861,0.03947,0.03859,0.0394,2593.0
2026-08-23 22:05:00+00:00,0.03921,0.03938,0.03858,0.03879,3145.0
2026-08-23 22:10:00+00:00,0.03865,0.03892,0.03853,0.03887,826.0
2026-08-23 22:15:00+00:00,0.0388,0.03884,0.03836,0.03837,1700.0
2026-08-23 22:20:00+00:00,0.03837,0.03848,0.03807,0.03831,2045.0
2026-08-23 22:25:00+00:00,0.03812,0.0383,0.03805,0.03812,783.0
2026-08-23 22:30:00+00:00,0.03811,0.03891,0.0381,0.03833,7765.0
2026-08-23 22:35:00+00:00,0.03835,0.03835,0.03804,0.03816,1666.0
2026-08-23 22:40:00+00:00,0.03836,0.03868,0.03816,0.03849,1422.0
2026-08-23 22:45:00+00:00,0.03849,0.03963,0.03841,0.03914,3378.0
2026-08-23 22:50:00+00:00,0.03899,0.03964,0.03887,0.03933,2779.0
2026-08-23 22:55:00+00:00,0.03952,0.04083,0.03929,0.0396,5911.0
2026-08-23 23:00:00+00:00,0.03956,0.03988,0.03942,0.0396,918.0
2026-08-23 23:05:00+00:00,0.03962,0.03964,0.03906,0.03913,3348.0
2026-08-23 23:10:00+00:00,0.03913,0.03913,0.03875,0.039,2279.0
2026-08-23 23:15:00+00:00,0.03885,0.03908,0.03881,0.039,919.0
2026-08-23 23:20:00+00:00,0.03888,0.0392,0.03844,0.03861,1412.0
2026-08-23 23:25:00+00:00,0.0386,0.0393,0.03844,0.03919,2101.0
2026-08-23 23:30:00+00:00,0.03917,0.03929,0.03897,0.03903,696.0
2026-08-23 23:35:00+00:00,0.03905,0.04232,0.039,0.04195,20823.0
2026-08-23 23:40:00+00:00,0.04172,0.04443,0.04166,0.04219,23979.0
2026-08-23 23:45:00+00:00,0.04219,0.04315,0.04161,0.04299,5631.0
2026-08-23 23:50:00+00:00,0.043,0.043,0.04147,0.04175,3923.0
2026-08-23 23:55:00+00:00,0.0418,0.0418,0.04124,0.04133,6688.0
2026-08-24 00:00:00+00:00,0.04124,0.04124,0.04029,0.04092,2841.0
2026-08-24 00:05:00+00:00,0.04109,0.04174,0.04096,0.0416,2946.0
2026-08-24 00:10:00+00:00,0.04172,0.04189,0.04159,0.04176,1925.0
2026-08-24 00:15:00+00:00,0.04161,0.0417,0.04039,0.04081,6467.0
2026-08-24 00:20:00+00:00,0.04079,0.04096,0.04037,0.04055,1752.0
2026-08-24 00:25:00+00:00,0.04053,0.0415,0.03967,0.0408,9269.0
2026-08-24 00:30:00+00:00,0.04076,0.04076,0.03976,0.0399,2630.0
2026-08-24 00:35:00+00:00,0.03985,0.04,0.039,0.039,2743.0
2026-08-24 00:40:00+00:00,0.03902,0.03947,0.03901,0.03928,2842.0
2026-08-24 00:45:00+00:00,0.03928,0.03928,0.03805,0.03833,6019.0
2026-08-24 00:50:00+00:00,0.03848,0.03894,0.038,0.03822,4642.0
2026-08-24 00:55:00+00:00,0.03824,0.03855,0.03809,0.03849,1504.0
2026-08-24 01:00:00+00:00,0.03856,0.03933,0.03849,0.03904,4505.0
2026-08-24 01:05:00+00:00,0.03908,0.03991,0.03898,0.03991,4032.0
2026-08-24 01:10:00+00:00,0.0397,0.04007,0.03969,0.0399,1876.0
2026-08-24 01:15:00+00:00,0.03975,0.03975,0.03931,0.03938,2325.0
2026-08-24 01:20:00+00:00,0.03933,0.04107,0.03933,0.04094,7893.0
2026-08-24 01:25:00+00:00,0.04077,0.04108,0.04075,0.04088,1802.0
2026-08-24 01:30:00+00:00,0.04087,0.04087,0.04,0.04,846.0
2026-08-24 01:35:00+00:00,0.04,0.04009,0.03949,0.03949,1150.0
2026-08-24 01:40:00+00:00,0.03953,0.03972,0.03949,0.03972,928.0
2026-08-24 01:45:00+00:00,0.03959,0.03973,0.03736,0.03751,6392.0
2026-08-24 01:50:00+00:00,0.0375,0.03806,0.03693,0.03766,8781.0
2026-08-24 01:55:00+00:00,0.03768,0.0378,0.03731,0.03748,2734.0
2026-08-24 02:00:00+00:00,0.03764,0.03832,0.03712,0.03728,9304.0
2026-08-24 02:05:00+00:00,0.0374,0.03796,0.03729,0.03776,2663.0
2026-08-24 02:10:00+00:00,0.03781,0.03809,0.03747,0.03758,3157.0
2026-08-24 02:15:00+00:00,0.03775,0.0382,0.03693,0.03809,7801.0
2026-08-24 02:20:00+00:00,0.03809,0.03826,0.03799,0.03812,1030.0
2026-08-24 02:25:00+00:00,0.03812,0.03836,0.03778,0.03791,2514.0
2026-08-24 02:30:00+00:00,0.03781,0.03789,0.03693,0.03729,2399.0
2026-08-24 02:35:00+00:00,0.03717,0.03719,0.03506,0.03543,29351.0
2026-08-24 02:40:00+00:00,0.03543,0.03691,0.03527,0.03638,14800.0
2026-08-24 02:45:00+00:00,0.03656,0.03691,0.03613,0.03683,6759.0
2026-08-24 02:50:00+00:00,0.03683,0.03848,0.03577,0.03784,11495.0
2026-08-24 02:55:00+00:00,0.03768,0.03786,0.037,0.037,1947.0
2026-08-24 03:00:00+00:00,0.03715,0.03879,0.03675,0.0386,10081.0
2026-08-24 03:05:00+00:00,0.03848,0.03896,0.0377,0.03861,7486.0
2026-08-24 03:10:00+00:00,0.03856,0.03856,0.03675,0.03785,12626.0
2026-08-24 03:15:00+00:00,0.03784,0.03844,0.03765,0.03807,2535.0
2026-08-24 03:20:00+00:00,0.03793,0.03852,0.03789,0.03829,1907.0
2026-08-24 03:25:00+00:00,0.03828,0.03857,0.03764,0.03764,3265.0
2026-08-24 03:30:00+00:00,0.0376,0.0386,0.03745,0.03798,7114.0
2026-08-24 03:35:00+00:00,0.03789,0.03843,0.03768,0.03806,3192.0
2026-08-24 03:40:00+00:00,0.03808,0.03839,0.03787,0.03787,2390.0
2026-08-24 03:45:00+00:00,0.03786,0.03786,0.03715,0.03715,670.0
2026-08-24 03:50:00+00:00,0.03712,0.03725,0.0363,0.03639,3311.0
2026-08-24 03:55:00+00:00,0.03653,0.03689,0.03632,0.03684,2013.0
2026-08-24 04:00:00+00:00,0.03691,0.03733,0.03637,0.03707,10464.0
2026-08-24 04:05:00+00:00,0.03723,0.03768,0.03692,0.03742,3878.0
2026-08-24 04:10:00+00:00,0.03741,0.03761,0.0373,0.03761,887.0
2026-08-24 04:15:00+00:00,0.03741,0.03764,0.03699,0.03705,2249.0
2026-08-24 04:20:00+00:00,0.03725,0.03799,0.03725,0.03779,3685.0
2026-08-24 04:25:00+00:00,0.03765,0.03797,0.03753,0.03797,1531.0
2026-08-24 04:30:00+00:00,0.03797,0.0385,0.03772,0.03772,4944.0
2026-08-24 04:35:00+00:00,0.03776,0.03785,0.03728,0.03742,2375.0
2026-08-24 04:40:00+00:00,0.03751,0.03801,0.03751,0.03761,2726.0
2026-08-24 04:45:00+00:00,0.03751,0.03793,0.03743,0.03784,1429.0
2026-08-24 04:50:00+00:00,0.03777,0.03784,0.03699,0.03775,4392.0
2026-08-24 04:55:00+00:00,0.03757,0.0379,0.03723,0.03753,3071.0
2026-08-24 05:00:00+00:00,0.03756,0.03766,0.03712,0.03731,2969.0
2026-08-24 05:05:00+00:00,0.03717,0.03729,0.03705,0.0372,845.0
2026-08-24 05:10:00+00:00,0.0371,0.03729,0.03675,0.03727,2285.0
2026-08-24 05:15:00+00:00,0.03727,0.0373,0.03717,0.0373,848.0
2026-08-24 05:20:00+00:00,0.03718,0.03756,0.03707,0.03707,1870.0
2026-08-24 05:25:00+00:00,0.03714,0.03725,0.0364,0.03668,4430.0
2026-08-24 05:30:00+00:00,0.03658,0.0366,0.03611,0.03625,2310.0
2026-08-24 05:35:00+00:00,0.03611,0.03618,0.03596,0.03601,1444.0
2026-08-24 05:40:00+00:00,0.03601,0.03607,0.03562,0.03584,3360.0
2026-08-24 05:45:00+00:00,0.03583,0.03583,0.03542,0.03565,1717.0
2026-08-24 05:50:00+00:00,0.03564,0.03608,0.03553,0.03556,4553.0
2026-08-24 05:55:00+00:00,0.03571,0.03644,0.03541,0.03636,2896.0
2026-08-24 06:00:00+00:00,0.03638,0.03669,0.03516,0.03548,9162.0
2026-08-24 06:05:00+00:00,0.0354,0.03607,0.03332,0.03435,33001.0
2026-08-24 06:10:00+00:00,0.03428,0.03509,0.0339,0.03448,9383.0
2026-08-24 06:15:00+00:00,0.03464,0.03471,0.03421,0.03451,2051.0
2026-08-24 06:20:00+00:00,0.0345,0.03502,0.03447,0.03502,2418.0
2026-08-24 06:25:00+00:00,0.0349,0.03512,0.03468,0.03491,5203.0
2026-08-24 06:30:00+00:00,0.03495,0.03781,0.03495,0.03707,11389.0
2026-08-24 06:35:00+00:00,0.03705,0.03736,0.03621,0.03639,5737.0
2026-08-24 06:40:00+00:00,0.03648,0.03741,0.03648,0.03689,4880.0
2026-08-24 06:45:00+00:00,0.03703,0.03752,0.03661,0.03724,10311.0
2026-08-24 06:50:00+00:00,0.03716,0.03748,0.03658,0.03688,5633.0
2026-08-24 06:55:00+00:00,0.03674,0.03674,0.03461,0.03535,15246.0
2026-08-24 07:00:00+00:00,0.03524,0.03539,0.03452,0.03482,12771.0
2026-08-24 07:05:00+00:00,0.03476,0.03571,0.03455,0.03559,6972.0
2026-08-24 07:10:00+00:00,0.03544,0.03571,0.03397,0.03504,8073.0
2026-08-24 07:15:00+00:00,0.0351,0.03545,0.03486,0.03509,3259.0
2026-08-24 07:20:00+00:00,0.03488,0.03488,0.03378,0.03485,17161.0
2026-08-24 07:25:00+00:00,0.03483,0.03588,0.03454,0.03547,4179.0
2026-08-24 07:30:00+00:00,0.03535,0.03537,0.03483,0.03507,2031.0
2026-08-24 07:35:00+00:00,0.03508,0.0365,0.035,0.03551,11779.0
2026-08-24 07:40:00+00:00,0.03555,0.03649,0.0353,0.03573,5124.0
2026-08-24 07:45:00+00:00,0.03571,0.03587,0.03561,0.03572,2422.0
2026-08-24 07:50:00+00:00,0.03568,0.0358,0.0353,0.03552,1342.0
2026-08-24 07:55:00+00:00,0.03536,0.03553,0.03472,0.03472,3656.0
2026-08-24 08:00:00+00:00,0.03472,0.03528,0.03428,0.035,8756.0
2026-08-24 08:05:00+00:00,0.03509,0.03511,0.03449,0.03479,1583.0
2026-08-24 08:10:00+00:00,0.0348,0.03498,0.03474,0.0348,2037.0
2026-08-24 08:15:00+00:00,0.03472,0.03487,0.03464,0.03477,3423.0
2026-08-24 08:20:00+00:00,0.03485,0.03494,0.03445,0.0345,2496.0
2026-08-24 08:25:00+00:00,0.03445,0.03481,0.03436,0.03462,935.0
2026-08-24 08:30:00+00:00,0.03472,0.03487,0.034,0.03427,3619.0
2026-08-24 08:35:00+00:00,0.03402,0.03425,0.03358,0.03365,4646.0
2026-08-24 08:40:00+00:00,0.03367,0.03377,0.03335,0.03351,4847.0
2026-08-24 08:45:00+00:00,0.03367,0.03431,0.0335,0.03412,4516.0
2026-08-24 08:50:00+00:00,0.03426,0.03541,0.03424,0.03497,6172.0
2026-08-24 08:55:00+00:00,0.03497,0.03497,0.03449,0.03483,3077.0
2026-08-24 09:00:00+00:00,0.03471,0.03484,0.03435,0.03435,921.0
2026-08-24 09:05:00+00:00,0.03434,0.03572,0.03429,0.03542,7558.0
2026-08-24 09:10:00+00:00,0.03542,0.03615,0.03542,0.03569,7209.0
2026-08-24 09:15:00+00:00,0.03561,0.03604,0.035,0.035,7128.0
2026-08-24 09:20:00+00:00,0.0351,0.03542,0.03506,0.03521,3975.0
2026-08-24 09:25:00+00:00,0.03524,0.03548,0.03512,0.03539,1781.0
2026-08-24 09:30:00+00:00,0.03546,0.0358,0.03546,0.03579,2021.0
2026-08-24 09:35:00+00:00,0.0356,0.0363,0.03551,0.03592,4216.0
2026-08-24 09:40:00+00:00,0.03592,0.03672,0.03555,0.03574,12452.0
2026-08-24 09:45:00+00:00,0.03572,0.03629,0.03565,0.036,1039.0
2026-08-24 09:50:00+00:00,0.036,0.03639,0.03592,0.03639,1578.0
2026-08-24 09:55:00+00:00,0.03628,0.03636,0.03612,0.03621,391.0
2026-08-24 10:00:00+00:00,0.03614,0.03731,0.03599,0.03698,4049.0
2026-08-24 10:05:00+00:00,0.03682,0.03738,0.03604,0.03617,7834.0
2026-08-24 10:10:00+00:00,0.03601,0.03607,0.03552,0.03562,5406.0
2026-08-24 10:15:00+00:00,0.03553,0.03563,0.03477,0.03479,7794.0
2026-08-24 10:20:00+00:00,0.035,0.0352,0.03477,0.03516,4478.0
2026-08-24 10:25:00+00:00,0.03524,0.03591,0.03524,0.03571,3621.0
2026-08-24 10:30:00+00:00,0.03571,0.03677,0.03562,0.03638,3708.0
2026-08-24 10:35:00+00:00,0.03637,0.03647,0.03566,0.03598,7452.0
2026-08-24 10:40:00+00:00,0.03599,0.03641,0.03567,0.03618,2033.0
2026-08-24 10:45:00+00:00,0.03607,0.03898,0.03607,0.0386,18516.0
2026-08-24 10:50:00+00:00,0.03848,0.03891,0.03803,0.03841,9852.0
2026-08-24 10:55:00+00:00,0.03841,0.03869,0.03684,0.03749,4668.0
2026-08-24 11:00:00+00:00,0.0373,0.0376,0.03722,0.0375,1827.0
2026-08-24 11:05:00+00:00,0.03733,0.0376,0.03722,0.03745,1681.0
2026-08-24 11:10:00+00:00,0.0374,0.03876,0.03736,0.03797,6179.0
2026-08-24 11:15:00+00:00,0.03796,0.03796,0.03744,0.0376,1468.0
2026-08-24 11:20:00+00:00,0.0376,0.03774,0.03736,0.03742,1642.0
2026-08-24 11:25:00+00:00,0.03741,0.03797,0.03738,0.03766,1088.0
2026-08-24 11:30:00+00:00,0.03776,0.03776,0.03733,0.03742,1136.0
2026-08-24 11:35:00+00:00,0.03761,0.03972,0.03752,0.03934,7851.0
2026-08-24 11:40:00+00:00,0.0395,0.04,0.03925,0.0398,4547.0
2026-08-24 11:45:00+00:00,0.03992,0.03992,0.03823,0.03905,6433.0
2026-08-24 11:50:00+00:00,0.03893,0.03936,0.03867,0.03867,2510.0
2026-08-24 11:55:00+00:00,0.03884,0.03887,0.03812,0.03823,4706.0
2026-08-24 12:00:00+00:00,0.0381,0.0393,0.03801,0.03918,4620.0
2026-08-24 12:05:00+00:00,0.03907,0.0393,0.03897,0.03897,894.0
2026-08-24 12:10:00+00:00,0.03897,0.03908,0.03861,0.03861,2516.0
2026-08-24 12:15:00+00:00,0.03874,0.03877,0.03826,0.03857,2044.0
2026-08-24 12:20:00+00:00,0.03842,0.03858,0.03826,0.03831,547.0
2026-08-24 12:25:00+00:00,0.03832,0.03845,0.03712,0.03773,4495.0
2026-08-24 12:30:00+00:00,0.03761,0.0379,0.03757,0.03764,981.0
2026-08-24 12:35:00+00:00,0.03766,0.03768,0.03659,0.03659,2259.0
2026-08-24 12:40:00+00:00,0.03662,0.03712,0.03572,0.03668,9998.0
2026-08-24 12:45:00+00:00,0.03668,0.03681,0.03648,0.03661,1599.0
2026-08-24 12:50:00+00:00,0.0366,0.0376,0.03659,0.0375,2141.0
2026-08-24 12:55:00+00:00,0.0375,0.03829,0.03674,0.03783,8996.0
2026-08-24 13:00:00+00:00,0.03768,0.03841,0.03767,0.03812,2662.0
2026-08-24 13:05:00+00:00,0.0381,0.03819,0.03779,0.03783,1826.0
2026-08-24 13:10:00+00:00,0.03783,0.0381,0.03776,0.03787,757.0
2026-08-24 13:15:00+00:00,0.03799,0.03823,0.03781,0.03797,1051.0
2026-08-24 13:20:00+00:00,0.03781,0.03799,0.03751,0.03779,1196.0
2026-08-24 13:25:00+00:00,0.03764,0.03779,0.0373,0.03741,1206.0
2026-08-24 13:30:00+00:00,0.03743,0.03763,0.03642,0.03685,3143.0
2026-08-24 13:35:00+00:00,0.03699,0.03784,0.0368,0.03746,4532.0
2026-08-24 13:40:00+00:00,0.03731,0.03731,0.03562,0.03624,13467.0
2026-08-24 13:45:00+00:00,0.03608,0.0364,0.03478,0.03507,14583.0
2026-08-24 13:50:00+00:00,0.03521,0.03534,0.034,0.03496,8492.0
2026-08-24 13:55:00+00:00,0.035,0.0355,0.035,0.03543,2065.0
2026-08-24 14:00:00+00:00,0.03548,0.03575,0.03526,0.03526,1119.0
2026-08-24 14:05:00+00:00,0.03543,0.03577,0.03487,0.035,3332.0
2026-08-24 14:10:00+00:00,0.035,0.03564,0.03481,0.03562,5548.0
2026-08-24 14:15:00+00:00,0.03561,0.0363,0.03526,0.03627,4629.0
2026-08-24 14:20:00+00:00,0.03612,0.03626,0.0359,0.03608,1860.0
2026-08-24 14:25:00+00:00,0.03588,0.03598,0.03549,0.0357,826.0
2026-08-24 14:30:00+00:00,0.03571,0.03693,0.03563,0.0366,5134.0
2026-08-24 14:35:00+00:00,0.03679,0.03679,0.03579,0.03662,4053.0
2026-08-24 14:40:00+00:00,0.03663,0.03678,0.03639,0.03643,1850.0
2026-08-24 14:45:00+00:00,0.03642,0.03803,0.03635,0.03729,11113.0
2026-08-24 14:50:00+00:00,0.03733,0.03744,0.03668,0.03683,7856.0
2026-08-24 14:55:00+00:00,0.03668,0.03737,0.03663,0.03705,3447.0
2026-08-24 15:00:00+00:00,0.03705,0.03716,0.03685,0.03686,978.0
2026-08-24 15:05:00+00:00,0.03685,0.03837,0.03685,0.03811,5365.0
2026-08-24 15:10:00+00:00,0.03805,0.03983,0.038,0.03825,21556.0
2026-08-24 15:15:00+00:00,0.03838,0.03855,0.03801,0.03835,1316.0
2026-08-24 15:20:00+00:00,0.03833,0.0397,0.03765,0.03899,11277.0
2026-08-24 15:25:00+00:00,0.03908,0.04068,0.03908,0.03945,12854.0
2026-08-24 15:30:00+00:00,0.03945,0.03962,0.03913,0.03945,1587.0
2026-08-24 15:35:00+00:00,0.03944,0.0414,0.03939,0.03986,20350.0
2026-08-24 15:40:00+00:00,0.03986,0.04003,0.0385,0.03887,7944.0
2026-08-24 15:45:00+00:00,0.03881,0.03981,0.0384,0.03853,5282.0
2026-08-24 15:50:00+00:00,0.03852,0.03855,0.03765,0.03781,4911.0
2026-08-24 15:55:00+00:00,0.03781,0.03781,0.03561,0.03635,13591.0
2026-08-24 16:00:00+00:00,0.03636,0.03837,0.03618,0.03784,20276.0
2026-08-24 16:05:00+00:00,0.03778,0.0378,0.03728,0.03728,2029.0
2026-08-24 16:10:00+00:00,0.03739,0.03747,0.03704,0.03704,2942.0
2026-08-24 16:15:00+00:00,0.03716,0.03775,0.03624,0.03753,11405.0
2026-08-24 16:20:00+00:00,0.03774,0.03821,0.03729,0.03821,7484.0
2026-08-24 16:25:00+00:00,0.03806,0.0388,0.03705,0.03745,12576.0
2026-08-24 16:30:00+00:00,0.03742,0.03753,0.03663,0.03664,4201.0
2026-08-24 16:35:00+00:00,0.03678,0.0374,0.03668,0.03672,4921.0
2026-08-24 16:40:00+00:00,0.03665,0.03785,0.036,0.03727,10110.0
2026-08-24 16:45:00+00:00,0.03727,0.03739,0.03673,0.03689,3914.0
2026-08-24 16:50:00+00:00,0.03673,0.03693,0.03527,0.03597,8905.0
2026-08-24 16:55:00+00:00,0.03606,0.03665,0.03588,0.03653,4674.0
2026-08-24 17:00:00+00:00,0.03653,0.03653,0.03624,0.03627,700.0
2026-08-24 17:05:00+00:00,0.03627,0.0372,0.03627,0.03715,5892.0
2026-08-24 17:10:00+00:00,0.03714,0.03714,0.0365,0.03651,1718.0
2026-08-24 17:15:00+00:00,0.03667,0.03667,0.03588,0.0359,4665.0
2026-08-24 17:20:00+00:00,0.03592,0.03598,0.03543,0.03544,4054.0
2026-08-24 17:25:00+00:00,0.0356,0.03568,0.03504,0.03548,2645.0
2026-08-24 17:30:00+00:00,0.03536,0.03537,0.03509,0.03522,2626.0
2026-08-24 17:35:00+00:00,0.03526,0.03548,0.03431,0.03463,16985.0
2026-08-24 17:40:00+00:00,0.03464,0.03554,0.03464,0.035,7184.0
2026-08-24 17:45:00+00:00,0.035,0.035,0.03458,0.03466,2453.0
2026-08-24 17:50:00+00:00,0.03474,0.035,0.03454,0.03464,3919.0
2026-08-24 17:55:00+00:00,0.03462,0.03463,0.03416,0.03446,2043.0
2026-08-24 18:00:00+00:00,0.03447,0.03538,0.03401,0.0343,11053.0
2026-08-24 18:05:00+00:00,0.03437,0.03478,0.03437,0.03455,3084.0
2026-08-24 18:10:00+00:00,0.03455,0.03494,0.03441,0.03472,3253.0
2026-08-24 18:15:00+00:00,0.03488,0.03507,0.03481,0.03497,1314.0
2026-08-24 18:20:00+00:00,0.03496,0.035,0.03452,0.03466,3326.0
2026-08-24 18:25:00+00:00,0.03452,0.03513,0.03452,0.03479,2032.0
2026-08-24 18:30:00+00:00,0.03472,0.03478,0.03145,0.0324,32508.0
2026-08-24 18:35:00+00:00,0.03249,0.0325,0.03087,0.03242,17648.0
2026-08-24 18:40:00+00:00,0.03247,0.03296,0.03152,0.0325,13374.0
2026-08-24 18:45:00+00:00,0.03253,0.03293,0.03226,0.03292,5943.0
2026-08-24 18:50:00+00:00,0.03277,0.03296,0.0316,0.03203,7316.0
2026-08-24 18:55:00+00:00,0.03205,0.0322,0.03082,0.0315,22899.0
2026-08-24 19:00:00+00:00,0.0315,0.03265,0.03139,0.03224,5983.0
2026-08-24 19:05:00+00:00,0.0322,0.03226,0.03001,0.03027,22654.0
2026-08-24 19:10:00+00:00,0.03028,0.03124,0.03028,0.03076,9332.0
2026-08-24 19:15:00+00:00,0.03076,0.03111,0.02957,0.03111,9782.0
2026-08-24 19:20:00+00:00,0.03111,0.0313,0.03032,0.03054,5436.0
2026-08-24 19:25:00+00:00,0.03066,0.03098,0.03056,0.03073,3092.0
2026-08-24 19:30:00+00:00,0.03091,0.03092,0.03047,0.03074,5124.0
2026-08-24 19:35:00+00:00,0.03075,0.03106,0.03075,0.03093,594.0
2026-08-24 19:40:00+00:00,0.03094,0.03107,0.03012,0.03026,3203.0
2026-08-24 19:45:00+00:00,0.03022,0.03069,0.02972,0.03069,10002.0
2026-08-24 19:50:00+00:00,0.03057,0.03133,0.0304,0.03099,4822.0
2026-08-24 19:55:00+00:00,0.031,0.0312,0.03084,0.03104,1414.0
2026-08-24 20:00:00+00:00,0.03099,0.0318,0.03099,0.03175,3223.0
2026-08-24 20:05:00+00:00,0.03159,0.03196,0.03151,0.03185,2101.0
2026-08-24 20:10:00+00:00,0.03178,0.0326,0.03166,0.03249,5403.0
2026-08-24 20:15:00+00:00,0.03236,0.03284,0.03219,0.03223,5573.0
2026-08-24 20:20:00+00:00,0.03221,0.03229,0.03077,0.03095,7780.0
2026-08-24 20:25:00+00:00,0.03099,0.03104,0.03044,0.03102,5930.0
2026-08-24 20:30:00+00:00,0.03104,0.03114,0.03081,0.03108,888.0
2026-08-24 20:35:00+00:00,0.03106,0.03108,0.0307,0.03073,945.0
2026-08-24 20:40:00+00:00,0.03073,0.0312,0.03073,0.03118,1084.0
2026-08-24 20:45:00+00:00,0.03125,0.03134,0.03083,0.031,2637.0
2026-08-24 20:50:00+00:00,0.03103,0.03113,0.03082,0.03096,1727.0
2026-08-24 20:55:00+00:00,0.03097,0.03104,0.03084,0.03104,998.0
2026-08-24 21:00:00+00:00,0.03104,0.03218,0.03104,0.03154,6145.0
2026-08-24 21:05:00+00:00,0.03161,0.03171,0.03108,0.03117,2135.0
2026-08-24 21:10:00+00:00,0.03128,0.03212,0.03127,0.03176,3958.0
2026-08-24 21:15:00+00:00,0.03177,0.03192,0.03153,0.03168,990.0
2026-08-24 21:20:00+00:00,0.03156,0.03217,0.03153,0.03202,3288.0
2026-08-24 21:25:00+00:00,0.032,0.03299,0.0319,0.03289,5982.0
2026-08-24 21:30:00+00:00,0.03296,0.0333,0.03237,0.03237,5566.0
2026-08-24 21:35:00+00:00,0.03239,0.03308,0.03239,0.03306,2125.0
2026-08-24 21:40:00+00:00,0.03297,0.03344,0.03275,0.03309,7819.0
2026-08-24 21:45:00+00:00,0.03302,0.03325,0.03272,0.03272,7253.0
2026-08-24 21:50:00+00:00,0.0327,0.03279,0.03241,0.03241,1469.0
2026-08-24 21:55:00+00:00,0.0326,0.03386,0.0326,0.03289,9065.0
2026-08-24 22:00:00+00:00,0.03284,0.03293,0.03267,0.03279,1197.0
2026-08-24 22:05:00+00:00,0.03273,0.03327,0.03263,0.03315,5110.0
2026-08-24 22:10:00+00:00,0.03296,0.03325,0.0328,0.0328,3684.0
2026-08-24 22:15:00+00:00,0.03277,0.03282,0.03261,0.03276,1194.0
2026-08-24 22:20:00+00:00,0.03264,0.03276,0.03228,0.0323,903.0
2026-08-24 22:25:00+00:00,0.03232,0.03241,0.03225,0.03235,576.0
2026-08-24 22:30:00+00:00,0.03235,0.03236,0.03208,0.03208,1948.0
2026-08-24 22:35:00+00:00,0.03217,0.03235,0.03167,0.03213,7927.0
2026-08-24 22:40:00+00:00,0.03224,0.03319,0.03215,0.03318,5404.0
2026-08-24 22:45:00+00:00,0.03311,0.0336,0.03301,0.03354,3949.0
2026-08-24 22:50:00+00:00,0.03353,0.03366,0.03277,0.03287,6688.0
2026-08-24 22:55:00+00:00,0.03289,0.03444,0.03263,0.03407,14158.0
2026-08-24 23:00:00+00:00,0.03407,0.03471,0.03385,0.03471,9530.0
2026-08-24 23:05:00+00:00,0.03464,0.03492,0.03432,0.03486,2967.0
2026-08-24 23:10:00+00:00,0.03472,0.03491,0.03407,0.03428,6471.0
2026-08-24 23:15:00+00:00,0.03416,0.03443,0.0341,0.03432,1621.0
2026-08-24 23:20:00+00:00,0.03433,0.0349,0.03433,0.03464,3899.0
2026-08-24 23:25:00+00:00,0.03461,0.03509,0.03418,0.03432,4694.0
2026-08-24 23:30:00+00:00,0.0344,0.03508,0.03396,0.03477,8145.0
2026-08-24 23:35:00+00:00,0.03476,0.03479,0.03457,0.03466,484.0
2026-08-24 23:40:00+00:00,0.03457,0.03459,0.03439,0.03451,1009.0
2026-08-24 23:45:00+00:00,0.03441,0.03441,0.03408,0.03422,1748.0
2026-08-24 23:50:00+00:00,0.03422,0.03443,0.03407,0.03429,2007.0
2026-08-24 23:55:00+00:00,0.03429,0.0344,0.03419,0.03419,1063.0
2026-08-25 00:00:00+00:00,0.03424,0.03476,0.03417,0.03468,5386.0
2026-08-25 00:05:00+00:00,0.0347,0.0347,0.03423,0.03426,6434.0
2026-08-25 00:10:00+00:00,0.03431,0.03461,0.03414,0.03432,2399.0
2026-08-25 00:15:00+00:00,0.0344,0.03464,0.0343,0.0346,2110.0
2026-08-25 00:20:00+00:00,0.03464,0.03485,0.03436,0.03436,3667.0
2026-08-25 00:25:00+00:00,0.03435,0.03466,0.03422,0.03464,2079.0
2026-08-25 00:30:00+00:00,0.03456,0.03664,0.03456,0.0359,23217.0
2026-08-25 00:35:00+00:00,0.03608,0.03608,0.03553,0.03567,2128.0
2026-08-25 00:40:00+00:00,0.0356,0.0362,0.03513,0.03546,7375.0
2026-08-25 00:45:00+00:00,0.03548,0.03578,0.03489,0.035,5704.0
2026-08-25 00:50:00+00:00,0.03491,0.03578,0.03491,0.03578,4539.0
2026-08-25 00:55:00+00:00,0.03574,0.03615,0.03559,0.03613,7332.0
2026-08-25 01:00:00+00:00,0.0361,0.03625,0.03606,0.0361,3202.0
2026-08-25 01:05:00+00:00,0.03607,0.03714,0.03606,0.03706,12392.0
2026-08-25 01:10:00+00:00,0.037,0.03759,0.03651,0.03703,12996.0
2026-08-25 01:15:00+00:00,0.03692,0.03722,0.03665,0.03684,4462.0
2026-08-25 01:20:00+00:00,0.03672,0.03736,0.03672,0.03708,4365.0
2026-08-25 01:25:00+00:00,0.03701,0.0375,0.0368,0.03709,7200.0
2026-08-25 01:30:00+00:00,0.03713,0.0373,0.0366,0.0366,4105.0
2026-08-25 01:35:00+00:00,0.03657,0.03666,0.03573,0.03588,9119.0
2026-08-25 01:40:00+00:00,0.03587,0.036,0.03544,0.03544,2802.0
2026-08-25 01:45:00+00:00,0.03552,0.03613,0.0349,0.0359,5916.0
2026-08-25 01:50:00+00:00,0.03599,0.037,0.03577,0.03687,15367.0
2026-08-25 01:55:00+00:00,0.0368,0.03694,0.03637,0.03655,1033.0
2026-08-25 02:00:00+00:00,0.03645,0.0366,0.03641,0.03652,3080.0
2026-08-25 02:05:00+00:00,0.03658,0.03661,0.03623,0.03641,2242.0
2026-08-25 02:10:00+00:00,0.03632,0.03649,0.03632,0.03632,1359.0
2026-08-25 02:15:00+00:00,0.03637,0.03645,0.0357,0.03588,5492.0
2026-08-25 02:20:00+00:00,0.03588,0.03655,0.03565,0.03574,7274.0
2026-08-25 02:25:00+00:00,0.03583,0.03584,0.03495,0.03537,7738.0
2026-08-25 02:30:00+00:00,0.03537,0.03569,0.03509,0.03539,5571.0
2026-08-25 02:35:00+00:00,0.03539,0.03548,0.0349,0.03492,2938.0
2026-08-25 02:40:00+00:00,0.0351,0.03515,0.03476,0.03513,2965.0
2026-08-25 02:45:00+00:00,0.03514,0.0368,0.03513,0.0368,6249.0
2026-08-25 02:50:00+00:00,0.03669,0.03669,0.03604,0.0366,5034.0
2026-08-25 02:55:00+00:00,0.03645,0.03781,0.03645,0.03712,11193.0
2026-08-25 03:00:00+00:00,0.03712,0.03757,0.03712,0.0374,2456.0
2026-08-25 03:05:00+00:00,0.03745,0.0375,0.03662,0.03698,3574.0
2026-08-25 03:10:00+00:00,0.03686,0.03779,0.03686,0.03765,1825.0
2026-08-25 03:15:00+00:00,0.03773,0.03875,0.03753,0.03854,6259.0
2026-08-25 03:20:00+00:00,0.03854,0.03931,0.03805,0.03908,9470.0
2026-08-25 03:25:00+00:00,0.03903,0.03914,0.03811,0.03816,5160.0
2026-08-25 03:30:00+00:00,0.03812,0.03828,0.0375,0.03789,4805.0
2026-08-25 03:35:00+00:00,0.03795,0.03807,0.03778,0.03795,2410.0
2026-08-25 03:40:00+00:00,0.03785,0.03848,0.0372,0.03723,10106.0
2026-08-25 03:45:00+00:00,0.03734,0.03737,0.03633,0.03656,6178.0
2026-08-25 03:50:00+00:00,0.0366,0.0368,0.03647,0.03678,2920.0
2026-08-25 03:55:00+00:00,0.03679,0.0368,0.03654,0.0367,1176.0
2026-08-25 04:00:00+00:00,0.03677,0.03682,0.03582,0.03675,7112.0
2026-08-25 04:05:00+00:00,0.03686,0.03725,0.0368,0.03719,2057.0
2026-08-25 04:10:00+00:00,0.0372,0.03732,0.0372,0.03722,323.0
2026-08-25 04:15:00+00:00,0.03722,0.03744,0.03721,0.03723,462.0
2026-08-25 04:20:00+00:00,0.03723,0.0375,0.03668,0.03682,3035.0
2026-08-25 04:25:00+00:00,0.03671,0.03682,0.03655,0.03677,1126.0
2026-08-25 04:30:00+00:00,0.03668,0.03677,0.03641,0.03665,838.0
2026-08-25 04:35:00+00:00,0.03664,0.03768,0.03659,0.03744,5173.0
2026-08-25 04:40:00+00:00,0.03744,0.03776,0.0365,0.03732,8096.0
2026-08-25 04:45:00+00:00,0.03728,0.03749,0.03715,0.03715,306.0
2026-08-25 04:50:00+00:00,0.03728,0.03931,0.03728,0.03865,7071.0
2026-08-25 04:55:00+00:00,0.03861,0.03983,0.03861,0.03967,4687.0
2026-08-25 05:00:00+00:00,0.03956,0.0397,0.0392,0.03922,2155.0
2026-08-25 05:05:00+00:00,0.0392,0.03925,0.03872,0.03874,1436.0
2026-08-25 05:10:00+00:00,0.03873,0.03883,0.0385,0.03859,643.0
2026-08-25 05:15:00+00:00,0.03858,0.03872,0.03839,0.03869,1067.0
2026-08-25 05:20:00+00:00,0.0386,0.0401,0.0386,0.03918,5547.0
2026-08-25 05:25:00+00:00,0.03914,0.03944,0.03908,0.03928,2038.0
2026-08-25 05:30:00+00:00,0.03916,0.0398,0.03842,0.03845,6351.0
2026-08-25 05:35:00+00:00,0.03845,0.03927,0.03825,0.03923,3371.0
2026-08-25 05:40:00+00:00,0.03923,0.03941,0.03884,0.03903,3153.0
2026-08-25 05:45:00+00:00,0.03906,0.03979,0.03884,0.03884,6469.0
2026-08-25 05:50:00+00:00,0.03884,0.03901,0.03884,0.03888,395.0
2026-08-25 05:55:00+00:00,0.03889,0.03957,0.03884,0.03922,2351.0
2026-08-25 06:00:00+00:00,0.03921,0.04174,0.0391,0.04065,14194.0
2026-08-25 06:05:00+00:00,0.04052,0.04126,0.04052,0.04126,2435.0
2026-08-25 06:10:00+00:00,0.04112,0.0414,0.04108,0.04115,3140.0
2026-08-25 06:15:00+00:00,0.04114,0.0419,0.04103,0.04184,2246.0
2026-08-25 06:20:00+00:00,0.04176,0.0429,0.04175,0.0429,6956.0
2026-08-25 06:25:00+00:00,0.04269,0.0434,0.04244,0.04327,13766.0
2026-08-25 06:30:00+00:00,0.04328,0.0434,0.04223,0.04313,13313.0
2026-08-25 06:35:00+00:00,0.04313,0.04525,0.04277,0.04418,28826.0
2026-08-25 06:40:00+00:00,0.04413,0.0465,0.04408,0.04531,18107.0
2026-08-25 06:45:00+00:00,0.04535,0.04712,0.04442,0.04485,24212.0
2026-08-25 06:50:00+00:00,0.04485,0.04677,0.04456,0.04649,16787.0
2026-08-25 06:55:00+00:00,0.04663,0.0473,0.04347,0.04478,21542.0
2026-08-25 07:00:00+00:00,0.04479,0.04481,0.04133,0.04258,25865.0
2026-08-25 07:05:00+00:00,0.04258,0.04431,0.04258,0.04409,5275.0
2026-08-25 07:10:00+00:00,0.04409,0.04424,0.04369,0.04419,4017.0
2026-08-25 07:15:00+00:00,0.0442,0.0442,0.04281,0.04305,8462.0
2026-08-25 07:20:00+00:00,0.04305,0.04326,0.04256,0.04256,2997.0
2026-08-25 07:25:00+00:00,0.04263,0.04263,0.04213,0.04235,2634.0
2026-08-25 07:30:00+00:00,0.0422,0.04298,0.04216,0.04282,2915.0
2026-08-25 07:35:00+00:00,0.04292,0.04336,0.04289,0.04289,3597.0
2026-08-25 07:40:00+00:00,0.0428,0.04289,0.0424,0.0424,1409.0
2026-08-25 07:45:00+00:00,0.04256,0.04265,0.04194,0.04194,2410.0
2026-08-25 07:50:00+00:00,0.04191,0.0432,0.03985,0.04015,17244.0
2026-08-25 07:55:00+00:00,0.04015,0.04285,0.04015,0.04235,18349.0
2026-08-25 08:00:00+00:00,0.0422,0.04238,0.04205,0.04238,1242.0
2026-08-25 08:05:00+00:00,0.0422,0.04241,0.0414,0.04159,4861.0
2026-08-25 08:10:00+00:00,0.04152,0.0416,0.04089,0.04125,3851.0
2026-08-25 08:15:00+00:00,0.04115,0.04148,0.04108,0.04115,2991.0
2026-08-25 08:20:00+00:00,0.04112,0.04145,0.041,0.04145,3014.0
2026-08-25 08:25:00+00:00,0.04145,0.04206,0.04136,0.04206,5954.0
2026-08-25 08:30:00+00:00,0.04205,0.04242,0.04189,0.04242,2364.0
2026-08-25 08:35:00+00:00,0.0422,0.04267,0.04204,0.04257,2259.0
2026-08-25 08:40:00+00:00,0.04245,0.04268,0.04176,0.04219,2976.0
2026-08-25 08:45:00+00:00,0.04198,0.04219,0.04175,0.04189,1227.0
2026-08-25 08:50:00+00:00,0.04175,0.04183,0.04082,0.0411,5907.0
2026-08-25 08:55:00+00:00,0.04112,0.04124,0.0402,0.04096,4472.0
2026-08-25 09:00:00+00:00,0.04095,0.04171,0.0408,0.04148,2963.0
2026-08-25 09:05:00+00:00,0.04148,0.04185,0.0406,0.04076,4119.0
2026-08-25 09:10:00+00:00,0.04081,0.04087,0.04049,0.04078,1838.0
2026-08-25 09:15:00+00:00,0.04088,0.04124,0.04078,0.04111,2188.0
2026-08-25 09:20:00+00:00,0.04104,0.0412,0.04093,0.04112,3772.0
2026-08-25 09:25:00+00:00,0.0412,0.04149,0.04109,0.0414,2167.0
2026-08-25 09:30:00+00:00,0.0414,0.04148,0.041,0.041,2601.0
2026-08-25 09:35:00+00:00,0.04095,0.04107,0.04065,0.0408,3348.0
2026-08-25 09:40:00+00:00,0.04065,0.04095,0.03884,0.03904,16722.0
2026-08-25 09:45:00+00:00,0.03913,0.03975,0.0386,0.03907,10278.0
2026-08-25 09:50:00+00:00,0.03908,0.03994,0.03896,0.03968,10045.0
2026-08-25 09:55:00+00:00,0.03969,0.03981,0.03932,0.03949,2388.0
2026-08-25 10:00:00+00:00,0.03956,0.04035,0.03947,0.03982,6392.0
2026-08-25 10:05:00+00:00,0.03989,0.04002,0.03917,0.03937,4501.0
2026-08-25 10:10:00+00:00,0.03938,0.03941,0.0385,0.03854,7773.0
2026-08-25 10:15:00+00:00,0.03855,0.03898,0.03842,0.0386,2502.0
2026-08-25 10:20:00+00:00,0.0387,0.03875,0.0376,0.03786,8346.0
2026-08-25 10:25:00+00:00,0.038,0.03891,0.03775,0.03817,3702.0
2026-08-25 10:30:00+00:00,0.03806,0.03817,0.03727,0.03758,3089.0
2026-08-25 10:35:00+00:00,0.03764,0.03771,0.037,0.03753,2448.0
2026-08-25 10:40:00+00:00,0.03757,0.03757,0.035,0.03602,30475.0
2026-08-25 10:45:00+00:00,0.036,0.03659,0.03585,0.03659,7076.0
2026-08-25 10:50:00+00:00,0.03646,0.03696,0.03646,0.03661,3840.0
2026-08-25 10:55:00+00:00,0.03666,0.03725,0.0358,0.0361,8901.0
2026-08-25 11:00:00+00:00,0.0361,0.03636,0.03494,0.0357,16175.0
2026-08-25 11:05:00+00:00,0.03569,0.0362,0.03568,0.0362,2748.0
2026-08-25 11:10:00+00:00,0.03614,0.03652,0.03596,0.03619,4916.0
2026-08-25 11:15:00+00:00,0.03624,0.03666,0.03567,0.03577,9223.0
2026-08-25 11:20:00+00:00,0.03587,0.03685,0.03573,0.0367,5641.0
2026-08-25 11:25:00+00:00,0.03668,0.03701,0.0366,0.03697,4481.0
2026-08-25 11:30:00+00:00,0.03699,0.03772,0.03686,0.03752,4721.0
2026-08-25 11:35:00+00:00,0.03742,0.03798,0.03741,0.03768,6188.0
2026-08-25 11:40:00+00:00,0.03768,0.03786,0.03697,0.0372,5258.0
2026-08-25 11:45:00+00:00,0.03717,0.03729,0.03672,0.03716,6329.0
2026-08-25 11:50:00+00:00,0.03716,0.0377,0.037,0.037,5656.0
2026-08-25 11:55:00+00:00,0.037,0.03712,0.0352,0.0359,21758.0
2026-08-25 12:00:00+00:00,0.03605,0.0366,0.03585,0.03618,2738.0
2026-08-25 12:05:00+00:00,0.03618,0.03628,0.03586,0.03621,1153.0
2026-08-25 12:10:00+00:00,0.03609,0.03619,0.0348,0.03527,11816.0
2026-08-25 12:15:00+00:00,0.03536,0.03541,0.03488,0.03488,3160.0
2026-08-25 12:20:00+00:00,0.03484,0.0352,0.03472,0.03516,3462.0
2026-08-25 12:25:00+00:00,0.03519,0.0356,0.03506,0.03552,2564.0
2026-08-25 12:30:00+00:00,0.0356,0.03608,0.0356,0.03576,5993.0
2026-08-25 12:35:00+00:00,0.03577,0.0361,0.03576,0.03583,1240.0
2026-08-25 12:40:00+00:00,0.03583,0.03636,0.03583,0.03618,4063.0
2026-08-25 12:45:00+00:00,0.03618,0.03624,0.03566,0.03595,1904.0
2026-08-25 12:50:00+00:00,0.03597,0.03619,0.03573,0.03618,979.0
2026-08-25 12:55:00+00:00,0.03609,0.03619,0.0359,0.03608,772.0
2026-08-25 13:00:00+00:00,0.036,0.03641,0.03588,0.03621,570.0
2026-08-25 13:05:00+00:00,0.03621,0.03622,0.03573,0.03578,1415.0
2026-08-25 13:10:00+00:00,0.03578,0.03578,0.03489,0.03499,2466.0
2026-08-25 13:15:00+00:00,0.03497,0.03497,0.03422,0.03458,2444.0
2026-08-25 13:20:00+00:00,0.03446,0.03456,0.03404,0.03404,2689.0
2026-08-25 13:25:00+00:00,0.03404,0.03415,0.03305,0.03314,18230.0
2026-08-25 13:30:00+00:00,0.03327,0.03555,0.03326,0.03537,21268.0
2026-08-25 13:35:00+00:00,0.03537,0.03545,0.0351,0.03539,4313.0
2026-08-25 13:40:00+00:00,0.0353,0.03555,0.03508,0.03508,2431.0
2026-08-25 13:45:00+00:00,0.03503,0.03578,0.03503,0.03572,1891.0
2026-08-25 13:50:00+00:00,0.03562,0.03578,0.03417,0.03451,11819.0
2026-08-25 13:55:00+00:00,0.0345,0.03476,0.03443,0.03467,714.0
2026-08-25 14:00:00+00:00,0.03468,0.03612,0.03468,0.03582,10742.0
2026-08-25 14:05:00+00:00,0.0358,0.03614,0.0356,0.03614,2237.0
2026-08-25 14:10:00+00:00,0.036,0.03714,0.03599,0.03671,10708.0
2026-08-25 14:15:00+00:00,0.03666,0.03781,0.03649,0.03743,6005.0
2026-08-25 14:20:00+00:00,0.03728,0.03733,0.0369,0.03697,3700.0
2026-08-25 14:25:00+00:00,0.03696,0.03714,0.03676,0.0371,1103.0
2026-08-25 14:30:00+00:00,0.0371,0.0372,0.0366,0.03698,1746.0
2026-08-25 14:35:00+00:00,0.03698,0.03715,0.03694,0.037,1020.0
2026-08-25 14:40:00+00:00,0.03698,0.03973,0.03698,0.03932,32734.0
2026-08-25 14:45:00+00:00,0.03926,0.0396,0.03795,0.03889,11428.0
2026-08-25 14:50:00+00:00,0.03885,0.03887,0.03842,0.03853,2027.0
2026-08-25 14:55:00+00:00,0.03849,0.03966,0.03831,0.03936,4854.0
2026-08-25 15:00:00+00:00,0.03942,0.04041,0.039,0.0392,5403.0
2026-08-25 15:05:00+00:00,0.0393,0.0393,0.03772,0.03774,9154.0
2026-08-25 15:10:00+00:00,0.03785,0.03799,0.03528,0.03586,25693.0
2026-08-25 15:15:00+00:00,0.03587,0.03684,0.03587,0.03635,5759.0
2026-08-25 15:20:00+00:00,0.03635,0.03752,0.0362,0.03689,8482.0
2026-08-25 15:25:00+00:00,0.03681,0.03701,0.03664,0.03701,2424.0
2026-08-25 15:30:00+00:00,0.03692,0.037,0.03469,0.03558,22670.0
2026-08-25 15:35:00+00:00,0.03559,0.0363,0.03481,0.03598,6365.0
2026-08-25 15:40:00+00:00,0.03598,0.03608,0.03584,0.036,446.0
2026-08-25 15:45:00+00:00,0.03597,0.03602,0.03561,0.03561,1250.0
2026-08-25 15:50:00+00:00,0.0356,0.03576,0.03549,0.03568,571.0
2026-08-25 15:55:00+00:00,0.03569,0.0367,0.03558,0.0361,3290.0
2026-08-25 16:00:00+00:00,0.03609,0.03679,0.03599,0.03675,2846.0
2026-08-25 16:05:00+00:00,0.03662,0.03662,0.03606,0.03615,2663.0
2026-08-25 16:10:00+00:00,0.03609,0.0367,0.03571,0.03644,5126.0
2026-08-25 16:15:00+00:00,0.03641,0.03674,0.03633,0.03663,847.0
2026-08-25 16:20:00+00:00,0.03662,0.0381,0.03661,0.03805,6872.0
2026-08-25 16:25:00+00:00,0.03788,0.0387,0.03769,0.03849,6596.0
2026-08-25 16:30:00+00:00,0.03849,0.03878,0.03794,0.03794,5213.0
2026-08-25 16:35:00+00:00,0.03793,0.03799,0.03763,0.03766,3239.0
2026-08-25 16:40:00+00:00,0.03766,0.03798,0.03766,0.03798,479.0
2026-08-25 16:45:00+00:00,0.03785,0.03787,0.03717,0.03724,666.0
2026-08-25 16:50:00+00:00,0.03724,0.03734,0.03628,0.03709,3666.0
2026-08-25 16:55:00+00:00,0.0371,0.0372,0.0368,0.03687,2293.0
2026-08-25 17:00:00+00:00,0.03701,0.03711,0.03681,0.037,1381.0
2026-08-25 17:05:00+00:00,0.03711,0.03719,0.03699,0.0371,476.0
2026-08-25 17:10:00+00:00,0.0371,0.0371,0.0365,0.0369,2044.0
2026-08-25 17:15:00+00:00,0.03691,0.03728,0.03691,0.03728,1455.0
2026-08-25 17:20:00+00:00,0.0373,0.03754,0.03715,0.0375,2130.0
2026-08-25 17:25:00+00:00,0.03752,0.03753,0.03661,0.03676,3857.0
2026-08-25 17:30:00+00:00,0.03661,0.03678,0.03615,0.0364,1602.0
2026-08-25 17:35:00+00:00,0.03644,0.03655,0.03549,0.03617,7833.0
2026-08-25 17:40:00+00:00,0.03619,0.03628,0.0361,0.03613,3401.0
2026-08-25 17:45:00+00:00,0.03619,0.03619,0.03505,0.03539,2319.0
2026-08-25 17:50:00+00:00,0.03537,0.03539,0.03521,0.03521,2963.0
2026-08-25 17:55:00+00:00,0.03534,0.03534,0.03344,0.03359,10414.0
2026-08-25 18:00:00+00:00,0.03366,0.03417,0.03323,0.03385,6270.0
2026-08-25 18:05:00+00:00,0.03375,0.03532,0.03374,0.03509,4875.0
2026-08-25 18:10:00+00:00,0.03508,0.03539,0.03508,0.0352,1763.0
2026-08-25 18:15:00+00:00,0.03519,0.03535,0.0351,0.03535,345.0
2026-08-25 18:20:00+00:00,0.03535,0.0356,0.03525,0.0354,492.0
2026-08-25 18:25:00+00:00,0.03545,0.03574,0.03545,0.03573,536.0
2026-08-25 18:30:00+00:00,0.03564,0.03578,0.0354,0.03543,789.0
2026-08-25 18:35:00+00:00,0.03543,0.03558,0.03542,0.03557,628.0
2026-08-25 18:40:00+00:00,0.03558,0.03588,0.03555,0.03563,1139.0
2026-08-25 18:45:00+00:00,0.03564,0.03564,0.03514,0.03532,1101.0
2026-08-25 18:50:00+00:00,0.03532,0.0354,0.0351,0.03524,480.0
2026-08-25 18:55:00+00:00,0.03529,0.03535,0.03481,0.03503,343.0
2026-08-25 19:00:00+00:00,0.03503,0.03506,0.03492,0.03506,220.0
2026-08-25 19:05:00+00:00,0.03505,0.03519,0.0349,0.03504,732.0
2026-08-25 19:10:00+00:00,0.0352,0.03525,0.0352,0.03525,13.0
2026-08-25 19:15:00+00:00,0.03522,0.03625,0.03522,0.03569,3679.0
2026-08-25 19:20:00+00:00,0.03583,0.03589,0.0357,0.03589,1409.0
2026-08-25 19:25:00+00:00,0.03579,0.0359,0.03504,0.0353,2470.0
2026-08-25 19:30:00+00:00,0.03534,0.03542,0.03508,0.0351,1284.0
2026-08-25 19:35:00+00:00,0.03505,0.03539,0.03505,0.03529,366.0
2026-08-25 19:40:00+00:00,0.03522,0.03575,0.03522,0.03572,617.0
2026-08-25 19:45:00+00:00,0.0356,0.03584,0.03557,0.03573,225.0
2026-08-25 19:50:00+00:00,0.03574,0.03589,0.03571,0.03575,116.0
2026-08-25 19:55:00+00:00,0.03589,0.0361,0.03587,0.03588,729.0
2026-08-25 20:00:00+00:00,0.03599,0.036,0.03516,0.03539,3705.0
2026-08-25 20:05:00+00:00,0.03539,0.03551,0.03487,0.03504,1030.0
2026-08-25 20:10:00+00:00,0.03504,0.03504,0.03412,0.03449,4494.0
2026-08-25 20:15:00+00:00,0.0345,0.03477,0.03414,0.03434,1507.0
2026-08-25 20:20:00+00:00,0.03435,0.03454,0.03432,0.03432,457.0
2026-08-25 20:25:00+00:00,0.03442,0.03456,0.03436,0.03455,780.0
2026-08-25 20:30:00+00:00,0.03457,0.035,0.03454,0.035,725.0
2026-08-25 20:35:00+00:00,0.03482,0.035,0.03481,0.03486,374.0
2026-08-25 20:40:00+00:00,0.03481,0.03536,0.03465,0.035,2759.0
2026-08-25 20:45:00+00:00,0.035,0.0351,0.03455,0.03462,1117.0
2026-08-25 20:50:00+00:00,0.03467,0.03467,0.03429,0.03457,1172.0
2026-08-25 20:55:00+00:00,0.03442,0.03457,0.03429,0.03444,710.0
2026-08-25 21:00:00+00:00,0.03445,0.03468,0.03445,0.03468,460.0
2026-08-25 21:05:00+00:00,0.03453,0.03454,0.03433,0.03434,1679.0
2026-08-25 21:10:00+00:00,0.03432,0.03456,0.03349,0.03396,7911.0
2026-08-25 21:15:00+00:00,0.03399,0.03428,0.03399,0.03421,1575.0
2026-08-25 21:20:00+00:00,0.03428,0.0344,0.03381,0.03394,1331.0
2026-08-25 21:25:00+00:00,0.03392,0.03411,0.03361,0.03411,3056.0
2026-08-25 21:30:00+00:00,0.03394,0.03574,0.03394,0.03547,5673.0
2026-08-25 21:35:00+00:00,0.03554,0.03579,0.03554,0.03561,952.0
2026-08-25 21:40:00+00:00,0.0356,0.03566,0.03539,0.03539,1270.0
2026-08-25 21:45:00+00:00,0.03536,0.03548,0.0352,0.03536,1668.0
2026-08-25 21:50:00+00:00,0.03549,0.03673,0.03549,0.03608,7285.0
2026-08-25 21:55:00+00:00,0.03609,0.037,0.03595,0.0369,2584.0
2026-08-25 22:00:00+00:00,0.03681,0.0375,0.03679,0.0374,2624.0
2026-08-25 22:05:00+00:00,0.0374,0.03766,0.03739,0.03765,2364.0
2026-08-25 22:10:00+00:00,0.03756,0.03824,0.03741,0.03751,3939.0
2026-08-25 22:15:00+00:00,0.0375,0.03764,0.03625,0.03724,8948.0
2026-08-25 22:20:00+00:00,0.03723,0.03723,0.03675,0.037,1639.0
2026-08-25 22:25:00+00:00,0.03689,0.03763,0.03688,0.03737,2834.0
2026-08-25 22:30:00+00:00,0.03734,0.03809,0.03734,0.03809,1975.0
2026-08-25 22:35:00+00:00,0.03796,0.03812,0.03715,0.03717,2958.0
2026-08-25 22:40:00+00:00,0.03716,0.03782,0.03716,0.03771,1543.0
2026-08-25 22:45:00+00:00,0.03754,0.03797,0.03753,0.03774,1788.0
2026-08-25 22:50:00+00:00,0.03775,0.03775,0.03616,0.03637,5378.0
2026-08-25 22:55:00+00:00,0.03637,0.03696,0.03633,0.0366,3638.0
2026-08-25 23:00:00+00:00,0.0367,0.03684,0.03659,0.03678,1026.0
2026-08-25 23:05:00+00:00,0.03679,0.03689,0.0346,0.03525,12822.0
2026-08-25 23:10:00+00:00,0.03525,0.03565,0.03516,0.03524,3248.0
2026-08-25 23:15:00+00:00,0.03536,0.03579,0.03516,0.03579,1736.0
2026-08-25 23:20:00+00:00,0.03578,0.03583,0.03516,0.03562,3458.0
2026-08-25 23:25:00+00:00,0.03569,0.03661,0.03569,0.03631,1953.0
2026-08-25 23:30:00+00:00,0.03633,0.03671,0.03633,0.03646,908.0
2026-08-25 23:35:00+00:00,0.03633,0.0367,0.03564,0.03653,3672.0
2026-08-25 23:40:00+00:00,0.0366,0.03667,0.0358,0.03587,3219.0
2026-08-25 23:45:00+00:00,0.03586,0.03594,0.03569,0.0357,827.0
2026-08-25 23:50:00+00:00,0.03575,0.03579,0.03566,0.03578,1266.0
2026-08-25 23:55:00+00:00,0.03578,0.03579,0.03545,0.03559,1157.0
2026-08-26 00:00:00+00:00,0.0356,0.03561,0.03525,0.03553,2482.0
2026-08-26 00:05:00+00:00,0.03554,0.0357,0.03536,0.0356,1187.0
2026-08-26 00:10:00+00:00,0.03569,0.0357,0.03539,0.0354,385.0
2026-08-26 00:15:00+00:00,0.03558,0.03609,0.03554,0.03599,3006.0
2026-08-26 00:20:00+00:00,0.03597,0.03609,0.03591,0.03608,580.0
2026-08-26 00:25:00+00:00,0.03593,0.03679,0.03593,0.03671,2248.0
2026-08-26 00:30:00+00:00,0.0366,0.03704,0.03629,0.0367,4742.0
2026-08-26 00:35:00+00:00,0.03668,0.03676,0.0365,0.03662,1617.0
2026-08-26 00:40:00+00:00,0.0366,0.0368,0.03651,0.03677,768.0
2026-08-26 00:45:00+00:00,0.03677,0.03745,0.03675,0.0372,4500.0
2026-08-26 00:50:00+00:00,0.0372,0.03736,0.03693,0.03693,1753.0
2026-08-26 00:55:00+00:00,0.03692,0.03732,0.03687,0.03731,1792.0
2026-08-26 01:00:00+00:00,0.03716,0.03763,0.03704,0.03763,1796.0
2026-08-26 01:05:00+00:00,0.03764,0.03873,0.03753,0.03861,13549.0
2026-08-26 01:10:00+00:00,0.0386,0.04007,0.03849,0.03908,16338.0
2026-08-26 01:15:00+00:00,0.03907,0.03953,0.03881,0.03901,9643.0
2026-08-26 01:20:00+00:00,0.03899,0.04024,0.03882,0.03983,12386.0
2026-08-26 01:25:00+00:00,0.0398,0.04031,0.03932,0.03936,5893.0
2026-08-26 01:30:00+00:00,0.03934,0.04108,0.03858,0.03885,18753.0
2026-08-26 01:35:00+00:00,0.039,0.03913,0.03837,0.03848,3754.0
2026-08-26 01:40:00+00:00,0.03848,0.03867,0.03837,0.03853,2064.0
2026-08-26 01:45:00+00:00,0.03867,0.03959,0.03867,0.03908,7864.0
2026-08-26 01:50:00+00:00,0.03907,0.041,0.03899,0.04005,9344.0
2026-08-26 01:55:00+00:00,0.03993,0.04064,0.0399,0.0401,4154.0
2026-08-26 02:00:00+00:00,0.04008,0.04023,0.03938,0.03956,2729.0
2026-08-26 02:05:00+00:00,0.03946,0.04018,0.03935,0.04005,2990.0
2026-08-26 02:10:00+00:00,0.04002,0.0402,0.03956,0.03956,1390.0
2026-08-26 02:15:00+00:00,0.03951,0.03971,0.03926,0.03927,3238.0
2026-08-26 02:20:00+00:00,0.03927,0.03936,0.03842,0.03856,3749.0
2026-08-26 02:25:00+00:00,0.0385,0.03916,0.0384,0.03898,2148.0
2026-08-26 02:30:00+00:00,0.03908,0.03933,0.039,0.03914,1704.0
2026-08-26 02:35:00+00:00,0.03924,0.03929,0.0389,0.03905,1013.0
2026-08-26 02:40:00+00:00,0.03913,0.03918,0.03884,0.03897,2079.0
2026-08-26 02:45:00+00:00,0.03909,0.03913,0.03812,0.03839,5771.0
2026-08-26 02:50:00+00:00,0.03839,0.03907,0.03831,0.03894,3061.0
2026-08-26 02:55:00+00:00,0.03884,0.03916,0.03881,0.039,2968.0
2026-08-26 03:00:00+00:00,0.03897,0.03906,0.03878,0.03897,1973.0
2026-08-26 03:05:00+00:00,0.03891,0.03897,0.0385,0.03884,2557.0
2026-08-26 03:10:00+00:00,0.03876,0.03884,0.0385,0.0387,1579.0
2026-08-26 03:15:00+00:00,0.03859,0.03906,0.0385,0.03906,1316.0
2026-08-26 03:20:00+00:00,0.03898,0.03902,0.03835,0.03855,1757.0
2026-08-26 03:25:00+00:00,0.03855,0.0389,0.03855,0.03872,698.0
2026-08-26 03:30:00+00:00,0.03885,0.03955,0.03872,0.03933,4042.0
2026-08-26 03:35:00+00:00,0.03947,0.03953,0.038,0.03813,7784.0
2026-08-26 03:40:00+00:00,0.03814,0.03846,0.03806,0.03807,2446.0
2026-08-26 03:45:00+00:00,0.03808,0.0382,0.03777,0.03796,2131.0
2026-08-26 03:50:00+00:00,0.03799,0.03804,0.0376,0.03761,2876.0
2026-08-26 03:55:00+00:00,0.03768,0.03779,0.03673,0.03722,10037.0
2026-08-26 04:00:00+00:00,0.03721,0.0374,0.0363,0.03739,10456.0
2026-08-26 04:05:00+00:00,0.03739,0.03739,0.03678,0.03739,3965.0
2026-08-26 04:10:00+00:00,0.03732,0.03815,0.03724,0.0378,7986.0
2026-08-26 04:15:00+00:00,0.03779,0.03824,0.0376,0.03812,2886.0
2026-08-26 04:20:00+00:00,0.03821,0.03887,0.03801,0.03859,4235.0
2026-08-26 04:25:00+00:00,0.03859,0.03859,0.038,0.03801,2524.0
2026-08-26 04:30:00+00:00,0.03809,0.03817,0.03746,0.03765,2800.0
2026-08-26 04:35:00+00:00,0.03754,0.03754,0.037,0.03711,4218.0
2026-08-26 04:40:00+00:00,0.03714,0.0374,0.03676,0.03712,2668.0
2026-08-26 04:45:00+00:00,0.03702,0.03715,0.03687,0.03701,282.0
2026-08-26 04:50:00+00:00,0.03711,0.03711,0.03688,0.03701,888.0
2026-08-26 04:55:00+00:00,0.03701,0.03727,0.03667,0.03715,2057.0
2026-08-26 05:00:00+00:00,0.03715,0.03727,0.03702,0.03716,508.0
2026-08-26 05:05:00+00:00,0.03715,0.03719,0.03685,0.03695,2279.0
2026-08-26 05:10:00+00:00,0.03708,0.03749,0.03696,0.03745,1134.0
2026-08-26 05:15:00+00:00,0.03736,0.03767,0.0371,0.03728,2154.0
2026-08-26 05:20:00+00:00,0.03722,0.03722,0.03651,0.0367,2181.0
2026-08-26 05:25:00+00:00,0.0367,0.03687,0.03664,0.03687,626.0
2026-08-26 05:30:00+00:00,0.03676,0.03713,0.03675,0.03704,390.0
2026-08-26 05:35:00+00:00,0.03705,0.03707,0.03473,0.03666,13486.0
2026-08-26 05:40:00+00:00,0.03667,0.03687,0.03661,0.03687,872.0
2026-08-26 05:45:00+00:00,0.03686,0.0377,0.03683,0.0377,4519.0
2026-08-26 05:50:00+00:00,0.0377,0.03783,0.03586,0.03749,9745.0
2026-08-26 05:55:00+00:00,0.03741,0.03913,0.03741,0.03893,8991.0
2026-08-26 06:00:00+00:00,0.03884,0.04,0.03863,0.03997,11291.0
2026-08-26 06:05:00+00:00,0.03987,0.0434,0.03951,0.04249,24423.0
2026-08-26 06:10:00+00:00,0.04248,0.04248,0.04,0.04075,13038.0
2026-08-26 06:15:00+00:00,0.04075,0.04179,0.04057,0.04057,9395.0
2026-08-26 06:20:00+00:00,0.04057,0.04103,0.04029,0.04092,4490.0
2026-08-26 06:25:00+00:00,0.04092,0.04099,0.04056,0.04098,1679.0
2026-08-26 06:30:00+00:00,0.0409,0.0409,0.04062,0.04062,1337.0
2026-08-26 06:35:00+00:00,0.04063,0.04091,0.04008,0.04023,4625.0
2026-08-26 06:40:00+00:00,0.04022,0.0403,0.0396,0.03986,3203.0
2026-08-26 06:45:00+00:00,0.03987,0.04008,0.03899,0.03912,3380.0
2026-08-26 06:50:00+00:00,0.03911,0.03911,0.038,0.03824,10973.0
2026-08-26 06:55:00+00:00,0.03824,0.03846,0.03663,0.03776,16576.0
2026-08-26 07:00:00+00:00,0.0377,0.03853,0.0377,0.0381,4478.0
2026-08-26 07:05:00+00:00,0.03813,0.03841,0.03793,0.03796,1999.0
2026-08-26 07:10:00+00:00,0.03792,0.03812,0.03761,0.03812,5245.0
2026-08-26 07:15:00+00:00,0.03816,0.03931,0.03816,0.03903,5265.0
2026-08-26 07:20:00+00:00,0.03892,0.03938,0.03853,0.03879,6141.0
2026-08-26 07:25:00+00:00,0.03873,0.03961,0.03867,0.03932,9447.0
2026-08-26 07:30:00+00:00,0.03924,0.03975,0.03909,0.03959,2849.0
2026-08-26 07:35:00+00:00,0.03954,0.04011,0.03939,0.0401,3578.0
2026-08-26 07:40:00+00:00,0.03998,0.04068,0.03988,0.04068,2044.0
2026-08-26 07:45:00+00:00,0.04053,0.04231,0.04047,0.04176,11768.0
2026-08-26 07:50:00+00:00,0.04176,0.04185,0.04133,0.0416,4989.0
2026-08-26 07:55:00+00:00,0.0416,0.0422,0.0415,0.042,6363.0
2026-08-26 08:00:00+00:00,0.04199,0.04219,0.04013,0.04125,17128.0
2026-08-26 08:05:00+00:00,0.04127,0.04135,0.03943,0.04099,10679.0
2026-08-26 08:10:00+00:00,0.04098,0.04112,0.04075,0.04095,1970.0
2026-08-26 08:15:00+00:00,0.04091,0.04093,0.04025,0.04041,2295.0
2026-08-26 08:20:00+00:00,0.04043,0.04095,0.04028,0.04082,1846.0
2026-08-26 08:25:00+00:00,0.04081,0.04095,0.04054,0.04075,1797.0
2026-08-26 08:30:00+00:00,0.04071,0.04079,0.04061,0.04076,1186.0
2026-08-26 08:35:00+00:00,0.04076,0.04086,0.04068,0.04086,472.0
2026-08-26 08:40:00+00:00,0.04088,0.04215,0.04079,0.04149,6447.0
2026-08-26 08:45:00+00:00,0.04152,0.0443,0.04146,0.04399,13380.0
2026-08-26 08:50:00+00:00,0.04398,0.045,0.04326,0.04402,22857.0
2026-08-26 08:55:00+00:00,0.04402,0.04497,0.04382,0.04439,12197.0
2026-08-26 09:00:00+00:00,0.04436,0.0449,0.0442,0.04445,3595.0
2026-08-26 09:05:00+00:00,0.04427,0.0445,0.04301,0.0434,5783.0
2026-08-26 09:10:00+00:00,0.04329,0.04329,0.04188,0.04221,4938.0
2026-08-26 09:15:00+00:00,0.04228,0.04231,0.04107,0.0415,5776.0
2026-08-26 09:20:00+00:00,0.04156,0.04337,0.04151,0.042,7528.0
2026-08-26 09:25:00+00:00,0.04198,0.0425,0.04194,0.04241,3454.0
2026-08-26 09:30:00+00:00,0.04234,0.0426,0.04226,0.04259,1710.0
2026-08-26 09:35:00+00:00,0.04257,0.04305,0.0423,0.0428,3017.0
2026-08-26 09:40:00+00:00,0.04273,0.04273,0.04221,0.04265,2315.0
2026-08-26 09:45:00+00:00,0.04248,0.04399,0.04241,0.0434,9346.0
2026-08-26 09:50:00+00:00,0.04335,0.04335,0.04298,0.04325,1427.0
2026-08-26 09:55:00+00:00,0.04325,0.04328,0.04233,0.0425,3531.0
2026-08-26 10:00:00+00:00,0.04235,0.04261,0.04174,0.04194,3815.0
2026-08-26 10:05:00+00:00,0.04207,0.04251,0.04207,0.04228,3579.0
2026-08-26 10:10:00+00:00,0.04242,0.04246,0.04105,0.04133,5596.0
2026-08-26 10:15:00+00:00,0.04148,0.04348,0.04005,0.0412,24966.0
2026-08-26 10:20:00+00:00,0.0412,0.04243,0.04079,0.04147,7520.0
2026-08-26 10:25:00+00:00,0.04148,0.04153,0.0406,0.0406,4330.0
2026-08-26 10:30:00+00:00,0.04075,0.0414,0.04031,0.04109,4510.0
2026-08-26 10:35:00+00:00,0.04109,0.0411,0.04001,0.04028,6764.0
2026-08-26 10:40:00+00:00,0.04032,0.04059,0.03946,0.04004,6917.0
2026-08-26 10:45:00+00:00,0.04013,0.04052,0.03835,0.03859,19710.0
2026-08-26 10:50:00+00:00,0.0387,0.03943,0.038,0.03875,6775.0
2026-08-26 10:55:00+00:00,0.03878,0.03974,0.03835,0.0397,3288.0
2026-08-26 11:00:00+00:00,0.03958,0.04024,0.03878,0.03996,4701.0
2026-08-26 11:05:00+00:00,0.03992,0.04002,0.03942,0.03953,1841.0
2026-08-26 11:10:00+00:00,0.03955,0.04,0.03944,0.03988,2172.0
2026-08-26 11:15:00+00:00,0.03985,0.0414,0.03979,0.0408,8503.0
2026-08-26 11:20:00+00:00,0.04076,0.04119,0.04,0.04093,7455.0
2026-08-26 11:25:00+00:00,0.04088,0.04123,0.04078,0.04099,2319.0
2026-08-26 11:30:00+00:00,0.04099,0.04099,0.04055,0.04074,1901.0
2026-08-26 11:35:00+00:00,0.0407,0.04151,0.04064,0.04122,3041.0
2026-08-26 11:40:00+00:00,0.04106,0.0415,0.04082,0.04141,3581.0
2026-08-26 11:45:00+00:00,0.04129,0.04129,0.04079,0.04093,986.0
2026-08-26 11:50:00+00:00,0.04085,0.04119,0.0395,0.04049,11097.0
2026-08-26 11:55:00+00:00,0.04049,0.04052,0.0401,0.0403,3007.0
2026-08-26 12:00:00+00:00,0.04043,0.04043,0.03998,0.04016,2390.0
2026-08-26 12:05:00+00:00,0.04005,0.04008,0.0395,0.03964,1658.0
2026-08-26 12:10:00+00:00,0.03964,0.03977,0.03959,0.03962,492.0
2026-08-26 12:15:00+00:00,0.03979,0.04021,0.03972,0.04017,3173.0
2026-08-26 12:20:00+00:00,0.04012,0.04024,0.04003,0.04023,454.0
2026-08-26 12:25:00+00:00,0.04022,0.04025,0.04004,0.04004,963.0
2026-08-26 12:30:00+00:00,0.04016,0.0413,0.03956,0.04111,9599.0
2026-08-26 12:35:00+00:00,0.04105,0.04134,0.04083,0.04127,1345.0
2026-08-26 12:40:00+00:00,0.04123,0.04135,0.04055,0.04066,3076.0
2026-08-26 12:45:00+00:00,0.04064,0.043,0.04057,0.04281,14500.0
2026-08-26 12:50:00+00:00,0.0428,0.04664,0.0427,0.04642,28657.0
2026-08-26 12:55:00+00:00,0.04648,0.04723,0.04531,0.04655,22957.0
2026-08-26 13:00:00+00:00,0.04664,0.04799,0.04519,0.04668,21358.0
2026-08-26 13:05:00+00:00,0.04668,0.048,0.04588,0.0478,35089.0
2026-08-26 13:10:00+00:00,0.04779,0.0478,0.04465,0.04505,16972.0
2026-08-26 13:15:00+00:00,0.04491,0.04661,0.04441,0.04609,9937.0
2026-08-26 13:20:00+00:00,0.04615,0.04741,0.045,0.04582,15468.0
2026-08-26 13:25:00+00:00,0.04568,0.0467,0.04525,0.04538,3790.0
2026-08-26 13:30:00+00:00,0.04526,0.04562,0.04351,0.04425,12180.0
2026-08-26 13:35:00+00:00,0.04437,0.0452,0.04424,0.04507,2214.0
2026-08-26 13:40:00+00:00,0.04502,0.0454,0.04389,0.0443,6634.0
2026-08-26 13:45:00+00:00,0.04416,0.04549,0.0441,0.04463,3466.0
2026-08-26 13:50:00+00:00,0.04452,0.04452,0.044,0.044,681.0
2026-08-26 13:55:00+00:00,0.04412,0.04422,0.0438,0.04403,1373.0
2026-08-26 14:00:00+00:00,0.04389,0.04389,0.043,0.043,7118.0
2026-08-26 14:05:00+00:00,0.04312,0.0449,0.043,0.04448,9396.0
2026-08-26 14:10:00+00:00,0.04443,0.04477,0.04363,0.04401,3921.0
2026-08-26 14:15:00+00:00,0.04388,0.044,0.04335,0.04335,450.0
2026-08-26 14:20:00+00:00,0.04334,0.04523,0.0432,0.04445,6044.0
2026-08-26 14:25:00+00:00,0.04433,0.04509,0.04433,0.04484,1976.0
2026-08-26 14:30:00+00:00,0.04481,0.045,0.04413,0.0445,3053.0
2026-08-26 14:35:00+00:00,0.04448,0.04482,0.04426,0.04474,1057.0
2026-08-26 14:40:00+00:00,0.0446,0.04491,0.04432,0.04482,4887.0
2026-08-26 14:45:00+00:00,0.04483,0.04575,0.0448,0.04504,5398.0
2026-08-26 14:50:00+00:00,0.04504,0.04745,0.04452,0.04686,14054.0
2026-08-26 14:55:00+00:00,0.047,0.04779,0.04654,0.04668,12918.0
2026-08-26 15:00:00+00:00,0.04658,0.0468,0.04471,0.04497,13324.0
2026-08-26 15:05:00+00:00,0.04502,0.04513,0.04385,0.04427,14177.0
2026-08-26 15:10:00+00:00,0.04426,0.0446,0.0441,0.0445,2469.0
2026-08-26 15:15:00+00:00,0.04445,0.04452,0.044,0.04424,711.0
2026-08-26 15:20:00+00:00,0.04431,0.04475,0.044,0.04445,3087.0
2026-08-26 15:25:00+00:00,0.04447,0.04839,0.04435,0.0477,20715.0
2026-08-26 15:30:00+00:00,0.04784,0.04794,0.04711,0.0474,3489.0
2026-08-26 15:35:00+00:00,0.04732,0.04753,0.04649,0.04725,2503.0
2026-08-26 15:40:00+00:00,0.04725,0.0495,0.04671,0.04907,9654.0
2026-08-26 15:45:00+00:00,0.0492,0.05138,0.04825,0.04839,20783.0
2026-08-26 15:50:00+00:00,0.04843,0.04935,0.04802,0.04814,8853.0
2026-08-26 15:55:00+00:00,0.04812,0.04884,0.0481,0.04833,2972.0
2026-08-26 16:00:00+00:00,0.04834,0.04859,0.046,0.04644,10387.0
2026-08-26 16:05:00+00:00,0.04631,0.04729,0.04528,0.04584,14884.0
2026-08-26 16:10:00+00:00,0.04583,0.04626,0.04563,0.046,2969.0
2026-08-26 16:15:00+00:00,0.04589,0.04669,0.04541,0.0462,4495.0
2026-08-26 16:20:00+00:00,0.04628,0.04785,0.04628,0.04763,4480.0
2026-08-26 16:25:00+00:00,0.04764,0.04784,0.04701,0.04747,2453.0
2026-08-26 16:30:00+00:00,0.04737,0.04747,0.04701,0.04702,744.0
2026-08-26 16:35:00+00:00,0.04702,0.04712,0.0464,0.04656,1011.0
2026-08-26 16:40:00+00:00,0.04643,0.04742,0.04614,0.04654,2547.0
2026-08-26 16:45:00+00:00,0.04646,0.0467,0.04598,0.04628,442.0
2026-08-26 16:50:00+00:00,0.0464,0.04661,0.0455,0.04607,2004.0
2026-08-26 16:55:00+00:00,0.04607,0.04613,0.04571,0.0458,336.0
2026-08-26 17:00:00+00:00,0.0458,0.04632,0.04551,0.04607,2172.0
2026-08-26 17:05:00+00:00,0.04599,0.04617,0.04482,0.04525,11414.0
2026-08-26 17:10:00+00:00,0.04525,0.04525,0.04409,0.04469,3114.0
2026-08-26 17:15:00+00:00,0.04469,0.04592,0.04462,0.0457,2357.0
2026-08-26 17:20:00+00:00,0.04571,0.04588,0.04533,0.04533,1067.0
2026-08-26 17:25:00+00:00,0.04544,0.0455,0.04488,0.04512,1327.0
2026-08-26 17:30:00+00:00,0.04511,0.0452,0.045,0.0451,516.0
2026-08-26 17:35:00+00:00,0.04513,0.04575,0.04501,0.04508,4708.0
2026-08-26 17:40:00+00:00,0.04514,0.04535,0.04477,0.045,409.0
2026-08-26 17:45:00+00:00,0.04504,0.04515,0.04458,0.04477,331.0
2026-08-26 17:50:00+00:00,0.04478,0.0448,0.04434,0.04452,441.0
2026-08-26 17:55:00+00:00,0.0444,0.04597,0.04434,0.04566,3280.0
2026-08-26 18:00:00+00:00,0.04566,0.04578,0.04538,0.04563,1242.0
2026-08-26 18:05:00+00:00,0.04556,0.04597,0.04554,0.04574,467.0
2026-08-26 18:10:00+00:00,0.04563,0.04609,0.04551,0.04579,545.0
2026-08-26 18:15:00+00:00,0.04577,0.04593,0.04551,0.04574,1043.0
2026-08-26 18:20:00+00:00,0.04562,0.04589,0.04557,0.0457,720.0
2026-08-26 18:25:00+00:00,0.04579,0.04694,0.04464,0.04645,5290.0
2026-08-26 18:30:00+00:00,0.04638,0.0484,0.04596,0.048,9003.0
2026-08-26 18:35:00+00:00,0.048,0.04801,0.04665,0.04686,3495.0
2026-08-26 18:40:00+00:00,0.0467,0.0467,0.04636,0.04653,735.0
2026-08-26 18:45:00+00:00,0.04667,0.04805,0.04633,0.04673,5318.0
2026-08-26 18:50:00+00:00,0.0467,0.0484,0.04661,0.04789,2398.0
2026-08-26 18:55:00+00:00,0.04788,0.04823,0.04701,0.04715,1346.0
2026-08-26 19:00:00+00:00,0.04712,0.04728,0.04632,0.04643,2163.0
2026-08-26 19:05:00+00:00,0.04643,0.04764,0.04625,0.0464,3929.0
2026-08-26 19:10:00+00:00,0.0463,0.04673,0.04572,0.04572,2470.0
2026-08-26 19:15:00+00:00,0.04577,0.04595,0.04568,0.04574,502.0
2026-08-26 19:20:00+00:00,0.04573,0.04586,0.04507,0.04524,511.0
2026-08-26 19:25:00+00:00,0.04514,0.04514,0.04425,0.04473,3011.0
2026-08-26 19:30:00+00:00,0.0448,0.0448,0.04436,0.04454,1091.0
2026-08-26 19:35:00+00:00,0.04462,0.04881,0.0445,0.04663,9820.0
2026-08-26 19:40:00+00:00,0.04661,0.04745,0.0457,0.04596,2722.0
2026-08-26 19:45:00+00:00,0.04588,0.04588,0.0452,0.04541,1980.0
2026-08-26 19:50:00+00:00,0.04551,0.04551,0.04517,0.04526,425.0
2026-08-26 19:55:00+00:00,0.04535,0.0465,0.04517,0.0463,1552.0
2026-08-26 20:00:00+00:00,0.04632,0.04642,0.04584,0.04627,888.0
2026-08-26 20:05:00+00:00,0.04627,0.04633,0.04603,0.04622,201.0
2026-08-26 20:10:00+00:00,0.04622,0.04622,0.0459,0.04605,712.0
2026-08-26 20:15:00+00:00,0.04605,0.04605,0.04574,0.04595,275.0
2026-08-26 20:20:00+00:00,0.0458,0.04589,0.04541,0.04557,1187.0
2026-08-26 20:25:00+00:00,0.04547,0.04649,0.04547,0.04625,2616.0
2026-08-26 20:30:00+00:00,0.04638,0.04647,0.0459,0.04609,8459.0
2026-08-26 20:35:00+00:00,0.04616,0.04648,0.04598,0.04648,500.0
2026-08-26 20:40:00+00:00,0.04648,0.04715,0.04627,0.04711,1713.0
2026-08-26 20:45:00+00:00,0.04719,0.0478,0.0457,0.04642,8136.0
2026-08-26 20:50:00+00:00,0.04629,0.04641,0.04618,0.04632,149.0
2026-08-26 20:55:00+00:00,0.04625,0.04639,0.04618,0.04635,360.0
2026-08-26 21:00:00+00:00,0.04625,0.04656,0.04617,0.04633,1090.0
2026-08-26 21:05:00+00:00,0.04634,0.04662,0.04622,0.04662,429.0
2026-08-26 21:10:00+00:00,0.04663,0.04714,0.04654,0.04654,2470.0
2026-08-26 21:15:00+00:00,0.04655,0.0467,0.0463,0.04645,1239.0
2026-08-26 21:20:00+00:00,0.04645,0.04693,0.04642,0.0467,2093.0
2026-08-26 21:25:00+00:00,0.04663,0.04671,0.04646,0.04648,835.0
2026-08-26 21:30:00+00:00,0.04643,0.04712,0.0464,0.04684,1407.0
2026-08-26 21:35:00+00:00,0.04686,0.04695,0.046,0.04635,1275.0
2026-08-26 21:40:00+00:00,0.0463,0.04636,0.04619,0.04628,248.0
2026-08-26 21:45:00+00:00,0.04621,0.04649,0.04607,0.04626,554.0
2026-08-26 21:50:00+00:00,0.04624,0.04643,0.04623,0.04643,325.0
2026-08-26 21:55:00+00:00,0.04639,0.04658,0.0444,0.04453,3669.0
2026-08-26 22:00:00+00:00,0.04454,0.04463,0.04322,0.04322,3449.0
2026-08-26 22:05:00+00:00,0.04322,0.04411,0.04318,0.04369,3346.0
2026-08-26 22:10:00+00:00,0.04372,0.04386,0.04355,0.04374,493.0
2026-08-26 22:15:00+00:00,0.04375,0.047,0.04375,0.04564,7897.0
2026-08-26 22:20:00+00:00,0.04566,0.04641,0.04475,0.04481,3532.0
2026-08-26 22:25:00+00:00,0.04475,0.0454,0.04473,0.04512,974.0
2026-08-26 22:30:00+00:00,0.04517,0.04525,0.04503,0.04503,236.0
2026-08-26 22:35:00+00:00,0.04511,0.0452,0.04493,0.04517,637.0
2026-08-26 22:40:00+00:00,0.04522,0.04526,0.04457,0.04457,357.0
2026-08-26 22:45:00+00:00,0.04472,0.04481,0.04462,0.04467,304.0
2026-08-26 22:50:00+00:00,0.04472,0.04477,0.04465,0.04467,56.0
2026-08-26 22:55:00+00:00,0.04467,0.04467,0.04428,0.04437,335.0
2026-08-26 23:00:00+00:00,0.04438,0.04438,0.044,0.04417,844.0
2026-08-26 23:05:00+00:00,0.04416,0.04444,0.04416,0.04439,805.0
2026-08-26 23:10:00+00:00,0.04443,0.04456,0.04427,0.04435,489.0
2026-08-26 23:15:00+00:00,0.04442,0.04512,0.04442,0.04471,886.0
2026-08-26 23:20:00+00:00,0.0447,0.04471,0.04434,0.04447,1302.0
2026-08-26 23:25:00+00:00,0.04461,0.04475,0.0445,0.0447,372.0
2026-08-26 23:30:00+00:00,0.04458,0.045,0.04456,0.0448,438.0
2026-08-26 23:35:00+00:00,0.04488,0.0457,0.04468,0.04531,1197.0
2026-08-26 23:40:00+00:00,0.04531,0.04554,0.0452,0.04537,293.0
2026-08-26 23:45:00+00:00,0.04538,0.04538,0.04519,0.04522,196.0
2026-08-26 23:50:00+00:00,0.04525,0.04586,0.04519,0.04578,508.0
2026-08-26 23:55:00+00:00,0.04567,0.04595,0.04552,0.04589,392.0
2026-08-27 00:00:00+00:00,0.04583,0.04675,0.04573,0.04599,5537.0
2026-08-27 00:05:00+00:00,0.04598,0.0467,0.04592,0.04639,852.0
2026-08-27 00:10:00+00:00,0.04645,0.047,0.04629,0.04691,2600.0
2026-08-27 00:15:00+00:00,0.0468,0.0472,0.04675,0.0472,1164.0
2026-08-27 00:20:00+00:00,0.0472,0.04802,0.04715,0.04799,5626.0
2026-08-27 00:25:00+00:00,0.04787,0.0485,0.04769,0.04849,3824.0
2026-08-27 00:30:00+00:00,0.04834,0.04834,0.04732,0.04782,6394.0
2026-08-27 00:35:00+00:00,0.04769,0.04786,0.047,0.04711,2304.0
2026-08-27 00:40:00+00:00,0.04711,0.04732,0.04579,0.04598,4340.0
2026-08-27 00:45:00+00:00,0.0459,0.04628,0.0459,0.04624,1735.0
2026-08-27 00:50:00+00:00,0.04624,0.04627,0.04609,0.04626,893.0
2026-08-27 00:55:00+00:00,0.04625,0.04639,0.04482,0.04526,6401.0
2026-08-27 01:00:00+00:00,0.04528,0.04533,0.04494,0.04506,1825.0
2026-08-27 01:05:00+00:00,0.04517,0.04526,0.0444,0.04453,5227.0
2026-08-27 01:10:00+00:00,0.04442,0.04523,0.0444,0.045,1426.0
2026-08-27 01:15:00+00:00,0.04501,0.04526,0.04501,0.04526,159.0
2026-08-27 01:20:00+00:00,0.04525,0.0458,0.04458,0.04541,4129.0
2026-08-27 01:25:00+00:00,0.04549,0.04688,0.04549,0.04636,2780.0
2026-08-27 01:30:00+00:00,0.04635,0.04639,0.04626,0.04626,90.0
2026-08-27 01:35:00+00:00,0.04625,0.0468,0.04598,0.04667,1589.0
2026-08-27 01:40:00+00:00,0.04669,0.04676,0.04631,0.0465,779.0
2026-08-27 01:45:00+00:00,0.04637,0.04648,0.04591,0.04619,1037.0
2026-08-27 01:50:00+00:00,0.04625,0.0467,0.04622,0.04648,1534.0
2026-08-27 01:55:00+00:00,0.04658,0.04665,0.04634,0.04657,684.0
2026-08-27 02:00:00+00:00,0.04665,0.04686,0.04664,0.04682,459.0
2026-08-27 02:05:00+00:00,0.04684,0.04747,0.04675,0.04735,1543.0
2026-08-27 02:10:00+00:00,0.04741,0.0475,0.04729,0.04747,933.0
2026-08-27 02:15:00+00:00,0.04737,0.04746,0.04579,0.04629,2021.0
2026-08-27 02:20:00+00:00,0.04628,0.04628,0.04543,0.04563,2423.0
2026-08-27 02:25:00+00:00,0.04556,0.04597,0.04556,0.04594,1455.0
2026-08-27 02:30:00+00:00,0.04598,0.04637,0.04592,0.04627,513.0
2026-08-27 02:35:00+00:00,0.04639,0.04654,0.04639,0.04644,221.0
2026-08-27 02:40:00+00:00,0.04643,0.04646,0.04536,0.04581,3290.0
2026-08-27 02:45:00+00:00,0.04589,0.0473,0.04589,0.04693,1450.0
2026-08-27 02:50:00+00:00,0.04689,0.04795,0.04689,0.04769,10726.0
2026-08-27 02:55:00+00:00,0.04777,0.04826,0.0474,0.04805,3821.0
2026-08-27 03:00:00+00:00,0.04806,0.04853,0.04771,0.048,6380.0
2026-08-27 03:05:00+00:00,0.048,0.04838,0.04736,0.04778,5989.0
2026-08-27 03:10:00+00:00,0.04785,0.0486,0.04772,0.04849,3392.0
2026-08-27 03:15:00+00:00,0.04846,0.05,0.04842,0.04895,9338.0
2026-08-27 03:20:00+00:00,0.04895,0.0492,0.04812,0.0484,3882.0
2026-08-27 03:25:00+00:00,0.04826,0.04826,0.04731,0.04753,4527.0
2026-08-27 03:30:00+00:00,0.04743,0.04765,0.04711,0.04745,1403.0
2026-08-27 03:35:00+00:00,0.0476,0.04775,0.0474,0.04772,543.0
2026-08-27 03:40:00+00:00,0.04761,0.04904,0.04761,0.04876,1974.0
2026-08-27 03:45:00+00:00,0.04886,0.04986,0.04836,0.04976,3894.0
2026-08-27 03:50:00+00:00,0.0498,0.04994,0.04908,0.04967,3389.0
2026-08-27 03:55:00+00:00,0.0497,0.05044,0.04882,0.04911,3813.0
2026-08-27 04:00:00+00:00,0.04928,0.04939,0.04902,0.04927,895.0
2026-08-27 04:05:00+00:00,0.04911,0.05016,0.04911,0.04982,2816.0
2026-08-27 04:10:00+00:00,0.0497,0.05194,0.0495,0.05127,7281.0
2026-08-27 04:15:00+00:00,0.05127,0.05127,0.04929,0.04979,15911.0
2026-08-27 04:20:00+00:00,0.0497,0.051,0.04941,0.051,6006.0
2026-08-27 04:25:00+00:00,0.0509,0.052,0.05034,0.05199,9882.0
2026-08-27 04:30:00+00:00,0.0518,0.05233,0.05135,0.05135,6147.0
2026-08-27 04:35:00+00:00,0.05132,0.05161,0.0501,0.05092,4239.0
2026-08-27 04:40:00+00:00,0.051,0.05372,0.05093,0.05242,9117.0
2026-08-27 04:45:00+00:00,0.05259,0.05276,0.05141,0.05254,3309.0
2026-08-27 04:50:00+00:00,0.05253,0.05392,0.0513,0.05144,8336.0
2026-08-27 04:55:00+00:00,0.05144,0.05151,0.051,0.051,6794.0
2026-08-27 05:00:00+00:00,0.051,0.05126,0.05009,0.05052,7413.0
2026-08-27 05:05:00+00:00,0.05058,0.05098,0.04983,0.04983,3474.0
2026-08-27 05:10:00+00:00,0.04994,0.05088,0.0497,0.05008,4410.0
2026-08-27 05:15:00+00:00,0.05016,0.05019,0.04951,0.04988,2080.0
2026-08-27 05:20:00+00:00,0.04998,0.05048,0.04981,0.05028,1104.0
2026-08-27 05:25:00+00:00,0.05037,0.0505,0.05,0.05013,1235.0
2026-08-27 05:30:00+00:00,0.05,0.05,0.04885,0.04921,2838.0
2026-08-27 05:35:00+00:00,0.04924,0.04933,0.04818,0.04865,4102.0
2026-08-27 05:40:00+00:00,0.04858,0.04896,0.04795,0.04829,3430.0
2026-08-27 05:45:00+00:00,0.0483,0.0485,0.04784,0.04791,1352.0
2026-08-27 05:50:00+00:00,0.04803,0.04893,0.04764,0.04893,2318.0
2026-08-27 05:55:00+00:00,0.04896,0.04896,0.04821,0.04851,1011.0
2026-08-27 06:00:00+00:00,0.0485,0.04879,0.04818,0.0482,1291.0
2026-08-27 06:05:00+00:00,0.04829,0.04837,0.04782,0.0483,3100.0
2026-08-27 06:10:00+00:00,0.04826,0.04889,0.0481,0.04878,739.0
2026-08-27 06:15:00+00:00,0.04877,0.04964,0.0482,0.04833,4027.0
2026-08-27 06:20:00+00:00,0.04827,0.04879,0.04827,0.04836,1082.0
2026-08-27 06:25:00+00:00,0.04844,0.04845,0.04777,0.0479,7350.0
2026-08-27 06:30:00+00:00,0.04791,0.0481,0.04768,0.04772,2261.0
2026-08-27 06:35:00+00:00,0.04772,0.04804,0.04733,0.04804,3019.0
2026-08-27 06:40:00+00:00,0.04792,0.05038,0.04785,0.05017,7593.0
2026-08-27 06:45:00+00:00,0.0503,0.05301,0.05013,0.0529,15111.0
2026-08-27 06:50:00+00:00,0.05281,0.05456,0.05222,0.05364,40526.0
2026-08-27 06:55:00+00:00,0.05362,0.05362,0.0521,0.05248,4246.0
2026-08-27 07:00:00+00:00,0.05253,0.05357,0.05226,0.05304,4322.0
2026-08-27 07:05:00+00:00,0.05308,0.05317,0.05262,0.05275,1616.0
2026-08-27 07:10:00+00:00,0.05274,0.05459,0.05266,0.05437,6152.0
2026-08-27 07:15:00+00:00,0.05441,0.05822,0.05413,0.05629,33803.0
2026-08-27 07:20:00+00:00,0.05658,0.05727,0.05568,0.05721,13791.0
2026-08-27 07:25:00+00:00,0.05719,0.05908,0.05655,0.05717,21199.0
2026-08-27 07:30:00+00:00,0.05717,0.0589,0.05641,0.0588,9795.0
2026-08-27 07:35:00+00:00,0.05855,0.0598,0.05767,0.059,33811.0
2026-08-27 07:40:00+00:00,0.0591,0.05957,0.05664,0.05714,13222.0
2026-08-27 07:45:00+00:00,0.05714,0.05719,0.05606,0.05644,8813.0
2026-08-27 07:50:00+00:00,0.05644,0.058,0.05602,0.05788,13037.0
2026-08-27 07:55:00+00:00,0.0579,0.06077,0.05758,0.0595,24705.0
2026-08-27 08:00:00+00:00,0.0595,0.06064,0.05778,0.05813,8576.0
2026-08-27 08:05:00+00:00,0.05813,0.05878,0.0565,0.05741,10091.0
2026-08-27 08:10:00+00:00,0.05741,0.05849,0.057,0.05825,4004.0
2026-08-27 08:15:00+00:00,0.0582,0.05827,0.05771,0.05806,1645.0
2026-08-27 08:20:00+00:00,0.05815,0.06279,0.05764,0.06155,30527.0
2026-08-27 08:25:00+00:00,0.06154,0.063,0.06046,0.06249,21041.0
2026-08-27 08:30:00+00:00,0.0626,0.063,0.06118,0.06257,10967.0
2026-08-27 08:35:00+00:00,0.06251,0.06568,0.06237,0.06328,32633.0
2026-08-27 08:40:00+00:00,0.06327,0.06359,0.0613,0.06314,14114.0
2026-08-27 08:45:00+00:00,0.06327,0.067,0.06254,0.06506,23681.0
2026-08-27 08:50:00+00:00,0.06485,0.06543,0.06174,0.06199,24593.0
2026-08-27 08:55:00+00:00,0.06199,0.06371,0.06182,0.06221,11985.0
2026-08-27 09:00:00+00:00,0.0622,0.06423,0.06219,0.0636,12582.0
2026-08-27 09:05:00+00:00,0.06353,0.06372,0.0619,0.06339,14414.0
2026-08-27 09:10:00+00:00,0.0632,0.06394,0.06187,0.0625,3529.0
2026-08-27 09:15:00+00:00,0.0624,0.0624,0.05981,0.05981,9975.0
2026-08-27 09:20:00+00:00,0.06,0.0608,0.05836,0.0595,21712.0
2026-08-27 09:25:00+00:00,0.0595,0.06115,0.05913,0.06039,10089.0
2026-08-27 09:30:00+00:00,0.06025,0.06192,0.06022,0.06146,8658.0
2026-08-27 09:35:00+00:00,0.0613,0.06197,0.06012,0.0614,11269.0
2026-08-27 09:40:00+00:00,0.06141,0.06307,0.05923,0.05939,15545.0
2026-08-27 09:45:00+00:00,0.05939,0.05952,0.05754,0.059,19883.0
2026-08-27 09:50:00+00:00,0.05898,0.06016,0.05852,0.05982,8786.0
2026-08-27 09:55:00+00:00,0.05982,0.06,0.05912,0.05933,7251.0
2026-08-27 10:00:00+00:00,0.0594,0.05978,0.05865,0.05897,6347.0
2026-08-27 10:05:00+00:00,0.059,0.06028,0.05886,0.06012,4408.0
2026-08-27 10:10:00+00:00,0.06012,0.063,0.06006,0.06248,9966.0
2026-08-27 10:15:00+00:00,0.06234,0.06418,0.06215,0.06279,14082.0
2026-08-27 10:20:00+00:00,0.0626,0.06346,0.06159,0.06224,11916.0
2026-08-27 10:25:00+00:00,0.06227,0.06357,0.06175,0.06181,9065.0
2026-08-27 10:30:00+00:00,0.06181,0.06194,0.06036,0.06069,8754.0
2026-08-27 10:35:00+00:00,0.06055,0.06099,0.05932,0.05932,4902.0
2026-08-27 10:40:00+00:00,0.05949,0.06085,0.05911,0.0606,5021.0
2026-08-27 10:45:00+00:00,0.0606,0.0615,0.06049,0.06128,3029.0
2026-08-27 10:50:00+00:00,0.0611,0.06149,0.06003,0.0602,4342.0
2026-08-27 10:55:00+00:00,0.0602,0.06041,0.0593,0.05967,2622.0
2026-08-27 11:00:00+00:00,0.05966,0.06152,0.05963,0.06135,4006.0
2026-08-27 11:05:00+00:00,0.06135,0.06165,0.0599,0.06015,4050.0
2026-08-27 11:10:00+00:00,0.06016,0.06117,0.05991,0.05991,4656.0
2026-08-27 11:15:00+00:00,0.06008,0.06024,0.05763,0.05849,12234.0
2026-08-27 11:20:00+00:00,0.0585,0.05876,0.0566,0.05795,13073.0
2026-08-27 11:25:00+00:00,0.0581,0.05866,0.05648,0.05707,9765.0
2026-08-27 11:30:00+00:00,0.05707,0.05826,0.0569,0.05779,5203.0
2026-08-27 11:35:00+00:00,0.0578,0.05793,0.05605,0.0571,15462.0
2026-08-27 11:40:00+00:00,0.05718,0.0577,0.05676,0.05753,3975.0
2026-08-27 11:45:00+00:00,0.05754,0.05802,0.05738,0.0579,5837.0
2026-08-27 11:50:00+00:00,0.058,0.05906,0.05774,0.05843,7108.0
2026-08-27 11:55:00+00:00,0.0586,0.06008,0.05843,0.05895,7268.0
2026-08-27 12:00:00+00:00,0.05896,0.05929,0.05842,0.0587,2463.0
2026-08-27 12:05:00+00:00,0.05869,0.05936,0.05846,0.05916,2506.0
2026-08-27 12:10:00+00:00,0.0593,0.05956,0.05889,0.05904,1646.0
2026-08-27 12:15:00+00:00,0.059,0.05922,0.05847,0.05865,2298.0
2026-08-27 12:20:00+00:00,0.0586,0.05876,0.05821,0.05869,2088.0
2026-08-27 12:25:00+00:00,0.05869,0.05972,0.05855,0.05917,3088.0
2026-08-27 12:30:00+00:00,0.05916,0.0593,0.05854,0.05866,2672.0
2026-08-27 12:35:00+00:00,0.05875,0.0588,0.05851,0.05867,2533.0
2026-08-27 12:40:00+00:00,0.0588,0.0595,0.05827,0.05931,4198.0
2026-08-27 12:45:00+00:00,0.0594,0.05969,0.05893,0.0591,2049.0
2026-08-27 12:50:00+00:00,0.059,0.05917,0.0581,0.05826,6679.0
2026-08-27 12:55:00+00:00,0.05811,0.05843,0.05768,0.05843,2839.0
2026-08-27 13:00:00+00:00,0.0583,0.05838,0.05796,0.05822,1567.0
2026-08-27 13:05:00+00:00,0.0584,0.05846,0.05758,0.0578,4774.0
2026-08-27 13:10:00+00:00,0.0576,0.0578,0.05682,0.05718,3536.0
2026-08-27 13:15:00+00:00,0.0572,0.05729,0.05578,0.05611,3958.0
2026-08-27 13:20:00+00:00,0.0562,0.05635,0.05487,0.05505,11423.0
2026-08-27 13:25:00+00:00,0.05493,0.05614,0.05448,0.05598,5919.0
2026-08-27 13:30:00+00:00,0.05598,0.05694,0.0558,0.05647,8215.0
2026-08-27 13:35:00+00:00,0.0564,0.05647,0.05536,0.05536,3085.0
2026-08-27 13:40:00+00:00,0.0555,0.05591,0.05406,0.05436,8285.0
2026-08-27 13:45:00+00:00,0.05438,0.05592,0.0532,0.0558,6703.0
2026-08-27 13:50:00+00:00,0.0557,0.05636,0.05504,0.0562,2321.0
2026-08-27 13:55:00+00:00,0.05611,0.05611,0.05265,0.05351,7421.0
2026-08-27 14:00:00+00:00,0.05366,0.0548,0.05332,0.0547,8337.0
2026-08-27 14:05:00+00:00,0.0547,0.05472,0.05332,0.05332,2172.0
2026-08-27 14:10:00+00:00,0.0535,0.05351,0.05252,0.05277,3789.0
2026-08-27 14:15:00+00:00,0.05278,0.05592,0.05229,0.05491,11240.0
2026-08-27 14:20:00+00:00,0.05492,0.05572,0.05473,0.05501,3949.0
2026-08-27 14:25:00+00:00,0.05501,0.05547,0.05488,0.05539,3463.0
2026-08-27 14:30:00+00:00,0.05542,0.05552,0.055,0.05542,2454.0
2026-08-27 14:35:00+00:00,0.0552,0.05535,0.05478,0.05499,992.0
2026-08-27 14:40:00+00:00,0.05481,0.05505,0.05475,0.05475,1117.0
2026-08-27 14:45:00+00:00,0.05472,0.05493,0.05415,0.05427,3579.0
2026-08-27 14:50:00+00:00,0.05426,0.05512,0.05377,0.05488,4673.0
2026-08-27 14:55:00+00:00,0.05488,0.055,0.05392,0.05441,7897.0
2026-08-27 15:00:00+00:00,0.05441,0.05448,0.05397,0.05397,316.0
2026-08-27 15:05:00+00:00,0.05418,0.05464,0.0538,0.0538,1829.0
2026-08-27 15:10:00+00:00,0.05382,0.0561,0.0538,0.0561,3588.0
2026-08-27 15:15:00+00:00,0.0561,0.05715,0.05585,0.05694,6567.0
2026-08-27 15:20:00+00:00,0.0568,0.05999,0.05655,0.058,27625.0
2026-08-27 15:25:00+00:00,0.058,0.05844,0.0577,0.05804,7491.0
2026-08-27 15:30:00+00:00,0.05802,0.05874,0.05781,0.05859,1949.0
2026-08-27 15:35:00+00:00,0.05836,0.0588,0.05754,0.05802,3123.0
2026-08-27 15:40:00+00:00,0.05793,0.05821,0.05687,0.05738,3381.0
2026-08-27 15:45:00+00:00,0.0573,0.05742,0.05595,0.05668,3369.0
2026-08-27 15:50:00+00:00,0.05663,0.05695,0.05644,0.05661,716.0
2026-08-27 15:55:00+00:00,0.05679,0.05717,0.05656,0.05704,1513.0
2026-08-27 16:00:00+00:00,0.05706,0.05713,0.05622,0.0564,4333.0
2026-08-27 16:05:00+00:00,0.05642,0.05734,0.05597,0.05658,3117.0
2026-08-27 16:10:00+00:00,0.05642,0.05655,0.05517,0.05517,5529.0
2026-08-27 16:15:00+00:00,0.05517,0.05547,0.05454,0.05494,2256.0
2026-08-27 16:20:00+00:00,0.05492,0.05498,0.05397,0.05453,5061.0
2026-08-27 16:25:00+00:00,0.05462,0.05469,0.05352,0.05459,3694.0
2026-08-27 16:30:00+00:00,0.05459,0.05494,0.05449,0.0548,1487.0
2026-08-27 16:35:00+00:00,0.05483,0.05546,0.05462,0.05502,1248.0
2026-08-27 16:40:00+00:00,0.05492,0.05694,0.05475,0.0561,3261.0
2026-08-27 16:45:00+00:00,0.05584,0.05615,0.05549,0.0556,902.0
2026-08-27 16:50:00+00:00,0.0555,0.05596,0.05541,0.05564,477.0
2026-08-27 16:55:00+00:00,0.05564,0.05574,0.05524,0.05533,443.0
2026-08-27 17:00:00+00:00,0.05522,0.05522,0.05427,0.05446,2702.0
2026-08-27 17:05:00+00:00,0.05463,0.05535,0.05424,0.05498,1341.0
2026-08-27 17:10:00+00:00,0.05478,0.05486,0.0545,0.05461,508.0
2026-08-27 17:15:00+00:00,0.05461,0.05461,0.05371,0.0543,2549.0
2026-08-27 17:20:00+00:00,0.05411,0.05429,0.05321,0.05343,2205.0
2026-08-27 17:25:00+00:00,0.05321,0.05322,0.05265,0.05265,2209.0
2026-08-27 17:30:00+00:00,0.05266,0.05336,0.05265,0.05286,2982.0
2026-08-27 17:35:00+00:00,0.05281,0.05309,0.05265,0.05293,860.0
2026-08-27 17:40:00+00:00,0.0531,0.05426,0.05266,0.05328,2462.0
2026-08-27 17:45:00+00:00,0.05321,0.0533,0.05186,0.05276,9079.0
2026-08-27 17:50:00+00:00,0.05256,0.05291,0.05254,0.05254,371.0
2026-08-27 17:55:00+00:00,0.05277,0.05291,0.05206,0.05206,1206.0
2026-08-27 18:00:00+00:00,0.05225,0.0525,0.05212,0.05247,401.0
2026-08-27 18:05:00+00:00,0.0526,0.05268,0.05183,0.05226,756.0
2026-08-27 18:10:00+00:00,0.05205,0.05266,0.05171,0.05205,3268.0
2026-08-27 18:15:00+00:00,0.05228,0.05272,0.05151,0.05189,4533.0
2026-08-27 18:20:00+00:00,0.05183,0.05278,0.05148,0.05231,6517.0
2026-08-27 18:25:00+00:00,0.05247,0.05268,0.0519,0.05221,1263.0
2026-08-27 18:30:00+00:00,0.05206,0.0524,0.05001,0.05038,6870.0
2026-08-27 18:35:00+00:00,0.05034,0.05104,0.0485,0.04986,14755.0
2026-08-27 18:40:00+00:00,0.04986,0.05075,0.04903,0.04931,4850.0
2026-08-27 18:45:00+00:00,0.0493,0.04976,0.04878,0.0495,2016.0
2026-08-27 18:50:00+00:00,0.04975,0.0501,0.0494,0.05002,1768.0
2026-08-27 18:55:00+00:00,0.04977,0.04992,0.04788,0.04791,5791.0
2026-08-27 19:00:00+00:00,0.04812,0.04878,0.04571,0.04811,13391.0
2026-08-27 19:05:00+00:00,0.0481,0.04931,0.04795,0.04871,7834.0
2026-08-27 19:10:00+00:00,0.04871,0.04873,0.04744,0.04785,2302.0
2026-08-27 19:15:00+00:00,0.04792,0.04853,0.04786,0.04813,1872.0
2026-08-27 19:20:00+00:00,0.0483,0.0485,0.04767,0.04782,1857.0
2026-08-27 19:25:00+00:00,0.04782,0.0493,0.04782,0.0492,2422.0
2026-08-27 19:30:00+00:00,0.0492,0.05003,0.0492,0.04943,2019.0
2026-08-27 19:35:00+00:00,0.04947,0.04966,0.04886,0.04888,1375.0
2026-08-27 19:40:00+00:00,0.04888,0.04976,0.04888,0.04939,642.0
2026-08-27 19:45:00+00:00,0.04922,0.04939,0.04844,0.04862,3057.0
2026-08-27 19:50:00+00:00,0.0488,0.04935,0.04854,0.04867,1345.0
2026-08-27 19:55:00+00:00,0.0488,0.04893,0.04625,0.0468,6917.0
2026-08-27 20:00:00+00:00,0.04693,0.04785,0.04645,0.04691,2741.0
2026-08-27 20:05:00+00:00,0.04693,0.04878,0.0457,0.0482,5901.0
2026-08-27 20:10:00+00:00,0.04838,0.04907,0.04838,0.04891,1067.0
2026-08-27 20:15:00+00:00,0.04892,0.04896,0.04817,0.04861,1909.0
2026-08-27 20:20:00+00:00,0.04856,0.04899,0.04855,0.04859,804.0
2026-08-27 20:25:00+00:00,0.04879,0.0488,0.04848,0.04853,179.0
2026-08-27 20:30:00+00:00,0.04853,0.04858,0.04694,0.04711,3194.0
2026-08-27 20:35:00+00:00,0.04732,0.04753,0.04707,0.04733,1759.0
2026-08-27 20:40:00+00:00,0.04734,0.04754,0.04734,0.04739,124.0
2026-08-27 20:45:00+00:00,0.04739,0.04778,0.04739,0.04746,274.0
2026-08-27 20:50:00+00:00,0.04766,0.04766,0.04739,0.04739,91.0
2026-08-27 20:55:00+00:00,0.04752,0.04752,0.04721,0.04721,180.0
2026-08-27 21:00:00+00:00,0.04742,0.0486,0.04742,0.04827,1306.0
2026-08-27 21:05:00+00:00,0.04823,0.04878,0.04812,0.04875,571.0
2026-08-27 21:10:00+00:00,0.04854,0.04898,0.04853,0.04881,148.0
2026-08-27 21:15:00+00:00,0.04893,0.04974,0.04893,0.04951,1479.0
2026-08-27 21:20:00+00:00,0.04951,0.05004,0.0495,0.04988,1237.0
2026-08-27 21:25:00+00:00,0.05004,0.05012,0.04986,0.0501,355.0
2026-08-27 21:30:00+00:00,0.05,0.05013,0.04979,0.05011,832.0
2026-08-27 21:35:00+00:00,0.04995,0.05043,0.04972,0.04975,2584.0
2026-08-27 21:40:00+00:00,0.04975,0.04983,0.04956,0.04964,1337.0
2026-08-27 21:45:00+00:00,0.04971,0.05033,0.0496,0.05033,1170.0
2026-08-27 21:50:00+00:00,0.05019,0.05119,0.05005,0.05119,2046.0
2026-08-27 21:55:00+00:00,0.05103,0.05113,0.05061,0.05064,838.0
2026-08-27 22:00:00+00:00,0.05064,0.05088,0.04977,0.0499,842.0
2026-08-27 22:05:00+00:00,0.04976,0.04991,0.04954,0.04966,269.0
2026-08-27 22:10:00+00:00,0.04976,0.05,0.04944,0.04999,703.0
2026-08-27 22:15:00+00:00,0.05,0.05028,0.04944,0.04989,5256.0
2026-08-27 22:20:00+00:00,0.04989,0.04998,0.04881,0.04962,7073.0
2026-08-27 22:25:00+00:00,0.04976,0.04984,0.04956,0.04984,91.0
2026-08-27 22:30:00+00:00,0.04984,0.05023,0.04968,0.05004,1919.0
2026-08-27 22:35:00+00:00,0.05012,0.0503,0.04976,0.05001,1623.0
2026-08-27 22:40:00+00:00,0.04997,0.0501,0.04997,0.0501,207.0
2026-08-27 22:45:00+00:00,0.05,0.05,0.04954,0.04973,1130.0
2026-08-27 22:50:00+00:00,0.04959,0.04975,0.04959,0.04975,10.0
2026-08-27 22:55:00+00:00,0.0496,0.04976,0.0492,0.04938,632.0
2026-08-27 23:00:00+00:00,0.04935,0.04947,0.04921,0.04925,601.0
2026-08-27 23:05:00+00:00,0.04916,0.04935,0.04858,0.04863,1014.0
2026-08-27 23:10:00+00:00,0.04859,0.04871,0.04849,0.0485,257.0
2026-08-27 23:15:00+00:00,0.0485,0.04873,0.04836,0.0487,971.0
2026-08-27 23:20:00+00:00,0.04853,0.04918,0.04841,0.04918,1833.0
2026-08-27 23:25:00+00:00,0.0492,0.04982,0.04915,0.04976,1290.0
2026-08-27 23:30:00+00:00,0.04963,0.04989,0.04954,0.04989,331.0
2026-08-27 23:35:00+00:00,0.04974,0.05014,0.04966,0.05012,845.0
2026-08-27 23:40:00+00:00,0.05012,0.05104,0.05012,0.05062,971.0
2026-08-27 23:45:00+00:00,0.05073,0.0518,0.05069,0.05163,1592.0
2026-08-27 23:50:00+00:00,0.05162,0.05248,0.05105,0.0515,5052.0
2026-08-27 23:55:00+00:00,0.05132,0.05191,0.05116,0.05159,3097.0
2026-08-28 00:00:00+00:00,0.05133,0.0545,0.05093,0.05376,15447.0
2026-08-28 00:05:00+00:00,0.05364,0.05486,0.05268,0.05354,12766.0
2026-08-28 00:10:00+00:00,0.05337,0.05441,0.05276,0.05441,4726.0
2026-08-28 00:15:00+00:00,0.05426,0.05465,0.05359,0.05389,4647.0
2026-08-28 00:20:00+00:00,0.05389,0.054,0.05229,0.05284,9380.0
2026-08-28 00:25:00+00:00,0.05283,0.05354,0.05276,0.05305,4728.0
2026-08-28 00:30:00+00:00,0.05297,0.0532,0.05134,0.05204,5649.0
2026-08-28 00:35:00+00:00,0.052,0.0521,0.05149,0.05194,901.0
2026-08-28 00:40:00+00:00,0.05175,0.05233,0.05164,0.05206,1841.0
2026-08-28 00:45:00+00:00,0.05205,0.05287,0.05163,0.05269,3077.0
2026-08-28 00:50:00+00:00,0.05273,0.0552,0.0526,0.05499,9433.0
2026-08-28 00:55:00+00:00,0.05487,0.05502,0.05358,0.05379,5590.0
2026-08-28 01:00:00+00:00,0.05378,0.05391,0.05262,0.05296,2268.0
2026-08-28 01:05:00+00:00,0.05289,0.0534,0.05265,0.05312,1463.0
2026-08-28 01:10:00+00:00,0.05322,0.0545,0.05308,0.05401,12310.0
2026-08-28 01:15:00+00:00,0.05403,0.05421,0.05363,0.05372,903.0
2026-08-28 01:20:00+00:00,0.05396,0.05408,0.05355,0.05355,619.0
2026-08-28 01:25:00+00:00,0.05351,0.0544,0.05335,0.0542,1285.0
2026-08-28 01:30:00+00:00,0.05424,0.05447,0.05363,0.05434,1464.0
2026-08-28 01:35:00+00:00,0.05423,0.05544,0.05413,0.05487,2850.0
2026-08-28 01:40:00+00:00,0.05482,0.05502,0.05427,0.05497,3187.0
2026-08-28 01:45:00+00:00,0.0551,0.05564,0.05492,0.05527,1757.0
2026-08-28 01:50:00+00:00,0.05519,0.0554,0.0549,0.0549,491.0
2026-08-28 01:55:00+00:00,0.05489,0.05509,0.05456,0.05457,4911.0
2026-08-28 02:00:00+00:00,0.05456,0.05487,0.05421,0.05427,4368.0
2026-08-28 02:05:00+00:00,0.0544,0.0546,0.05396,0.05411,1271.0
2026-08-28 02:10:00+00:00,0.05409,0.05456,0.05358,0.05441,1916.0
2026-08-28 02:15:00+00:00,0.05442,0.05464,0.05407,0.05422,1720.0
2026-08-28 02:20:00+00:00,0.05421,0.05422,0.05379,0.05379,772.0
2026-08-28 02:25:00+00:00,0.05377,0.054,0.05363,0.0538,578.0
2026-08-28 02:30:00+00:00,0.05369,0.05377,0.05227,0.05265,3961.0
2026-08-28 02:35:00+00:00,0.0527,0.05328,0.05218,0.05218,3173.0
2026-08-28 02:40:00+00:00,0.05232,0.05233,0.05088,0.05099,4125.0
2026-08-28 02:45:00+00:00,0.05116,0.05133,0.04854,0.04964,14808.0
2026-08-28 02:50:00+00:00,0.04964,0.05021,0.04912,0.04949,5333.0
2026-08-28 02:55:00+00:00,0.0495,0.05024,0.04865,0.04955,3587.0
2026-08-28 03:00:00+00:00,0.04976,0.0518,0.04969,0.0518,4569.0
2026-08-28 03:05:00+00:00,0.05179,0.05217,0.05076,0.05146,6028.0
2026-08-28 03:10:00+00:00,0.05132,0.05163,0.05104,0.05137,1481.0
2026-08-28 03:15:00+00:00,0.05156,0.05168,0.05046,0.05065,2870.0
2026-08-28 03:20:00+00:00,0.0507,0.05088,0.04988,0.04988,1956.0
2026-08-28 03:25:00+00:00,0.04998,0.05002,0.0487,0.04945,2913.0
2026-08-28 03:30:00+00:00,0.04954,0.05008,0.04774,0.04856,8216.0
2026-08-28 03:35:00+00:00,0.04868,0.04937,0.04831,0.04839,4160.0
2026-08-28 03:40:00+00:00,0.0484,0.04884,0.04829,0.04874,2333.0
2026-08-28 03:45:00+00:00,0.04879,0.04967,0.0486,0.04967,9256.0
2026-08-28 03:50:00+00:00,0.04951,0.04989,0.04932,0.04946,2225.0
2026-08-28 03:55:00+00:00,0.04946,0.04946,0.04922,0.04931,684.0
2026-08-28 04:00:00+00:00,0.04942,0.0497,0.04826,0.04843,12527.0
2026-08-28 04:05:00+00:00,0.0483,0.0489,0.0483,0.04881,3538.0
2026-08-28 04:10:00+00:00,0.04866,0.04883,0.04792,0.04864,5079.0
2026-08-28 04:15:00+00:00,0.04877,0.05131,0.04845,0.051,8391.0
2026-08-28 04:20:00+00:00,0.05103,0.05103,0.05019,0.05019,6253.0
2026-08-28 04:25:00+00:00,0.05018,0.05056,0.0495,0.05039,7860.0
2026-08-28 04:30:00+00:00,0.05024,0.05096,0.05011,0.05025,4205.0
2026-08-28 04:35:00+00:00,0.05041,0.05087,0.05032,0.05046,1668.0
2026-08-28 04:40:00+00:00,0.05045,0.05249,0.05035,0.05233,5532.0
2026-08-28 04:45:00+00:00,0.0522,0.05292,0.05209,0.05279,3943.0
2026-08-28 04:50:00+00:00,0.05278,0.05318,0.052,0.05251,3976.0
2026-08-28 04:55:00+00:00,0.05245,0.0526,0.05215,0.05247,2281.0
2026-08-28 05:00:00+00:00,0.05233,0.05265,0.052,0.052,1406.0
2026-08-28 05:05:00+00:00,0.05201,0.0545,0.05189,0.0539,5971.0
2026-08-28 05:10:00+00:00,0.05411,0.05516,0.05363,0.05494,5780.0
2026-08-28 05:15:00+00:00,0.05487,0.05658,0.05408,0.05466,10006.0
2026-08-28 05:20:00+00:00,0.05462,0.05544,0.054,0.05503,5189.0
2026-08-28 05:25:00+00:00,0.05499,0.05536,0.05441,0.05457,2639.0
2026-08-28 05:30:00+00:00,0.05441,0.05463,0.05398,0.05429,3329.0
2026-08-28 05:35:00+00:00,0.05429,0.0545,0.05381,0.05382,1001.0
2026-08-28 05:40:00+00:00,0.05382,0.0542,0.05377,0.0542,1534.0
2026-08-28 05:45:00+00:00,0.05418,0.05533,0.05418,0.05518,5561.0
2026-08-28 05:50:00+00:00,0.05524,0.05536,0.05487,0.05497,916.0
2026-08-28 05:55:00+00:00,0.05497,0.05514,0.05454,0.05472,965.0
2026-08-28 06:00:00+00:00,0.05487,0.05489,0.05354,0.05396,4609.0
2026-08-28 06:05:00+00:00,0.05386,0.05399,0.05355,0.05384,1571.0
2026-08-28 06:10:00+00:00,0.05386,0.05399,0.05356,0.05356,1104.0
2026-08-28 06:15:00+00:00,0.05381,0.05383,0.05235,0.05276,4745.0
2026-08-28 06:20:00+00:00,0.05274,0.05288,0.05205,0.05216,2819.0
2026-08-28 06:25:00+00:00,0.05216,0.05261,0.0518,0.05226,2803.0
2026-08-28 06:30:00+00:00,0.05244,0.05246,0.05145,0.05172,5121.0
2026-08-28 06:35:00+00:00,0.05171,0.05196,0.05162,0.0517,1414.0
2026-08-28 06:40:00+00:00,0.05182,0.05257,0.05182,0.05247,1622.0
2026-08-28 06:45:00+00:00,0.05247,0.05268,0.05191,0.05193,2005.0
2026-08-28 06:50:00+00:00,0.05192,0.05255,0.05191,0.05255,765.0
2026-08-28 06:55:00+00:00,0.05254,0.05263,0.05215,0.05223,1565.0
2026-08-28 07:00:00+00:00,0.05218,0.05244,0.05184,0.05188,926.0
2026-08-28 07:05:00+00:00,0.05201,0.0522,0.05189,0.0522,537.0
2026-08-28 07:10:00+00:00,0.0522,0.05224,0.0517,0.0517,520.0
2026-08-28 07:15:00+00:00,0.05171,0.05199,0.0517,0.05199,190.0
2026-08-28 07:20:00+00:00,0.05178,0.05196,0.05108,0.05111,406.0
2026-08-28 07:25:00+00:00,0.05131,0.05146,0.05096,0.051,746.0
2026-08-28 07:30:00+00:00,0.051,0.0528,0.051,0.05236,5637.0
2026-08-28 07:35:00+00:00,0.05233,0.05482,0.05181,0.05314,7332.0
2026-08-28 07:40:00+00:00,0.05317,0.05445,0.0531,0.05411,4818.0
2026-08-28 07:45:00+00:00,0.05403,0.05502,0.05292,0.0534,5090.0
2026-08-28 07:50:00+00:00,0.05322,0.0539,0.0531,0.05352,735.0
2026-08-28 07:55:00+00:00,0.05352,0.05414,0.0533,0.05362,799.0
2026-08-28 08:00:00+00:00,0.05362,0.05378,0.05279,0.05283,1635.0
2026-08-28 08:05:00+00:00,0.05282,0.05304,0.05253,0.05253,623.0
2026-08-28 08:10:00+00:00,0.05256,0.05389,0.05256,0.05366,2242.0
2026-08-28 08:15:00+00:00,0.05374,0.05862,0.05357,0.05814,20885.0
2026-08-28 08:20:00+00:00,0.05793,0.05856,0.05628,0.05646,16119.0
2026-08-28 08:25:00+00:00,0.05642,0.05704,0.05522,0.05559,10841.0
2026-08-28 08:30:00+00:00,0.05574,0.05591,0.05439,0.05508,8163.0
2026-08-28 08:35:00+00:00,0.05508,0.05535,0.05453,0.05464,1090.0
2026-08-28 08:40:00+00:00,0.05483,0.05499,0.0544,0.05461,1464.0
2026-08-28 08:45:00+00:00,0.05461,0.05638,0.05458,0.05614,4647.0
2026-08-28 08:50:00+00:00,0.05596,0.05708,0.05582,0.05628,10253.0
2026-08-28 08:55:00+00:00,0.0561,0.0564,0.05511,0.05543,2530.0
2026-08-28 09:00:00+00:00,0.05542,0.0556,0.055,0.05502,681.0
2026-08-28 09:05:00+00:00,0.05496,0.058,0.05496,0.0577,12389.0
2026-08-28 09:10:00+00:00,0.05754,0.05835,0.05658,0.05825,10844.0
2026-08-28 09:15:00+00:00,0.05815,0.05998,0.05802,0.05842,11266.0
2026-08-28 09:20:00+00:00,0.05835,0.05871,0.05564,0.05667,15069.0
2026-08-28 09:25:00+00:00,0.05657,0.0573,0.05611,0.05663,3457.0
2026-08-28 09:30:00+00:00,0.05662,0.05967,0.05612,0.05806,4882.0
2026-08-28 09:35:00+00:00,0.05817,0.05876,0.05662,0.057,6558.0
2026-08-28 09:40:00+00:00,0.05676,0.0569,0.05601,0.05658,4621.0
2026-08-28 09:45:00+00:00,0.05642,0.05945,0.05625,0.05907,14026.0
2026-08-28 09:50:00+00:00,0.05917,0.06075,0.05848,0.05874,10643.0
2026-08-28 09:55:00+00:00,0.059,0.0595,0.05828,0.0588,4725.0
2026-08-28 10:00:00+00:00,0.05879,0.05918,0.05842,0.05851,2115.0
2026-08-28 10:05:00+00:00,0.05855,0.06187,0.0585,0.06077,10927.0
2026-08-28 10:10:00+00:00,0.0606,0.062,0.06059,0.06142,6293.0
2026-08-28 10:15:00+00:00,0.0612,0.06298,0.06065,0.06249,8010.0
2026-08-28 10:20:00+00:00,0.06248,0.06299,0.05991,0.06077,9359.0
2026-08-28 10:25:00+00:00,0.06061,0.0612,0.05949,0.06083,5105.0
2026-08-28 10:30:00+00:00,0.06079,0.06118,0.05782,0.05919,6986.0
2026-08-28 10:35:00+00:00,0.05924,0.05924,0.05752,0.05815,4832.0
2026-08-28 10:40:00+00:00,0.05819,0.05825,0.05676,0.05766,8114.0
2026-08-28 10:45:00+00:00,0.05785,0.05837,0.05758,0.05807,2679.0
2026-08-28 10:50:00+00:00,0.05815,0.05888,0.05727,0.05734,4901.0
2026-08-28 10:55:00+00:00,0.05754,0.05772,0.056,0.05722,8481.0
2026-08-28 11:00:00+00:00,0.05738,0.05827,0.05738,0.05824,3619.0
2026-08-28 11:05:00+00:00,0.05811,0.0582,0.05781,0.05797,1522.0
2026-08-28 11:10:00+00:00,0.05782,0.05895,0.05777,0.05838,3029.0
2026-08-28 11:15:00+00:00,0.05829,0.05838,0.0578,0.05796,848.0
2026-08-28 11:20:00+00:00,0.05794,0.05866,0.05794,0.05834,2093.0
2026-08-28 11:25:00+00:00,0.05824,0.05923,0.05817,0.05877,1213.0
2026-08-28 11:30:00+00:00,0.05884,0.05899,0.05857,0.05859,1157.0
2026-08-28 11:35:00+00:00,0.05876,0.05922,0.05819,0.05901,1642.0
2026-08-28 11:40:00+00:00,0.05916,0.05931,0.05777,0.05779,2205.0
2026-08-28 11:45:00+00:00,0.0578,0.05894,0.0578,0.05787,1042.0
2026-08-28 11:50:00+00:00,0.05802,0.05827,0.05748,0.05755,2155.0
2026-08-28 11:55:00+00:00,0.05778,0.05791,0.05756,0.05757,804.0
2026-08-28 12:00:00+00:00,0.05773,0.05844,0.05767,0.05786,1388.0
2026-08-28 12:05:00+00:00,0.05792,0.05925,0.0577,0.05851,2570.0
2026-08-28 12:10:00+00:00,0.05867,0.06171,0.05852,0.06139,15787.0
2026-08-28 12:15:00+00:00,0.06147,0.06177,0.06003,0.06118,15582.0
2026-08-28 12:20:00+00:00,0.06114,0.06187,0.059,0.05962,6468.0
2026-08-28 12:25:00+00:00,0.05971,0.06,0.05903,0.05914,4041.0
2026-08-28 12:30:00+00:00,0.05914,0.06,0.05911,0.05966,2339.0
2026-08-28 12:35:00+00:00,0.05971,0.06034,0.05963,0.05979,1166.0
2026-08-28 12:40:00+00:00,0.05971,0.06017,0.05922,0.05938,2264.0
2026-08-28 12:45:00+00:00,0.05925,0.06,0.05922,0.05977,1458.0
2026-08-28 12:50:00+00:00,0.05982,0.06044,0.05954,0.06034,2543.0
2026-08-28 12:55:00+00:00,0.06033,0.06092,0.05946,0.05986,5494.0
2026-08-28 13:00:00+00:00,0.05986,0.061,0.05966,0.0604,2958.0
2026-08-28 13:05:00+00:00,0.0605,0.06167,0.0605,0.06154,4702.0
2026-08-28 13:10:00+00:00,0.06145,0.06145,0.06017,0.06042,1979.0
2026-08-28 13:15:00+00:00,0.0602,0.06101,0.06018,0.06064,496.0
2026-08-28 13:20:00+00:00,0.06054,0.06101,0.06001,0.06002,1719.0
2026-08-28 13:25:00+00:00,0.06002,0.06025,0.0594,0.05982,2685.0
2026-08-28 13:30:00+00:00,0.05996,0.06025,0.05911,0.05942,1109.0
2026-08-28 13:35:00+00:00,0.0595,0.05969,0.05784,0.0583,2976.0
2026-08-28 13:40:00+00:00,0.05819,0.05862,0.05805,0.05839,2713.0
2026-08-28 13:45:00+00:00,0.05848,0.05869,0.05802,0.05841,1847.0
2026-08-28 13:50:00+00:00,0.05852,0.05871,0.05788,0.05798,2314.0
2026-08-28 13:55:00+00:00,0.05815,0.05904,0.05804,0.05838,6885.0
2026-08-28 14:00:00+00:00,0.05835,0.05893,0.05814,0.05864,2365.0
2026-08-28 14:05:00+00:00,0.05852,0.05875,0.05754,0.05764,2376.0
2026-08-28 14:10:00+00:00,0.05758,0.05758,0.05325,0.05466,19317.0
2026-08-28 14:15:00+00:00,0.05472,0.05602,0.05128,0.0518,28092.0
2026-08-28 14:20:00+00:00,0.0518,0.054,0.05127,0.05284,15587.0
2026-08-28 14:25:00+00:00,0.0529,0.05382,0.05243,0.05351,8270.0
2026-08-28 14:30:00+00:00,0.05362,0.05439,0.05354,0.05427,9411.0
2026-08-28 14:35:00+00:00,0.05427,0.05597,0.05427,0.0558,7427.0
2026-08-28 14:40:00+00:00,0.05573,0.05574,0.05541,0.05541,2023.0
2026-08-28 14:45:00+00:00,0.05542,0.05621,0.05527,0.05527,5180.0
2026-08-28 14:50:00+00:00,0.05529,0.05584,0.05484,0.05484,3167.0
2026-08-28 14:55:00+00:00,0.0548,0.05533,0.05428,0.05475,3243.0
2026-08-28 15:00:00+00:00,0.05468,0.05486,0.0535,0.05358,7942.0
2026-08-28 15:05:00+00:00,0.05364,0.05436,0.0533,0.05436,4357.0
2026-08-28 15:10:00+00:00,0.05425,0.05444,0.05357,0.05398,4556.0
2026-08-28 15:15:00+00:00,0.05413,0.05444,0.05398,0.05403,1483.0
2026-08-28 15:20:00+00:00,0.05403,0.05423,0.05222,0.0525,6851.0
2026-08-28 15:25:00+00:00,0.05252,0.05463,0.05249,0.05438,4144.0
2026-08-28 15:30:00+00:00,0.05445,0.05472,0.05206,0.05207,3393.0
2026-08-28 15:35:00+00:00,0.05204,0.05313,0.05104,0.05282,15055.0
2026-08-28 15:40:00+00:00,0.05291,0.05298,0.0485,0.04987,26758.0
2026-08-28 15:45:00+00:00,0.0498,0.051,0.04958,0.05071,12938.0
2026-08-28 15:50:00+00:00,0.05066,0.05137,0.04973,0.05021,4895.0
2026-08-28 15:55:00+00:00,0.05027,0.05046,0.0497,0.05006,2692.0
2026-08-28 16:00:00+00:00,0.05007,0.05038,0.0481,0.04841,9789.0
2026-08-28 16:05:00+00:00,0.0484,0.04944,0.0484,0.04939,4618.0
2026-08-28 16:10:00+00:00,0.04941,0.04967,0.0481,0.04866,11192.0
2026-08-28 16:15:00+00:00,0.04873,0.04933,0.047,0.04716,14836.0
2026-08-28 16:20:00+00:00,0.04716,0.0484,0.04702,0.0484,7392.0
2026-08-28 16:25:00+00:00,0.04827,0.0497,0.04739,0.0495,7171.0
2026-08-28 16:30:00+00:00,0.04953,0.04983,0.04889,0.04924,2082.0
2026-08-28 16:35:00+00:00,0.04921,0.05058,0.04889,0.05004,3427.0
2026-08-28 16:40:00+00:00,0.05005,0.05034,0.0499,0.05016,1605.0
2026-08-28 16:45:00+00:00,0.05002,0.0509,0.0498,0.05045,4000.0
2026-08-28 16:50:00+00:00,0.05038,0.05061,0.05029,0.05059,420.0
2026-08-28 16:55:00+00:00,0.05059,0.05101,0.0503,0.05074,1728.0
2026-08-28 17:00:00+00:00,0.05071,0.05086,0.0501,0.05011,2638.0
2026-08-28 17:05:00+00:00,0.0501,0.05062,0.04945,0.04988,1776.0
2026-08-28 17:10:00+00:00,0.04988,0.05068,0.04975,0.0506,1654.0
2026-08-28 17:15:00+00:00,0.0506,0.05182,0.05021,0.05041,4041.0
2026-08-28 17:20:00+00:00,0.0504,0.0505,0.04988,0.0499,1490.0
2026-08-28 17:25:00+00:00,0.04979,0.05007,0.04932,0.04943,930.0
2026-08-28 17:30:00+00:00,0.04943,0.05017,0.04919,0.04919,1861.0
2026-08-28 17:35:00+00:00,0.04918,0.04954,0.04767,0.04812,7195.0
2026-08-28 17:40:00+00:00,0.04801,0.04854,0.04791,0.04825,1262.0
2026-08-28 17:45:00+00:00,0.04825,0.04914,0.04819,0.04914,2848.0
2026-08-28 17:50:00+00:00,0.04915,0.05141,0.04881,0.05058,12839.0
2026-08-28 17:55:00+00:00,0.05056,0.05144,0.05047,0.05118,2202.0
2026-08-28 18:00:00+00:00,0.05118,0.0531,0.0509,0.05291,8491.0
2026-08-28 18:05:00+00:00,0.05291,0.05312,0.05133,0.0518,3123.0
2026-08-28 18:10:00+00:00,0.05168,0.05275,0.05167,0.05167,2304.0
2026-08-28 18:15:00+00:00,0.05165,0.05247,0.05146,0.05247,985.0
2026-08-28 18:20:00+00:00,0.05233,0.05249,0.052,0.05205,936.0
2026-08-28 18:25:00+00:00,0.05203,0.05244,0.05189,0.05197,917.0
2026-08-28 18:30:00+00:00,0.05197,0.05246,0.05161,0.05231,1077.0
2026-08-28 18:35:00+00:00,0.05234,0.0525,0.05156,0.05214,2232.0
2026-08-28 18:40:00+00:00,0.05203,0.05249,0.05197,0.05226,1113.0
2026-08-28 18:45:00+00:00,0.05228,0.0525,0.05223,0.05226,2556.0
2026-08-28 18:50:00+00:00,0.05225,0.05239,0.05202,0.05223,1311.0
2026-08-28 18:55:00+00:00,0.05214,0.05225,0.05174,0.05199,1099.0
2026-08-28 19:00:00+00:00,0.05197,0.0526,0.05195,0.05237,4393.0
2026-08-28 19:05:00+00:00,0.05218,0.05227,0.05184,0.05227,1085.0
2026-08-28 19:10:00+00:00,0.05218,0.05218,0.05194,0.05199,779.0
2026-08-28 19:15:00+00:00,0.05211,0.0524,0.05198,0.05199,724.0
2026-08-28 19:20:00+00:00,0.05195,0.05207,0.05169,0.05207,788.0
2026-08-28 19:25:00+00:00,0.05206,0.05238,0.05205,0.05238,329.0
2026-08-28 19:30:00+00:00,0.05228,0.05263,0.05228,0.05239,448.0
2026-08-28 19:35:00+00:00,0.05222,0.05222,0.05187,0.05189,454.0
2026-08-28 19:40:00+00:00,0.05188,0.05293,0.05149,0.05219,2511.0
2026-08-28 19:45:00+00:00,0.05206,0.05241,0.05177,0.05196,838.0
2026-08-28 19:50:00+00:00,0.05182,0.05246,0.0516,0.05233,1214.0
2026-08-28 19:55:00+00:00,0.05232,0.05239,0.05198,0.0521,3885.0
2026-08-28 20:00:00+00:00,0.05208,0.05231,0.05198,0.05223,1309.0
2026-08-28 20:05:00+00:00,0.05213,0.05232,0.05205,0.05232,493.0
2026-08-28 20:10:00+00:00,0.05217,0.05254,0.05207,0.05213,2108.0
2026-08-28 20:15:00+00:00,0.05213,0.05372,0.05204,0.05334,3378.0
2026-08-28 20:20:00+00:00,0.05327,0.05365,0.05297,0.05342,3476.0
2026-08-28 20:25:00+00:00,0.05339,0.05339,0.0523,0.05258,876.0
2026-08-28 20:30:00+00:00,0.05258,0.05258,0.05199,0.05225,1031.0
2026-08-28 20:35:00+00:00,0.05204,0.05209,0.05182,0.05182,145.0
2026-08-28 20:40:00+00:00,0.05197,0.05231,0.05167,0.0521,1152.0
2026-08-28 20:45:00+00:00,0.05208,0.05228,0.05201,0.05228,324.0
2026-08-28 20:50:00+00:00,0.05207,0.0523,0.05207,0.05225,34.0
2026-08-28 20:55:00+00:00,0.05226,0.05226,0.05169,0.05198,868.0
2026-08-28 21:00:00+00:00,0.05181,0.05198,0.05077,0.05077,2307.0
2026-08-28 21:05:00+00:00,0.0508,0.05109,0.0497,0.0499,2576.0
2026-08-28 21:10:00+00:00,0.05001,0.05084,0.04998,0.05053,2151.0
2026-08-28 21:15:00+00:00,0.05074,0.05291,0.05049,0.05256,4237.0
2026-08-28 21:20:00+00:00,0.05277,0.0533,0.0519,0.0533,3199.0
2026-08-28 21:25:00+00:00,0.0532,0.0534,0.05282,0.05321,584.0
2026-08-28 21:30:00+00:00,0.05326,0.05326,0.05278,0.05305,491.0
2026-08-28 21:35:00+00:00,0.05305,0.05381,0.05278,0.05381,1492.0
2026-08-28 21:40:00+00:00,0.0536,0.05409,0.05356,0.05396,2576.0
2026-08-28 21:45:00+00:00,0.05379,0.0541,0.05339,0.05339,2872.0
2026-08-28 21:50:00+00:00,0.0534,0.05425,0.0534,0.05376,1703.0
2026-08-28 21:55:00+00:00,0.05377,0.05431,0.05337,0.05429,1786.0
2026-08-28 22:00:00+00:00,0.05412,0.05412,0.05305,0.05359,7103.0
2026-08-28 22:05:00+00:00,0.05351,0.05425,0.05338,0.05408,2583.0
2026-08-28 22:10:00+00:00,0.05406,0.05431,0.05403,0.05408,1675.0
2026-08-28 22:15:00+00:00,0.05408,0.05452,0.05369,0.0545,3714.0
2026-08-28 22:20:00+00:00,0.05452,0.05452,0.05422,0.05441,1166.0
2026-08-28 22:25:00+00:00,0.05432,0.05432,0.05365,0.05367,6230.0
2026-08-28 22:30:00+00:00,0.05365,0.05366,0.05318,0.05322,1847.0
2026-08-28 22:35:00+00:00,0.05319,0.05376,0.05319,0.05376,2579.0
2026-08-28 22:40:00+00:00,0.05378,0.05378,0.05349,0.05359,892.0
2026-08-28 22:45:00+00:00,0.05351,0.0538,0.05321,0.05379,1988.0
2026-08-28 22:50:00+00:00,0.05378,0.05401,0.05365,0.05391,1906.0
2026-08-28 22:55:00+00:00,0.05401,0.05499,0.05377,0.05454,2696.0
2026-08-28 23:00:00+00:00,0.05455,0.055,0.05455,0.055,1355.0
2026-08-28 23:05:00+00:00,0.05496,0.0561,0.0549,0.0561,12401.0
2026-08-28 23:10:00+00:00,0.0561,0.05649,0.05566,0.0558,5139.0
2026-08-28 23:15:00+00:00,0.0558,0.05621,0.05527,0.05545,3733.0
2026-08-28 23:20:00+00:00,0.05544,0.0555,0.05472,0.05501,2044.0
2026-08-28 23:25:00+00:00,0.05502,0.05536,0.05425,0.05429,10944.0
2026-08-28 23:30:00+00:00,0.05431,0.05517,0.05409,0.05488,3939.0
2026-08-28 23:35:00+00:00,0.05491,0.05496,0.05459,0.05459,1282.0
2026-08-28 23:40:00+00:00,0.05475,0.0554,0.05475,0.0554,1956.0
2026-08-28 23:45:00+00:00,0.0554,0.05709,0.0554,0.0568,5044.0
2026-08-28 23:50:00+00:00,0.05659,0.05675,0.0563,0.05658,2784.0
2026-08-28 23:55:00+00:00,0.05642,0.05714,0.05581,0.05654,10013.0
2026-08-29 00:00:00+00:00,0.05653,0.05732,0.05612,0.05662,2441.0
2026-08-29 00:05:00+00:00,0.0565,0.05658,0.05601,0.05616,2698.0
2026-08-29 00:10:00+00:00,0.05637,0.0568,0.05631,0.05657,2208.0
2026-08-29 00:15:00+00:00,0.05656,0.05656,0.05566,0.05569,3947.0
2026-08-29 00:20:00+00:00,0.05569,0.05604,0.05564,0.05602,836.0
2026-08-29 00:25:00+00:00,0.05599,0.05599,0.05516,0.05574,3872.0
2026-08-29 00:30:00+00:00,0.05566,0.05613,0.05556,0.0558,1500.0
2026-08-29 00:35:00+00:00,0.0558,0.05587,0.05568,0.05577,157.0
2026-08-29 00:40:00+00:00,0.05578,0.05676,0.0557,0.05663,2180.0
2026-08-29 00:45:00+00:00,0.05666,0.05732,0.05666,0.05732,1991.0
2026-08-29 00:50:00+00:00,0.05722,0.05723,0.05615,0.05631,5035.0
2026-08-29 00:55:00+00:00,0.05616,0.05705,0.05616,0.05694,2855.0
2026-08-29 01:00:00+00:00,0.05676,0.05748,0.05676,0.05681,2165.0
2026-08-29 01:05:00+00:00,0.05681,0.05714,0.0566,0.0566,2755.0
2026-08-29 01:10:00+00:00,0.05658,0.05674,0.05595,0.05641,1555.0
2026-08-29 01:15:00+00:00,0.05641,0.05655,0.05607,0.05627,1723.0
2026-08-29 01:20:00+00:00,0.05612,0.05642,0.05584,0.05588,3088.0
2026-08-29 01:25:00+00:00,0.05585,0.05585,0.05519,0.0554,1429.0
2026-08-29 01:30:00+00:00,0.0552,0.05528,0.05478,0.05514,3521.0
2026-08-29 01:35:00+00:00,0.05511,0.05511,0.05422,0.0543,1806.0
2026-08-29 01:40:00+00:00,0.05445,0.05449,0.05388,0.05409,2862.0
2026-08-29 01:45:00+00:00,0.0542,0.05426,0.05389,0.05397,2427.0
2026-08-29 01:50:00+00:00,0.05417,0.0545,0.05361,0.05382,5027.0
2026-08-29 01:55:00+00:00,0.05386,0.05434,0.05374,0.05414,1890.0
2026-08-29 02:00:00+00:00,0.05413,0.05481,0.05413,0.05481,4224.0
2026-08-29 02:05:00+00:00,0.05485,0.056,0.05471,0.05579,1915.0
2026-08-29 02:10:00+00:00,0.05577,0.05658,0.05551,0.05596,5031.0
2026-08-29 02:15:00+00:00,0.05595,0.05755,0.05592,0.05609,8382.0
2026-08-29 02:20:00+00:00,0.0561,0.05638,0.05556,0.05623,4931.0
2026-08-29 02:25:00+00:00,0.05621,0.05668,0.05584,0.0561,10300.0
2026-08-29 02:30:00+00:00,0.05618,0.05695,0.05589,0.05643,2559.0
2026-08-29 02:35:00+00:00,0.05642,0.0574,0.05613,0.05658,5467.0
2026-08-29 02:40:00+00:00,0.05648,0.05675,0.05611,0.05611,3160.0
2026-08-29 02:45:00+00:00,0.0561,0.0561,0.05521,0.05562,2589.0
2026-08-29 02:50:00+00:00,0.05564,0.05564,0.05472,0.0549,2423.0
2026-08-29 02:55:00+00:00,0.05497,0.05497,0.053,0.05393,14525.0
2026-08-29 03:00:00+00:00,0.05411,0.05441,0.05341,0.05375,3730.0
2026-08-29 03:05:00+00:00,0.05352,0.05495,0.05352,0.05464,2398.0
2026-08-29 03:10:00+00:00,0.0546,0.0546,0.05372,0.05419,2784.0
2026-08-29 03:15:00+00:00,0.05421,0.05421,0.0535,0.0538,2174.0
2026-08-29 03:20:00+00:00,0.05395,0.05548,0.05359,0.05545,6226.0
2026-08-29 03:25:00+00:00,0.05548,0.05564,0.05457,0.05502,8064.0
2026-08-29 03:30:00+00:00,0.05503,0.05583,0.05481,0.0549,3627.0
2026-08-29 03:35:00+00:00,0.0549,0.05518,0.05425,0.05429,4118.0
2026-08-29 03:40:00+00:00,0.05456,0.05467,0.05394,0.05394,4578.0
2026-08-29 03:45:00+00:00,0.05394,0.05472,0.05356,0.05472,6413.0
2026-08-29 03:50:00+00:00,0.05466,0.05488,0.05402,0.05427,1298.0
2026-08-29 03:55:00+00:00,0.05427,0.05449,0.05383,0.05426,1625.0
2026-08-29 04:00:00+00:00,0.05414,0.05451,0.05363,0.05366,3142.0
2026-08-29 04:05:00+00:00,0.0538,0.05397,0.05228,0.05285,7644.0
2026-08-29 04:10:00+00:00,0.0528,0.0532,0.05262,0.05276,2421.0
2026-08-29 04:15:00+00:00,0.05276,0.05301,0.05168,0.05217,12228.0
2026-08-29 04:20:00+00:00,0.05216,0.05262,0.05166,0.05187,6807.0
2026-08-29 04:25:00+00:00,0.05188,0.05205,0.05118,0.05188,3841.0
2026-08-29 04:30:00+00:00,0.05189,0.0525,0.05171,0.052,4084.0
2026-08-29 04:35:00+00:00,0.052,0.05245,0.05151,0.05152,2337.0
2026-08-29 04:40:00+00:00,0.05146,0.05201,0.0514,0.05156,2861.0
2026-08-29 04:45:00+00:00,0.05174,0.05256,0.0516,0.05189,5329.0
2026-08-29 04:50:00+00:00,0.052,0.05263,0.05196,0.05263,3062.0
2026-08-29 04:55:00+00:00,0.05247,0.05286,0.05231,0.05244,4292.0
2026-08-29 05:00:00+00:00,0.05244,0.05359,0.05244,0.05338,4512.0
2026-08-29 05:05:00+00:00,0.05339,0.05403,0.05319,0.05338,2297.0
2026-08-29 05:10:00+00:00,0.05337,0.0545,0.05322,0.05398,5230.0
2026-08-29 05:15:00+00:00,0.05399,0.05657,0.05397,0.0558,10000.0
2026-08-29 05:20:00+00:00,0.0558,0.05716,0.0553,0.05628,8729.0
2026-08-29 05:25:00+00:00,0.0565,0.05696,0.05562,0.05612,2344.0
2026-08-29 05:30:00+00:00,0.05595,0.05627,0.05537,0.05585,3025.0
2026-08-29 05:35:00+00:00,0.05595,0.05626,0.05537,0.05566,1414.0
2026-08-29 05:40:00+00:00,0.0556,0.05595,0.0549,0.0549,2010.0
2026-08-29 05:45:00+00:00,0.05508,0.05551,0.05495,0.05509,1008.0
2026-08-29 05:50:00+00:00,0.05523,0.05553,0.055,0.055,2138.0
2026-08-29 05:55:00+00:00,0.05515,0.05599,0.055,0.05548,2644.0
2026-08-29 06:00:00+00:00,0.05548,0.05552,0.05451,0.05454,1759.0
2026-08-29 06:05:00+00:00,0.05454,0.05483,0.05442,0.05466,1667.0
2026-08-29 06:10:00+00:00,0.05471,0.05494,0.05414,0.05416,2021.0
2026-08-29 06:15:00+00:00,0.05438,0.05469,0.05433,0.05467,675.0
2026-08-29 06:20:00+00:00,0.05467,0.05489,0.05442,0.05474,953.0
2026-08-29 06:25:00+00:00,0.05474,0.05474,0.05446,0.05446,1418.0
2026-08-29 06:30:00+00:00,0.05441,0.05455,0.05366,0.05397,6781.0
2026-08-29 06:35:00+00:00,0.05403,0.0542,0.05396,0.0542,167.0
2026-08-29 06:40:00+00:00,0.05416,0.05442,0.05397,0.05414,1164.0
2026-08-29 06:45:00+00:00,0.05432,0.05466,0.05418,0.05464,1874.0
2026-08-29 06:50:00+00:00,0.05461,0.05479,0.0545,0.05468,4366.0
2026-08-29 06:55:00+00:00,0.05466,0.05536,0.05466,0.05533,9889.0
2026-08-29 07:00:00+00:00,0.05532,0.0554,0.05505,0.05509,1332.0
2026-08-29 07:05:00+00:00,0.05509,0.05627,0.05495,0.05577,3420.0
2026-08-29 07:10:00+00:00,0.05569,0.05569,0.05532,0.05532,361.0
2026-08-29 07:15:00+00:00,0.0553,0.05559,0.05512,0.0553,1122.0
2026-08-29 07:20:00+00:00,0.05523,0.05523,0.05478,0.05478,1336.0
2026-08-29 07:25:00+00:00,0.05477,0.05605,0.05464,0.05525,1406.0
2026-08-29 07:30:00+00:00,0.05525,0.05532,0.05478,0.0551,498.0
2026-08-29 07:35:00+00:00,0.05509,0.05549,0.05504,0.05549,1604.0
2026-08-29 07:40:00+00:00,0.05549,0.05549,0.05503,0.05521,888.0
2026-08-29 07:45:00+00:00,0.05503,0.05541,0.05493,0.05527,512.0
2026-08-29 07:50:00+00:00,0.05527,0.05603,0.0552,0.05532,2988.0
2026-08-29 07:55:00+00:00,0.05542,0.0575,0.0552,0.0562,6852.0
2026-08-29 08:00:00+00:00,0.05636,0.0569,0.05564,0.05591,8680.0
2026-08-29 08:05:00+00:00,0.05576,0.05599,0.05502,0.0556,5212.0
2026-08-29 08:10:00+00:00,0.0554,0.05592,0.05534,0.0558,871.0
2026-08-29 08:15:00+00:00,0.05565,0.05588,0.05537,0.05576,171.0
2026-08-29 08:20:00+00:00,0.05576,0.056,0.05564,0.05564,329.0
2026-08-29 08:25:00+00:00,0.05579,0.05603,0.05532,0.05601,1069.0
2026-08-29 08:30:00+00:00,0.05588,0.05622,0.05573,0.05573,513.0
2026-08-29 08:35:00+00:00,0.05571,0.05638,0.0557,0.05624,516.0
2026-08-29 08:40:00+00:00,0.05629,0.05685,0.0561,0.05634,708.0
2026-08-29 08:45:00+00:00,0.05647,0.05685,0.05631,0.05685,741.0
2026-08-29 08:50:00+00:00,0.05686,0.057,0.05633,0.05679,6656.0
2026-08-29 08:55:00+00:00,0.05663,0.05678,0.05637,0.05666,1519.0
2026-08-29 09:00:00+00:00,0.0565,0.05691,0.05637,0.05637,1072.0
2026-08-29 09:05:00+00:00,0.05638,0.05733,0.05638,0.05689,2595.0
2026-08-29 09:10:00+00:00,0.05672,0.05743,0.05655,0.05743,2409.0
2026-08-29 09:15:00+00:00,0.05723,0.05936,0.05723,0.05936,5325.0
2026-08-29 09:20:00+00:00,0.05917,0.0595,0.05809,0.05824,8066.0
2026-08-29 09:25:00+00:00,0.0584,0.05884,0.05819,0.05845,759.0
2026-08-29 09:30:00+00:00,0.0584,0.0597,0.05824,0.0595,2786.0
2026-08-29 09:35:00+00:00,0.05942,0.05967,0.0583,0.05839,4004.0
2026-08-29 09:40:00+00:00,0.05842,0.05862,0.05757,0.05784,2012.0
2026-08-29 09:45:00+00:00,0.05768,0.05784,0.05698,0.05732,2884.0
2026-08-29 09:50:00+00:00,0.05732,0.05778,0.0561,0.05628,4039.0
2026-08-29 09:55:00+00:00,0.05635,0.05693,0.0557,0.05642,4538.0
2026-08-29 10:00:00+00:00,0.05628,0.05733,0.05628,0.05679,2929.0
2026-08-29 10:05:00+00:00,0.05696,0.05701,0.05581,0.05617,4980.0
2026-08-29 10:10:00+00:00,0.05606,0.05658,0.05604,0.05621,4391.0
2026-08-29 10:15:00+00:00,0.05636,0.05639,0.05516,0.05541,7446.0
2026-08-29 10:20:00+00:00,0.05564,0.05597,0.05503,0.05569,8742.0
2026-08-29 10:25:00+00:00,0.05576,0.05636,0.05546,0.05636,3201.0
2026-08-29 10:30:00+00:00,0.0563,0.05694,0.05613,0.05659,7482.0
2026-08-29 10:35:00+00:00,0.05658,0.05682,0.05646,0.05646,330.0
2026-08-29 10:40:00+00:00,0.05646,0.0571,0.05646,0.05684,3627.0
2026-08-29 10:45:00+00:00,0.05672,0.0569,0.05647,0.05647,813.0
2026-08-29 10:50:00+00:00,0.05646,0.05683,0.05629,0.05629,1200.0
2026-08-29 10:55:00+00:00,0.05629,0.05629,0.05586,0.05586,818.0
2026-08-29 11:00:00+00:00,0.056,0.05632,0.0558,0.0558,976.0
2026-08-29 11:05:00+00:00,0.05576,0.05596,0.055,0.055,5993.0
2026-08-29 11:10:00+00:00,0.055,0.05517,0.05352,0.05438,10550.0
2026-08-29 11:15:00+00:00,0.05438,0.0547,0.05375,0.05412,4966.0
2026-08-29 11:20:00+00:00,0.05432,0.05477,0.05367,0.05433,2976.0
2026-08-29 11:25:00+00:00,0.05434,0.05438,0.05381,0.05411,1118.0
2026-08-29 11:30:00+00:00,0.05425,0.05425,0.05306,0.05346,1914.0
2026-08-29 11:35:00+00:00,0.05347,0.0536,0.05319,0.05359,2209.0
2026-08-29 11:40:00+00:00,0.0536,0.05364,0.0525,0.05291,4457.0
2026-08-29 11:45:00+00:00,0.05291,0.05328,0.05137,0.05307,3658.0
2026-08-29 11:50:00+00:00,0.05333,0.05368,0.05311,0.05368,1520.0
2026-08-29 11:55:00+00:00,0.05364,0.05382,0.05322,0.05322,3345.0
2026-08-29 12:00:00+00:00,0.05351,0.05355,0.05322,0.05351,125.0
2026-08-29 12:05:00+00:00,0.05336,0.05374,0.05319,0.0533,1322.0
2026-08-29 12:10:00+00:00,0.05329,0.05354,0.05329,0.05329,471.0
2026-08-29 12:15:00+00:00,0.05329,0.05329,0.05273,0.05287,4315.0
2026-08-29 12:20:00+00:00,0.05286,0.05287,0.05219,0.05237,2408.0
2026-08-29 12:25:00+00:00,0.05262,0.05303,0.05229,0.05229,4588.0
2026-08-29 12:30:00+00:00,0.05247,0.0526,0.05233,0.05246,216.0
2026-08-29 12:35:00+00:00,0.05224,0.05255,0.05224,0.05253,1561.0
2026-08-29 12:40:00+00:00,0.05234,0.05355,0.05229,0.05328,5693.0
2026-08-29 12:45:00+00:00,0.05328,0.05347,0.05224,0.05225,7022.0
2026-08-29 12:50:00+00:00,0.05246,0.05265,0.05225,0.05258,755.0
2026-08-29 12:55:00+00:00,0.05262,0.05336,0.05257,0.05305,1121.0
2026-08-29 13:00:00+00:00,0.05305,0.05341,0.05277,0.05278,948.0
2026-08-29 13:05:00+00:00,0.05264,0.05318,0.05255,0.0531,558.0
2026-08-29 13:10:00+00:00,0.05297,0.0532,0.05263,0.05285,710.0
2026-08-29 13:15:00+00:00,0.05262,0.05288,0.05244,0.05244,1468.0
2026-08-29 13:20:00+00:00,0.05244,0.05273,0.05205,0.05225,1389.0
2026-08-29 13:25:00+00:00,0.05209,0.05244,0.05009,0.05121,14626.0
2026-08-29 13:30:00+00:00,0.05144,0.05144,0.0501,0.05067,7557.0
2026-08-29 13:35:00+00:00,0.05069,0.05075,0.04905,0.05003,9101.0
2026-08-29 13:40:00+00:00,0.04996,0.04996,0.04921,0.04967,5794.0
2026-08-29 13:45:00+00:00,0.04967,0.0501,0.04959,0.04975,2870.0
2026-08-29 13:50:00+00:00,0.04971,0.05136,0.04963,0.05067,18427.0
2026-08-29 13:55:00+00:00,0.05067,0.05136,0.0505,0.05083,3586.0
2026-08-29 14:00:00+00:00,0.05083,0.05117,0.05057,0.05077,10563.0
2026-08-29 14:05:00+00:00,0.05076,0.05076,0.04967,0.0505,6277.0
2026-08-29 14:10:00+00:00,0.05033,0.0505,0.05029,0.05032,383.0
2026-08-29 14:15:00+00:00,0.05045,0.05144,0.05032,0.05053,4037.0
2026-08-29 14:20:00+00:00,0.05053,0.05121,0.05038,0.051,1605.0
2026-08-29 14:25:00+00:00,0.051,0.05141,0.05085,0.05088,779.0
2026-08-29 14:30:00+00:00,0.05088,0.05105,0.05073,0.051,939.0
2026-08-29 14:35:00+00:00,0.0509,0.051,0.05064,0.051,753.0
2026-08-29 14:40:00+00:00,0.05078,0.05116,0.05076,0.05103,1307.0
2026-08-29 14:45:00+00:00,0.05117,0.05133,0.05074,0.05074,1311.0
2026-08-29 14:50:00+00:00,0.05075,0.05101,0.05055,0.05101,1593.0
2026-08-29 14:55:00+00:00,0.05087,0.05163,0.05069,0.05136,990.0
2026-08-29 15:00:00+00:00,0.05136,0.05136,0.0499,0.05029,3458.0
2026-08-29 15:05:00+00:00,0.05007,0.05042,0.04986,0.0502,2897.0
2026-08-29 15:10:00+00:00,0.0502,0.05048,0.04988,0.04991,2348.0
2026-08-29 15:15:00+00:00,0.04991,0.05012,0.04981,0.05009,1354.0
2026-08-29 15:20:00+00:00,0.0499,0.05006,0.04852,0.04919,4549.0
2026-08-29 15:25:00+00:00,0.04919,0.04955,0.04912,0.04939,970.0
2026-08-29 15:30:00+00:00,0.04949,0.05008,0.04939,0.04986,1081.0
2026-08-29 15:35:00+00:00,0.04986,0.05058,0.04986,0.05058,2581.0
2026-08-29 15:40:00+00:00,0.0505,0.05121,0.05048,0.05088,3232.0
2026-08-29 15:45:00+00:00,0.05082,0.05101,0.05064,0.051,1811.0
2026-08-29 15:50:00+00:00,0.051,0.05135,0.05076,0.05109,1774.0
2026-08-29 15:55:00+00:00,0.05109,0.0513,0.05088,0.05103,984.0
2026-08-29 16:00:00+00:00,0.05129,0.05199,0.05116,0.05145,2655.0
2026-08-29 16:05:00+00:00,0.05146,0.05149,0.05127,0.05148,750.0
2026-08-29 16:10:00+00:00,0.05132,0.05159,0.05127,0.05159,559.0
2026-08-29 16:15:00+00:00,0.05135,0.05145,0.05079,0.05105,1988.0
2026-08-29 16:20:00+00:00,0.0509,0.05156,0.0508,0.05132,2267.0
2026-08-29 16:25:00+00:00,0.05142,0.05142,0.05097,0.05097,262.0
2026-08-29 16:30:00+00:00,0.05117,0.05117,0.05097,0.05097,458.0
2026-08-29 16:35:00+00:00,0.05114,0.05197,0.05104,0.05186,1162.0
2026-08-29 16:40:00+00:00,0.05189,0.05217,0.0517,0.05204,2741.0
2026-08-29 16:45:00+00:00,0.05207,0.05218,0.05186,0.05186,334.0
2026-08-29 16:50:00+00:00,0.05187,0.05366,0.05181,0.05312,7832.0
2026-08-29 16:55:00+00:00,0.05308,0.05352,0.05297,0.05304,2289.0
2026-08-29 17:00:00+00:00,0.053,0.0532,0.05251,0.05267,2132.0
2026-08-29 17:05:00+00:00,0.05252,0.0529,0.05251,0.05285,1284.0
2026-08-29 17:10:00+00:00,0.05281,0.05367,0.05245,0.05315,3926.0
2026-08-29 17:15:00+00:00,0.05306,0.05454,0.05297,0.05444,17518.0
2026-08-29 17:20:00+00:00,0.0543,0.05435,0.05384,0.05399,1693.0
2026-08-29 17:25:00+00:00,0.05388,0.05388,0.05291,0.05301,4037.0
2026-08-29 17:30:00+00:00,0.05289,0.05332,0.05218,0.05332,5309.0
2026-08-29 17:35:00+00:00,0.05336,0.05367,0.05311,0.05331,1276.0
2026-08-29 17:40:00+00:00,0.05312,0.05381,0.05284,0.05381,1224.0
2026-08-29 17:45:00+00:00,0.05381,0.05392,0.05328,0.05339,1496.0
2026-08-29 17:50:00+00:00,0.05336,0.05373,0.05336,0.05346,577.0
2026-08-29 17:55:00+00:00,0.05344,0.05344,0.05306,0.0532,368.0
2026-08-29 18:00:00+00:00,0.0532,0.05347,0.05294,0.05298,1266.0
2026-08-29 18:05:00+00:00,0.05298,0.05336,0.05263,0.0533,1142.0
2026-08-29 18:10:00+00:00,0.05341,0.05341,0.05303,0.05336,521.0
2026-08-29 18:15:00+00:00,0.05329,0.0538,0.05309,0.0538,635.0
2026-08-29 18:20:00+00:00,0.0538,0.0538,0.05341,0.05341,701.0
2026-08-29 18:25:00+00:00,0.05338,0.0542,0.05332,0.05369,4353.0
2026-08-29 18:30:00+00:00,0.0538,0.0538,0.05353,0.05364,38.0
2026-08-29 18:35:00+00:00,0.05361,0.05399,0.05351,0.05366,2787.0
2026-08-29 18:40:00+00:00,0.05363,0.05373,0.05363,0.05371,192.0
2026-08-29 18:45:00+00:00,0.05351,0.05358,0.0531,0.05337,1128.0
2026-08-29 18:50:00+00:00,0.05356,0.05359,0.05356,0.05359,63.0
2026-08-29 18:55:00+00:00,0.05347,0.05347,0.05338,0.05338,64.0
2026-08-29 19:00:00+00:00,0.05354,0.05359,0.05335,0.05348,509.0
2026-08-29 19:05:00+00:00,0.05329,0.0537,0.05323,0.05344,1320.0
2026-08-29 19:10:00+00:00,0.05343,0.05357,0.05332,0.05357,97.0
2026-08-29 19:15:00+00:00,0.05339,0.05361,0.0532,0.05361,144.0
2026-08-29 19:20:00+00:00,0.05363,0.05379,0.05304,0.05304,1319.0
2026-08-29 19:25:00+00:00,0.05302,0.05336,0.05292,0.05331,719.0
2026-08-29 19:30:00+00:00,0.05331,0.05387,0.05331,0.05345,1539.0
2026-08-29 19:35:00+00:00,0.05345,0.05361,0.05298,0.05339,1841.0
2026-08-29 19:40:00+00:00,0.05348,0.05351,0.05339,0.05345,110.0
2026-08-29 19:45:00+00:00,0.05345,0.05353,0.05339,0.05351,783.0
2026-08-29 19:50:00+00:00,0.05359,0.05365,0.0532,0.0532,369.0
2026-08-29 19:55:00+00:00,0.05319,0.05336,0.05301,0.05301,352.0
2026-08-29 20:00:00+00:00,0.05301,0.05371,0.05298,0.05352,5882.0
2026-08-29 20:05:00+00:00,0.0536,0.054,0.0536,0.05395,2262.0
2026-08-29 20:10:00+00:00,0.05392,0.05441,0.05392,0.05421,1202.0
2026-08-29 20:15:00+00:00,0.05422,0.05439,0.05401,0.05411,505.0
2026-08-29 20:20:00+00:00,0.05405,0.0541,0.05379,0.05379,142.0
2026-08-29 20:25:00+00:00,0.0538,0.05396,0.05379,0.05396,30.0
2026-08-29 20:30:00+00:00,0.05386,0.0539,0.05386,0.0539,16.0
2026-08-29 20:35:00+00:00,0.054,0.0541,0.054,0.0541,47.0
2026-08-29 20:40:00+00:00,0.0541,0.05421,0.0541,0.05421,74.0
2026-08-29 20:45:00+00:00,0.05409,0.05418,0.05384,0.05384,260.0
2026-08-29 20:50:00+00:00,0.05381,0.05381,0.05367,0.05368,334.0
2026-08-29 20:55:00+00:00,0.05388,0.05411,0.05367,0.05388,70.0
2026-08-29 21:00:00+00:00,0.05407,0.05407,0.05361,0.05361,499.0
2026-08-29 21:05:00+00:00,0.05381,0.05447,0.05374,0.05441,512.0
2026-08-29 21:10:00+00:00,0.05431,0.05473,0.0543,0.05445,517.0
2026-08-29 21:15:00+00:00,0.05445,0.05559,0.05445,0.05525,2752.0
2026-08-29 21:20:00+00:00,0.05523,0.05548,0.05506,0.0552,224.0
2026-08-29 21:25:00+00:00,0.0552,0.05566,0.0552,0.05521,335.0
2026-08-29 21:30:00+00:00,0.05522,0.05522,0.05506,0.05506,124.0
2026-08-29 21:35:00+00:00,0.05507,0.05519,0.05495,0.05497,125.0
2026-08-29 21:40:00+00:00,0.05495,0.05506,0.05472,0.05495,579.0
2026-08-29 21:45:00+00:00,0.05472,0.05487,0.0547,0.0547,306.0
2026-08-29 21:50:00+00:00,0.0547,0.0548,0.0547,0.05479,95.0
2026-08-29 21:55:00+00:00,0.05482,0.05482,0.05463,0.05465,126.0
2026-08-29 22:00:00+00:00,0.05465,0.05465,0.05448,0.05449,58.0
2026-08-29 22:05:00+00:00,0.05451,0.05487,0.05451,0.05487,46.0
2026-08-29 22:10:00+00:00,0.05488,0.05519,0.05488,0.05519,85.0
2026-08-29 22:15:00+00:00,0.05516,0.05587,0.05509,0.05574,1198.0
2026-08-29 22:20:00+00:00,0.05553,0.05688,0.05547,0.05628,3797.0
2026-08-29 22:25:00+00:00,0.05631,0.05746,0.05628,0.05688,6012.0
2026-08-29 22:30:00+00:00,0.0568,0.05688,0.05605,0.05605,1779.0
2026-08-29 22:35:00+00:00,0.05607,0.05619,0.05561,0.05605,2355.0
2026-08-29 22:40:00+00:00,0.05604,0.0562,0.0558,0.05611,1355.0
2026-08-29 22:45:00+00:00,0.05616,0.05616,0.05554,0.05616,2270.0
2026-08-29 22:50:00+00:00,0.05627,0.05679,0.05627,0.0565,544.0
2026-08-29 22:55:00+00:00,0.05628,0.05678,0.05628,0.05654,707.0
2026-08-29 23:00:00+00:00,0.05656,0.05669,0.05639,0.05639,445.0
2026-08-29 23:05:00+00:00,0.05638,0.0564,0.05523,0.05589,4951.0
2026-08-29 23:10:00+00:00,0.05583,0.05605,0.05574,0.056,158.0
2026-08-29 23:15:00+00:00,0.05583,0.05584,0.05501,0.05502,3730.0
2026-08-29 23:20:00+00:00,0.05502,0.05502,0.0548,0.0548,402.0
2026-08-29 23:25:00+00:00,0.05501,0.05501,0.05435,0.05489,781.0
2026-08-29 23:30:00+00:00,0.05498,0.05499,0.05468,0.0549,446.0
2026-08-29 23:35:00+00:00,0.05472,0.05472,0.05456,0.05456,405.0
2026-08-29 23:40:00+00:00,0.05472,0.05478,0.054,0.054,4650.0
2026-08-29 23:45:00+00:00,0.05421,0.05471,0.054,0.05447,1762.0
2026-08-29 23:50:00+00:00,0.05469,0.05469,0.05435,0.0545,287.0
2026-08-29 23:55:00+00:00,0.0545,0.05519,0.0545,0.05493,452.0
2026-08-30 00:00:00+00:00,0.05495,0.05513,0.05467,0.05467,283.0
2026-08-30 00:05:00+00:00,0.05487,0.05555,0.05487,0.05517,887.0
2026-08-30 00:10:00+00:00,0.05533,0.0554,0.05533,0.0554,17.0
2026-08-30 00:15:00+00:00,0.05518,0.05594,0.05515,0.0558,3659.0
2026-08-30 00:20:00+00:00,0.05592,0.056,0.05535,0.0556,1742.0
2026-08-30 00:25:00+00:00,0.05536,0.05694,0.05518,0.0567,1269.0
2026-08-30 00:30:00+00:00,0.05665,0.05699,0.0564,0.05667,1599.0
2026-08-30 00:35:00+00:00,0.05668,0.0588,0.05668,0.05854,5539.0
2026-08-30 00:40:00+00:00,0.05835,0.05851,0.05797,0.0585,1625.0
2026-08-30 00:45:00+00:00,0.0585,0.0585,0.05653,0.05658,7846.0
2026-08-30 00:50:00+00:00,0.05654,0.05724,0.05616,0.05649,1683.0
2026-08-30 00:55:00+00:00,0.0565,0.05763,0.05606,0.05711,2931.0
2026-08-30 01:00:00+00:00,0.05706,0.0595,0.05698,0.0589,11891.0
2026-08-30 01:05:00+00:00,0.05891,0.06088,0.05853,0.0602,26960.0
2026-08-30 01:10:00+00:00,0.06001,0.06084,0.05946,0.05982,8757.0
2026-08-30 01:15:00+00:00,0.05983,0.06222,0.05955,0.06186,10103.0
2026-08-30 01:20:00+00:00,0.0617,0.06176,0.05978,0.05978,8920.0
2026-08-30 01:25:00+00:00,0.06004,0.062,0.05993,0.06154,12609.0
2026-08-30 01:30:00+00:00,0.06158,0.06181,0.0609,0.06113,5195.0
2026-08-30 01:35:00+00:00,0.06118,0.06212,0.0608,0.06081,6096.0
2026-08-30 01:40:00+00:00,0.06073,0.065,0.06065,0.0648,8764.0
2026-08-30 01:45:00+00:00,0.0648,0.06551,0.06327,0.06387,40729.0
2026-08-30 01:50:00+00:00,0.06406,0.0668,0.06383,0.06634,26128.0
2026-08-30 01:55:00+00:00,0.06634,0.06738,0.06578,0.06701,13629.0
2026-08-30 02:00:00+00:00,0.06701,0.06711,0.06575,0.06669,11011.0
2026-08-30 02:05:00+00:00,0.06669,0.06773,0.06584,0.0665,25913.0
2026-08-30 02:10:00+00:00,0.0665,0.07082,0.0647,0.07041,41655.0
2026-08-30 02:15:00+00:00,0.07041,0.08018,0.07013,0.07754,86830.0
2026-08-30 02:20:00+00:00,0.07734,0.0851,0.07527,0.07908,66390.0
2026-08-30 02:25:00+00:00,0.07908,0.08264,0.077,0.07755,51216.0
2026-08-30 02:30:00+00:00,0.07772,0.08759,0.07765,0.08497,60703.0
2026-08-30 02:35:00+00:00,0.08506,0.0877,0.0835,0.08495,32434.0
2026-08-30 02:40:00+00:00,0.08499,0.09279,0.08112,0.09086,63876.0
2026-08-30 02:45:00+00:00,0.0906,0.09218,0.08136,0.08209,70374.0
2026-08-30 02:50:00+00:00,0.08216,0.08569,0.08209,0.08313,34818.0
2026-08-30 02:55:00+00:00,0.08317,0.08391,0.08063,0.0822,29376.0
2026-08-30 03:00:00+00:00,0.0822,0.08558,0.08206,0.08401,23942.0
2026-08-30 03:05:00+00:00,0.084,0.086,0.08142,0.08497,24041.0
2026-08-30 03:10:00+00:00,0.085,0.0865,0.08249,0.08323,17397.0
2026-08-30 03:15:00+00:00,0.08346,0.08506,0.08255,0.08491,11094.0
2026-08-30 03:20:00+00:00,0.085,0.086,0.082,0.0834,18775.0
2026-08-30 03:25:00+00:00,0.08316,0.08606,0.08291,0.08551,9834.0
2026-08-30 03:30:00+00:00,0.08526,0.08783,0.08476,0.08692,11862.0
2026-08-30 03:35:00+00:00,0.08692,0.09162,0.08657,0.08889,33358.0
2026-08-30 03:40:00+00:00,0.08876,0.08876,0.08533,0.08661,20985.0
2026-08-30 03:45:00+00:00,0.08661,0.08822,0.08422,0.08422,25211.0
2026-08-30 03:50:00+00:00,0.08428,0.08597,0.08388,0.08499,16824.0
2026-08-30 03:55:00+00:00,0.08532,0.08675,0.08314,0.08414,18094.0
2026-08-30 04:00:00+00:00,0.08439,0.0865,0.08426,0.0865,7103.0
2026-08-30 04:05:00+00:00,0.0866,0.088,0.0846,0.085,15536.0
2026-08-30 04:10:00+00:00,0.08492,0.08614,0.08459,0.08544,8903.0
2026-08-30 04:15:00+00:00,0.08544,0.08654,0.08245,0.08255,14342.0
2026-08-30 04:20:00+00:00,0.08273,0.08332,0.07884,0.08199,31435.0
2026-08-30 04:25:00+00:00,0.08199,0.08209,0.07819,0.08025,33917.0
2026-08-30 04:30:00+00:00,0.08023,0.08431,0.08023,0.08359,18652.0
2026-08-30 04:35:00+00:00,0.08359,0.08545,0.0831,0.08464,16849.0
2026-08-30 04:40:00+00:00,0.0844,0.0853,0.0813,0.08244,13158.0
2026-08-30 04:45:00+00:00,0.08244,0.0836,0.08197,0.0828,7546.0
2026-08-30 04:50:00+00:00,0.08274,0.08347,0.08185,0.08213,5509.0
2026-08-30 04:55:00+00:00,0.08213,0.0829,0.08108,0.08209,12257.0
2026-08-30 05:00:00+00:00,0.08207,0.08316,0.08111,0.08183,6834.0
2026-08-30 05:05:00+00:00,0.08198,0.08204,0.08024,0.08025,7547.0
2026-08-30 05:10:00+00:00,0.08047,0.08053,0.0769,0.07825,27209.0
2026-08-30 05:15:00+00:00,0.07824,0.07962,0.0772,0.07952,20230.0
2026-08-30 05:20:00+00:00,0.07952,0.08198,0.07906,0.08069,15470.0
2026-08-30 05:25:00+00:00,0.0806,0.0814,0.07981,0.08018,10045.0
2026-08-30 05:30:00+00:00,0.07988,0.08118,0.0798,0.08115,4017.0
2026-08-30 05:35:00+00:00,0.08096,0.08336,0.08084,0.0826,10632.0
2026-08-30 05:40:00+00:00,0.08256,0.08281,0.08184,0.08232,5044.0
2026-08-30 05:45:00+00:00,0.08224,0.08274,0.08029,0.08083,7168.0
2026-08-30 05:50:00+00:00,0.08078,0.08277,0.08066,0.08224,5957.0
2026-08-30 05:55:00+00:00,0.08226,0.08267,0.08175,0.08185,4746.0
2026-08-30 06:00:00+00:00,0.08207,0.08282,0.08202,0.08222,3084.0
2026-08-30 06:05:00+00:00,0.08201,0.08236,0.08097,0.08134,4403.0
2026-08-30 06:10:00+00:00,0.08111,0.0818,0.08102,0.08147,1951.0
2026-08-30 06:15:00+00:00,0.08143,0.08458,0.08142,0.08323,9039.0
2026-08-30 06:20:00+00:00,0.0831,0.08661,0.08281,0.08607,12806.0
2026-08-30 06:25:00+00:00,0.08608,0.08644,0.08482,0.085,13435.0
2026-08-30 06:30:00+00:00,0.0848,0.09,0.08456,0.088,28398.0
2026-08-30 06:35:00+00:00,0.08799,0.089,0.0859,0.08648,15852.0
2026-08-30 06:40:00+00:00,0.08665,0.08691,0.084,0.08691,21983.0
2026-08-30 06:45:00+00:00,0.08675,0.08796,0.08603,0.08664,15080.0
2026-08-30 06:50:00+00:00,0.08664,0.08879,0.08646,0.08696,11438.0
2026-08-30 06:55:00+00:00,0.08666,0.08899,0.08665,0.08799,6718.0
2026-08-30 07:00:00+00:00,0.08783,0.08815,0.08514,0.08541,15418.0
2026-08-30 07:05:00+00:00,0.08541,0.0858,0.08348,0.08464,11615.0
2026-08-30 07:10:00+00:00,0.08488,0.08741,0.08457,0.08641,11557.0
2026-08-30 07:15:00+00:00,0.08646,0.08681,0.08537,0.08617,5001.0
2026-08-30 07:20:00+00:00,0.08637,0.08637,0.08439,0.08489,8612.0
2026-08-30 07:25:00+00:00,0.08489,0.08708,0.08406,0.08679,4889.0
2026-08-30 07:30:00+00:00,0.08684,0.08851,0.08639,0.08684,12690.0
2026-08-30 07:35:00+00:00,0.08691,0.08798,0.08627,0.08647,6298.0
2026-08-30 07:40:00+00:00,0.08628,0.08689,0.084,0.0848,13628.0
2026-08-30 07:45:00+00:00,0.0848,0.08524,0.08052,0.08189,27304.0
2026-08-30 07:50:00+00:00,0.08219,0.08272,0.0815,0.08166,9400.0
2026-08-30 07:55:00+00:00,0.08191,0.08289,0.08159,0.08198,9129.0
2026-08-30 08:00:00+00:00,0.08198,0.08372,0.08192,0.08251,10320.0
2026-08-30 08:05:00+00:00,0.08227,0.08281,0.08173,0.08244,6399.0
2026-08-30 08:10:00+00:00,0.08274,0.08274,0.08167,0.08257,2607.0
2026-08-30 08:15:00+00:00,0.08237,0.0849,0.08217,0.08441,7836.0
2026-08-30 08:20:00+00:00,0.08437,0.086,0.0842,0.08528,16750.0
2026-08-30 08:25:00+00:00,0.08535,0.08625,0.08463,0.08485,12754.0
2026-08-30 08:30:00+00:00,0.08503,0.09208,0.08471,0.0919,32596.0
2026-08-30 08:35:00+00:00,0.09162,0.11122,0.08966,0.09624,258231.0
2026-08-30 08:40:00+00:00,0.09657,0.09987,0.09025,0.09219,95611.0
2026-08-30 08:45:00+00:00,0.09203,0.09269,0.08666,0.0913,98552.0
2026-08-30 08:50:00+00:00,0.09131,0.09628,0.09076,0.09434,50963.0
2026-08-30 08:55:00+00:00,0.09434,0.09489,0.09264,0.09437,25703.0
2026-08-30 09:00:00+00:00,0.09455,0.09937,0.09357,0.09587,43723.0
2026-08-30 09:05:00+00:00,0.09624,0.10086,0.09121,0.0972,70461.0
2026-08-30 09:10:00+00:00,0.09709,0.09773,0.091,0.09341,38163.0
2026-08-30 09:15:00+00:00,0.09347,0.09636,0.09237,0.09513,29553.0
2026-08-30 09:20:00+00:00,0.09511,0.098,0.09416,0.09621,23008.0
2026-08-30 09:25:00+00:00,0.09622,0.0971,0.09491,0.09676,21478.0
2026-08-30 09:30:00+00:00,0.09691,0.0988,0.09577,0.09651,21304.0
2026-08-30 09:35:00+00:00,0.09651,0.09729,0.0955,0.09564,7940.0
2026-08-30 09:40:00+00:00,0.0955,0.09576,0.09254,0.09404,23569.0
2026-08-30 09:45:00+00:00,0.09408,0.09421,0.08939,0.09032,41109.0
2026-08-30 09:50:00+00:00,0.09031,0.09182,0.08882,0.09151,23703.0
2026-08-30 09:55:00+00:00,0.09151,0.09154,0.0891,0.08991,14981.0
2026-08-30 10:00:00+00:00,0.09004,0.09154,0.087,0.08983,37558.0
2026-08-30 10:05:00+00:00,0.0898,0.09231,0.08825,0.08998,27377.0
2026-08-30 10:10:00+00:00,0.08998,0.09052,0.08802,0.08984,17244.0
2026-08-30 10:15:00+00:00,0.08985,0.0928,0.08951,0.0921,21609.0
2026-08-30 10:20:00+00:00,0.09194,0.09257,0.09023,0.09093,8444.0
2026-08-30 10:25:00+00:00,0.09085,0.093,0.09073,0.0911,9714.0
2026-08-30 10:30:00+00:00,0.09093,0.09267,0.0907,0.0925,6080.0
2026-08-30 10:35:00+00:00,0.09235,0.0945,0.09226,0.09396,13664.0
2026-08-30 10:40:00+00:00,0.09377,0.0955,0.09165,0.09296,24546.0
2026-08-30 10:45:00+00:00,0.09281,0.09557,0.09265,0.09538,13422.0
2026-08-30 10:50:00+00:00,0.0952,0.09529,0.093,0.09356,18028.0
2026-08-30 10:55:00+00:00,0.0936,0.09496,0.0927,0.09312,14415.0
2026-08-30 11:00:00+00:00,0.0934,0.09351,0.09046,0.09091,22970.0
2026-08-30 11:05:00+00:00,0.09112,0.09276,0.09111,0.09197,12654.0
2026-08-30 11:10:00+00:00,0.09212,0.09452,0.09188,0.09452,12455.0
2026-08-30 11:15:00+00:00,0.09444,0.0956,0.09256,0.09403,25319.0
2026-08-30 11:20:00+00:00,0.09377,0.0949,0.09291,0.09394,10883.0
2026-08-30 11:25:00+00:00,0.0938,0.094,0.09195,0.09337,12081.0
2026-08-30 11:30:00+00:00,0.09336,0.10474,0.09291,0.09968,164515.0
2026-08-30 11:35:00+00:00,0.0995,0.10062,0.09621,0.09845,60820.0
2026-08-30 11:40:00+00:00,0.09843,0.10256,0.09798,0.1016,51179.0
2026-08-30 11:45:00+00:00,0.10165,0.10272,0.09885,0.10255,46016.0
2026-08-30 11:50:00+00:00,0.10257,0.11071,0.10192,0.10958,141177.0
2026-08-30 11:55:00+00:00,0.10964,0.11478,0.10435,0.10748,107049.0
2026-08-30 12:00:00+00:00,0.10758,0.111,0.1065,0.10923,57110.0
2026-08-30 12:05:00+00:00,0.10904,0.11265,0.10721,0.10866,62903.0
2026-08-30 12:10:00+00:00,0.10861,0.11,0.10354,0.10374,62587.0
2026-08-30 12:15:00+00:00,0.10384,0.10553,0.10028,0.10327,79863.0
2026-08-30 12:20:00+00:00,0.10346,0.10691,0.10156,0.10675,38098.0
2026-08-30 12:25:00+00:00,0.1067,0.10769,0.10493,0.10532,23071.0
2026-08-30 12:30:00+00:00,0.10543,0.10719,0.10337,0.10717,36530.0
2026-08-30 12:35:00+00:00,0.10714,0.10847,0.10556,0.10651,24550.0
2026-08-30 12:40:00+00:00,0.10644,0.10766,0.10585,0.10596,17127.0
2026-08-30 12:45:00+00:00,0.10597,0.10965,0.10571,0.10877,29108.0
2026-08-30 12:50:00+00:00,0.10882,0.11046,0.10718,0.10849,27400.0
2026-08-30 12:55:00+00:00,0.1084,0.109,0.10794,0.10831,13211.0
2026-08-30 13:00:00+00:00,0.10826,0.11007,0.10576,0.10904,29844.0
2026-08-30 13:05:00+00:00,0.10908,0.11136,0.10853,0.11129,22364.0
2026-08-30 13:10:00+00:00,0.11127,0.11138,0.1084,0.10917,20232.0
2026-08-30 13:15:00+00:00,0.10925,0.11881,0.10866,0.11557,118701.0
2026-08-30 13:20:00+00:00,0.11561,0.11832,0.11513,0.11807,45997.0
2026-08-30 13:25:00+00:00,0.11795,0.12084,0.11071,0.1125,93687.0
2026-08-30 13:30:00+00:00,0.11238,0.11519,0.11177,0.11417,53037.0
2026-08-30 13:35:00+00:00,0.11421,0.11545,0.11264,0.11522,28164.0
2026-08-30 13:40:00+00:00,0.1152,0.11759,0.11422,0.11668,27002.0
2026-08-30 13:45:00+00:00,0.11664,0.11829,0.11282,0.11629,44714.0
2026-08-30 13:50:00+00:00,0.11621,0.11787,0.11338,0.11377,35613.0
2026-08-30 13:55:00+00:00,0.11366,0.11611,0.11321,0.11439,17077.0
2026-08-30 14:00:00+00:00,0.11429,0.11531,0.11249,0.11418,26774.0
2026-08-30 14:05:00+00:00,0.11427,0.1143,0.10948,0.11286,37151.0
2026-08-30 14:10:00+00:00,0.11289,0.11429,0.11276,0.11368,9525.0
2026-08-30 14:15:00+00:00,0.11369,0.11378,0.11098,0.1116,19911.0
2026-08-30 14:20:00+00:00,0.11155,0.113,0.11077,0.11254,19715.0
2026-08-30 14:25:00+00:00,0.11273,0.11489,0.1097,0.11488,29607.0
2026-08-30 14:30:00+00:00,0.11492,0.11732,0.11403,0.11595,41955.0
2026-08-30 14:35:00+00:00,0.11588,0.1166,0.1144,0.11526,15669.0
2026-08-30 14:40:00+00:00,0.11526,0.122,0.11512,0.1185,65037.0
2026-08-30 14:45:00+00:00,0.11849,0.12045,0.1165,0.12008,27507.0
2026-08-30 14:50:00+00:00,0.12013,0.12315,0.1188,0.12242,57861.0
2026-08-30 14:55:00+00:00,0.12244,0.12466,0.12184,0.12423,51393.0
2026-08-30 15:00:00+00:00,0.12412,0.12679,0.12313,0.12585,71359.0
2026-08-30 15:05:00+00:00,0.12585,0.12979,0.12519,0.12728,82034.0
2026-08-30 15:10:00+00:00,0.12721,0.13411,0.12664,0.13095,117496.0
2026-08-30 15:15:00+00:00,0.13089,0.13299,0.12725,0.13004,89033.0
2026-08-30 15:20:00+00:00,0.12985,0.13282,0.12848,0.13041,44777.0
2026-08-30 15:25:00+00:00,0.13054,0.135,0.13035,0.13346,73782.0
2026-08-30 15:30:00+00:00,0.13326,0.13604,0.13018,0.13254,81955.0
2026-08-30 15:35:00+00:00,0.13256,0.1342,0.13036,0.13173,34519.0
2026-08-30 15:40:00+00:00,0.13158,0.1345,0.13073,0.13343,27447.0
2026-08-30 15:45:00+00:00,0.13341,0.1342,0.128,0.12857,60345.0
2026-08-30 15:50:00+00:00,0.12862,0.13232,0.12698,0.12984,71061.0
2026-08-30 15:55:00+00:00,0.12981,0.13132,0.1285,0.12931,20631.0
2026-08-30 16:00:00+00:00,0.12924,0.13111,0.12819,0.13052,25247.0
2026-08-30 16:05:00+00:00,0.13055,0.13113,0.12762,0.12981,23467.0
2026-08-30 16:10:00+00:00,0.12988,0.13393,0.12962,0.13287,39397.0
2026-08-30 16:15:00+00:00,0.13272,0.14175,0.13128,0.13677,77583.0
2026-08-30 16:20:00+00:00,0.13698,0.13971,0.13671,0.13798,50887.0
2026-08-30 16:25:00+00:00,0.13798,0.1396,0.13617,0.13643,42562.0
2026-08-30 16:30:00+00:00,0.13647,0.1382,0.13466,0.13785,36919.0
2026-08-30 16:35:00+00:00,0.13797,0.13953,0.13023,0.13488,71431.0
2026-08-30 16:40:00+00:00,0.1348,0.13518,0.1224,0.12601,85447.0
2026-08-30 16:45:00+00:00,0.1259,0.12885,0.12264,0.12273,54707.0
2026-08-30 16:50:00+00:00,0.12274,0.12648,0.11842,0.12593,56052.0
2026-08-30 16:55:00+00:00,0.12592,0.128,0.12548,0.12627,24857.0
2026-08-30 17:00:00+00:00,0.12626,0.13033,0.12555,0.12944,28756.0
2026-08-30 17:05:00+00:00,0.12954,0.13107,0.12682,0.12833,29149.0
2026-08-30 17:10:00+00:00,0.1283,0.13,0.12752,0.12908,22269.0
2026-08-30 17:15:00+00:00,0.12898,0.13108,0.12464,0.12602,36624.0
2026-08-30 17:20:00+00:00,0.12609,0.12642,0.11963,0.1222,53828.0
2026-08-30 17:25:00+00:00,0.12223,0.12441,0.12223,0.12374,22062.0
2026-08-30 17:30:00+00:00,0.12368,0.12369,0.1203,0.12319,19189.0
2026-08-30 17:35:00+00:00,0.12309,0.1252,0.12285,0.12438,15294.0
2026-08-30 17:40:00+00:00,0.12434,0.12498,0.12239,0.12338,12332.0
2026-08-30 17:45:00+00:00,0.12352,0.12444,0.12219,0.1233,12790.0
2026-08-30 17:50:00+00:00,0.1233,0.1254,0.12322,0.12414,20436.0
2026-08-30 17:55:00+00:00,0.12414,0.12571,0.12393,0.12498,9670.0
2026-08-30 18:00:00+00:00,0.12506,0.12738,0.12375,0.12738,22258.0
2026-08-30 18:05:00+00:00,0.12741,0.12807,0.12409,0.12572,30449.0
2026-08-30 18:10:00+00:00,0.12572,0.12732,0.12458,0.12558,21975.0
2026-08-30 18:15:00+00:00,0.12562,0.12623,0.12232,0.12408,14148.0
2026-08-30 18:20:00+00:00,0.12408,0.12592,0.12354,0.12548,10600.0
2026-08-30 18:25:00+00:00,0.12543,0.12997,0.12543,0.12944,41264.0
2026-08-30 18:30:00+00:00,0.12938,0.13016,0.12783,0.12919,26983.0
2026-08-30 18:35:00+00:00,0.12909,0.12992,0.12794,0.12939,20460.0
2026-08-30 18:40:00+00:00,0.1294,0.13314,0.1292,0.13069,35227.0
2026-08-30 18:45:00+00:00,0.13069,0.13399,0.1301,0.13272,21633.0
2026-08-30 18:50:00+00:00,0.13271,0.13409,0.13157,0.13267,12661.0
2026-08-30 18:55:00+00:00,0.13267,0.13952,0.13259,0.13539,111244.0
2026-08-30 19:00:00+00:00,0.13544,0.13709,0.12628,0.1269,74718.0
2026-08-30 19:05:00+00:00,0.1269,0.12829,0.12323,0.1266,38761.0
2026-08-30 19:10:00+00:00,0.12659,0.12876,0.12607,0.12792,18853.0
2026-08-30 19:15:00+00:00,0.1279,0.13103,0.12736,0.12923,32694.0
2026-08-30 19:20:00+00:00,0.12921,0.13038,0.128,0.1289,13661.0
2026-08-30 19:25:00+00:00,0.12893,0.12994,0.1282,0.12869,12749.0
2026-08-30 19:30:00+00:00,0.12879,0.13074,0.12867,0.13064,6476.0
2026-08-30 19:35:00+00:00,0.13067,0.13231,0.12893,0.12933,13230.0
2026-08-30 19:40:00+00:00,0.12927,0.1296,0.11582,0.11944,86620.0
2026-08-30 19:45:00+00:00,0.11952,0.12087,0.11748,0.11954,27427.0
2026-08-30 19:50:00+00:00,0.11949,0.12134,0.1164,0.11709,18444.0
2026-08-30 19:55:00+00:00,0.11706,0.11917,0.1151,0.11769,29349.0
2026-08-30 20:00:00+00:00,0.11759,0.11952,0.11699,0.1178,18332.0
2026-08-30 20:05:00+00:00,0.11785,0.12045,0.11785,0.12029,14990.0
2026-08-30 20:10:00+00:00,0.12022,0.12163,0.11888,0.12102,15651.0
2026-08-30 20:15:00+00:00,0.12099,0.12126,0.1192,0.11944,9705.0
2026-08-30 20:20:00+00:00,0.11923,0.12037,0.11657,0.11838,16141.0
2026-08-30 20:25:00+00:00,0.11838,0.11915,0.11836,0.11892,7976.0
2026-08-30 20:30:00+00:00,0.11892,0.1244,0.11824,0.12432,17012.0
2026-08-30 20:35:00+00:00,0.12423,0.12446,0.12136,0.12178,13245.0
2026-08-30 20:40:00+00:00,0.12177,0.12302,0.12016,0.12033,8171.0
2026-08-30 20:45:00+00:00,0.12039,0.1226,0.11889,0.12018,10254.0
2026-08-30 20:50:00+00:00,0.12011,0.12011,0.11694,0.11827,5286.0
2026-08-30 20:55:00+00:00,0.11823,0.11912,0.11711,0.11884,5207.0
2026-08-30 21:00:00+00:00,0.11873,0.12031,0.11261,0.11266,22721.0
2026-08-30 21:05:00+00:00,0.11284,0.11427,0.10663,0.1076,61593.0
2026-08-30 21:10:00+00:00,0.10765,0.11057,0.10745,0.10824,18584.0
2026-08-30 21:15:00+00:00,0.10814,0.10906,0.10583,0.10774,19830.0
2026-08-30 21:20:00+00:00,0.1078,0.10974,0.10762,0.10843,10711.0
2026-08-30 21:25:00+00:00,0.10852,0.11149,0.10833,0.11075,7894.0
2026-08-30 21:30:00+00:00,0.11054,0.11162,0.11011,0.11157,10704.0
2026-08-30 21:35:00+00:00,0.11144,0.11266,0.11133,0.11196,12579.0
2026-08-30 21:40:00+00:00,0.11185,0.11191,0.10571,0.10669,21230.0
2026-08-30 21:45:00+00:00,0.10682,0.10834,0.10567,0.10647,15305.0
2026-08-30 21:50:00+00:00,0.10647,0.10851,0.10517,0.10817,15961.0
2026-08-30 21:55:00+00:00,0.10818,0.1104,0.10732,0.10973,11642.0
2026-08-30 22:00:00+00:00,0.10976,0.11015,0.1074,0.10793,14812.0
2026-08-30 22:05:00+00:00,0.10793,0.1083,0.10654,0.10738,17900.0
2026-08-30 22:10:00+00:00,0.1074,0.1095,0.10671,0.10943,9565.0
2026-08-30 22:15:00+00:00,0.10942,0.11031,0.1079,0.10839,17829.0
2026-08-30 22:20:00+00:00,0.10825,0.10954,0.10744,0.10908,8171.0
2026-08-30 22:25:00+00:00,0.10893,0.1125,0.10886,0.11248,13237.0
2026-08-30 22:30:00+00:00,0.11242,0.11293,0.10972,0.11116,7989.0
2026-08-30 22:35:00+00:00,0.11099,0.11348,0.11054,0.1127,9450.0
2026-08-30 22:40:00+00:00,0.11251,0.11467,0.11199,0.11212,6594.0
2026-08-30 22:45:00+00:00,0.11211,0.11257,0.1089,0.10904,11876.0
2026-08-30 22:50:00+00:00,0.10911,0.10911,0.10606,0.10877,25636.0
2026-08-30 22:55:00+00:00,0.10867,0.10902,0.107,0.10721,8508.0
2026-08-30 23:00:00+00:00,0.10714,0.10877,0.10573,0.10616,9448.0
2026-08-30 23:05:00+00:00,0.10616,0.10879,0.10432,0.1081,15478.0
2026-08-30 23:10:00+00:00,0.10807,0.11101,0.10807,0.11079,10715.0
2026-08-30 23:15:00+00:00,0.11079,0.11223,0.10855,0.11072,9856.0
2026-08-30 23:20:00+00:00,0.11074,0.11228,0.11041,0.11057,8457.0
2026-08-30 23:25:00+00:00,0.11051,0.11166,0.10623,0.10735,13848.0
2026-08-30 23:30:00+00:00,0.10735,0.10811,0.10559,0.10769,7056.0
2026-08-30 23:35:00+00:00,0.10776,0.10885,0.103,0.10365,12870.0
2026-08-30 23:40:00+00:00,0.10368,0.10797,0.10361,0.10775,16952.0
2026-08-30 23:45:00+00:00,0.10765,0.10829,0.1041,0.10445,14255.0
2026-08-30 23:50:00+00:00,0.10442,0.10637,0.10429,0.10637,8714.0
2026-08-30 23:55:00+00:00,0.10641,0.10649,0.09711,0.10132,59060.0
2026-08-31 00:00:00+00:00,0.1013,0.1032,0.09939,0.09951,24071.0
2026-08-31 00:05:00+00:00,0.09953,0.10151,0.09606,0.09672,32808.0
2026-08-31 00:10:00+00:00,0.09664,0.09932,0.09624,0.09873,22831.0
2026-08-31 00:15:00+00:00,0.09885,0.10235,0.09885,0.10144,19567.0
2026-08-31 00:20:00+00:00,0.10144,0.1042,0.10141,0.10314,19021.0
2026-08-31 00:25:00+00:00,0.10311,0.10391,0.10198,0.1027,13901.0
2026-08-31 00:30:00+00:00,0.10266,0.10306,0.10142,0.10197,11705.0
2026-08-31 00:35:00+00:00,0.10199,0.105,0.10197,0.10486,17028.0
2026-08-31 00:40:00+00:00,0.10482,0.10665,0.10444,0.10547,18299.0
2026-08-31 00:45:00+00:00,0.10532,0.10603,0.10254,0.10257,9843.0
2026-08-31 00:50:00+00:00,0.10256,0.10294,0.10182,0.10196,6882.0
2026-08-31 00:55:00+00:00,0.10183,0.10216,0.09904,0.09909,21254.0
2026-08-31 01:00:00+00:00,0.09907,0.10094,0.0981,0.10024,13982.0
2026-08-31 01:05:00+00:00,0.10022,0.10113,0.0987,0.09933,10638.0
2026-08-31 01:10:00+00:00,0.09921,0.10013,0.09854,0.10013,11155.0
2026-08-31 01:15:00+00:00,0.10011,0.10017,0.0964,0.09772,19616.0
2026-08-31 01:20:00+00:00,0.09767,0.10012,0.09767,0.09945,8519.0
2026-08-31 01:25:00+00:00,0.0995,0.10458,0.09945,0.10447,20010.0
2026-08-31 01:30:00+00:00,0.10445,0.10575,0.10319,0.10513,19859.0
2026-08-31 01:35:00+00:00,0.10513,0.10734,0.10513,0.10709,17087.0
2026-08-31 01:40:00+00:00,0.10706,0.10864,0.10603,0.10752,16730.0
2026-08-31 01:45:00+00:00,0.10757,0.11226,0.1067,0.11203,36954.0
2026-08-31 01:50:00+00:00,0.11201,0.11372,0.11055,0.11359,23213.0
2026-08-31 01:55:00+00:00,0.11349,0.11381,0.10908,0.10977,21876.0
2026-08-31 02:00:00+00:00,0.10994,0.11129,0.10796,0.10931,20539.0
2026-08-31 02:05:00+00:00,0.10939,0.10939,0.10468,0.1054,24309.0
2026-08-31 02:10:00+00:00,0.10554,0.1103,0.10544,0.10919,20392.0
2026-08-31 02:15:00+00:00,0.10927,0.11181,0.10867,0.1102,9066.0
2026-08-31 02:20:00+00:00,0.11017,0.1128,0.10962,0.11276,9045.0
2026-08-31 02:25:00+00:00,0.11259,0.1144,0.11176,0.11271,23951.0
2026-08-31 02:30:00+00:00,0.11272,0.11462,0.11207,0.11254,12355.0
2026-08-31 02:35:00+00:00,0.11248,0.11251,0.10985,0.11004,10419.0
2026-08-31 02:40:00+00:00,0.11,0.11016,0.10782,0.1084,15175.0
2026-08-31 02:45:00+00:00,0.10843,0.11009,0.10827,0.10999,8696.0
2026-08-31 02:50:00+00:00,0.10999,0.11125,0.10567,0.10633,17769.0
2026-08-31 02:55:00+00:00,0.10623,0.10846,0.1055,0.10846,16432.0
2026-08-31 03:00:00+00:00,0.10837,0.10887,0.1061,0.10685,11951.0
2026-08-31 03:05:00+00:00,0.10689,0.1115,0.10644,0.11108,12314.0
2026-08-31 03:10:00+00:00,0.1108,0.11269,0.11017,0.11236,16533.0
2026-08-31 03:15:00+00:00,0.11234,0.11268,0.11088,0.11156,8859.0
2026-08-31 03:20:00+00:00,0.11149,0.11367,0.11125,0.11361,15072.0
2026-08-31 03:25:00+00:00,0.11362,0.11562,0.11245,0.11509,23759.0
2026-08-31 03:30:00+00:00,0.1151,0.1186,0.11423,0.11829,24342.0
2026-08-31 03:35:00+00:00,0.11821,0.1209,0.11659,0.11985,33542.0
2026-08-31 03:40:00+00:00,0.11975,0.1233,0.11955,0.1233,28970.0
2026-08-31 03:45:00+00:00,0.12317,0.12819,0.12227,0.12775,37986.0
2026-08-31 03:50:00+00:00,0.12765,0.1289,0.12645,0.12685,32793.0
2026-08-31 03:55:00+00:00,0.12669,0.12767,0.12361,0.12518,34717.0
2026-08-31 04:00:00+00:00,0.12491,0.12786,0.1223,0.12365,24367.0
2026-08-31 04:05:00+00:00,0.12352,0.12555,0.12193,0.12533,13290.0
2026-08-31 04:10:00+00:00,0.12531,0.12752,0.12508,0.12702,12547.0
2026-08-31 04:15:00+00:00,0.12702,0.12809,0.12284,0.12341,18662.0
2026-08-31 04:20:00+00:00,0.12329,0.12695,0.12329,0.12657,11176.0
2026-08-31 04:25:00+00:00,0.12658,0.12682,0.12385,0.12501,12436.0
2026-08-31 04:30:00+00:00,0.12496,0.12533,0.11724,0.1207,32167.0
2026-08-31 04:35:00+00:00,0.12067,0.12067,0.11599,0.11828,29913.0
2026-08-31 04:40:00+00:00,0.11837,0.12125,0.11836,0.12003,19641.0
2026-08-31 04:45:00+00:00,0.11997,0.12253,0.11896,0.1214,15588.0
2026-08-31 04:50:00+00:00,0.12125,0.12562,0.1212,0.12396,19007.0
2026-08-31 04:55:00+00:00,0.12389,0.12662,0.12365,0.12518,26580.0
2026-08-31 05:00:00+00:00,0.12523,0.12565,0.12147,0.12415,12369.0
2026-08-31 05:05:00+00:00,0.12423,0.13035,0.12423,0.12853,25961.0
2026-08-31 05:10:00+00:00,0.12867,0.13329,0.12853,0.1295,30723.0
2026-08-31 05:15:00+00:00,0.12956,0.13187,0.12867,0.12876,17487.0
2026-08-31 05:20:00+00:00,0.129,0.1298,0.12444,0.12957,23552.0
2026-08-31 05:25:00+00:00,0.12951,0.13053,0.12746,0.12893,13959.0
2026-08-31 05:30:00+00:00,0.1289,0.12922,0.12611,0.12746,10505.0
2026-08-31 05:35:00+00:00,0.12746,0.13022,0.12586,0.1289,14664.0
2026-08-31 05:40:00+00:00,0.12896,0.13088,0.12868,0.12999,15314.0
2026-08-31 05:45:00+00:00,0.13003,0.13062,0.12647,0.1286,6466.0
2026-08-31 05:50:00+00:00,0.12871,0.12969,0.12723,0.1281,9180.0
2026-08-31 05:55:00+00:00,0.12811,0.12846,0.12475,0.12484,11587.0
2026-08-31 06:00:00+00:00,0.12477,0.12523,0.12219,0.1232,19781.0
2026-08-31 06:05:00+00:00,0.1232,0.1255,0.12301,0.12516,11000.0
2026-08-31 06:10:00+00:00,0.12491,0.126,0.12354,0.12369,15422.0
2026-08-31 06:15:00+00:00,0.1236,0.12368,0.12002,0.12145,21120.0
2026-08-31 06:20:00+00:00,0.12144,0.12383,0.12144,0.1222,6710.0
2026-08-31 06:25:00+00:00,0.1221,0.12487,0.12201,0.12305,6147.0
2026-08-31 06:30:00+00:00,0.12293,0.1244,0.1221,0.12226,5867.0
2026-08-31 06:35:00+00:00,0.12211,0.12632,0.1215,0.1255,13370.0
2026-08-31 06:40:00+00:00,0.12558,0.12743,0.12408,0.12707,8231.0
2026-08-31 06:45:00+00:00,0.12708,0.12713,0.12319,0.12358,7428.0
2026-08-31 06:50:00+00:00,0.12355,0.12957,0.12352,0.12775,15777.0
2026-08-31 06:55:00+00:00,0.12774,0.13047,0.12728,0.1275,8971.0
2026-08-31 07:00:00+00:00,0.12743,0.12803,0.1257,0.1264,10673.0
2026-08-31 07:05:00+00:00,0.12634,0.1277,0.1256,0.12577,5544.0
2026-08-31 07:10:00+00:00,0.12588,0.12746,0.12209,0.123,11740.0
2026-08-31 07:15:00+00:00,0.12291,0.12453,0.1215,0.12345,18076.0
2026-08-31 07:20:00+00:00,0.1233,0.12496,0.12278,0.12439,6290.0
2026-08-31 07:25:00+00:00,0.12429,0.1248,0.1198,0.12089,15049.0
2026-08-31 07:30:00+00:00,0.12094,0.12232,0.11294,0.11369,39146.0
2026-08-31 07:35:00+00:00,0.11369,0.1155,0.112,0.11262,57860.0
2026-08-31 07:40:00+00:00,0.11263,0.11584,0.11178,0.11464,44104.0
2026-08-31 07:45:00+00:00,0.11479,0.11563,0.11318,0.11451,18527.0
2026-08-31 07:50:00+00:00,0.11442,0.11636,0.113,0.11586,13490.0
2026-08-31 07:55:00+00:00,0.11586,0.11636,0.11523,0.11566,9063.0
2026-08-31 08:00:00+00:00,0.11567,0.11822,0.11567,0.11767,14797.0
2026-08-31 08:05:00+00:00,0.11765,0.11818,0.11634,0.11728,13819.0
2026-08-31 08:10:00+00:00,0.11733,0.11751,0.11299,0.11493,16659.0
2026-08-31 08:15:00+00:00,0.11486,0.11497,0.11235,0.11275,11179.0
2026-08-31 08:20:00+00:00,0.11266,0.11481,0.1121,0.11458,13225.0
2026-08-31 08:25:00+00:00,0.11474,0.116,0.11428,0.11572,10310.0
2026-08-31 08:30:00+00:00,0.11588,0.1176,0.11522,0.11685,7418.0
2026-08-31 08:35:00+00:00,0.11681,0.11777,0.11512,0.11643,6051.0
2026-08-31 08:40:00+00:00,0.11659,0.11771,0.11325,0.11421,10490.0
2026-08-31 08:45:00+00:00,0.11417,0.11543,0.11307,0.11456,7206.0
2026-08-31 08:50:00+00:00,0.11474,0.11479,0.11356,0.11413,3202.0
2026-08-31 08:55:00+00:00,0.11395,0.11596,0.11355,0.11522,5779.0
2026-08-31 09:00:00+00:00,0.11506,0.12171,0.11506,0.12159,28158.0
2026-08-31 09:05:00+00:00,0.1214,0.12208,0.11838,0.11987,13464.0
2026-08-31 09:10:00+00:00,0.1198,0.12023,0.11675,0.11848,11110.0
2026-08-31 09:15:00+00:00,0.11845,0.12004,0.11769,0.11971,10339.0
2026-08-31 09:20:00+00:00,0.1196,0.1215,0.11911,0.1193,17467.0
2026-08-31 09:25:00+00:00,0.11935,0.12144,0.11906,0.1212,7936.0
2026-08-31 09:30:00+00:00,0.12125,0.1226,0.11975,0.12093,17934.0
2026-08-31 09:35:00+00:00,0.12088,0.12143,0.11888,0.11953,10670.0
2026-08-31 09:40:00+00:00,0.1196,0.12074,0.11902,0.1194,6859.0
2026-08-31 09:45:00+00:00,0.11937,0.11975,0.11815,0.11975,9369.0
2026-08-31 09:50:00+00:00,0.1198,0.12251,0.11947,0.12186,13648.0
2026-08-31 09:55:00+00:00,0.12196,0.12435,0.1215,0.12388,14438.0
2026-08-31 10:00:00+00:00,0.12388,0.12458,0.12186,0.12291,15940.0
2026-08-31 10:05:00+00:00,0.1228,0.12358,0.12125,0.12163,8264.0
2026-08-31 10:10:00+00:00,0.12176,0.12176,0.11935,0.12043,12039.0
2026-08-31 10:15:00+00:00,0.1202,0.1212,0.11854,0.11906,11692.0
2026-08-31 10:20:00+00:00,0.11901,0.12011,0.11875,0.11953,4728.0
2026-08-31 10:25:00+00:00,0.11956,0.12082,0.11909,0.11941,5856.0
2026-08-31 10:30:00+00:00,0.1194,0.11986,0.10716,0.10971,60998.0
2026-08-31 10:35:00+00:00,0.10978,0.11029,0.10569,0.10908,47109.0
2026-08-31 10:40:00+00:00,0.10907,0.11018,0.10738,0.10903,20931.0
2026-08-31 10:45:00+00:00,0.10893,0.1117,0.10783,0.11107,28124.0
2026-08-31 10:50:00+00:00,0.11104,0.11195,0.10951,0.11139,20828.0
2026-08-31 10:55:00+00:00,0.1114,0.11143,0.10908,0.10945,12814.0
2026-08-31 11:00:00+00:00,0.10934,0.11196,0.10808,0.11078,24511.0
2026-08-31 11:05:00+00:00,0.11072,0.11219,0.11025,0.11198,12101.0
2026-08-31 11:10:00+00:00,0.11191,0.1128,0.11114,0.11262,13932.0
2026-08-31 11:15:00+00:00,0.11254,0.1128,0.11089,0.11208,6396.0
2026-08-31 11:20:00+00:00,0.1122,0.1126,0.11067,0.11189,4550.0
2026-08-31 11:25:00+00:00,0.112,0.11281,0.11156,0.1122,5021.0
2026-08-31 11:30:00+00:00,0.11223,0.11229,0.11072,0.11114,5771.0
2026-08-31 11:35:00+00:00,0.1111,0.11299,0.10899,0.10983,10234.0
2026-08-31 11:40:00+00:00,0.10974,0.11093,0.10949,0.1106,5114.0
2026-08-31 11:45:00+00:00,0.11065,0.11133,0.10973,0.1103,5479.0
2026-08-31 11:50:00+00:00,0.11034,0.11151,0.10967,0.1108,4008.0
2026-08-31 11:55:00+00:00,0.111,0.11105,0.10954,0.11027,4038.0
2026-08-31 12:00:00+00:00,0.11037,0.11143,0.11034,0.11071,4093.0
2026-08-31 12:05:00+00:00,0.11067,0.11123,0.10977,0.1111,4095.0
2026-08-31 12:10:00+00:00,0.11117,0.11137,0.11043,0.11066,3520.0
2026-08-31 12:15:00+00:00,0.1106,0.11095,0.10978,0.11024,3395.0
2026-08-31 12:20:00+00:00,0.1102,0.11029,0.10593,0.10816,23921.0
2026-08-31 12:25:00+00:00,0.10825,0.1084,0.10741,0.10743,8180.0
2026-08-31 12:30:00+00:00,0.10741,0.10743,0.10421,0.10689,12954.0
2026-08-31 12:35:00+00:00,0.10692,0.10797,0.10664,0.10782,5991.0
2026-08-31 12:40:00+00:00,0.10781,0.10929,0.1078,0.10824,6855.0
2026-08-31 12:45:00+00:00,0.10814,0.10976,0.10812,0.1094,5786.0
2026-08-31 12:50:00+00:00,0.1094,0.11181,0.10936,0.11155,12570.0
2026-08-31 12:55:00+00:00,0.11141,0.11218,0.10983,0.11101,15603.0
2026-08-31 13:00:00+00:00,0.11101,0.11153,0.10978,0.1099,3712.0
2026-08-31 13:05:00+00:00,0.10979,0.1112,0.10953,0.10971,4136.0
2026-08-31 13:10:00+00:00,0.1098,0.11089,0.10969,0.11033,2555.0
2026-08-31 13:15:00+00:00,0.11029,0.11416,0.11,0.11291,12582.0
2026-08-31 13:20:00+00:00,0.113,0.11361,0.11182,0.11245,5799.0
2026-08-31 13:25:00+00:00,0.11234,0.1132,0.1123,0.1123,5195.0
2026-08-31 13:30:00+00:00,0.11228,0.11402,0.10913,0.10971,14187.0
2026-08-31 13:35:00+00:00,0.10971,0.11205,0.10883,0.11101,5441.0
2026-08-31 13:40:00+00:00,0.1111,0.11131,0.11045,0.11086,4000.0
2026-08-31 13:45:00+00:00,0.11085,0.11088,0.10871,0.10994,6264.0
2026-08-31 13:50:00+00:00,0.10998,0.11008,0.1082,0.10948,3369.0
2026-08-31 13:55:00+00:00,0.10951,0.11,0.10827,0.10873,3279.0
2026-08-31 14:00:00+00:00,0.1088,0.10997,0.10846,0.10956,3878.0
2026-08-31 14:05:00+00:00,0.10953,0.11071,0.10934,0.11071,4086.0
2026-08-31 14:10:00+00:00,0.11079,0.11079,0.1096,0.1102,2244.0
2026-08-31 14:15:00+00:00,0.11012,0.11071,0.1092,0.11035,3688.0
2026-08-31 14:20:00+00:00,0.11029,0.11042,0.10863,0.10968,6143.0
2026-08-31 14:25:00+00:00,0.10987,0.11103,0.1096,0.10982,2577.0
2026-08-31 14:30:00+00:00,0.11,0.11,0.10628,0.10705,12369.0
2026-08-31 14:35:00+00:00,0.10705,0.10874,0.10581,0.10843,10041.0
2026-08-31 14:40:00+00:00,0.10839,0.10963,0.10839,0.10914,6239.0
2026-08-31 14:45:00+00:00,0.10902,0.10918,0.10689,0.10909,6916.0
2026-08-31 14:50:00+00:00,0.10907,0.11329,0.10886,0.11258,12833.0
2026-08-31 14:55:00+00:00,0.11255,0.114,0.11207,0.1132,8627.0
2026-08-31 15:00:00+00:00,0.11325,0.11553,0.11195,0.1121,13696.0
2026-08-31 15:05:00+00:00,0.11212,0.11267,0.1105,0.1112,7786.0
2026-08-31 15:10:00+00:00,0.111,0.11161,0.10898,0.10963,9504.0
2026-08-31 15:15:00+00:00,0.10954,0.1103,0.10899,0.10977,5629.0
2026-08-31 15:20:00+00:00,0.10971,0.11223,0.10971,0.11162,7415.0
2026-08-31 15:25:00+00:00,0.11171,0.11191,0.11057,0.1112,2854.0
2026-08-31 15:30:00+00:00,0.11133,0.11156,0.1104,0.11142,2128.0
2026-08-31 15:35:00+00:00,0.11156,0.11205,0.11062,0.1108,2702.0
2026-08-31 15:40:00+00:00,0.1108,0.11131,0.11007,0.11091,2826.0
2026-08-31 15:45:00+00:00,0.111,0.11242,0.11051,0.11242,3658.0
2026-08-31 15:50:00+00:00,0.11241,0.11579,0.11223,0.11367,12204.0
2026-08-31 15:55:00+00:00,0.11369,0.11435,0.1131,0.11385,4510.0
2026-08-31 16:00:00+00:00,0.11365,0.11857,0.11365,0.1182,10859.0
2026-08-31 16:05:00+00:00,0.11815,0.12172,0.11738,0.11985,19385.0
2026-08-31 16:10:00+00:00,0.11968,0.11968,0.11725,0.11867,8473.0
2026-08-31 16:15:00+00:00,0.11849,0.1197,0.11683,0.11819,7819.0
2026-08-31 16:20:00+00:00,0.11793,0.11875,0.11777,0.11808,4000.0
2026-08-31 16:25:00+00:00,0.11819,0.11819,0.11363,0.11386,11809.0
2026-08-31 16:30:00+00:00,0.114,0.11475,0.1092,0.11047,19929.0
2026-08-31 16:35:00+00:00,0.11052,0.11174,0.10912,0.1104,10785.0
2026-08-31 16:40:00+00:00,0.11038,0.11103,0.10889,0.11103,5732.0
2026-08-31 16:45:00+00:00,0.11103,0.11321,0.11089,0.11144,8969.0
2026-08-31 16:50:00+00:00,0.11145,0.11223,0.11051,0.11168,3778.0
2026-08-31 16:55:00+00:00,0.11175,0.11268,0.11175,0.1119,2824.0
2026-08-31 17:00:00+00:00,0.11185,0.11204,0.11011,0.11097,4987.0
2026-08-31 17:05:00+00:00,0.11096,0.11151,0.1086,0.10962,9915.0
2026-08-31 17:10:00+00:00,0.10958,0.11032,0.10926,0.11032,3544.0
2026-08-31 17:15:00+00:00,0.11036,0.1106,0.10685,0.10809,20801.0
2026-08-31 17:20:00+00:00,0.10814,0.10851,0.10717,0.10851,4418.0
2026-08-31 17:25:00+00:00,0.10837,0.10837,0.10501,0.10608,15477.0
2026-08-31 17:30:00+00:00,0.10611,0.10733,0.10559,0.10721,6324.0
2026-08-31 17:35:00+00:00,0.10718,0.1085,0.10677,0.10772,4875.0
2026-08-31 17:40:00+00:00,0.1076,0.1076,0.10521,0.1062,9478.0
2026-08-31 17:45:00+00:00,0.10635,0.10736,0.10595,0.10628,2610.0
2026-08-31 17:50:00+00:00,0.10624,0.1068,0.10469,0.10502,10038.0
2026-08-31 17:55:00+00:00,0.10498,0.10647,0.10473,0.10609,3328.0
2026-08-31 18:00:00+00:00,0.10619,0.10674,0.10192,0.10271,26069.0
2026-08-31 18:05:00+00:00,0.10277,0.10499,0.10262,0.10475,8479.0
2026-08-31 18:10:00+00:00,0.10461,0.10747,0.10459,0.10727,10010.0
2026-08-31 18:15:00+00:00,0.10715,0.1084,0.107,0.10801,8953.0
2026-08-31 18:20:00+00:00,0.10805,0.1087,0.10718,0.10813,5100.0
2026-08-31 18:25:00+00:00,0.10804,0.10947,0.10796,0.10874,3963.0
2026-08-31 18:30:00+00:00,0.1086,0.10956,0.10847,0.1089,2650.0
2026-08-31 18:35:00+00:00,0.10896,0.10917,0.107,0.10733,5334.0
2026-08-31 18:40:00+00:00,0.1072,0.10784,0.10695,0.10729,2148.0
2026-08-31 18:45:00+00:00,0.10735,0.1092,0.10732,0.10917,2992.0
2026-08-31 18:50:00+00:00,0.10913,0.10984,0.10882,0.10904,2230.0
2026-08-31 18:55:00+00:00,0.10882,0.10912,0.10864,0.10886,2128.0
2026-08-31 19:00:00+00:00,0.1089,0.10897,0.10796,0.10822,2516.0
2026-08-31 19:05:00+00:00,0.10821,0.10849,0.1077,0.1077,1814.0
2026-08-31 19:10:00+00:00,0.108,0.10897,0.10779,0.10797,2807.0
2026-08-31 19:15:00+00:00,0.10787,0.10797,0.10512,0.10541,4445.0
2026-08-31 19:20:00+00:00,0.1053,0.10614,0.10238,0.10249,8823.0
2026-08-31 19:25:00+00:00,0.10255,0.10351,0.10222,0.10296,5180.0
2026-08-31 19:30:00+00:00,0.10303,0.10376,0.10188,0.10334,6336.0
2026-08-31 19:35:00+00:00,0.10335,0.1046,0.10325,0.10457,6805.0
2026-08-31 19:40:00+00:00,0.10455,0.1054,0.10395,0.10442,5120.0
2026-08-31 19:45:00+00:00,0.10449,0.10451,0.10267,0.10306,7133.0
2026-08-31 19:50:00+00:00,0.10321,0.10448,0.10305,0.10357,3349.0
2026-08-31 19:55:00+00:00,0.10367,0.10401,0.10336,0.10344,3337.0
2026-08-31 20:00:00+00:00,0.10345,0.10385,0.10333,0.10336,561.0
2026-08-31 20:05:00+00:00,0.10331,0.1042,0.10294,0.10412,3100.0
2026-08-31 20:10:00+00:00,0.10403,0.10574,0.10378,0.10554,4929.0
2026-08-31 20:15:00+00:00,0.10558,0.1081,0.10555,0.10663,7562.0
2026-08-31 20:20:00+00:00,0.1067,0.1074,0.10615,0.1074,1418.0
2026-08-31 20:25:00+00:00,0.10736,0.10751,0.10631,0.10646,1892.0
2026-08-31 20:30:00+00:00,0.10648,0.10674,0.10466,0.10565,2079.0
2026-08-31 20:35:00+00:00,0.10565,0.1061,0.10461,0.10475,1639.0
2026-08-31 20:40:00+00:00,0.10471,0.10502,0.10391,0.10493,2389.0
2026-08-31 20:45:00+00:00,0.10492,0.1053,0.10475,0.105,3544.0
2026-08-31 20:50:00+00:00,0.105,0.10563,0.10491,0.10525,1101.0
2026-08-31 20:55:00+00:00,0.10539,0.10553,0.10482,0.10498,734.0
2026-08-31 21:00:00+00:00,0.10504,0.1062,0.10467,0.10584,4956.0
2026-08-31 21:05:00+00:00,0.106,0.10682,0.10553,0.1058,2472.0
2026-08-31 21:10:00+00:00,0.10579,0.10583,0.1049,0.10524,888.0
2026-08-31 21:15:00+00:00,0.10511,0.10519,0.10456,0.10512,1701.0
2026-08-31 21:20:00+00:00,0.10506,0.10572,0.10483,0.10536,899.0
2026-08-31 21:25:00+00:00,0.1054,0.10603,0.10525,0.10603,381.0
2026-08-31 21:30:00+00:00,0.1061,0.1062,0.1053,0.10564,784.0
2026-08-31 21:35:00+00:00,0.10546,0.10672,0.10542,0.10626,410.0
2026-08-31 21:40:00+00:00,0.10637,0.1067,0.10629,0.10664,290.0
2026-08-31 21:45:00+00:00,0.10664,0.10677,0.10588,0.10588,479.0
2026-08-31 21:50:00+00:00,0.1058,0.1069,0.10568,0.1064,885.0
2026-08-31 21:55:00+00:00,0.10641,0.10643,0.10471,0.10525,669.0
2026-08-31 22:00:00+00:00,0.1054,0.10605,0.10509,0.10574,357.0
2026-08-31 22:05:00+00:00,0.1056,0.10591,0.10545,0.10557,378.0
2026-08-31 22:10:00+00:00,0.10559,0.10644,0.10556,0.10615,572.0
2026-08-31 22:15:00+00:00,0.10615,0.10615,0.10552,0.10567,65.0
2026-08-31 22:20:00+00:00,0.10573,0.10576,0.10334,0.105,3567.0
2026-08-31 22:25:00+00:00,0.10495,0.106,0.1048,0.10546,425.0
2026-08-31 22:30:00+00:00,0.10548,0.1058,0.105,0.1058,238.0
2026-08-31 22:35:00+00:00,0.10583,0.10609,0.10433,0.10433,950.0
2026-08-31 22:40:00+00:00,0.10424,0.10427,0.1,0.10213,11227.0
2026-08-31 22:45:00+00:00,0.1022,0.10333,0.102,0.10265,6126.0
2026-08-31 22:50:00+00:00,0.10265,0.10397,0.10156,0.10213,1845.0
2026-08-31 22:55:00+00:00,0.10229,0.10324,0.10227,0.10324,1714.0
2026-08-31 23:00:00+00:00,0.10317,0.10317,0.09907,0.10039,8492.0
2026-08-31 23:05:00+00:00,0.1006,0.10073,0.09784,0.09828,6154.0
2026-08-31 23:10:00+00:00,0.09838,0.10056,0.09792,0.09993,4933.0
2026-08-31 23:15:00+00:00,0.09999,0.10123,0.09963,0.10077,2899.0
2026-08-31 23:20:00+00:00,0.10078,0.10252,0.10072,0.1018,4267.0
2026-08-31 23:25:00+00:00,0.1019,0.10272,0.1019,0.1022,1556.0
2026-08-31 23:30:00+00:00,0.10228,0.10448,0.10206,0.10326,2983.0
2026-08-31 23:35:00+00:00,0.1032,0.10445,0.1031,0.1042,4771.0
2026-08-31 23:40:00+00:00,0.104,0.10466,0.10368,0.1044,4537.0
2026-08-31 23:45:00+00:00,0.10445,0.10445,0.10293,0.10316,1187.0
2026-08-31 23:50:00+00:00,0.1032,0.10383,0.103,0.10349,1965.0
2026-08-31 23:55:00+00:00,0.10356,0.10369,0.1024,0.10302,1219.0
2026-09-01 00:00:00+00:00,0.10316,0.10656,0.10309,0.10623,6860.0
2026-09-01 00:05:00+00:00,0.10632,0.10674,0.10427,0.10472,10605.0
2026-09-01 00:10:00+00:00,0.10483,0.1054,0.10461,0.10533,3803.0
2026-09-01 00:15:00+00:00,0.1054,0.1062,0.1047,0.106,5804.0
2026-09-01 00:20:00+00:00,0.10588,0.10895,0.1052,0.10835,6726.0
2026-09-01 00:25:00+00:00,0.1082,0.10898,0.10721,0.10783,4788.0
2026-09-01 00:30:00+00:00,0.1076,0.1076,0.10631,0.1066,2982.0
2026-09-01 00:35:00+00:00,0.1067,0.10712,0.1058,0.10644,5175.0
2026-09-01 00:40:00+00:00,0.10631,0.1066,0.1057,0.10598,2326.0
2026-09-01 00:45:00+00:00,0.10595,0.1081,0.1054,0.108,3276.0
2026-09-01 00:50:00+00:00,0.108,0.11065,0.10756,0.109,7459.0
2026-09-01 00:55:00+00:00,0.10902,0.10995,0.1087,0.10917,4257.0
2026-09-01 01:00:00+00:00,0.10924,0.11027,0.10852,0.10876,3557.0
2026-09-01 01:05:00+00:00,0.1087,0.109,0.1074,0.1088,3623.0
2026-09-01 01:10:00+00:00,0.10873,0.10916,0.10788,0.10793,3333.0
2026-09-01 01:15:00+00:00,0.1079,0.11341,0.1075,0.11291,9573.0
2026-09-01 01:20:00+00:00,0.11304,0.11351,0.11139,0.11246,7224.0
2026-09-01 01:25:00+00:00,0.11251,0.11363,0.11131,0.1116,7367.0
2026-09-01 01:30:00+00:00,0.11142,0.11272,0.11133,0.11172,2922.0
2026-09-01 01:35:00+00:00,0.11164,0.1122,0.1102,0.11148,5282.0
2026-09-01 01:40:00+00:00,0.11154,0.11226,0.11111,0.11128,2126.0
2026-09-01 01:45:00+00:00,0.11117,0.11125,0.11,0.11056,7784.0
2026-09-01 01:50:00+00:00,0.11053,0.11054,0.10856,0.10921,7259.0
2026-09-01 01:55:00+00:00,0.1093,0.1093,0.10724,0.10793,5052.0
2026-09-01 02:00:00+00:00,0.10803,0.10803,0.10651,0.10665,3906.0
2026-09-01 02:05:00+00:00,0.1066,0.10685,0.10396,0.10487,11690.0
2026-09-01 02:10:00+00:00,0.10486,0.10617,0.10483,0.10508,3548.0
2026-09-01 02:15:00+00:00,0.10513,0.10554,0.10484,0.10541,4928.0
2026-09-01 02:20:00+00:00,0.10546,0.10655,0.10539,0.10655,2911.0
2026-09-01 02:25:00+00:00,0.10652,0.10666,0.10526,0.10537,2103.0
2026-09-01 02:30:00+00:00,0.10532,0.10578,0.10282,0.10334,5304.0
2026-09-01 02:35:00+00:00,0.10336,0.104,0.10141,0.10206,5560.0
2026-09-01 02:40:00+00:00,0.10202,0.10313,0.10139,0.10235,13679.0
2026-09-01 02:45:00+00:00,0.10225,0.10307,0.10132,0.10174,9267.0
2026-09-01 02:50:00+00:00,0.1019,0.10194,0.10002,0.10121,4985.0
2026-09-01 02:55:00+00:00,0.10112,0.10249,0.10112,0.10199,4133.0
2026-09-01 03:00:00+00:00,0.1018,0.10353,0.10141,0.10295,3095.0
2026-09-01 03:05:00+00:00,0.10279,0.10379,0.10225,0.10255,3734.0
2026-09-01 03:10:00+00:00,0.10249,0.10266,0.10193,0.10224,1887.0
2026-09-01 03:15:00+00:00,0.10223,0.10337,0.10192,0.10201,5541.0
2026-09-01 03:20:00+00:00,0.10186,0.10233,0.10148,0.10213,1599.0
2026-09-01 03:25:00+00:00,0.1022,0.10317,0.1022,0.10301,2495.0
2026-09-01 03:30:00+00:00,0.10316,0.10485,0.10309,0.10441,2789.0
2026-09-01 03:35:00+00:00,0.10454,0.10454,0.10255,0.10364,2466.0
2026-09-01 03:40:00+00:00,0.10341,0.10347,0.10227,0.10298,3799.0
2026-09-01 03:45:00+00:00,0.10304,0.10304,0.10015,0.10017,3638.0
2026-09-01 03:50:00+00:00,0.10013,0.10114,0.09837,0.101,14340.0
2026-09-01 03:55:00+00:00,0.10102,0.10131,0.1005,0.1005,4284.0
2026-09-01 04:00:00+00:00,0.10049,0.10072,0.09919,0.09987,4070.0
2026-09-01 04:05:00+00:00,0.09981,0.09981,0.09656,0.09902,14761.0
2026-09-01 04:10:00+00:00,0.09906,0.10181,0.09905,0.10151,20620.0
2026-09-01 04:15:00+00:00,0.10147,0.10222,0.1001,0.1001,5718.0
2026-09-01 04:20:00+00:00,0.1001,0.10022,0.09581,0.098,22282.0
2026-09-01 04:25:00+00:00,0.0979,0.0992,0.09632,0.09893,23691.0
2026-09-01 04:30:00+00:00,0.09888,0.0998,0.09805,0.09961,4318.0
2026-09-01 04:35:00+00:00,0.0994,0.10136,0.09929,0.1013,5384.0
2026-09-01 04:40:00+00:00,0.10121,0.1014,0.09966,0.10033,5231.0
2026-09-01 04:45:00+00:00,0.10027,0.10032,0.09932,0.09948,3208.0
2026-09-01 04:50:00+00:00,0.0997,0.102,0.0997,0.10073,9782.0
2026-09-01 04:55:00+00:00,0.10072,0.10126,0.09968,0.10107,6005.0
2026-09-01 05:00:00+00:00,0.10105,0.10192,0.09836,0.09952,6758.0
2026-09-01 05:05:00+00:00,0.09943,0.10025,0.0987,0.09982,3018.0
2026-09-01 05:10:00+00:00,0.09983,0.10023,0.09939,0.10003,2495.0
2026-09-01 05:15:00+00:00,0.1,0.1,0.09776,0.09871,3918.0
2026-09-01 05:20:00+00:00,0.09877,0.09897,0.0961,0.09696,8162.0
2026-09-01 05:25:00+00:00,0.09696,0.09752,0.09451,0.09507,12327.0
2026-09-01 05:30:00+00:00,0.09511,0.09562,0.09415,0.09449,9378.0
2026-09-01 05:35:00+00:00,0.0946,0.09544,0.09143,0.09273,13732.0
2026-09-01 05:40:00+00:00,0.09273,0.09349,0.0915,0.09235,24595.0
2026-09-01 05:45:00+00:00,0.0924,0.09269,0.08514,0.08994,51272.0
2026-09-01 05:50:00+00:00,0.09005,0.09288,0.08981,0.09217,12798.0
2026-09-01 05:55:00+00:00,0.092,0.09279,0.0903,0.09104,7933.0
2026-09-01 06:00:00+00:00,0.0912,0.09221,0.09028,0.09208,7332.0
2026-09-01 06:05:00+00:00,0.09199,0.09291,0.091,0.09271,9226.0
2026-09-01 06:10:00+00:00,0.09256,0.0931,0.09123,0.0919,10318.0
2026-09-01 06:15:00+00:00,0.09197,0.09197,0.09075,0.09167,5731.0
2026-09-01 06:20:00+00:00,0.09178,0.09191,0.09034,0.09088,4877.0
2026-09-01 06:25:00+00:00,0.09079,0.0922,0.09079,0.09172,4858.0
2026-09-01 06:30:00+00:00,0.09169,0.09341,0.09128,0.09299,5462.0
2026-09-01 06:35:00+00:00,0.09293,0.09338,0.09236,0.09323,9678.0
2026-09-01 06:40:00+00:00,0.09318,0.09426,0.09308,0.09383,5227.0
2026-09-01 06:45:00+00:00,0.09371,0.09497,0.09345,0.09392,9137.0
2026-09-01 06:50:00+00:00,0.09387,0.095,0.0931,0.09462,14499.0
2026-09-01 06:55:00+00:00,0.0946,0.09836,0.09457,0.09737,49032.0
2026-09-01 07:00:00+00:00,0.09732,0.09844,0.09622,0.09679,21000.0
2026-09-01 07:05:00+00:00,0.09682,0.0969,0.09553,0.09607,4128.0
2026-09-01 07:10:00+00:00,0.09601,0.09679,0.09591,0.09671,1543.0
2026-09-01 07:15:00+00:00,0.09679,0.0969,0.0962,0.09678,3254.0
2026-09-01 07:20:00+00:00,0.09686,0.09699,0.09365,0.09383,22071.0
2026-09-01 07:25:00+00:00,0.09391,0.094,0.0922,0.09288,9546.0
2026-09-01 07:30:00+00:00,0.09276,0.09359,0.09258,0.0927,3089.0
2026-09-01 07:35:00+00:00,0.09279,0.09292,0.09116,0.09169,7950.0
2026-09-01 07:40:00+00:00,0.09178,0.09334,0.09176,0.09262,5719.0
2026-09-01 07:45:00+00:00,0.09269,0.09285,0.09205,0.09282,2907.0
2026-09-01 07:50:00+00:00,0.09284,0.09367,0.09266,0.09268,1811.0
2026-09-01 07:55:00+00:00,0.09268,0.09292,0.09244,0.09261,855.0
2026-09-01 08:00:00+00:00,0.09271,0.09389,0.09237,0.09237,3790.0
2026-09-01 08:05:00+00:00,0.09233,0.09233,0.09014,0.09072,9494.0
2026-09-01 08:10:00+00:00,0.09066,0.09079,0.08944,0.08992,4681.0
2026-09-01 08:15:00+00:00,0.08992,0.09023,0.08812,0.0882,15550.0
2026-09-01 08:20:00+00:00,0.08811,0.08862,0.08742,0.08767,11053.0
2026-09-01 08:25:00+00:00,0.08768,0.08837,0.08653,0.08653,9470.0
2026-09-01 08:30:00+00:00,0.08664,0.08971,0.08661,0.0894,14281.0
2026-09-01 08:35:00+00:00,0.0894,0.09078,0.0885,0.08856,12790.0
2026-09-01 08:40:00+00:00,0.08859,0.09056,0.08845,0.09013,8302.0
2026-09-01 08:45:00+00:00,0.09,0.09159,0.083,0.08972,71394.0
2026-09-01 08:50:00+00:00,0.08971,0.0898,0.08747,0.0877,13258.0
2026-09-01 08:55:00+00:00,0.08774,0.09056,0.08769,0.09014,6220.0
2026-09-01 09:00:00+00:00,0.09,0.09339,0.08995,0.09299,30349.0
2026-09-01 09:05:00+00:00,0.09305,0.09312,0.09069,0.09244,16868.0
2026-09-01 09:10:00+00:00,0.09237,0.09433,0.09228,0.09424,24435.0
2026-09-01 09:15:00+00:00,0.09411,0.09601,0.09283,0.09316,34413.0
2026-09-01 09:20:00+00:00,0.09312,0.09417,0.09299,0.09396,4388.0
2026-09-01 09:25:00+00:00,0.09407,0.09428,0.09139,0.0918,6977.0
2026-09-01 09:30:00+00:00,0.09187,0.09253,0.09012,0.09072,16280.0
2026-09-01 09:35:00+00:00,0.09081,0.09179,0.09051,0.0914,3159.0
2026-09-01 09:40:00+00:00,0.09135,0.09137,0.08892,0.0898,6226.0
2026-09-01 09:45:00+00:00,0.08986,0.092,0.08956,0.09134,9521.0
2026-09-01 09:50:00+00:00,0.0914,0.09212,0.09117,0.09145,2200.0
2026-09-01 09:55:00+00:00,0.09145,0.09352,0.09142,0.09261,6651.0
2026-09-01 10:00:00+00:00,0.09266,0.09367,0.09229,0.09326,5954.0
2026-09-01 10:05:00+00:00,0.09333,0.0937,0.09187,0.09219,2170.0
2026-09-01 10:10:00+00:00,0.09224,0.09232,0.09042,0.09124,4706.0
2026-09-01 10:15:00+00:00,0.09109,0.09162,0.09042,0.09108,5464.0
2026-09-01 10:20:00+00:00,0.09091,0.09257,0.09074,0.09252,3456.0
2026-09-01 10:25:00+00:00,0.09245,0.09324,0.09185,0.09296,4693.0
2026-09-01 10:30:00+00:00,0.09296,0.09312,0.09078,0.09193,3667.0
2026-09-01 10:35:00+00:00,0.09167,0.0919,0.0903,0.09092,3516.0
2026-09-01 10:40:00+00:00,0.09097,0.0912,0.09043,0.09081,4694.0
2026-09-01 10:45:00+00:00,0.0907,0.09081,0.08956,0.0906,3774.0
2026-09-01 10:50:00+00:00,0.09072,0.09152,0.09061,0.09131,2810.0
2026-09-01 10:55:00+00:00,0.09125,0.09154,0.0909,0.09127,1854.0
2026-09-01 11:00:00+00:00,0.0913,0.09139,0.08825,0.08921,6969.0
2026-09-01 11:05:00+00:00,0.08915,0.09048,0.08915,0.09005,2917.0
2026-09-01 11:10:00+00:00,0.09004,0.09057,0.08947,0.09014,3959.0
2026-09-01 11:15:00+00:00,0.09025,0.09283,0.09025,0.0928,7579.0
2026-09-01 11:20:00+00:00,0.09286,0.09396,0.09223,0.0926,7045.0
2026-09-01 11:25:00+00:00,0.09275,0.09468,0.09267,0.0942,7706.0
2026-09-01 11:30:00+00:00,0.09421,0.0949,0.09324,0.09349,4927.0
2026-09-01 11:35:00+00:00,0.09346,0.09359,0.09186,0.09207,5425.0
2026-09-01 11:40:00+00:00,0.09207,0.09242,0.091,0.09228,3199.0
2026-09-01 11:45:00+00:00,0.09237,0.09275,0.09072,0.09091,6630.0
2026-09-01 11:50:00+00:00,0.09072,0.09121,0.09038,0.09118,4306.0
2026-09-01 11:55:00+00:00,0.09108,0.09169,0.09054,0.09166,3113.0
2026-09-01 12:00:00+00:00,0.09167,0.0917,0.0908,0.09152,857.0
2026-09-01 12:05:00+00:00,0.09152,0.09356,0.09152,0.09291,7954.0
2026-09-01 12:10:00+00:00,0.09278,0.09278,0.09133,0.09206,4054.0
2026-09-01 12:15:00+00:00,0.09208,0.0921,0.09075,0.09103,3034.0
2026-09-01 12:20:00+00:00,0.09108,0.09127,0.09003,0.09109,1705.0
2026-09-01 12:25:00+00:00,0.09107,0.09182,0.09105,0.09181,1775.0
2026-09-01 12:30:00+00:00,0.09146,0.09187,0.09077,0.09103,1259.0
2026-09-01 12:35:00+00:00,0.09121,0.09139,0.09044,0.09054,1044.0
2026-09-01 12:40:00+00:00,0.09059,0.09112,0.09018,0.09054,2229.0
2026-09-01 12:45:00+00:00,0.09054,0.09174,0.09054,0.09174,2605.0
2026-09-01 12:50:00+00:00,0.09163,0.09235,0.09132,0.09218,2172.0
2026-09-01 12:55:00+00:00,0.09228,0.09242,0.09149,0.09151,2613.0
2026-09-01 13:00:00+00:00,0.09145,0.09145,0.0892,0.08964,3928.0
2026-09-01 13:05:00+00:00,0.08947,0.09072,0.08933,0.09018,1876.0
2026-09-01 13:10:00+00:00,0.09029,0.0903,0.08886,0.08997,3162.0
2026-09-01 13:15:00+00:00,0.09001,0.09072,0.09001,0.09054,4880.0
2026-09-01 13:20:00+00:00,0.09059,0.09064,0.08955,0.09009,3090.0
2026-09-01 13:25:00+00:00,0.09018,0.09047,0.08995,0.09009,1353.0
2026-09-01 13:30:00+00:00,0.09026,0.09059,0.09,0.09044,2934.0
2026-09-01 13:35:00+00:00,0.09035,0.09044,0.08869,0.08939,8072.0
2026-09-01 13:40:00+00:00,0.08939,0.08942,0.08545,0.0879,16879.0
2026-09-01 13:45:00+00:00,0.08791,0.0885,0.08722,0.08824,4536.0
2026-09-01 13:50:00+00:00,0.08814,0.08844,0.08728,0.08756,5037.0
2026-09-01 13:55:00+00:00,0.08755,0.08834,0.08745,0.08816,2082.0
2026-09-01 14:00:00+00:00,0.08812,0.08828,0.08537,0.08579,9315.0
2026-09-01 14:05:00+00:00,0.08599,0.08621,0.0818,0.08335,52676.0
2026-09-01 14:10:00+00:00,0.08333,0.08466,0.08301,0.08443,11437.0
2026-09-01 14:15:00+00:00,0.08436,0.08474,0.08343,0.08421,6341.0
2026-09-01 14:20:00+00:00,0.08411,0.08544,0.08332,0.08531,9167.0
2026-09-01 14:25:00+00:00,0.08526,0.08578,0.08367,0.08373,10339.0
2026-09-01 14:30:00+00:00,0.0837,0.08378,0.0818,0.08343,12681.0
2026-09-01 14:35:00+00:00,0.08346,0.08428,0.08333,0.08392,3212.0
2026-09-01 14:40:00+00:00,0.08392,0.08451,0.08383,0.08429,3978.0
2026-09-01 14:45:00+00:00,0.0843,0.08479,0.08404,0.08468,3399.0
2026-09-01 14:50:00+00:00,0.08459,0.08563,0.08375,0.08382,5062.0
2026-09-01 14:55:00+00:00,0.08391,0.08391,0.08315,0.08321,5877.0
2026-09-01 15:00:00+00:00,0.08331,0.08431,0.08303,0.08407,5479.0
2026-09-01 15:05:00+00:00,0.08413,0.08459,0.08271,0.08306,7113.0
2026-09-01 15:10:00+00:00,0.08303,0.08303,0.07893,0.08083,38045.0
2026-09-01 15:15:00+00:00,0.08082,0.08286,0.08082,0.08178,17649.0
2026-09-01 15:20:00+00:00,0.0818,0.0824,0.08163,0.08169,6090.0
2026-09-01 15:25:00+00:00,0.08189,0.08198,0.08106,0.0817,5308.0
2026-09-01 15:30:00+00:00,0.0817,0.08244,0.08153,0.08229,5177.0
2026-09-01 15:35:00+00:00,0.08231,0.08353,0.08129,0.08138,13907.0
2026-09-01 15:40:00+00:00,0.08156,0.08256,0.08097,0.08212,8993.0
2026-09-01 15:45:00+00:00,0.08217,0.08254,0.08165,0.08246,3364.0
2026-09-01 15:50:00+00:00,0.08238,0.08305,0.08219,0.08294,6348.0
2026-09-01 15:55:00+00:00,0.08296,0.08376,0.08274,0.08376,8470.0
2026-09-01 16:00:00+00:00,0.08366,0.08462,0.08337,0.0837,10676.0
2026-09-01 16:05:00+00:00,0.08363,0.08704,0.08353,0.08603,14616.0
2026-09-01 16:10:00+00:00,0.08601,0.08601,0.0829,0.08318,17770.0
2026-09-01 16:15:00+00:00,0.08321,0.0836,0.08254,0.08352,7743.0
2026-09-01 16:20:00+00:00,0.08356,0.08356,0.08191,0.08203,8447.0
2026-09-01 16:25:00+00:00,0.08203,0.08353,0.08203,0.08329,4026.0
2026-09-01 16:30:00+00:00,0.08321,0.08388,0.083,0.083,5817.0
2026-09-01 16:35:00+00:00,0.08297,0.08346,0.08213,0.08233,6584.0
2026-09-01 16:40:00+00:00,0.0824,0.08273,0.08213,0.08242,1305.0
2026-09-01 16:45:00+00:00,0.08245,0.08262,0.08137,0.08191,2592.0
2026-09-01 16:50:00+00:00,0.0818,0.08328,0.0815,0.08297,5040.0
2026-09-01 16:55:00+00:00,0.08304,0.0833,0.0828,0.08298,1748.0
2026-09-01 17:00:00+00:00,0.08298,0.08325,0.08216,0.08224,1601.0
2026-09-01 17:05:00+00:00,0.08229,0.08273,0.07897,0.08087,20657.0
2026-09-01 17:10:00+00:00,0.08082,0.08082,0.07905,0.07937,20502.0
2026-09-01 17:15:00+00:00,0.07943,0.07971,0.07745,0.07969,22610.0
2026-09-01 17:20:00+00:00,0.07977,0.07992,0.0794,0.07967,3707.0
2026-09-01 17:25:00+00:00,0.07969,0.08091,0.07961,0.08073,7316.0
2026-09-01 17:30:00+00:00,0.08082,0.08082,0.07985,0.08048,4171.0
2026-09-01 17:35:00+00:00,0.08055,0.08082,0.07929,0.07993,3821.0
2026-09-01 17:40:00+00:00,0.08001,0.08033,0.07889,0.08028,3402.0
2026-09-01 17:45:00+00:00,0.08024,0.08033,0.07929,0.07983,2101.0
2026-09-01 17:50:00+00:00,0.07988,0.07988,0.07897,0.0793,2763.0
2026-09-01 17:55:00+00:00,0.07937,0.07985,0.07905,0.07966,1851.0
2026-09-01 18:00:00+00:00,0.07972,0.08025,0.07953,0.0797,2326.0
2026-09-01 18:05:00+00:00,0.07969,0.07979,0.07897,0.07913,2961.0
2026-09-01 18:10:00+00:00,0.07915,0.07987,0.07915,0.07933,1190.0
2026-09-01 18:15:00+00:00,0.07929,0.07929,0.07716,0.07768,10156.0
2026-09-01 18:20:00+00:00,0.07773,0.07849,0.07688,0.07817,12415.0
2026-09-01 18:25:00+00:00,0.07818,0.07825,0.07701,0.07731,3097.0
2026-09-01 18:30:00+00:00,0.07732,0.07826,0.0768,0.07715,12648.0
2026-09-01 18:35:00+00:00,0.07718,0.07728,0.07569,0.0757,10155.0
2026-09-01 18:40:00+00:00,0.0757,0.07623,0.07457,0.07538,8817.0
2026-09-01 18:45:00+00:00,0.07533,0.07563,0.07434,0.07529,8537.0
2026-09-01 18:50:00+00:00,0.07525,0.07701,0.07493,0.0768,11319.0
2026-09-01 18:55:00+00:00,0.07678,0.08049,0.07678,0.08001,18427.0
2026-09-01 19:00:00+00:00,0.08009,0.0805,0.07842,0.07888,10738.0
2026-09-01 19:05:00+00:00,0.07888,0.07907,0.07771,0.078,8609.0
2026-09-01 19:10:00+00:00,0.07796,0.0788,0.07794,0.07876,2795.0
2026-09-01 19:15:00+00:00,0.07865,0.07913,0.07815,0.07824,4408.0
2026-09-01 19:20:00+00:00,0.07829,0.07984,0.07824,0.07945,6866.0
2026-09-01 19:25:00+00:00,0.07938,0.07954,0.0783,0.07865,4652.0
2026-09-01 19:30:00+00:00,0.0786,0.07964,0.07846,0.07929,4026.0
2026-09-01 19:35:00+00:00,0.07937,0.07961,0.07809,0.07865,7138.0
2026-09-01 19:40:00+00:00,0.07861,0.07884,0.07726,0.07807,7442.0
2026-09-01 19:45:00+00:00,0.07804,0.07819,0.07746,0.07776,5621.0
2026-09-01 19:50:00+00:00,0.07784,0.07848,0.0777,0.07773,2771.0
2026-09-01 19:55:00+00:00,0.07787,0.07841,0.07787,0.07824,875.0
2026-09-01 20:00:00+00:00,0.07828,0.07876,0.07801,0.07873,1262.0
2026-09-01 20:05:00+00:00,0.07873,0.07918,0.07857,0.07865,2661.0
2026-09-01 20:10:00+00:00,0.07862,0.07872,0.07784,0.07812,3673.0
2026-09-01 20:15:00+00:00,0.07815,0.0821,0.07815,0.08106,11036.0
2026-09-01 20:20:00+00:00,0.08098,0.08447,0.0809,0.08262,12716.0
2026-09-01 20:25:00+00:00,0.08254,0.08486,0.08217,0.08484,7006.0
2026-09-01 20:30:00+00:00,0.08483,0.08584,0.0837,0.0845,11868.0
2026-09-01 20:35:00+00:00,0.08439,0.08543,0.08279,0.08456,6213.0
2026-09-01 20:40:00+00:00,0.08464,0.08511,0.08363,0.08413,5241.0
2026-09-01 20:45:00+00:00,0.08411,0.08411,0.08179,0.0825,7330.0
2026-09-01 20:50:00+00:00,0.08254,0.08262,0.08215,0.08258,1561.0
2026-09-01 20:55:00+00:00,0.08271,0.08324,0.08221,0.08322,3396.0
2026-09-01 21:00:00+00:00,0.08318,0.08322,0.08221,0.08282,1772.0
2026-09-01 21:05:00+00:00,0.08277,0.08338,0.08251,0.08279,1674.0
2026-09-01 21:10:00+00:00,0.08285,0.08329,0.08219,0.08329,2539.0
2026-09-01 21:15:00+00:00,0.08321,0.08405,0.08271,0.08296,2640.0
2026-09-01 21:20:00+00:00,0.08287,0.08533,0.08286,0.08527,3427.0
2026-09-01 21:25:00+00:00,0.08518,0.0861,0.08476,0.08508,3912.0
2026-09-01 21:30:00+00:00,0.08507,0.08533,0.08435,0.08444,1671.0
2026-09-01 21:35:00+00:00,0.08442,0.08569,0.08431,0.08474,3057.0
2026-09-01 21:40:00+00:00,0.08482,0.08491,0.08382,0.08401,7183.0
2026-09-01 21:45:00+00:00,0.0841,0.08419,0.0829,0.08323,2631.0
2026-09-01 21:50:00+00:00,0.08328,0.0838,0.08328,0.08377,1625.0
2026-09-01 21:55:00+00:00,0.08374,0.08394,0.08321,0.08354,958.0
2026-09-01 22:00:00+00:00,0.08344,0.08408,0.08286,0.08408,2095.0
2026-09-01 22:05:00+00:00,0.08403,0.08456,0.08354,0.08401,3573.0
2026-09-01 22:10:00+00:00,0.08396,0.08488,0.08328,0.08388,17987.0
2026-09-01 22:15:00+00:00,0.08388,0.08388,0.08343,0.08363,1345.0
2026-09-01 22:20:00+00:00,0.08358,0.08396,0.08305,0.08386,1173.0
2026-09-01 22:25:00+00:00,0.0839,0.08469,0.0839,0.0845,2194.0
2026-09-01 22:30:00+00:00,0.08439,0.08439,0.08409,0.08415,556.0
2026-09-01 22:35:00+00:00,0.08414,0.08453,0.08398,0.08453,690.0
2026-09-01 22:40:00+00:00,0.08452,0.08524,0.08446,0.08511,3601.0
2026-09-01 22:45:00+00:00,0.08507,0.08523,0.08457,0.08466,1871.0
2026-09-01 22:50:00+00:00,0.08465,0.08474,0.08419,0.08466,1495.0
2026-09-01 22:55:00+00:00,0.08473,0.08482,0.08396,0.0842,547.0
2026-09-01 23:00:00+00:00,0.0843,0.0843,0.08224,0.08242,5929.0
2026-09-01 23:05:00+00:00,0.08253,0.08323,0.08221,0.08272,851.0
2026-09-01 23:10:00+00:00,0.08278,0.08301,0.08159,0.08207,2095.0
2026-09-01 23:15:00+00:00,0.0822,0.08256,0.08125,0.08175,3417.0
2026-09-01 23:20:00+00:00,0.08179,0.08234,0.08099,0.08123,1714.0
2026-09-01 23:25:00+00:00,0.08122,0.08271,0.08122,0.08256,2189.0
2026-09-01 23:30:00+00:00,0.08272,0.08306,0.08232,0.08288,2333.0
2026-09-01 23:35:00+00:00,0.083,0.08366,0.08269,0.08338,2546.0
2026-09-01 23:40:00+00:00,0.08353,0.08456,0.08331,0.08391,3824.0
2026-09-01 23:45:00+00:00,0.08386,0.08436,0.08335,0.08386,1649.0
2026-09-01 23:50:00+00:00,0.08381,0.08412,0.08344,0.08361,1480.0
2026-09-01 23:55:00+00:00,0.08372,0.08402,0.08288,0.08337,2074.0
2026-09-02 00:00:00+00:00,0.08336,0.08399,0.08242,0.0828,3470.0
2026-09-02 00:05:00+00:00,0.08295,0.08464,0.08272,0.08399,7334.0
2026-09-02 00:10:00+00:00,0.08399,0.08418,0.08359,0.08361,4258.0
2026-09-02 00:15:00+00:00,0.08353,0.08522,0.08341,0.084,5123.0
2026-09-02 00:20:00+00:00,0.08396,0.08452,0.08332,0.08446,4604.0
2026-09-02 00:25:00+00:00,0.08425,0.08426,0.08345,0.08373,2221.0
2026-09-02 00:30:00+00:00,0.08361,0.08988,0.08342,0.08784,23965.0
2026-09-02 00:35:00+00:00,0.0876,0.08817,0.08519,0.08593,6802.0
2026-09-02 00:40:00+00:00,0.08586,0.08713,0.08536,0.08629,6102.0
2026-09-02 00:45:00+00:00,0.08631,0.08803,0.08603,0.08768,3436.0
2026-09-02 00:50:00+00:00,0.08768,0.08859,0.08696,0.0872,3909.0
2026-09-02 00:55:00+00:00,0.08718,0.08718,0.08573,0.08619,4059.0
2026-09-02 01:00:00+00:00,0.08612,0.08612,0.08472,0.08596,4049.0
2026-09-02 01:05:00+00:00,0.08599,0.08718,0.0858,0.08654,4268.0
2026-09-02 01:10:00+00:00,0.08653,0.0884,0.08653,0.0879,4812.0
2026-09-02 01:15:00+00:00,0.08785,0.08914,0.08775,0.08789,5371.0
2026-09-02 01:20:00+00:00,0.08796,0.09074,0.0874,0.08925,9933.0
2026-09-02 01:25:00+00:00,0.08921,0.09099,0.08886,0.08991,7246.0
2026-09-02 01:30:00+00:00,0.08982,0.08985,0.088,0.08832,4338.0
2026-09-02 01:35:00+00:00,0.08833,0.08877,0.0873,0.08745,4808.0
2026-09-02 01:40:00+00:00,0.08741,0.08741,0.08634,0.08669,7054.0
2026-09-02 01:45:00+00:00,0.08668,0.08812,0.08668,0.08766,3564.0
2026-09-02 01:50:00+00:00,0.08757,0.0876,0.08224,0.08396,18690.0
2026-09-02 01:55:00+00:00,0.08401,0.08432,0.0817,0.08329,10076.0
2026-09-02 02:00:00+00:00,0.08315,0.08496,0.08305,0.08453,4805.0
2026-09-02 02:05:00+00:00,0.08455,0.08483,0.08337,0.08436,3191.0
2026-09-02 02:10:00+00:00,0.08442,0.08459,0.08314,0.08373,3471.0
2026-09-02 02:15:00+00:00,0.0837,0.08427,0.08359,0.08365,1293.0
2026-09-02 02:20:00+00:00,0.08353,0.08419,0.0823,0.08358,9891.0
2026-09-02 02:25:00+00:00,0.08356,0.08417,0.08352,0.0837,2290.0
2026-09-02 02:30:00+00:00,0.08381,0.08388,0.08288,0.0833,2501.0
2026-09-02 02:35:00+00:00,0.08327,0.08436,0.08325,0.08396,1151.0
2026-09-02 02:40:00+00:00,0.08411,0.08494,0.0838,0.08486,2890.0
2026-09-02 02:45:00+00:00,0.08492,0.08522,0.07961,0.08239,24157.0
2026-09-02 02:50:00+00:00,0.08236,0.0824,0.08138,0.08194,4199.0
2026-09-02 02:55:00+00:00,0.08212,0.0822,0.08169,0.08188,2547.0
2026-09-02 03:00:00+00:00,0.08191,0.08314,0.08191,0.08314,3805.0
2026-09-02 03:05:00+00:00,0.08315,0.08417,0.08309,0.08358,5144.0
2026-09-02 03:10:00+00:00,0.08364,0.08452,0.08364,0.08395,1917.0
2026-09-02 03:15:00+00:00,0.08394,0.08452,0.08357,0.08443,4415.0
2026-09-02 03:20:00+00:00,0.08448,0.08574,0.08442,0.08546,4943.0
2026-09-02 03:25:00+00:00,0.08546,0.08637,0.08479,0.0862,2653.0
2026-09-02 03:30:00+00:00,0.08629,0.0865,0.08572,0.08589,10954.0
2026-09-02 03:35:00+00:00,0.08582,0.08595,0.08571,0.08574,1854.0
2026-09-02 03:40:00+00:00,0.08573,0.08737,0.08572,0.08609,8518.0
2026-09-02 03:45:00+00:00,0.086,0.086,0.08522,0.08575,4894.0
2026-09-02 03:50:00+00:00,0.08573,0.08593,0.08502,0.08502,3969.0
2026-09-02 03:55:00+00:00,0.08502,0.08525,0.08413,0.08449,3052.0
2026-09-02 04:00:00+00:00,0.08457,0.08569,0.08448,0.08463,4775.0
2026-09-02 04:05:00+00:00,0.08462,0.08502,0.08381,0.08436,2999.0
2026-09-02 04:10:00+00:00,0.08438,0.08438,0.08302,0.08349,8483.0
2026-09-02 04:15:00+00:00,0.08355,0.08359,0.08262,0.08356,3924.0
2026-09-02 04:20:00+00:00,0.0836,0.08638,0.0836,0.08614,6893.0
2026-09-02 04:25:00+00:00,0.0862,0.08644,0.085,0.0852,11424.0
2026-09-02 04:30:00+00:00,0.08536,0.08572,0.0851,0.08526,945.0
2026-09-02 04:35:00+00:00,0.08528,0.08572,0.08508,0.08572,1130.0
2026-09-02 04:40:00+00:00,0.08586,0.08607,0.08509,0.08541,1595.0
2026-09-02 04:45:00+00:00,0.08527,0.08755,0.08527,0.08743,4781.0
2026-09-02 04:50:00+00:00,0.08756,0.0898,0.087,0.08832,17629.0
2026-09-02 04:55:00+00:00,0.08823,0.08842,0.08725,0.08759,21193.0
2026-09-02 05:00:00+00:00,0.08757,0.08793,0.08686,0.08739,2812.0
2026-09-02 05:05:00+00:00,0.08742,0.08778,0.0867,0.0869,3385.0
2026-09-02 05:10:00+00:00,0.08681,0.08747,0.08649,0.08734,4213.0
2026-09-02 05:15:00+00:00,0.08729,0.08795,0.08719,0.08762,2026.0
2026-09-02 05:20:00+00:00,0.0876,0.08866,0.087,0.0871,2786.0
2026-09-02 05:25:00+00:00,0.08722,0.09011,0.08722,0.08926,7450.0
2026-09-02 05:30:00+00:00,0.08912,0.09014,0.08868,0.08895,4171.0
2026-09-02 05:35:00+00:00,0.08894,0.09178,0.0887,0.09129,9340.0
2026-09-02 05:40:00+00:00,0.09143,0.09227,0.09066,0.09066,11581.0
2026-09-02 05:45:00+00:00,0.0906,0.09128,0.08981,0.09113,7009.0
2026-09-02 05:50:00+00:00,0.09103,0.09186,0.09014,0.09024,12776.0
2026-09-02 05:55:00+00:00,0.09022,0.0904,0.08838,0.08887,10817.0
2026-09-02 06:00:00+00:00,0.089,0.09018,0.089,0.0893,3431.0
2026-09-02 06:05:00+00:00,0.08924,0.08966,0.08859,0.08859,3248.0
2026-09-02 06:10:00+00:00,0.08854,0.08854,0.08672,0.08722,7659.0
2026-09-02 06:15:00+00:00,0.08709,0.08762,0.08664,0.08691,5268.0
2026-09-02 06:20:00+00:00,0.0867,0.08785,0.08628,0.08699,4195.0
2026-09-02 06:25:00+00:00,0.08704,0.08744,0.0869,0.08727,460.0
2026-09-02 06:30:00+00:00,0.08721,0.08739,0.08502,0.08557,16788.0
2026-09-02 06:35:00+00:00,0.08561,0.08604,0.08514,0.08555,3687.0
2026-09-02 06:40:00+00:00,0.0856,0.08596,0.08513,0.08525,7273.0
2026-09-02 06:45:00+00:00,0.08519,0.08604,0.08449,0.08594,4044.0
2026-09-02 06:50:00+00:00,0.08587,0.08623,0.08569,0.08618,1533.0
2026-09-02 06:55:00+00:00,0.0861,0.08687,0.08582,0.0868,3011.0
2026-09-02 07:00:00+00:00,0.0867,0.08694,0.0862,0.0862,2112.0
2026-09-02 07:05:00+00:00,0.08635,0.08739,0.08627,0.08708,2390.0
2026-09-02 07:10:00+00:00,0.08722,0.0875,0.08672,0.08726,4311.0
2026-09-02 07:15:00+00:00,0.08705,0.08705,0.08465,0.08569,8229.0
2026-09-02 07:20:00+00:00,0.08575,0.08603,0.08515,0.08577,2689.0
2026-09-02 07:25:00+00:00,0.08563,0.0865,0.0852,0.08613,2828.0
2026-09-02 07:30:00+00:00,0.08615,0.08637,0.08578,0.08637,1780.0
2026-09-02 07:35:00+00:00,0.08654,0.08664,0.08603,0.08607,1541.0
2026-09-02 07:40:00+00:00,0.08604,0.0866,0.0857,0.08572,2727.0
2026-09-02 07:45:00+00:00,0.08569,0.08643,0.08563,0.08587,3558.0
2026-09-02 07:50:00+00:00,0.08591,0.08594,0.08514,0.08553,855.0
2026-09-02 07:55:00+00:00,0.08562,0.08631,0.08518,0.08631,908.0
2026-09-02 08:00:00+00:00,0.08629,0.08775,0.08615,0.08769,2227.0
2026-09-02 08:05:00+00:00,0.08767,0.08811,0.08749,0.08768,3634.0
2026-09-02 08:10:00+00:00,0.08768,0.08892,0.08721,0.0884,5860.0
2026-09-02 08:15:00+00:00,0.08839,0.08842,0.0873,0.0879,4172.0
2026-09-02 08:20:00+00:00,0.08808,0.08811,0.08731,0.08778,1083.0
2026-09-02 08:25:00+00:00,0.08786,0.08932,0.08786,0.08903,4383.0
2026-09-02 08:30:00+00:00,0.08899,0.08905,0.08811,0.08875,9438.0
2026-09-02 08:35:00+00:00,0.08874,0.08874,0.08761,0.08835,2030.0
2026-09-02 08:40:00+00:00,0.08841,0.08841,0.08686,0.08707,5866.0
2026-09-02 08:45:00+00:00,0.08708,0.08719,0.08668,0.08686,8103.0
2026-09-02 08:50:00+00:00,0.08684,0.08775,0.08684,0.08775,7390.0
2026-09-02 08:55:00+00:00,0.08778,0.088,0.08307,0.08357,22834.0
2026-09-02 09:00:00+00:00,0.0836,0.08517,0.08328,0.08478,7111.0
2026-09-02 09:05:00+00:00,0.08475,0.08538,0.08465,0.0848,2632.0
2026-09-02 09:10:00+00:00,0.08494,0.08631,0.0848,0.08618,5197.0
2026-09-02 09:15:00+00:00,0.08605,0.08637,0.08536,0.08538,1115.0
2026-09-02 09:20:00+00:00,0.08544,0.08544,0.08277,0.08305,11329.0
2026-09-02 09:25:00+00:00,0.08307,0.08357,0.08284,0.08293,10458.0
2026-09-02 09:30:00+00:00,0.08305,0.08337,0.08121,0.0821,9799.0
2026-09-02 09:35:00+00:00,0.08223,0.08224,0.08143,0.08185,2781.0
2026-09-02 09:40:00+00:00,0.08175,0.08201,0.08124,0.08143,7087.0
2026-09-02 09:45:00+00:00,0.08149,0.08236,0.08108,0.0823,7065.0
2026-09-02 09:50:00+00:00,0.08224,0.08242,0.0804,0.08182,6721.0
2026-09-02 09:55:00+00:00,0.08177,0.08197,0.08105,0.08132,3879.0
2026-09-02 10:00:00+00:00,0.08143,0.08166,0.0812,0.0812,1182.0
2026-09-02 10:05:00+00:00,0.08118,0.08135,0.07827,0.07881,24097.0
2026-09-02 10:10:00+00:00,0.07873,0.07888,0.07834,0.07873,6347.0
2026-09-02 10:15:00+00:00,0.07876,0.0791,0.07869,0.07873,3944.0
2026-09-02 10:20:00+00:00,0.07875,0.07941,0.07676,0.07698,14005.0
2026-09-02 10:25:00+00:00,0.07702,0.07717,0.075,0.07511,23744.0
2026-09-02 10:30:00+00:00,0.075,0.07529,0.07119,0.0735,59332.0
2026-09-02 10:35:00+00:00,0.07348,0.07487,0.07348,0.07463,14753.0
2026-09-02 10:40:00+00:00,0.07463,0.07557,0.07446,0.07471,9294.0
2026-09-02 10:45:00+00:00,0.07456,0.0748,0.07339,0.07356,7396.0
2026-09-02 10:50:00+00:00,0.07349,0.07432,0.07286,0.07399,9083.0
2026-09-02 10:55:00+00:00,0.07396,0.07558,0.07311,0.07331,20156.0
2026-09-02 11:00:00+00:00,0.07331,0.07508,0.07325,0.0748,10735.0
2026-09-02 11:05:00+00:00,0.07476,0.07514,0.0745,0.07477,5784.0
2026-09-02 11:10:00+00:00,0.07464,0.07613,0.07458,0.07593,8607.0
2026-09-02 11:15:00+00:00,0.07596,0.07623,0.07383,0.07446,8467.0
2026-09-02 11:20:00+00:00,0.07441,0.07485,0.07317,0.07371,8115.0
2026-09-02 11:25:00+00:00,0.07379,0.07449,0.07241,0.07425,10452.0
2026-09-02 11:30:00+00:00,0.07427,0.0747,0.07346,0.07376,4475.0
2026-09-02 11:35:00+00:00,0.07377,0.07396,0.07226,0.07275,5614.0
2026-09-02 11:40:00+00:00,0.07272,0.07272,0.07015,0.07058,16923.0
2026-09-02 11:45:00+00:00,0.07068,0.07074,0.06865,0.07057,25869.0
2026-09-02 11:50:00+00:00,0.07063,0.07192,0.07062,0.07178,9538.0
2026-09-02 11:55:00+00:00,0.07176,0.07208,0.07127,0.07181,4346.0
2026-09-02 12:00:00+00:00,0.07169,0.07179,0.07082,0.07161,14853.0
2026-09-02 12:05:00+00:00,0.07155,0.07264,0.07155,0.07237,11504.0
2026-09-02 12:10:00+00:00,0.07245,0.07245,0.07189,0.07192,2445.0
2026-09-02 12:15:00+00:00,0.07183,0.07208,0.07146,0.07189,3378.0
2026-09-02 12:20:00+00:00,0.07198,0.07313,0.07191,0.07262,7614.0
2026-09-02 12:25:00+00:00,0.07256,0.07336,0.07255,0.0732,2890.0
2026-09-02 12:30:00+00:00,0.07311,0.07338,0.07269,0.07281,2304.0
2026-09-02 12:35:00+00:00,0.07286,0.07286,0.0719,0.07242,4775.0
2026-09-02 12:40:00+00:00,0.07242,0.07242,0.07195,0.0724,2637.0
2026-09-02 12:45:00+00:00,0.07254,0.07269,0.07196,0.07196,2109.0
2026-09-02 12:50:00+00:00,0.07195,0.07224,0.07113,0.07128,3302.0
2026-09-02 12:55:00+00:00,0.07113,0.07216,0.07098,0.07138,4141.0
2026-09-02 13:00:00+00:00,0.07127,0.07169,0.07011,0.07152,7806.0
2026-09-02 13:05:00+00:00,0.07152,0.07189,0.07104,0.07145,4545.0
2026-09-02 13:10:00+00:00,0.07141,0.07179,0.07112,0.07129,2018.0
2026-09-02 13:15:00+00:00,0.07113,0.07137,0.06923,0.06982,6178.0
2026-09-02 13:20:00+00:00,0.06998,0.07016,0.0688,0.06924,7194.0
2026-09-02 13:25:00+00:00,0.06926,0.07091,0.06921,0.07032,9622.0
2026-09-02 13:30:00+00:00,0.07031,0.07372,0.0703,0.0724,19288.0
2026-09-02 13:35:00+00:00,0.07249,0.07261,0.07152,0.07207,13254.0
2026-09-02 13:40:00+00:00,0.07208,0.07427,0.07125,0.07299,12839.0
2026-09-02 13:45:00+00:00,0.07297,0.07494,0.07259,0.0734,17708.0
2026-09-02 13:50:00+00:00,0.07334,0.07334,0.07224,0.07252,6682.0
2026-09-02 13:55:00+00:00,0.07248,0.07297,0.07163,0.07168,5443.0
2026-09-02 14:00:00+00:00,0.07167,0.07249,0.07047,0.07087,15827.0
2026-09-02 14:05:00+00:00,0.0708,0.07183,0.07071,0.07155,7458.0
2026-09-02 14:10:00+00:00,0.07159,0.07183,0.07127,0.07128,3160.0
2026-09-02 14:15:00+00:00,0.0713,0.0723,0.07033,0.0704,6496.0
2026-09-02 14:20:00+00:00,0.0703,0.07071,0.06995,0.06995,7319.0
2026-09-02 14:25:00+00:00,0.06994,0.07023,0.06949,0.07014,4639.0
2026-09-02 14:30:00+00:00,0.07013,0.07076,0.06912,0.06979,9608.0
2026-09-02 14:35:00+00:00,0.06971,0.07012,0.06805,0.06866,10389.0
2026-09-02 14:40:00+00:00,0.06868,0.06886,0.06703,0.06703,29717.0
2026-09-02 14:45:00+00:00,0.0671,0.06837,0.06709,0.06833,6119.0
2026-09-02 14:50:00+00:00,0.06828,0.0688,0.06813,0.06813,4149.0
2026-09-02 14:55:00+00:00,0.068,0.06816,0.06563,0.06677,15955.0
2026-09-02 15:00:00+00:00,0.0669,0.06716,0.06652,0.06678,6233.0
2026-09-02 15:05:00+00:00,0.06685,0.06854,0.0668,0.0672,19577.0
2026-09-02 15:10:00+00:00,0.06723,0.06802,0.06704,0.06721,10318.0
2026-09-02 15:15:00+00:00,0.06733,0.06933,0.06689,0.06884,26036.0
2026-09-02 15:20:00+00:00,0.06884,0.06928,0.06838,0.0684,12576.0
2026-09-02 15:25:00+00:00,0.06831,0.0684,0.06773,0.06806,6744.0
2026-09-02 15:30:00+00:00,0.0681,0.06948,0.06797,0.06908,7371.0
2026-09-02 15:35:00+00:00,0.0691,0.06926,0.06869,0.06898,7506.0
2026-09-02 15:40:00+00:00,0.06894,0.06937,0.06864,0.06902,5280.0
2026-09-02 15:45:00+00:00,0.06902,0.06937,0.06823,0.06853,6276.0
2026-09-02 15:50:00+00:00,0.06852,0.06875,0.06839,0.06854,3145.0
2026-09-02 15:55:00+00:00,0.06855,0.06874,0.06786,0.06801,3345.0
2026-09-02 16:00:00+00:00,0.06816,0.06876,0.068,0.06824,3332.0
2026-09-02 16:05:00+00:00,0.0684,0.07036,0.06826,0.06996,9098.0
2026-09-02 16:10:00+00:00,0.06989,0.07235,0.06977,0.07219,14550.0
2026-09-02 16:15:00+00:00,0.07205,0.07226,0.07079,0.071,4616.0
2026-09-02 16:20:00+00:00,0.07085,0.071,0.07056,0.07085,1747.0
2026-09-02 16:25:00+00:00,0.07083,0.07209,0.07035,0.07206,6841.0
2026-09-02 16:30:00+00:00,0.07198,0.07325,0.07138,0.07299,13859.0
2026-09-02 16:35:00+00:00,0.07291,0.07372,0.07243,0.07302,12955.0
2026-09-02 16:40:00+00:00,0.07295,0.07295,0.07212,0.0722,4556.0
2026-09-02 16:45:00+00:00,0.07218,0.07263,0.07173,0.07248,3958.0
2026-09-02 16:50:00+00:00,0.07243,0.07359,0.07226,0.07268,5370.0
2026-09-02 16:55:00+00:00,0.0726,0.0733,0.07245,0.07266,6555.0
2026-09-02 17:00:00+00:00,0.07267,0.0732,0.07205,0.0724,6393.0
2026-09-02 17:05:00+00:00,0.07254,0.07268,0.07175,0.07251,3699.0
2026-09-02 17:10:00+00:00,0.07263,0.07325,0.07234,0.07288,1509.0
2026-09-02 17:15:00+00:00,0.07288,0.07371,0.07222,0.07331,5393.0
2026-09-02 17:20:00+00:00,0.0734,0.0757,0.0734,0.0737,12764.0
2026-09-02 17:25:00+00:00,0.0737,0.075,0.07356,0.07399,11188.0
2026-09-02 17:30:00+00:00,0.07395,0.07493,0.07364,0.07382,8796.0
2026-09-02 17:35:00+00:00,0.07382,0.07421,0.07345,0.07376,2361.0
2026-09-02 17:40:00+00:00,0.07381,0.07402,0.07311,0.07402,1479.0
2026-09-02 17:45:00+00:00,0.07385,0.07402,0.07358,0.07376,2653.0
2026-09-02 17:50:00+00:00,0.07376,0.07419,0.07347,0.07383,3394.0
2026-09-02 17:55:00+00:00,0.07398,0.07411,0.07362,0.0737,2383.0
2026-09-02 18:00:00+00:00,0.07383,0.07463,0.07355,0.07398,4546.0
2026-09-02 18:05:00+00:00,0.07397,0.0747,0.07397,0.07444,3733.0
2026-09-02 18:10:00+00:00,0.07436,0.07444,0.074,0.074,978.0
2026-09-02 18:15:00+00:00,0.07402,0.07402,0.07307,0.07321,5349.0
2026-09-02 18:20:00+00:00,0.0732,0.0732,0.07268,0.07297,1951.0
2026-09-02 18:25:00+00:00,0.07311,0.07392,0.07311,0.07374,1636.0
2026-09-02 18:30:00+00:00,0.07369,0.07406,0.0735,0.07384,1437.0
2026-09-02 18:35:00+00:00,0.07377,0.07408,0.07337,0.07373,6537.0
2026-09-02 18:40:00+00:00,0.07377,0.07415,0.07377,0.07391,1288.0
2026-09-02 18:45:00+00:00,0.07408,0.07436,0.07373,0.07433,577.0
2026-09-02 18:50:00+00:00,0.07431,0.0746,0.07408,0.0745,732.0
2026-09-02 18:55:00+00:00,0.07453,0.0747,0.07422,0.07427,533.0
2026-09-02 19:00:00+00:00,0.07418,0.0743,0.07382,0.07382,62.0
2026-09-02 19:05:00+00:00,0.07374,0.07374,0.07318,0.07346,1258.0
2026-09-02 19:10:00+00:00,0.07354,0.07354,0.0722,0.07226,3028.0
2026-09-02 19:15:00+00:00,0.07227,0.07297,0.07221,0.07297,507.0
2026-09-02 19:20:00+00:00,0.07307,0.07334,0.073,0.07311,678.0
2026-09-02 19:25:00+00:00,0.07325,0.07325,0.07224,0.07227,768.0
2026-09-02 19:30:00+00:00,0.07231,0.07274,0.07208,0.07269,454.0
2026-09-02 19:35:00+00:00,0.07282,0.07284,0.0723,0.0723,754.0
2026-09-02 19:40:00+00:00,0.07236,0.07245,0.07226,0.07231,143.0
2026-09-02 19:45:00+00:00,0.0724,0.07244,0.07208,0.07208,34.0
2026-09-02 19:50:00+00:00,0.07208,0.07233,0.07076,0.07197,2263.0
2026-09-02 19:55:00+00:00,0.07208,0.07264,0.07205,0.07264,707.0
2026-09-02 20:00:00+00:00,0.07261,0.07261,0.07128,0.07238,1568.0
2026-09-02 20:05:00+00:00,0.07232,0.0724,0.07093,0.07238,5690.0
2026-09-02 20:10:00+00:00,0.07238,0.07311,0.07232,0.07251,1993.0
2026-09-02 20:15:00+00:00,0.07245,0.07273,0.07232,0.07268,498.0
2026-09-02 20:20:00+00:00,0.07267,0.07379,0.07267,0.07361,1972.0
2026-09-02 20:25:00+00:00,0.07347,0.07354,0.07294,0.07344,3252.0
2026-09-02 20:30:00+00:00,0.07339,0.07339,0.07262,0.07297,1371.0
2026-09-02 20:35:00+00:00,0.07297,0.0733,0.07224,0.07227,2793.0
2026-09-02 20:40:00+00:00,0.07231,0.07245,0.07216,0.0724,1049.0
2026-09-02 20:45:00+00:00,0.07237,0.0732,0.07216,0.07268,2812.0
2026-09-02 20:50:00+00:00,0.07263,0.07322,0.07254,0.07308,204.0
2026-09-02 20:55:00+00:00,0.07313,0.07323,0.07297,0.07299,2079.0
2026-09-02 21:00:00+00:00,0.07292,0.07293,0.07232,0.07253,631.0
2026-09-02 21:05:00+00:00,0.0724,0.07263,0.07218,0.07258,248.0
2026-09-02 21:10:00+00:00,0.07256,0.07256,0.07211,0.07211,93.0
2026-09-02 21:15:00+00:00,0.07218,0.0726,0.07195,0.07208,1308.0
2026-09-02 21:20:00+00:00,0.07205,0.07209,0.07151,0.07155,565.0
2026-09-02 21:25:00+00:00,0.07154,0.0717,0.07113,0.07135,1723.0
2026-09-02 21:30:00+00:00,0.0714,0.07158,0.07058,0.07088,1586.0
2026-09-02 21:35:00+00:00,0.07087,0.07098,0.07007,0.07075,2298.0
2026-09-02 21:40:00+00:00,0.0708,0.07105,0.07021,0.07058,1080.0
2026-09-02 21:45:00+00:00,0.07065,0.07123,0.07042,0.07053,1358.0
2026-09-02 21:50:00+00:00,0.07071,0.07263,0.07071,0.07143,6993.0
2026-09-02 21:55:00+00:00,0.07143,0.07183,0.07108,0.07124,1419.0
2026-09-02 22:00:00+00:00,0.07141,0.0716,0.07113,0.07122,451.0
2026-09-02 22:05:00+00:00,0.07134,0.07183,0.07134,0.07174,516.0
2026-09-02 22:10:00+00:00,0.07174,0.07282,0.07174,0.07226,2227.0
2026-09-02 22:15:00+00:00,0.07221,0.07282,0.07218,0.07218,4073.0
2026-09-02 22:20:00+00:00,0.07222,0.07223,0.07198,0.07218,2134.0
2026-09-02 22:25:00+00:00,0.07206,0.07263,0.07206,0.07263,2611.0
2026-09-02 22:30:00+00:00,0.07264,0.07273,0.07219,0.07229,2553.0
2026-09-02 22:35:00+00:00,0.07236,0.0724,0.07144,0.07165,1531.0
2026-09-02 22:40:00+00:00,0.0717,0.07282,0.0717,0.07278,1466.0
2026-09-02 22:45:00+00:00,0.07282,0.07357,0.07273,0.07345,2381.0
2026-09-02 22:50:00+00:00,0.0734,0.07352,0.07286,0.07291,5161.0
2026-09-02 22:55:00+00:00,0.07289,0.07295,0.07232,0.07246,938.0
2026-09-02 23:00:00+00:00,0.0724,0.07653,0.07223,0.07589,6998.0
2026-09-02 23:05:00+00:00,0.07574,0.07626,0.07374,0.07552,9848.0
2026-09-02 23:10:00+00:00,0.07544,0.07633,0.07493,0.07515,4431.0
2026-09-02 23:15:00+00:00,0.07514,0.07611,0.0748,0.07544,2030.0
2026-09-02 23:20:00+00:00,0.0753,0.07602,0.07529,0.07582,2250.0
2026-09-02 23:25:00+00:00,0.07582,0.07682,0.07522,0.07656,3172.0
2026-09-02 23:30:00+00:00,0.07659,0.07678,0.07605,0.07678,3249.0
2026-09-02 23:35:00+00:00,0.07667,0.07846,0.07627,0.07727,7006.0
2026-09-02 23:40:00+00:00,0.07724,0.07739,0.07597,0.0768,3808.0
2026-09-02 23:45:00+00:00,0.07672,0.07728,0.07672,0.07703,2282.0
2026-09-02 23:50:00+00:00,0.07712,0.07781,0.07678,0.07748,3504.0
2026-09-02 23:55:00+00:00,0.07743,0.07896,0.07739,0.07796,5701.0
2026-09-03 00:00:00+00:00,0.07809,0.07908,0.07765,0.07908,7118.0
2026-09-03 00:05:00+00:00,0.07892,0.07909,0.07774,0.07815,14156.0
2026-09-03 00:10:00+00:00,0.078,0.078,0.07668,0.07687,10560.0
2026-09-03 00:15:00+00:00,0.07686,0.0775,0.07607,0.07687,9991.0
2026-09-03 00:20:00+00:00,0.07701,0.07723,0.07676,0.07688,2070.0
2026-09-03 00:25:00+00:00,0.07691,0.07715,0.07661,0.07673,3035.0
2026-09-03 00:30:00+00:00,0.07671,0.07675,0.07389,0.07427,11227.0
2026-09-03 00:35:00+00:00,0.07432,0.07528,0.07412,0.07488,3070.0
2026-09-03 00:40:00+00:00,0.07488,0.07519,0.07465,0.07503,3294.0
2026-09-03 00:45:00+00:00,0.075,0.075,0.07396,0.07401,2314.0
2026-09-03 00:50:00+00:00,0.07404,0.07433,0.07378,0.07424,3416.0
2026-09-03 00:55:00+00:00,0.07427,0.075,0.07427,0.07479,2214.0
2026-09-03 01:00:00+00:00,0.07471,0.07537,0.07441,0.07501,1349.0
2026-09-03 01:05:00+00:00,0.07498,0.07529,0.07498,0.07519,3138.0
2026-09-03 01:10:00+00:00,0.07521,0.07595,0.07507,0.07581,4228.0
2026-09-03 01:15:00+00:00,0.07569,0.07691,0.07569,0.07688,3093.0
2026-09-03 01:20:00+00:00,0.07693,0.07704,0.0761,0.07612,2401.0
2026-09-03 01:25:00+00:00,0.07603,0.07619,0.07511,0.07542,3932.0
2026-09-03 01:30:00+00:00,0.07544,0.0767,0.07544,0.07607,3294.0
2026-09-03 01:35:00+00:00,0.07607,0.07819,0.07605,0.07784,4148.0
2026-09-03 01:40:00+00:00,0.07788,0.07933,0.07769,0.0791,2761.0
2026-09-03 01:45:00+00:00,0.07912,0.08067,0.07838,0.0795,31117.0
2026-09-03 01:50:00+00:00,0.07954,0.07958,0.07809,0.07809,4390.0
2026-09-03 01:55:00+00:00,0.07822,0.07921,0.07795,0.07921,4016.0
2026-09-03 02:00:00+00:00,0.07915,0.08018,0.07876,0.0797,8307.0
2026-09-03 02:05:00+00:00,0.07985,0.08038,0.07917,0.07964,7598.0
2026-09-03 02:10:00+00:00,0.07942,0.08069,0.07935,0.08048,5772.0
2026-09-03 02:15:00+00:00,0.08052,0.08262,0.08039,0.08256,13610.0
2026-09-03 02:20:00+00:00,0.08257,0.08293,0.08143,0.08214,17206.0
2026-09-03 02:25:00+00:00,0.08194,0.08196,0.0794,0.07954,9412.0
2026-09-03 02:30:00+00:00,0.0797,0.0805,0.07945,0.08017,4617.0
2026-09-03 02:35:00+00:00,0.08003,0.08118,0.07985,0.07985,4786.0
2026-09-03 02:40:00+00:00,0.07989,0.08067,0.07967,0.0798,5722.0
2026-09-03 02:45:00+00:00,0.0797,0.08078,0.07898,0.0803,4353.0
2026-09-03 02:50:00+00:00,0.08035,0.08154,0.0801,0.08133,3636.0
2026-09-03 02:55:00+00:00,0.08128,0.08193,0.08101,0.08134,5298.0
2026-09-03 03:00:00+00:00,0.08125,0.08159,0.08073,0.08118,2684.0
2026-09-03 03:05:00+00:00,0.08121,0.08224,0.0804,0.08048,6706.0
2026-09-03 03:10:00+00:00,0.08032,0.0806,0.07956,0.07956,9466.0
2026-09-03 03:15:00+00:00,0.07971,0.08068,0.07971,0.08003,4917.0
2026-09-03 03:20:00+00:00,0.08,0.08027,0.07927,0.07952,4157.0
2026-09-03 03:25:00+00:00,0.0795,0.08029,0.07937,0.07987,4950.0
2026-09-03 03:30:00+00:00,0.08001,0.08143,0.0798,0.08143,2286.0
2026-09-03 03:35:00+00:00,0.08152,0.08353,0.08149,0.08347,9421.0
2026-09-03 03:40:00+00:00,0.08352,0.08363,0.08203,0.0831,9671.0
2026-09-03 03:45:00+00:00,0.08309,0.08408,0.08216,0.0824,7515.0
2026-09-03 03:50:00+00:00,0.08229,0.08272,0.08156,0.0824,6142.0
2026-09-03 03:55:00+00:00,0.0824,0.08308,0.08172,0.08236,9106.0
2026-09-03 04:00:00+00:00,0.08226,0.08255,0.08032,0.08032,6090.0
2026-09-03 04:05:00+00:00,0.08048,0.08187,0.08031,0.08131,5438.0
2026-09-03 04:10:00+00:00,0.08143,0.08306,0.08136,0.08288,9362.0
2026-09-03 04:15:00+00:00,0.08294,0.08433,0.08236,0.08291,5613.0
2026-09-03 04:20:00+00:00,0.08301,0.08568,0.08286,0.08386,9650.0
2026-09-03 04:25:00+00:00,0.08384,0.0839,0.0825,0.08298,7950.0
2026-09-03 04:30:00+00:00,0.08305,0.08359,0.08249,0.08251,1456.0
2026-09-03 04:35:00+00:00,0.08252,0.08254,0.0811,0.08191,4264.0
2026-09-03 04:40:00+00:00,0.08193,0.08244,0.08175,0.08224,1491.0
2026-09-03 04:45:00+00:00,0.08216,0.08218,0.07959,0.08044,10108.0
2026-09-03 04:50:00+00:00,0.08044,0.08118,0.0797,0.0797,5815.0
2026-09-03 04:55:00+00:00,0.07985,0.08072,0.07965,0.08032,2189.0
2026-09-03 05:00:00+00:00,0.08017,0.08171,0.08015,0.08161,2921.0
2026-09-03 05:05:00+00:00,0.08168,0.0824,0.08111,0.08111,2924.0
2026-09-03 05:10:00+00:00,0.08114,0.08319,0.08059,0.08305,9092.0
2026-09-03 05:15:00+00:00,0.08312,0.08469,0.08211,0.08272,9098.0
2026-09-03 05:20:00+00:00,0.08288,0.08353,0.07963,0.07999,14056.0
2026-09-03 05:25:00+00:00,0.07993,0.08017,0.07641,0.07755,17870.0
2026-09-03 05:30:00+00:00,0.07757,0.07923,0.07757,0.07923,5732.0
2026-09-03 05:35:00+00:00,0.07928,0.07956,0.07866,0.07954,1939.0
2026-09-03 05:40:00+00:00,0.0797,0.0805,0.07938,0.0805,2083.0
2026-09-03 05:45:00+00:00,0.08053,0.08096,0.07907,0.0797,4601.0
2026-09-03 05:50:00+00:00,0.07972,0.07995,0.07892,0.07953,1922.0
2026-09-03 05:55:00+00:00,0.07951,0.08129,0.07907,0.08076,2682.0
2026-09-03 06:00:00+00:00,0.08058,0.08143,0.08016,0.08095,6056.0
2026-09-03 06:05:00+00:00,0.08083,0.08169,0.08036,0.0808,4770.0
2026-09-03 06:10:00+00:00,0.08076,0.0813,0.0805,0.08129,4532.0
2026-09-03 06:15:00+00:00,0.08134,0.0837,0.08134,0.08328,9769.0
2026-09-03 06:20:00+00:00,0.08327,0.08342,0.08269,0.08285,2573.0
2026-09-03 06:25:00+00:00,0.08272,0.08445,0.08247,0.0837,2905.0
2026-09-03 06:30:00+00:00,0.0838,0.08401,0.08254,0.08254,5615.0
2026-09-03 06:35:00+00:00,0.08254,0.08289,0.08152,0.08161,3017.0
2026-09-03 06:40:00+00:00,0.08165,0.08203,0.08127,0.0818,2880.0
2026-09-03 06:45:00+00:00,0.08175,0.08178,0.08067,0.08104,2374.0
2026-09-03 06:50:00+00:00,0.0811,0.08144,0.08067,0.08111,5569.0
2026-09-03 06:55:00+00:00,0.0811,0.08159,0.08063,0.08159,2206.0
2026-09-03 07:00:00+00:00,0.08165,0.0838,0.08165,0.08372,9001.0
2026-09-03 07:05:00+00:00,0.08374,0.084,0.08272,0.08312,5476.0
2026-09-03 07:10:00+00:00,0.08288,0.0842,0.0827,0.08411,1508.0
2026-09-03 07:15:00+00:00,0.08407,0.08428,0.08226,0.08353,7103.0
2026-09-03 07:20:00+00:00,0.08359,0.08555,0.08316,0.08385,8662.0
2026-09-03 07:25:00+00:00,0.08397,0.08397,0.08228,0.08268,7212.0
2026-09-03 07:30:00+00:00,0.08243,0.08288,0.08141,0.08224,7278.0
2026-09-03 07:35:00+00:00,0.0822,0.08232,0.0812,0.08209,2163.0
2026-09-03 07:40:00+00:00,0.08204,0.08359,0.08202,0.08344,2283.0
2026-09-03 07:45:00+00:00,0.08336,0.08366,0.0825,0.0828,2862.0
2026-09-03 07:50:00+00:00,0.08273,0.08301,0.08194,0.08287,2637.0
2026-09-03 07:55:00+00:00,0.08298,0.08337,0.08266,0.08323,794.0
2026-09-03 08:00:00+00:00,0.08337,0.08488,0.08327,0.08487,10417.0
2026-09-03 08:05:00+00:00,0.08496,0.08577,0.08403,0.08434,5839.0
2026-09-03 08:10:00+00:00,0.08436,0.08544,0.08436,0.08487,1829.0
2026-09-03 08:15:00+00:00,0.0847,0.0847,0.08359,0.08411,2798.0
2026-09-03 08:20:00+00:00,0.08405,0.08405,0.082,0.08216,4713.0
2026-09-03 08:25:00+00:00,0.08208,0.08242,0.0814,0.0821,5312.0
2026-09-03 08:30:00+00:00,0.08207,0.08272,0.08159,0.08257,4514.0
2026-09-03 08:35:00+00:00,0.08258,0.08272,0.08207,0.08264,1728.0
2026-09-03 08:40:00+00:00,0.08258,0.08285,0.08098,0.08117,6598.0
2026-09-03 08:45:00+00:00,0.08096,0.08112,0.07923,0.08048,13641.0
2026-09-03 08:50:00+00:00,0.08052,0.08256,0.078,0.08097,34594.0
2026-09-03 08:55:00+00:00,0.08111,0.08139,0.08068,0.08077,2114.0
2026-09-03 09:00:00+00:00,0.08096,0.08216,0.08064,0.08127,2493.0
2026-09-03 09:05:00+00:00,0.08143,0.083,0.08127,0.0824,3538.0
2026-09-03 09:10:00+00:00,0.0823,0.08258,0.08142,0.08175,7075.0
2026-09-03 09:15:00+00:00,0.0818,0.08262,0.08118,0.08203,3185.0
2026-09-03 09:20:00+00:00,0.08188,0.08191,0.08122,0.08122,2158.0
2026-09-03 09:25:00+00:00,0.08115,0.08152,0.08012,0.08111,5650.0
2026-09-03 09:30:00+00:00,0.0812,0.08127,0.0808,0.0808,860.0
2026-09-03 09:35:00+00:00,0.08082,0.0813,0.07949,0.07985,3495.0
2026-09-03 09:40:00+00:00,0.07981,0.08007,0.07859,0.07917,10814.0
2026-09-03 09:45:00+00:00,0.07938,0.07964,0.07806,0.07855,5437.0
2026-09-03 09:50:00+00:00,0.0786,0.07925,0.0786,0.07882,2804.0
2026-09-03 09:55:00+00:00,0.07861,0.07861,0.07693,0.0775,8065.0
2026-09-03 10:00:00+00:00,0.07755,0.0791,0.07737,0.07893,8322.0
2026-09-03 10:05:00+00:00,0.07893,0.07979,0.07878,0.07893,2291.0
2026-09-03 10:10:00+00:00,0.07897,0.07897,0.0786,0.07874,2152.0
2026-09-03 10:15:00+00:00,0.07873,0.07958,0.07846,0.07938,1803.0
2026-09-03 10:20:00+00:00,0.07926,0.07954,0.07858,0.0791,2113.0
2026-09-03 10:25:00+00:00,0.07913,0.07954,0.07884,0.07913,567.0
2026-09-03 10:30:00+00:00,0.07912,0.07913,0.07861,0.0789,3145.0
2026-09-03 10:35:00+00:00,0.07886,0.07904,0.07769,0.07784,3380.0
2026-09-03 10:40:00+00:00,0.078,0.07815,0.07659,0.07674,5507.0
2026-09-03 10:45:00+00:00,0.07678,0.07714,0.07593,0.07693,6860.0
2026-09-03 10:50:00+00:00,0.07701,0.078,0.0768,0.078,3725.0
2026-09-03 10:55:00+00:00,0.07805,0.08081,0.07805,0.08068,23414.0
2026-09-03 11:00:00+00:00,0.08064,0.08193,0.08031,0.08191,16795.0
2026-09-03 11:05:00+00:00,0.0819,0.0823,0.08119,0.08199,11072.0
2026-09-03 11:10:00+00:00,0.08205,0.08206,0.07929,0.08094,11206.0
2026-09-03 11:15:00+00:00,0.08083,0.08096,0.0792,0.0797,8112.0
2026-09-03 11:20:00+00:00,0.07954,0.08012,0.07938,0.07979,4705.0
2026-09-03 11:25:00+00:00,0.07978,0.08085,0.07966,0.08058,5841.0
2026-09-03 11:30:00+00:00,0.08062,0.08141,0.08036,0.08096,6674.0
2026-09-03 11:35:00+00:00,0.0808,0.08124,0.08054,0.08106,6245.0
2026-09-03 11:40:00+00:00,0.081,0.08107,0.0801,0.08103,8599.0
2026-09-03 11:45:00+00:00,0.08102,0.0812,0.07941,0.07948,6289.0
2026-09-03 11:50:00+00:00,0.07955,0.07986,0.07919,0.07954,3525.0
2026-09-03 11:55:00+00:00,0.07947,0.07987,0.07864,0.07876,6494.0
2026-09-03 12:00:00+00:00,0.07871,0.08017,0.07868,0.08001,1978.0
2026-09-03 12:05:00+00:00,0.08,0.0805,0.07968,0.08048,3122.0
2026-09-03 12:10:00+00:00,0.08032,0.08203,0.08023,0.08185,5573.0
2026-09-03 12:15:00+00:00,0.08197,0.0825,0.08123,0.08172,4950.0
2026-09-03 12:20:00+00:00,0.08159,0.08191,0.081,0.081,8699.0
2026-09-03 12:25:00+00:00,0.08119,0.08169,0.08104,0.08133,3320.0
2026-09-03 12:30:00+00:00,0.08119,0.08136,0.08031,0.08096,9026.0
2026-09-03 12:35:00+00:00,0.081,0.08234,0.08071,0.08228,7604.0
2026-09-03 12:40:00+00:00,0.0824,0.08256,0.08173,0.08182,1940.0
2026-09-03 12:45:00+00:00,0.08166,0.08221,0.08136,0.0818,2034.0
2026-09-03 12:50:00+00:00,0.08175,0.0834,0.08175,0.08307,5817.0
2026-09-03 12:55:00+00:00,0.08311,0.08331,0.08272,0.08274,2399.0
2026-09-03 13:00:00+00:00,0.08269,0.08318,0.08224,0.08298,9220.0
2026-09-03 13:05:00+00:00,0.08314,0.08353,0.0827,0.08279,3902.0
2026-09-03 13:10:00+00:00,0.08287,0.08299,0.08233,0.08266,3501.0
2026-09-03 13:15:00+00:00,0.08269,0.08465,0.0826,0.08375,5373.0
2026-09-03 13:20:00+00:00,0.0838,0.08395,0.08292,0.08379,2735.0
2026-09-03 13:25:00+00:00,0.08374,0.08385,0.08225,0.08286,3101.0
2026-09-03 13:30:00+00:00,0.08278,0.08353,0.07989,0.08057,13122.0
2026-09-03 13:35:00+00:00,0.08048,0.08178,0.08013,0.08127,5851.0
2026-09-03 13:40:00+00:00,0.08117,0.08181,0.08096,0.08179,2951.0
2026-09-03 13:45:00+00:00,0.08186,0.08223,0.08111,0.08142,4433.0
2026-09-03 13:50:00+00:00,0.08143,0.08207,0.08114,0.08169,1376.0
2026-09-03 13:55:00+00:00,0.08169,0.08172,0.08083,0.08122,4663.0
2026-09-03 14:00:00+00:00,0.08111,0.08152,0.08074,0.08152,1467.0
2026-09-03 14:05:00+00:00,0.08136,0.08178,0.08111,0.0817,3337.0
2026-09-03 14:10:00+00:00,0.0817,0.08277,0.08154,0.08224,6993.0
2026-09-03 14:15:00+00:00,0.08232,0.0837,0.08213,0.0837,3386.0
2026-09-03 14:20:00+00:00,0.0838,0.0886,0.08352,0.08751,46288.0
2026-09-03 14:25:00+00:00,0.08751,0.09363,0.08751,0.09102,48120.0
2026-09-03 14:30:00+00:00,0.09109,0.09385,0.08944,0.09329,34770.0
2026-09-03 14:35:00+00:00,0.09312,0.09444,0.08987,0.09231,23282.0
2026-09-03 14:40:00+00:00,0.09243,0.09461,0.09092,0.09303,15458.0
2026-09-03 14:45:00+00:00,0.09293,0.09558,0.09198,0.09356,15820.0
2026-09-03 14:50:00+00:00,0.0934,0.0993,0.09293,0.09763,39856.0
2026-09-03 14:55:00+00:00,0.09742,0.098,0.09605,0.09752,16192.0
2026-09-03 15:00:00+00:00,0.09748,0.0978,0.09424,0.09661,13890.0
2026-09-03 15:05:00+00:00,0.0967,0.09721,0.09359,0.09531,11557.0
2026-09-03 15:10:00+00:00,0.0952,0.09661,0.0916,0.09237,20743.0
2026-09-03 15:15:00+00:00,0.09244,0.09434,0.09184,0.09352,9798.0
2026-09-03 15:20:00+00:00,0.09366,0.09542,0.09222,0.0943,8457.0
2026-09-03 15:25:00+00:00,0.09425,0.09504,0.09283,0.09287,5319.0
2026-09-03 15:30:00+00:00,0.09298,0.09462,0.09255,0.09371,5851.0
2026-09-03 15:35:00+00:00,0.09372,0.09388,0.09236,0.09357,8454.0
2026-09-03 15:40:00+00:00,0.09353,0.09353,0.09129,0.09327,7891.0
2026-09-03 15:45:00+00:00,0.0933,0.09368,0.09178,0.0919,3420.0
2026-09-03 15:50:00+00:00,0.09199,0.09199,0.08673,0.0877,37908.0
2026-09-03 15:55:00+00:00,0.08773,0.09103,0.08773,0.09072,13500.0
2026-09-03 16:00:00+00:00,0.09069,0.09172,0.08874,0.08886,9658.0
2026-09-03 16:05:00+00:00,0.08877,0.089,0.08697,0.0872,13763.0
2026-09-03 16:10:00+00:00,0.0871,0.08827,0.08681,0.08814,5504.0
2026-09-03 16:15:00+00:00,0.0882,0.08927,0.08766,0.08836,10087.0
2026-09-03 16:20:00+00:00,0.08842,0.08971,0.0881,0.08912,5278.0
2026-09-03 16:25:00+00:00,0.08912,0.08918,0.08705,0.08773,6148.0
2026-09-03 16:30:00+00:00,0.08784,0.089,0.08686,0.08873,3828.0
2026-09-03 16:35:00+00:00,0.08872,0.089,0.08731,0.08808,8348.0
2026-09-03 16:40:00+00:00,0.08799,0.08823,0.08709,0.08769,3644.0
2026-09-03 16:45:00+00:00,0.08773,0.08964,0.08773,0.08943,3623.0
2026-09-03 16:50:00+00:00,0.08936,0.09003,0.08885,0.08951,3435.0
2026-09-03 16:55:00+00:00,0.08941,0.09083,0.08928,0.09039,3057.0
2026-09-03 17:00:00+00:00,0.0905,0.09222,0.0905,0.09116,7988.0
2026-09-03 17:05:00+00:00,0.09129,0.09142,0.09013,0.09047,2387.0
2026-09-03 17:10:00+00:00,0.09042,0.09042,0.08878,0.08976,8111.0
2026-09-03 17:15:00+00:00,0.08976,0.09056,0.08782,0.08823,5356.0
2026-09-03 17:20:00+00:00,0.0881,0.0881,0.08535,0.08595,17180.0
2026-09-03 17:25:00+00:00,0.08595,0.08705,0.08442,0.08625,12705.0
2026-09-03 17:30:00+00:00,0.08627,0.0871,0.08566,0.0869,3878.0
2026-09-03 17:35:00+00:00,0.0871,0.08797,0.0871,0.08767,2480.0
2026-09-03 17:40:00+00:00,0.08771,0.08825,0.08735,0.08747,980.0
2026-09-03 17:45:00+00:00,0.08739,0.08773,0.08676,0.08735,3177.0
2026-09-03 17:50:00+00:00,0.08722,0.08785,0.08718,0.08735,882.0
2026-09-03 17:55:00+00:00,0.08747,0.08791,0.08685,0.08735,837.0
2026-09-03 18:00:00+00:00,0.08734,0.08896,0.08673,0.08892,3970.0
2026-09-03 18:05:00+00:00,0.08886,0.08965,0.08885,0.08886,2438.0
2026-09-03 18:10:00+00:00,0.08877,0.08898,0.08822,0.08865,726.0
2026-09-03 18:15:00+00:00,0.08866,0.08894,0.08821,0.08878,783.0
2026-09-03 18:20:00+00:00,0.08873,0.0895,0.08873,0.08917,962.0
2026-09-03 18:25:00+00:00,0.08923,0.08954,0.08872,0.08923,2835.0
2026-09-03 18:30:00+00:00,0.08936,0.09037,0.08933,0.09,2120.0
2026-09-03 18:35:00+00:00,0.08991,0.09033,0.08949,0.08966,3283.0
2026-09-03 18:40:00+00:00,0.0895,0.09081,0.08929,0.09032,5087.0
2026-09-03 18:45:00+00:00,0.09018,0.09129,0.08991,0.09075,11207.0
2026-09-03 18:50:00+00:00,0.09083,0.09302,0.09043,0.0923,26332.0
2026-09-03 18:55:00+00:00,0.09224,0.09269,0.09148,0.09152,1738.0
2026-09-03 19:00:00+00:00,0.09161,0.09161,0.09071,0.09155,1428.0
2026-09-03 19:05:00+00:00,0.09144,0.092,0.0909,0.09151,2413.0
2026-09-03 19:10:00+00:00,0.09142,0.09168,0.09069,0.09106,1503.0
2026-09-03 19:15:00+00:00,0.09101,0.09155,0.09039,0.09155,1155.0
2026-09-03 19:20:00+00:00,0.09157,0.09189,0.08984,0.08989,3651.0
2026-09-03 19:25:00+00:00,0.08987,0.09009,0.08891,0.08932,2957.0
2026-09-03 19:30:00+00:00,0.08933,0.09,0.08914,0.08949,2952.0
2026-09-03 19:35:00+00:00,0.08962,0.08975,0.08929,0.08953,678.0
2026-09-03 19:40:00+00:00,0.08958,0.09039,0.08936,0.09026,1142.0
2026-09-03 19:45:00+00:00,0.09025,0.09058,0.08967,0.08995,3410.0
2026-09-03 19:50:00+00:00,0.08994,0.08994,0.08912,0.08947,1400.0
2026-09-03 19:55:00+00:00,0.08942,0.08963,0.08852,0.08873,1296.0
2026-09-03 20:00:00+00:00,0.0887,0.0895,0.08861,0.08923,912.0
2026-09-03 20:05:00+00:00,0.08929,0.08929,0.08703,0.08736,3367.0
2026-09-03 20:10:00+00:00,0.0873,0.08857,0.0871,0.08829,1172.0
2026-09-03 20:15:00+00:00,0.08843,0.08936,0.08843,0.08923,835.0
2026-09-03 20:20:00+00:00,0.08929,0.08936,0.08772,0.08797,1935.0
2026-09-03 20:25:00+00:00,0.08807,0.08908,0.08806,0.08885,471.0
2026-09-03 20:30:00+00:00,0.08898,0.08929,0.08809,0.08822,2367.0
2026-09-03 20:35:00+00:00,0.08835,0.0896,0.08835,0.08933,618.0
2026-09-03 20:40:00+00:00,0.08949,0.08964,0.08911,0.08919,227.0
2026-09-03 20:45:00+00:00,0.0893,0.09001,0.0893,0.09001,3081.0
2026-09-03 20:50:00+00:00,0.09007,0.09027,0.08974,0.09027,2294.0
2026-09-03 20:55:00+00:00,0.09013,0.09086,0.09011,0.09078,784.0
2026-09-03 21:00:00+00:00,0.09078,0.091,0.09026,0.091,1213.0
2026-09-03 21:05:00+00:00,0.09096,0.09182,0.09096,0.09137,1433.0
2026-09-03 21:10:00+00:00,0.09154,0.09208,0.09119,0.09142,625.0
2026-09-03 21:15:00+00:00,0.09138,0.09146,0.09079,0.09126,4755.0
2026-09-03 21:20:00+00:00,0.09142,0.09245,0.09142,0.09221,1875.0
2026-09-03 21:25:00+00:00,0.09221,0.09312,0.09195,0.09293,1758.0
2026-09-03 21:30:00+00:00,0.09303,0.09313,0.09142,0.09163,2028.0
2026-09-03 21:35:00+00:00,0.09146,0.09162,0.09103,0.09155,912.0
2026-09-03 21:40:00+00:00,0.09164,0.09267,0.09109,0.09255,3503.0
2026-09-03 21:45:00+00:00,0.09247,0.09247,0.09235,0.09239,262.0
2026-09-03 21:50:00+00:00,0.09239,0.09256,0.09181,0.09234,1172.0
2026-09-03 21:55:00+00:00,0.09233,0.09238,0.09174,0.09174,350.0
2026-09-03 22:00:00+00:00,0.09168,0.09182,0.09018,0.09182,3315.0
2026-09-03 22:05:00+00:00,0.09178,0.09331,0.09178,0.0933,2777.0
2026-09-03 22:10:00+00:00,0.09331,0.09487,0.09326,0.09463,6334.0
2026-09-03 22:15:00+00:00,0.09455,0.09538,0.0942,0.09468,9858.0
2026-09-03 22:20:00+00:00,0.09462,0.09654,0.09462,0.09577,6355.0
2026-09-03 22:25:00+00:00,0.09569,0.0977,0.09559,0.0972,7050.0
2026-09-03 22:30:00+00:00,0.09713,0.09713,0.09539,0.09607,9260.0
2026-09-03 22:35:00+00:00,0.09612,0.09761,0.09574,0.09712,4802.0
2026-09-03 22:40:00+00:00,0.09717,0.09748,0.09605,0.09651,4604.0
2026-09-03 22:45:00+00:00,0.09655,0.09884,0.09627,0.09854,5544.0
2026-09-03 22:50:00+00:00,0.09862,0.10233,0.0976,0.10177,28820.0
2026-09-03 22:55:00+00:00,0.10159,0.10182,0.09753,0.09817,16076.0
2026-09-03 23:00:00+00:00,0.09841,0.09925,0.09692,0.09919,5408.0
2026-09-03 23:05:00+00:00,0.09911,0.09911,0.09665,0.09706,3036.0
2026-09-03 23:10:00+00:00,0.09713,0.09761,0.09558,0.0956,2571.0
2026-09-03 23:15:00+00:00,0.09569,0.09634,0.09345,0.09466,10569.0
2026-09-03 23:20:00+00:00,0.0946,0.09511,0.09346,0.09385,3180.0
2026-09-03 23:25:00+00:00,0.09402,0.0949,0.09386,0.09433,1204.0
2026-09-03 23:30:00+00:00,0.09438,0.09547,0.0942,0.09547,6819.0
2026-09-03 23:35:00+00:00,0.0954,0.09582,0.09493,0.09555,4286.0
2026-09-03 23:40:00+00:00,0.09557,0.09683,0.095,0.09573,7483.0
2026-09-03 23:45:00+00:00,0.09586,0.09623,0.09461,0.09546,4866.0
2026-09-03 23:50:00+00:00,0.09528,0.09652,0.09514,0.09608,1253.0
2026-09-03 23:55:00+00:00,0.09601,0.09734,0.09528,0.09637,3118.0
2026-09-04 00:00:00+00:00,0.09633,0.09688,0.09487,0.09664,5142.0
2026-09-04 00:05:00+00:00,0.09656,0.098,0.09632,0.09717,6662.0
2026-09-04 00:10:00+00:00,0.09726,0.09845,0.09569,0.09824,9219.0
2026-09-04 00:15:00+00:00,0.0982,0.09826,0.09538,0.0954,4108.0
2026-09-04 00:20:00+00:00,0.09548,0.09628,0.09518,0.09604,1984.0
2026-09-04 00:25:00+00:00,0.0961,0.09625,0.0942,0.09596,6220.0
2026-09-04 00:30:00+00:00,0.09609,0.097,0.09534,0.0955,2050.0
2026-09-04 00:35:00+00:00,0.09546,0.09555,0.0938,0.0946,5291.0
2026-09-04 00:40:00+00:00,0.09448,0.0955,0.09425,0.09447,1946.0
2026-09-04 00:45:00+00:00,0.0946,0.09582,0.09397,0.09582,6582.0
2026-09-04 00:50:00+00:00,0.09575,0.09611,0.09019,0.09201,13616.0
2026-09-04 00:55:00+00:00,0.09203,0.09237,0.08852,0.08996,8720.0
2026-09-04 01:00:00+00:00,0.09005,0.09115,0.08949,0.09115,7634.0
2026-09-04 01:05:00+00:00,0.09109,0.0923,0.09096,0.09156,5031.0
2026-09-04 01:10:00+00:00,0.09158,0.09159,0.09043,0.09128,4243.0
2026-09-04 01:15:00+00:00,0.09142,0.09168,0.09001,0.0902,1981.0
2026-09-04 01:20:00+00:00,0.09015,0.09129,0.08974,0.09119,4125.0
2026-09-04 01:25:00+00:00,0.09113,0.09423,0.09113,0.09406,6228.0
2026-09-04 01:30:00+00:00,0.0942,0.09483,0.09287,0.09353,4140.0
2026-09-04 01:35:00+00:00,0.09365,0.0955,0.09349,0.0945,3419.0
2026-09-04 01:40:00+00:00,0.0946,0.095,0.09346,0.09406,7145.0
2026-09-04 01:45:00+00:00,0.0942,0.09528,0.09332,0.09501,1797.0
2026-09-04 01:50:00+00:00,0.09488,0.09853,0.09487,0.09814,13879.0
2026-09-04 01:55:00+00:00,0.09812,0.10305,0.09812,0.10154,39055.0
2026-09-04 02:00:00+00:00,0.10146,0.10187,0.09869,0.09944,13822.0
2026-09-04 02:05:00+00:00,0.0995,0.10001,0.0973,0.09768,7735.0
2026-09-04 02:10:00+00:00,0.09772,0.09859,0.09713,0.09752,4395.0
2026-09-04 02:15:00+00:00,0.09761,0.09878,0.0972,0.09734,3326.0
2026-09-04 02:20:00+00:00,0.0972,0.0972,0.09523,0.09652,9899.0
2026-09-04 02:25:00+00:00,0.09647,0.0968,0.095,0.0955,4618.0
2026-09-04 02:30:00+00:00,0.09555,0.09572,0.09316,0.09349,7371.0
2026-09-04 02:35:00+00:00,0.09344,0.09507,0.09231,0.09507,7159.0
2026-09-04 02:40:00+00:00,0.09498,0.09539,0.09455,0.09539,1737.0
2026-09-04 02:45:00+00:00,0.0954,0.0955,0.09406,0.09406,1897.0
2026-09-04 02:50:00+00:00,0.094,0.09504,0.09367,0.09504,3830.0
2026-09-04 02:55:00+00:00,0.09514,0.09621,0.09502,0.09616,3817.0
2026-09-04 03:00:00+00:00,0.09618,0.0966,0.0952,0.09624,3015.0
2026-09-04 03:05:00+00:00,0.09618,0.09732,0.09556,0.0972,3507.0
2026-09-04 03:10:00+00:00,0.09706,0.09739,0.09651,0.09655,2839.0
2026-09-04 03:15:00+00:00,0.09651,0.09674,0.09514,0.09531,2851.0
2026-09-04 03:20:00+00:00,0.09539,0.09544,0.09445,0.0951,1432.0
2026-09-04 03:25:00+00:00,0.09509,0.0951,0.09333,0.09368,3842.0
2026-09-04 03:30:00+00:00,0.09363,0.0946,0.09194,0.0926,5341.0
2026-09-04 03:35:00+00:00,0.09256,0.09392,0.09246,0.0931,3727.0
2026-09-04 03:40:00+00:00,0.093,0.09368,0.0926,0.09334,3478.0
2026-09-04 03:45:00+00:00,0.09335,0.09362,0.09241,0.09333,2300.0
2026-09-04 03:50:00+00:00,0.09335,0.09368,0.0929,0.09365,3151.0
2026-09-04 03:55:00+00:00,0.09365,0.09428,0.09349,0.09353,2457.0
2026-09-04 04:00:00+00:00,0.09341,0.09354,0.09219,0.09311,2955.0
2026-09-04 04:05:00+00:00,0.09318,0.09356,0.09229,0.0923,1157.0
2026-09-04 04:10:00+00:00,0.09223,0.09331,0.09164,0.0932,2321.0
2026-09-04 04:15:00+00:00,0.09314,0.09393,0.09313,0.09343,3528.0
2026-09-04 04:20:00+00:00,0.09341,0.09436,0.09341,0.09387,2042.0
2026-09-04 04:25:00+00:00,0.0938,0.09433,0.09352,0.09408,2289.0
2026-09-04 04:30:00+00:00,0.09394,0.094,0.09333,0.0934,1525.0
2026-09-04 04:35:00+00:00,0.09353,0.09368,0.09312,0.09312,1554.0
2026-09-04 04:40:00+00:00,0.09309,0.09314,0.09047,0.09109,8997.0
2026-09-04 04:45:00+00:00,0.09115,0.092,0.08937,0.09154,11218.0
2026-09-04 04:50:00+00:00,0.09154,0.09253,0.0915,0.0915,3648.0
2026-09-04 04:55:00+00:00,0.09145,0.09164,0.09066,0.09105,2817.0
2026-09-04 05:00:00+00:00,0.09103,0.09139,0.09046,0.09058,4676.0
2026-09-04 05:05:00+00:00,0.0906,0.09092,0.09036,0.0909,2024.0
2026-09-04 05:10:00+00:00,0.091,0.09113,0.09036,0.09036,1944.0
2026-09-04 05:15:00+00:00,0.09026,0.09026,0.08789,0.08936,7430.0
2026-09-04 05:20:00+00:00,0.08947,0.0899,0.08911,0.08971,3427.0
2026-09-04 05:25:00+00:00,0.08949,0.08982,0.08841,0.08982,1746.0
2026-09-04 05:30:00+00:00,0.08967,0.08974,0.08894,0.08927,1432.0
2026-09-04 05:35:00+00:00,0.0893,0.08942,0.08721,0.08923,6579.0
2026-09-04 05:40:00+00:00,0.08919,0.09051,0.08919,0.08949,7085.0
2026-09-04 05:45:00+00:00,0.08947,0.09039,0.08902,0.08949,2597.0
2026-09-04 05:50:00+00:00,0.08949,0.08964,0.0866,0.08772,5274.0
2026-09-04 05:55:00+00:00,0.08785,0.0881,0.0866,0.08709,8440.0
2026-09-04 06:00:00+00:00,0.0871,0.08756,0.08569,0.08702,10010.0
2026-09-04 06:05:00+00:00,0.08706,0.08739,0.0856,0.08618,10210.0
2026-09-04 06:10:00+00:00,0.08611,0.08644,0.08492,0.0856,5570.0
2026-09-04 06:15:00+00:00,0.08552,0.08623,0.08507,0.08523,3116.0
2026-09-04 06:20:00+00:00,0.08535,0.086,0.08477,0.08596,5482.0
2026-09-04 06:25:00+00:00,0.08579,0.08687,0.08545,0.08665,5101.0
2026-09-04 06:30:00+00:00,0.08667,0.08778,0.08593,0.08747,7174.0
2026-09-04 06:35:00+00:00,0.08746,0.08789,0.08673,0.08719,4780.0
2026-09-04 06:40:00+00:00,0.08713,0.08733,0.0848,0.08552,3405.0
2026-09-04 06:45:00+00:00,0.0854,0.08721,0.08474,0.08648,3739.0
2026-09-04 06:50:00+00:00,0.08642,0.08725,0.08343,0.08441,9097.0
2026-09-04 06:55:00+00:00,0.0845,0.0854,0.08417,0.08469,7587.0
2026-09-04 07:00:00+00:00,0.08486,0.08538,0.08367,0.08494,4558.0
2026-09-04 07:05:00+00:00,0.08505,0.08561,0.08458,0.08502,3068.0
2026-09-04 07:10:00+00:00,0.08497,0.08574,0.08489,0.08539,2299.0
2026-09-04 07:15:00+00:00,0.08533,0.0862,0.08526,0.08586,1268.0
2026-09-04 07:20:00+00:00,0.08599,0.08713,0.08519,0.08691,3518.0
2026-09-04 07:25:00+00:00,0.08673,0.08735,0.08599,0.08717,4754.0
2026-09-04 07:30:00+00:00,0.0871,0.08811,0.0867,0.0874,3501.0
2026-09-04 07:35:00+00:00,0.08734,0.08762,0.08676,0.08745,1596.0
2026-09-04 07:40:00+00:00,0.08722,0.08756,0.08624,0.0866,2440.0
2026-09-04 07:45:00+00:00,0.08654,0.08673,0.08603,0.08637,2485.0
2026-09-04 07:50:00+00:00,0.08635,0.08673,0.08524,0.08536,4294.0
2026-09-04 07:55:00+00:00,0.08539,0.08558,0.08429,0.0848,3937.0
2026-09-04 08:00:00+00:00,0.08479,0.08489,0.08267,0.08326,12146.0
2026-09-04 08:05:00+00:00,0.08322,0.08566,0.08297,0.08539,10763.0
2026-09-04 08:10:00+00:00,0.08541,0.08641,0.08541,0.08574,6194.0
2026-09-04 08:15:00+00:00,0.08576,0.08678,0.08572,0.08634,4966.0
2026-09-04 08:20:00+00:00,0.08634,0.08653,0.08533,0.08569,3109.0
2026-09-04 08:25:00+00:00,0.08552,0.08558,0.08486,0.08558,2014.0
2026-09-04 08:30:00+00:00,0.0855,0.08585,0.08518,0.08545,5313.0
2026-09-04 08:35:00+00:00,0.08539,0.0864,0.08535,0.0864,1469.0
2026-09-04 08:40:00+00:00,0.08641,0.08696,0.08636,0.08677,1783.0
2026-09-04 08:45:00+00:00,0.08685,0.08825,0.08636,0.08799,6262.0
2026-09-04 08:50:00+00:00,0.08786,0.08786,0.08684,0.0874,1932.0
2026-09-04 08:55:00+00:00,0.0874,0.08848,0.08735,0.08778,6976.0
2026-09-04 09:00:00+00:00,0.08773,0.08847,0.08701,0.08747,5263.0
2026-09-04 09:05:00+00:00,0.08741,0.08815,0.08735,0.08815,2189.0
2026-09-04 09:10:00+00:00,0.08798,0.08944,0.08743,0.08785,5496.0
2026-09-04 09:15:00+00:00,0.08772,0.08772,0.08702,0.0871,4428.0
2026-09-04 09:20:00+00:00,0.08722,0.08739,0.08477,0.08575,7921.0
2026-09-04 09:25:00+00:00,0.08585,0.08715,0.08556,0.08645,4486.0
2026-09-04 09:30:00+00:00,0.08645,0.08767,0.08645,0.08745,3674.0
2026-09-04 09:35:00+00:00,0.08746,0.08795,0.08663,0.0869,9894.0
2026-09-04 09:40:00+00:00,0.08695,0.08695,0.08565,0.08587,2410.0
2026-09-04 09:45:00+00:00,0.08587,0.08613,0.0852,0.08535,2520.0
2026-09-04 09:50:00+00:00,0.08547,0.08586,0.08497,0.08584,1583.0
2026-09-04 09:55:00+00:00,0.08583,0.08596,0.0852,0.08538,2061.0
2026-09-04 10:00:00+00:00,0.0855,0.08561,0.08389,0.08399,4266.0
2026-09-04 10:05:00+00:00,0.08405,0.08494,0.08393,0.0844,1415.0
2026-09-04 10:10:00+00:00,0.08448,0.08456,0.08277,0.08366,13863.0
2026-09-04 10:15:00+00:00,0.08369,0.09675,0.08192,0.09391,68869.0
2026-09-04 10:20:00+00:00,0.09369,0.10032,0.09234,0.09968,47279.0
2026-09-04 10:25:00+00:00,0.09968,0.10055,0.09311,0.09514,27939.0
2026-09-04 10:30:00+00:00,0.09528,0.09887,0.09353,0.09768,23380.0
2026-09-04 10:35:00+00:00,0.09754,0.09803,0.09573,0.09665,9217.0
2026-09-04 10:40:00+00:00,0.09664,0.09664,0.09024,0.09218,32746.0
2026-09-04 10:45:00+00:00,0.092,0.09275,0.09127,0.0926,6945.0
2026-09-04 10:50:00+00:00,0.09254,0.09507,0.0925,0.09433,17470.0
2026-09-04 10:55:00+00:00,0.09425,0.09526,0.09326,0.09447,11033.0
2026-09-04 11:00:00+00:00,0.09457,0.09543,0.09387,0.09469,9571.0
2026-09-04 11:05:00+00:00,0.0945,0.09648,0.09244,0.09293,11941.0
2026-09-04 11:10:00+00:00,0.09287,0.09302,0.09073,0.09202,7776.0
2026-09-04 11:15:00+00:00,0.092,0.09315,0.09127,0.09143,4491.0
2026-09-04 11:20:00+00:00,0.09143,0.09292,0.0909,0.09255,6574.0
2026-09-04 11:25:00+00:00,0.0926,0.09355,0.09234,0.09349,7055.0
2026-09-04 11:30:00+00:00,0.09331,0.09353,0.09129,0.09287,4929.0
2026-09-04 11:35:00+00:00,0.09288,0.093,0.09128,0.09247,5321.0
2026-09-04 11:40:00+00:00,0.09254,0.09393,0.09113,0.09182,6314.0
2026-09-04 11:45:00+00:00,0.09168,0.09226,0.08775,0.08795,16943.0
2026-09-04 11:50:00+00:00,0.08808,0.08847,0.08636,0.08802,13277.0
2026-09-04 11:55:00+00:00,0.08799,0.0885,0.08785,0.08817,5298.0
2026-09-04 12:00:00+00:00,0.0881,0.09036,0.08807,0.09015,5950.0
2026-09-04 12:05:00+00:00,0.09023,0.09068,0.08885,0.08936,8682.0
2026-09-04 12:10:00+00:00,0.08949,0.09035,0.08936,0.08966,1479.0
2026-09-04 12:15:00+00:00,0.08975,0.09018,0.0895,0.09015,3041.0
2026-09-04 12:20:00+00:00,0.09002,0.09019,0.08914,0.08937,2028.0
2026-09-04 12:25:00+00:00,0.08939,0.09287,0.0893,0.0921,6154.0
2026-09-04 12:30:00+00:00,0.092,0.092,0.08759,0.08858,19490.0
2026-09-04 12:35:00+00:00,0.0886,0.0886,0.08558,0.08709,12258.0
2026-09-04 12:40:00+00:00,0.0871,0.08876,0.08697,0.08849,6866.0
2026-09-04 12:45:00+00:00,0.08842,0.08842,0.08428,0.08605,9660.0
2026-09-04 12:50:00+00:00,0.08601,0.08759,0.0855,0.08735,3309.0
2026-09-04 12:55:00+00:00,0.08747,0.08773,0.08636,0.08636,2011.0
2026-09-04 13:00:00+00:00,0.08641,0.0869,0.08481,0.08538,4079.0
2026-09-04 13:05:00+00:00,0.08533,0.08578,0.08388,0.08502,12358.0
2026-09-04 13:10:00+00:00,0.0849,0.08526,0.08346,0.08346,6453.0
2026-09-04 13:15:00+00:00,0.08358,0.08625,0.08348,0.0855,9754.0
2026-09-04 13:20:00+00:00,0.0855,0.08701,0.08547,0.08682,3690.0
2026-09-04 13:25:00+00:00,0.0866,0.08778,0.08625,0.08671,2095.0
2026-09-04 13:30:00+00:00,0.08661,0.0881,0.08655,0.08756,3849.0
2026-09-04 13:35:00+00:00,0.08748,0.08842,0.08682,0.08785,7631.0
2026-09-04 13:40:00+00:00,0.08787,0.08902,0.08739,0.08839,5794.0
2026-09-04 13:45:00+00:00,0.08837,0.08983,0.08816,0.08929,4273.0
2026-09-04 13:50:00+00:00,0.08916,0.09188,0.08894,0.09061,7837.0
2026-09-04 13:55:00+00:00,0.09051,0.09139,0.08964,0.09018,2759.0
2026-09-04 14:00:00+00:00,0.09003,0.09021,0.08873,0.08885,3977.0
2026-09-04 14:05:00+00:00,0.08894,0.09014,0.08797,0.08842,2707.0
2026-09-04 14:10:00+00:00,0.0884,0.08929,0.08772,0.08929,3573.0
2026-09-04 14:15:00+00:00,0.08936,0.08958,0.08788,0.08835,1980.0
2026-09-04 14:20:00+00:00,0.08838,0.08838,0.08615,0.08654,3728.0
2026-09-04 14:25:00+00:00,0.08652,0.08722,0.08562,0.08722,4614.0
2026-09-04 14:30:00+00:00,0.0871,0.08739,0.08672,0.08735,3668.0
2026-09-04 14:35:00+00:00,0.08739,0.08819,0.08681,0.08721,2254.0
2026-09-04 14:40:00+00:00,0.08729,0.0875,0.08578,0.08637,2211.0
2026-09-04 14:45:00+00:00,0.08647,0.08668,0.08501,0.08506,2920.0
2026-09-04 14:50:00+00:00,0.08513,0.08519,0.08403,0.08469,3986.0
2026-09-04 14:55:00+00:00,0.08467,0.08481,0.08333,0.08352,4150.0
2026-09-04 15:00:00+00:00,0.08345,0.08417,0.08279,0.08351,3914.0
2026-09-04 15:05:00+00:00,0.08353,0.08513,0.08353,0.08459,3298.0
2026-09-04 15:10:00+00:00,0.08463,0.08549,0.08428,0.08536,2321.0
2026-09-04 15:15:00+00:00,0.08532,0.08593,0.08489,0.0851,2421.0
2026-09-04 15:20:00+00:00,0.08502,0.08522,0.08492,0.08492,256.0
2026-09-04 15:25:00+00:00,0.08489,0.08565,0.08457,0.08501,2246.0
2026-09-04 15:30:00+00:00,0.08492,0.08591,0.08455,0.08569,1078.0
2026-09-04 15:35:00+00:00,0.08574,0.0864,0.08561,0.08617,2392.0
2026-09-04 15:40:00+00:00,0.08617,0.08672,0.08616,0.08667,1004.0
2026-09-04 15:45:00+00:00,0.08665,0.08673,0.08586,0.08586,2245.0
2026-09-04 15:50:00+00:00,0.08592,0.08675,0.0856,0.08575,1417.0
2026-09-04 15:55:00+00:00,0.0857,0.08623,0.0855,0.08562,632.0
2026-09-04 16:00:00+00:00,0.08552,0.08552,0.08497,0.08497,1916.0
2026-09-04 16:05:00+00:00,0.0851,0.08575,0.08448,0.08539,1293.0
2026-09-04 16:10:00+00:00,0.08532,0.0866,0.08526,0.08644,2785.0
2026-09-04 16:15:00+00:00,0.08645,0.08695,0.08636,0.08653,2049.0
2026-09-04 16:20:00+00:00,0.08657,0.08712,0.08586,0.08686,2601.0
2026-09-04 16:25:00+00:00,0.08685,0.08685,0.08586,0.08586,1723.0
2026-09-04 16:30:00+00:00,0.08581,0.08825,0.08528,0.08814,5119.0
2026-09-04 16:35:00+00:00,0.0882,0.08835,0.08363,0.08428,6674.0
2026-09-04 16:40:00+00:00,0.08441,0.08515,0.08333,0.08386,5126.0
2026-09-04 16:45:00+00:00,0.08384,0.0854,0.08296,0.08433,27752.0
2026-09-04 16:50:00+00:00,0.08441,0.08454,0.08386,0.08436,1937.0
2026-09-04 16:55:00+00:00,0.08433,0.08484,0.08209,0.08236,7371.0
2026-09-04 17:00:00+00:00,0.08251,0.08386,0.08234,0.08271,10361.0
2026-09-04 17:05:00+00:00,0.08263,0.08277,0.08153,0.08162,4371.0
2026-09-04 17:10:00+00:00,0.08175,0.08232,0.081,0.08154,8675.0
2026-09-04 17:15:00+00:00,0.08169,0.0819,0.08111,0.08111,4196.0
2026-09-04 17:20:00+00:00,0.08122,0.08134,0.07662,0.07909,44469.0
2026-09-04 17:25:00+00:00,0.07914,0.08037,0.07896,0.07917,9483.0
2026-09-04 17:30:00+00:00,0.07923,0.07928,0.07805,0.07858,4052.0
2026-09-04 17:35:00+00:00,0.07864,0.07958,0.07864,0.07942,2355.0
2026-09-04 17:40:00+00:00,0.07939,0.08026,0.07652,0.07683,17030.0
2026-09-04 17:45:00+00:00,0.07693,0.07805,0.07683,0.07775,5367.0
2026-09-04 17:50:00+00:00,0.07783,0.07866,0.07783,0.07866,1715.0
2026-09-04 17:55:00+00:00,0.07867,0.07921,0.07823,0.07862,2423.0
2026-09-04 18:00:00+00:00,0.07867,0.08021,0.07835,0.08021,3035.0
2026-09-04 18:05:00+00:00,0.0801,0.08176,0.07927,0.08099,13120.0
2026-09-04 18:10:00+00:00,0.08091,0.08161,0.08075,0.08126,3269.0
2026-09-04 18:15:00+00:00,0.08117,0.0822,0.08063,0.08185,5933.0
2026-09-04 18:20:00+00:00,0.0818,0.08263,0.08174,0.08214,6101.0
2026-09-04 18:25:00+00:00,0.08207,0.08244,0.08175,0.08183,2276.0
2026-09-04 18:30:00+00:00,0.08186,0.0824,0.08142,0.08175,3244.0
2026-09-04 18:35:00+00:00,0.08174,0.08224,0.08159,0.08202,2748.0
2026-09-04 18:40:00+00:00,0.082,0.08288,0.082,0.08288,2269.0
2026-09-04 18:45:00+00:00,0.08286,0.08357,0.08263,0.08312,5586.0
2026-09-04 18:50:00+00:00,0.08312,0.08337,0.08228,0.08252,3184.0
2026-09-04 18:55:00+00:00,0.08251,0.08263,0.08194,0.08212,3702.0
2026-09-04 19:00:00+00:00,0.08205,0.08239,0.08044,0.08229,7564.0
2026-09-04 19:05:00+00:00,0.08239,0.08272,0.0823,0.08272,1656.0
2026-09-04 19:10:00+00:00,0.08261,0.08303,0.08247,0.08302,943.0
2026-09-04 19:15:00+00:00,0.08286,0.08295,0.08216,0.08216,814.0
2026-09-04 19:20:00+00:00,0.08218,0.08252,0.08175,0.08204,1710.0
2026-09-04 19:25:00+00:00,0.08216,0.08263,0.08204,0.08258,1044.0
2026-09-04 19:30:00+00:00,0.08251,0.08373,0.08234,0.08321,2635.0
2026-09-04 19:35:00+00:00,0.0831,0.0831,0.08272,0.08279,689.0
2026-09-04 19:40:00+00:00,0.08286,0.08296,0.08248,0.08252,308.0
2026-09-04 19:45:00+00:00,0.08252,0.08345,0.08252,0.08329,1610.0
2026-09-04 19:50:00+00:00,0.0833,0.08332,0.08295,0.08301,238.0
2026-09-04 19:55:00+00:00,0.0831,0.08345,0.0831,0.08326,394.0
2026-09-04 20:00:00+00:00,0.08317,0.08386,0.08307,0.08311,1602.0
2026-09-04 20:05:00+00:00,0.08305,0.0832,0.08244,0.08244,399.0
2026-09-04 20:10:00+00:00,0.0824,0.08274,0.08239,0.08251,315.0
2026-09-04 20:15:00+00:00,0.08239,0.08436,0.08239,0.08379,2238.0
2026-09-04 20:20:00+00:00,0.0837,0.08422,0.08345,0.08355,1808.0
2026-09-04 20:25:00+00:00,0.08346,0.08431,0.0825,0.08428,4006.0
2026-09-04 20:30:00+00:00,0.08421,0.08552,0.08421,0.08513,2832.0
2026-09-04 20:35:00+00:00,0.08509,0.08538,0.08486,0.08502,2139.0
2026-09-04 20:40:00+00:00,0.08489,0.08545,0.08476,0.08538,505.0
2026-09-04 20:45:00+00:00,0.08535,0.08554,0.08453,0.08513,1177.0
2026-09-04 20:50:00+00:00,0.08502,0.08506,0.08436,0.0848,408.0
2026-09-04 20:55:00+00:00,0.08474,0.08494,0.08459,0.08485,712.0
2026-09-04 21:00:00+00:00,0.085,0.08565,0.08441,0.08441,1558.0
2026-09-04 21:05:00+00:00,0.08438,0.08469,0.08438,0.08453,764.0
2026-09-04 21:10:00+00:00,0.08453,0.08453,0.08414,0.08428,417.0
2026-09-04 21:15:00+00:00,0.08441,0.08471,0.08435,0.08463,273.0
2026-09-04 21:20:00+00:00,0.0846,0.0846,0.08429,0.08453,380.0
2026-09-04 21:25:00+00:00,0.08458,0.08513,0.08452,0.08477,114.0
2026-09-04 21:30:00+00:00,0.08469,0.08469,0.08436,0.08457,263.0
2026-09-04 21:35:00+00:00,0.08465,0.08465,0.08436,0.08453,310.0
2026-09-04 21:40:00+00:00,0.08465,0.08477,0.08405,0.08417,452.0
2026-09-04 21:45:00+00:00,0.08405,0.08405,0.0835,0.0835,613.0
2026-09-04 21:50:00+00:00,0.08345,0.08345,0.08219,0.08282,1494.0
2026-09-04 21:55:00+00:00,0.08298,0.08298,0.08263,0.08263,887.0
2026-09-04 22:00:00+00:00,0.08266,0.08288,0.08251,0.0826,965.0
2026-09-04 22:05:00+00:00,0.0826,0.08278,0.08198,0.0826,1570.0
2026-09-04 22:10:00+00:00,0.08242,0.08322,0.08242,0.0831,491.0
2026-09-04 22:15:00+00:00,0.08301,0.08306,0.08258,0.08268,307.0
2026-09-04 22:20:00+00:00,0.08277,0.0829,0.08262,0.08274,638.0
2026-09-04 22:25:00+00:00,0.08274,0.08274,0.08178,0.08181,849.0
2026-09-04 22:30:00+00:00,0.08192,0.08209,0.08183,0.08206,976.0
2026-09-04 22:35:00+00:00,0.082,0.0824,0.082,0.08232,662.0
2026-09-04 22:40:00+00:00,0.08247,0.08263,0.08237,0.08263,192.0
2026-09-04 22:45:00+00:00,0.08251,0.08274,0.08227,0.08274,424.0
2026-09-04 22:50:00+00:00,0.08276,0.0835,0.08272,0.0835,1659.0
2026-09-04 22:55:00+00:00,0.08353,0.08384,0.08344,0.08384,1237.0
2026-09-04 23:00:00+00:00,0.08381,0.08468,0.08371,0.08468,1983.0
2026-09-04 23:05:00+00:00,0.08457,0.08552,0.08453,0.08535,3546.0
2026-09-04 23:10:00+00:00,0.08527,0.08527,0.0845,0.08465,1080.0
2026-09-04 23:15:00+00:00,0.08458,0.08458,0.08344,0.0836,1445.0
2026-09-04 23:20:00+00:00,0.08364,0.08364,0.08286,0.08313,1254.0
2026-09-04 23:25:00+00:00,0.08321,0.08338,0.08255,0.08296,2267.0
2026-09-04 23:30:00+00:00,0.08309,0.08469,0.08278,0.08434,3041.0
2026-09-04 23:35:00+00:00,0.08424,0.08436,0.0835,0.08361,711.0
2026-09-04 23:40:00+00:00,0.0835,0.08357,0.0831,0.0834,1089.0
2026-09-04 23:45:00+00:00,0.08334,0.0834,0.08325,0.08334,398.0
2026-09-04 23:50:00+00:00,0.08322,0.0834,0.08294,0.08326,1336.0
2026-09-04 23:55:00+00:00,0.08338,0.08453,0.08321,0.08419,3000.0
2026-09-05 00:00:00+00:00,0.08415,0.08441,0.08369,0.08441,1228.0
2026-09-05 00:05:00+00:00,0.08443,0.08443,0.08357,0.08409,996.0
2026-09-05 00:10:00+00:00,0.08412,0.08441,0.08393,0.0843,551.0
2026-09-05 00:15:00+00:00,0.0842,0.0842,0.08328,0.08346,1479.0
2026-09-05 00:20:00+00:00,0.08337,0.08386,0.08331,0.08377,2130.0
2026-09-05 00:25:00+00:00,0.0837,0.08377,0.08272,0.08272,2834.0
2026-09-05 00:30:00+00:00,0.08286,0.08386,0.08286,0.08328,997.0
2026-09-05 00:35:00+00:00,0.08322,0.08357,0.08309,0.08324,986.0
2026-09-05 00:40:00+00:00,0.08311,0.08327,0.08272,0.08312,2106.0
2026-09-05 00:45:00+00:00,0.08313,0.08337,0.08263,0.08322,1950.0
2026-09-05 00:50:00+00:00,0.08322,0.08322,0.08272,0.08284,514.0
2026-09-05 00:55:00+00:00,0.08281,0.08441,0.08281,0.08391,797.0
2026-09-05 01:00:00+00:00,0.08403,0.08531,0.08403,0.08501,4056.0
2026-09-05 01:05:00+00:00,0.08496,0.08505,0.08437,0.08469,1027.0
2026-09-05 01:10:00+00:00,0.08461,0.08461,0.08359,0.08367,865.0
2026-09-05 01:15:00+00:00,0.08358,0.08358,0.08278,0.08357,2762.0
2026-09-05 01:20:00+00:00,0.08359,0.08374,0.08286,0.08286,415.0
2026-09-05 01:25:00+00:00,0.08274,0.08356,0.08272,0.08356,1489.0
2026-09-05 01:30:00+00:00,0.08355,0.08441,0.08333,0.08333,3490.0
2026-09-05 01:35:00+00:00,0.08325,0.08376,0.08321,0.08365,589.0
2026-09-05 01:40:00+00:00,0.08365,0.08405,0.08357,0.084,2125.0
2026-09-05 01:45:00+00:00,0.08384,0.08417,0.08345,0.08397,2258.0
2026-09-05 01:50:00+00:00,0.08411,0.08556,0.08411,0.08473,2667.0
2026-09-05 01:55:00+00:00,0.08477,0.08518,0.084,0.08413,1345.0
2026-09-05 02:00:00+00:00,0.08406,0.08406,0.08348,0.08384,1235.0
2026-09-05 02:05:00+00:00,0.08386,0.08444,0.08374,0.08425,1040.0
2026-09-05 02:10:00+00:00,0.08439,0.0847,0.08369,0.08372,3051.0
2026-09-05 02:15:00+00:00,0.08359,0.08393,0.08333,0.08333,2499.0
2026-09-05 02:20:00+00:00,0.0834,0.08417,0.0834,0.08393,1263.0
2026-09-05 02:25:00+00:00,0.08386,0.08441,0.08378,0.0844,2678.0
2026-09-05 02:30:00+00:00,0.08444,0.08453,0.08406,0.08407,696.0
2026-09-05 02:35:00+00:00,0.08409,0.08441,0.08396,0.08411,349.0
2026-09-05 02:40:00+00:00,0.08429,0.0845,0.08381,0.0844,1725.0
2026-09-05 02:45:00+00:00,0.08445,0.08775,0.08445,0.08748,6403.0
2026-09-05 02:50:00+00:00,0.08739,0.08912,0.08718,0.088,11179.0
2026-09-05 02:55:00+00:00,0.08803,0.08822,0.08709,0.08756,5093.0
2026-09-05 03:00:00+00:00,0.08754,0.08964,0.08744,0.08923,6350.0
2026-09-05 03:05:00+00:00,0.08921,0.09159,0.08894,0.09121,7407.0
2026-09-05 03:10:00+00:00,0.09116,0.09252,0.09106,0.09197,11186.0
2026-09-05 03:15:00+00:00,0.09188,0.09399,0.09165,0.093,9187.0
2026-09-05 03:20:00+00:00,0.093,0.09353,0.09208,0.09231,6489.0
2026-09-05 03:25:00+00:00,0.09241,0.09247,0.08962,0.09013,9282.0
2026-09-05 03:30:00+00:00,0.09026,0.09109,0.08959,0.09058,4877.0
2026-09-05 03:35:00+00:00,0.09052,0.09181,0.09028,0.09172,3568.0
2026-09-05 03:40:00+00:00,0.09172,0.09211,0.09096,0.09167,3794.0
2026-09-05 03:45:00+00:00,0.09163,0.09181,0.08994,0.09064,3513.0
2026-09-05 03:50:00+00:00,0.09061,0.091,0.08974,0.08987,2383.0
2026-09-05 03:55:00+00:00,0.08994,0.09026,0.08936,0.08974,1440.0
2026-09-05 04:00:00+00:00,0.08977,0.09078,0.08977,0.0901,1917.0
2026-09-05 04:05:00+00:00,0.0901,0.09098,0.0901,0.09067,1461.0
2026-09-05 04:10:00+00:00,0.09054,0.09059,0.08924,0.09,1838.0
2026-09-05 04:15:00+00:00,0.09001,0.09081,0.08958,0.08971,1724.0
2026-09-05 04:20:00+00:00,0.08973,0.09072,0.08973,0.09036,687.0
2026-09-05 04:25:00+00:00,0.09044,0.09244,0.09044,0.09197,3610.0
2026-09-05 04:30:00+00:00,0.09203,0.09207,0.09098,0.09155,2266.0
2026-09-05 04:35:00+00:00,0.09151,0.09212,0.09076,0.09212,1500.0
2026-09-05 04:40:00+00:00,0.09198,0.09342,0.09133,0.09255,3955.0
2026-09-05 04:45:00+00:00,0.09255,0.09434,0.09244,0.09419,5708.0
2026-09-05 04:50:00+00:00,0.09407,0.09621,0.09349,0.09528,13640.0
2026-09-05 04:55:00+00:00,0.09532,0.09747,0.0952,0.09654,13940.0
2026-09-05 05:00:00+00:00,0.09655,0.09774,0.09635,0.09713,9117.0
2026-09-05 05:05:00+00:00,0.09707,0.09784,0.09517,0.0961,11976.0
2026-09-05 05:10:00+00:00,0.09609,0.09609,0.09391,0.09509,6378.0
2026-09-05 05:15:00+00:00,0.09523,0.09523,0.09372,0.09418,5088.0
2026-09-05 05:20:00+00:00,0.09426,0.09541,0.09406,0.09534,2260.0
2026-09-05 05:25:00+00:00,0.09537,0.09599,0.09496,0.09519,4636.0
2026-09-05 05:30:00+00:00,0.09524,0.09528,0.09417,0.0942,2022.0
2026-09-05 05:35:00+00:00,0.09412,0.09518,0.09368,0.09493,2519.0
2026-09-05 05:40:00+00:00,0.09492,0.09596,0.0947,0.09514,1817.0
2026-09-05 05:45:00+00:00,0.09501,0.09595,0.09487,0.09586,2375.0
2026-09-05 05:50:00+00:00,0.09576,0.0979,0.09537,0.09708,3648.0
2026-09-05 05:55:00+00:00,0.09703,0.09888,0.09692,0.09887,15409.0
2026-09-05 06:00:00+00:00,0.09883,0.09919,0.09594,0.09616,10645.0
2026-09-05 06:05:00+00:00,0.09623,0.09803,0.09623,0.09655,5062.0
2026-09-05 06:10:00+00:00,0.09653,0.09674,0.09547,0.09586,1279.0
2026-09-05 06:15:00+00:00,0.09587,0.09616,0.09525,0.09589,3611.0
2026-09-05 06:20:00+00:00,0.09583,0.09678,0.09583,0.09665,2468.0
2026-09-05 06:25:00+00:00,0.09664,0.09706,0.09631,0.09641,1632.0
2026-09-05 06:30:00+00:00,0.09648,0.09675,0.09538,0.09641,2989.0
2026-09-05 06:35:00+00:00,0.09623,0.09738,0.09612,0.09655,1852.0
2026-09-05 06:40:00+00:00,0.09637,0.09739,0.09632,0.09678,1371.0
2026-09-05 06:45:00+00:00,0.09674,0.09914,0.09596,0.09777,19511.0
2026-09-05 06:50:00+00:00,0.09768,0.09969,0.09732,0.09748,6677.0
2026-09-05 06:55:00+00:00,0.09734,0.09782,0.09501,0.09575,8217.0
2026-09-05 07:00:00+00:00,0.09569,0.09658,0.09477,0.09596,7509.0
2026-09-05 07:05:00+00:00,0.09597,0.09649,0.09496,0.09508,3420.0
2026-09-05 07:10:00+00:00,0.09519,0.09521,0.09387,0.09476,8025.0
2026-09-05 07:15:00+00:00,0.09482,0.09582,0.09479,0.09482,2837.0
2026-09-05 07:20:00+00:00,0.09483,0.09558,0.09442,0.09528,6338.0
2026-09-05 07:25:00+00:00,0.09539,0.0969,0.09539,0.0966,4901.0
2026-09-05 07:30:00+00:00,0.09671,0.09734,0.09664,0.09712,3057.0
2026-09-05 07:35:00+00:00,0.09729,0.09874,0.09704,0.09761,8736.0
2026-09-05 07:40:00+00:00,0.09761,0.098,0.09686,0.0974,6918.0
2026-09-05 07:45:00+00:00,0.09734,0.09938,0.09732,0.09903,8766.0
2026-09-05 07:50:00+00:00,0.09894,0.10222,0.09888,0.10125,23381.0
2026-09-05 07:55:00+00:00,0.10128,0.1066,0.10126,0.10587,27302.0
2026-09-05 08:00:00+00:00,0.10599,0.10663,0.10335,0.10625,29834.0
2026-09-05 08:05:00+00:00,0.10633,0.10918,0.10417,0.10913,16868.0
2026-09-05 08:10:00+00:00,0.10913,0.11018,0.10822,0.10971,18139.0
2026-09-05 08:15:00+00:00,0.10957,0.11058,0.10724,0.10724,11693.0
2026-09-05 08:20:00+00:00,0.10739,0.1091,0.10612,0.10638,10204.0
2026-09-05 08:25:00+00:00,0.10662,0.10786,0.10457,0.10551,18788.0
2026-09-05 08:30:00+00:00,0.10557,0.1077,0.1048,0.10748,10577.0
2026-09-05 08:35:00+00:00,0.10759,0.10827,0.10565,0.10739,8270.0
2026-09-05 08:40:00+00:00,0.1074,0.10926,0.107,0.1092,7179.0
2026-09-05 08:45:00+00:00,0.10925,0.12691,0.10921,0.12387,75330.0
2026-09-05 08:50:00+00:00,0.12408,0.13145,0.12327,0.12462,41882.0
2026-09-05 08:55:00+00:00,0.12456,0.12825,0.12336,0.12515,21587.0
2026-09-05 09:00:00+00:00,0.12542,0.12565,0.12116,0.12395,22030.0
2026-09-05 09:05:00+00:00,0.12406,0.12701,0.12212,0.12282,22592.0
2026-09-05 09:10:00+00:00,0.12288,0.12589,0.12286,0.12539,8116.0
2026-09-05 09:15:00+00:00,0.12534,0.12953,0.12438,0.1268,15023.0
2026-09-05 09:20:00+00:00,0.12675,0.13122,0.12562,0.13058,15700.0
2026-09-05 09:25:00+00:00,0.13056,0.1316,0.12029,0.12673,36290.0
2026-09-05 09:30:00+00:00,0.12678,0.12678,0.11942,0.11983,18587.0
2026-09-05 09:35:00+00:00,0.12002,0.12198,0.11637,0.11769,26665.0
2026-09-05 09:40:00+00:00,0.11769,0.11971,0.11511,0.11767,16121.0
2026-09-05 09:45:00+00:00,0.11741,0.1201,0.11426,0.11545,16904.0
2026-09-05 09:50:00+00:00,0.11541,0.1175,0.11371,0.11596,11652.0
2026-09-05 09:55:00+00:00,0.11594,0.11636,0.11324,0.11564,5301.0
2026-09-05 10:00:00+00:00,0.11566,0.11799,0.11448,0.11774,14609.0
2026-09-05 10:05:00+00:00,0.11766,0.11967,0.11751,0.11907,13901.0
2026-09-05 10:10:00+00:00,0.11912,0.1195,0.11796,0.11856,4800.0
2026-09-05 10:15:00+00:00,0.11861,0.121,0.11745,0.11762,14385.0
2026-09-05 10:20:00+00:00,0.11752,0.11806,0.11124,0.11447,24133.0
2026-09-05 10:25:00+00:00,0.1145,0.11523,0.10703,0.11235,74390.0
2026-09-05 10:30:00+00:00,0.11245,0.11455,0.11216,0.11452,12625.0
2026-09-05 10:35:00+00:00,0.11448,0.11524,0.11336,0.11438,8773.0
2026-09-05 10:40:00+00:00,0.11471,0.11592,0.11448,0.11448,3308.0
2026-09-05 10:45:00+00:00,0.11456,0.1171,0.11447,0.11657,4157.0
2026-09-05 10:50:00+00:00,0.11658,0.11713,0.11561,0.11592,1590.0
2026-09-05 10:55:00+00:00,0.1162,0.11622,0.1157,0.11594,616.0
2026-09-05 11:00:00+00:00,0.11605,0.11713,0.11592,0.11688,5379.0
2026-09-05 11:05:00+00:00,0.11676,0.11787,0.11676,0.1175,3271.0
2026-09-05 11:10:00+00:00,0.11744,0.11851,0.11664,0.11811,3450.0
2026-09-05 11:15:00+00:00,0.11789,0.11801,0.11571,0.11604,5240.0
2026-09-05 11:20:00+00:00,0.11641,0.1165,0.11155,0.11191,8750.0
2026-09-05 11:25:00+00:00,0.11195,0.11408,0.11103,0.11388,13414.0
2026-09-05 11:30:00+00:00,0.114,0.1155,0.11198,0.11453,8128.0
2026-09-05 11:35:00+00:00,0.11451,0.1165,0.11363,0.11632,3288.0
2026-09-05 11:40:00+00:00,0.11653,0.11675,0.11539,0.11596,2169.0
2026-09-05 11:45:00+00:00,0.11598,0.11652,0.11561,0.11593,2219.0
2026-09-05 11:50:00+00:00,0.11593,0.11617,0.11501,0.11551,3319.0
2026-09-05 11:55:00+00:00,0.11587,0.11755,0.11587,0.11744,4429.0
2026-09-05 12:00:00+00:00,0.11754,0.1176,0.11616,0.11755,3585.0
2026-09-05 12:05:00+00:00,0.11755,0.12125,0.11754,0.12105,18610.0
2026-09-05 12:10:00+00:00,0.12099,0.12099,0.12,0.12,4859.0
2026-09-05 12:15:00+00:00,0.12004,0.12146,0.11916,0.11975,5834.0
2026-09-05 12:20:00+00:00,0.11992,0.12024,0.11865,0.11935,3205.0
2026-09-05 12:25:00+00:00,0.11928,0.12,0.11626,0.11767,6422.0
2026-09-05 12:30:00+00:00,0.11758,0.12022,0.11758,0.11916,7962.0
2026-09-05 12:35:00+00:00,0.11914,0.11952,0.11874,0.11919,1606.0
2026-09-05 12:40:00+00:00,0.11898,0.11905,0.11606,0.11697,5542.0
2026-09-05 12:45:00+00:00,0.11691,0.11815,0.1166,0.11685,3045.0
2026-09-05 12:50:00+00:00,0.11674,0.11783,0.11607,0.11663,3108.0
2026-09-05 12:55:00+00:00,0.11666,0.11825,0.1163,0.11742,3119.0
2026-09-05 13:00:00+00:00,0.11758,0.11758,0.11606,0.11707,5832.0
2026-09-05 13:05:00+00:00,0.11738,0.11915,0.11732,0.11819,4044.0
2026-09-05 13:10:00+00:00,0.11812,0.11881,0.11664,0.1171,1625.0
2026-09-05 13:15:00+00:00,0.11706,0.11812,0.11653,0.11678,2743.0
2026-09-05 13:20:00+00:00,0.11657,0.11666,0.11386,0.11589,11137.0
2026-09-05 13:25:00+00:00,0.11585,0.11617,0.11448,0.11484,5078.0
2026-09-05 13:30:00+00:00,0.1151,0.1154,0.11347,0.11441,8129.0
2026-09-05 13:35:00+00:00,0.11439,0.11472,0.111,0.11111,26227.0
2026-09-05 13:40:00+00:00,0.11122,0.11331,0.11122,0.11168,8688.0
2026-09-05 13:45:00+00:00,0.11169,0.11217,0.10526,0.11055,39725.0
2026-09-05 13:50:00+00:00,0.11072,0.11072,0.10828,0.10939,11250.0
2026-09-05 13:55:00+00:00,0.1092,0.10993,0.10792,0.10884,11981.0
2026-09-05 14:00:00+00:00,0.10893,0.10955,0.10828,0.10889,5486.0
2026-09-05 14:05:00+00:00,0.10899,0.11056,0.10841,0.11019,8452.0
2026-09-05 14:10:00+00:00,0.11019,0.11305,0.11011,0.113,12089.0
2026-09-05 14:15:00+00:00,0.11302,0.11375,0.11195,0.11316,10431.0
2026-09-05 14:20:00+00:00,0.11304,0.11309,0.1115,0.11249,6274.0
2026-09-05 14:25:00+00:00,0.11238,0.11294,0.11171,0.11254,1900.0
2026-09-05 14:30:00+00:00,0.1125,0.11533,0.1125,0.1148,6985.0
2026-09-05 14:35:00+00:00,0.11433,0.11661,0.11433,0.11542,9419.0
2026-09-05 14:40:00+00:00,0.11536,0.11563,0.11416,0.11416,3456.0
2026-09-05 14:45:00+00:00,0.11423,0.1155,0.1136,0.11514,2250.0
2026-09-05 14:50:00+00:00,0.11533,0.11533,0.1141,0.11527,1807.0
2026-09-05 14:55:00+00:00,0.11516,0.11559,0.11474,0.11528,2011.0
2026-09-05 15:00:00+00:00,0.11529,0.1173,0.11447,0.11725,3910.0
2026-09-05 15:05:00+00:00,0.11709,0.11959,0.11653,0.11793,17288.0
2026-09-05 15:10:00+00:00,0.11785,0.118,0.11677,0.1174,7473.0
2026-09-05 15:15:00+00:00,0.11739,0.118,0.11636,0.11733,3584.0
2026-09-05 15:20:00+00:00,0.11728,0.11817,0.11696,0.117,4446.0
2026-09-05 15:25:00+00:00,0.11705,0.1175,0.11498,0.11631,17098.0
2026-09-05 15:30:00+00:00,0.11617,0.11713,0.11533,0.11533,4224.0
2026-09-05 15:35:00+00:00,0.11533,0.11591,0.11478,0.11536,5780.0
2026-09-05 15:40:00+00:00,0.11525,0.11655,0.11508,0.11596,2485.0
2026-09-05 15:45:00+00:00,0.11607,0.11635,0.11563,0.11575,1756.0
2026-09-05 15:50:00+00:00,0.1157,0.1161,0.11509,0.11527,2385.0
2026-09-05 15:55:00+00:00,0.11562,0.11595,0.11377,0.11425,3226.0
2026-09-05 16:00:00+00:00,0.11459,0.11625,0.11446,0.11548,2504.0
2026-09-05 16:05:00+00:00,0.11558,0.1164,0.11557,0.11572,1512.0
2026-09-05 16:10:00+00:00,0.11568,0.11805,0.11509,0.11655,5809.0
2026-09-05 16:15:00+00:00,0.11637,0.11638,0.11295,0.1149,11504.0
2026-09-05 16:20:00+00:00,0.11465,0.11524,0.11425,0.11504,3683.0
2026-09-05 16:25:00+00:00,0.11495,0.11798,0.11485,0.11792,6772.0
2026-09-05 16:30:00+00:00,0.11782,0.11901,0.11662,0.11792,4083.0
2026-09-05 16:35:00+00:00,0.11796,0.11796,0.11641,0.11787,2408.0
2026-09-05 16:40:00+00:00,0.11758,0.12073,0.11699,0.12031,6436.0
2026-09-05 16:45:00+00:00,0.12033,0.12075,0.11867,0.11962,3691.0
2026-09-05 16:50:00+00:00,0.11954,0.12324,0.11912,0.12304,12539.0
2026-09-05 16:55:00+00:00,0.12272,0.12529,0.1208,0.12453,17052.0
2026-09-05 17:00:00+00:00,0.12487,0.12931,0.12443,0.12925,23809.0
2026-09-05 17:05:00+00:00,0.1293,0.135,0.1263,0.1319,39299.0
2026-09-05 17:10:00+00:00,0.13183,0.13858,0.13103,0.13667,34619.0
2026-09-05 17:15:00+00:00,0.13667,0.13724,0.13363,0.13666,19136.0
2026-09-05 17:20:00+00:00,0.13666,0.13991,0.13446,0.13758,28337.0
2026-09-05 17:25:00+00:00,0.13758,0.1395,0.13564,0.13663,15283.0
2026-09-05 17:30:00+00:00,0.13691,0.13716,0.13439,0.13538,16922.0
2026-09-05 17:35:00+00:00,0.13527,0.13625,0.13093,0.13357,28074.0
2026-09-05 17:40:00+00:00,0.13378,0.13577,0.13179,0.13554,13528.0
2026-09-05 17:45:00+00:00,0.13555,0.13824,0.13265,0.13391,11829.0
2026-09-05 17:50:00+00:00,0.13388,0.13391,0.13118,0.13235,14243.0
2026-09-05 17:55:00+00:00,0.1324,0.13345,0.12933,0.13123,13260.0
2026-09-05 18:00:00+00:00,0.13148,0.13453,0.1303,0.13174,5880.0
2026-09-05 18:05:00+00:00,0.13166,0.1325,0.12835,0.12872,11555.0
2026-09-05 18:10:00+00:00,0.12875,0.12948,0.12536,0.12657,15282.0
2026-09-05 18:15:00+00:00,0.12682,0.12934,0.12671,0.12801,7951.0
2026-09-05 18:20:00+00:00,0.12803,0.12869,0.12545,0.12678,6705.0
2026-09-05 18:25:00+00:00,0.12685,0.128,0.12586,0.12723,4632.0
2026-09-05 18:30:00+00:00,0.12715,0.12738,0.12297,0.1242,9249.0
2026-09-05 18:35:00+00:00,0.1244,0.12466,0.12286,0.12393,9143.0
2026-09-05 18:40:00+00:00,0.12395,0.12525,0.12359,0.1245,4548.0
2026-09-05 18:45:00+00:00,0.12448,0.12448,0.1236,0.12373,2378.0
2026-09-05 18:50:00+00:00,0.12366,0.12707,0.12312,0.12559,5480.0
2026-09-05 18:55:00+00:00,0.12554,0.12907,0.12531,0.1288,7349.0
2026-09-05 19:00:00+00:00,0.1289,0.1297,0.12675,0.12766,4521.0
2026-09-05 19:05:00+00:00,0.12702,0.12788,0.1267,0.12716,3101.0
2026-09-05 19:10:00+00:00,0.12708,0.12747,0.12671,0.12673,1653.0
2026-09-05 19:15:00+00:00,0.1269,0.12765,0.12551,0.12656,2807.0
2026-09-05 19:20:00+00:00,0.12679,0.12738,0.12344,0.1244,6418.0
2026-09-05 19:25:00+00:00,0.12426,0.12451,0.11835,0.11853,19478.0
2026-09-05 19:30:00+00:00,0.11864,0.11999,0.11862,0.11974,8297.0
2026-09-05 19:35:00+00:00,0.11949,0.12109,0.11856,0.1187,5147.0
2026-09-05 19:40:00+00:00,0.11855,0.11925,0.11732,0.11767,8826.0
2026-09-05 19:45:00+00:00,0.11779,0.11834,0.1171,0.1171,3330.0
2026-09-05 19:50:00+00:00,0.11717,0.11832,0.11686,0.1171,3890.0
2026-09-05 19:55:00+00:00,0.11745,0.11799,0.11704,0.11761,3623.0
2026-09-05 20:00:00+00:00,0.11761,0.11965,0.11761,0.11893,4408.0
2026-09-05 20:05:00+00:00,0.1188,0.11926,0.1158,0.11645,6106.0
2026-09-05 20:10:00+00:00,0.11647,0.11656,0.11473,0.11527,8972.0
2026-09-05 20:15:00+00:00,0.11554,0.11618,0.11351,0.11475,4789.0
2026-09-05 20:20:00+00:00,0.11479,0.11582,0.11405,0.11532,3710.0
2026-09-05 20:25:00+00:00,0.1151,0.11631,0.1144,0.11572,1799.0
2026-09-05 20:30:00+00:00,0.11567,0.11583,0.11482,0.11534,1845.0
