trade_id,timestamp,symbol,book,direction,side,price,qty,notional,fee,slippage,reason,realized_pnl,equity_after,cycle_id
1,2026-06-07 20:00:00+00:00,BTC_USDT,long,long,buy,61884.68785,0.00030000000000000003,18.565406355000004,0.0009282703177500003,6.187850000002072,mart_open,0.0,2329.997215374682,0
2,2026-06-07 20:00:00+00:00,BTC_USDT,short,short,sell,61872.31215,0.00030000000000000003,18.561693645000002,0.0009280846822500001,6.187850000002072,mart_open,0.0,2329.9944309350003,0
3,2026-06-07 22:00:00+00:00,BTC_USDT,long,long,sell,62373.52737626473,0.00030000000000000003,18.71205821287942,0.000935602910643971,6.237976535281632,mart_tp,0.14571625496877122,2329.8433835449687,1
4,2026-06-07 22:00:00+00:00,BTC_USDT,short,short,sell,62484.786167972845,0.0004,24.99391446718914,0.001249695723359457,6.249103527152329,mart_add,0.0,2329.6864883164344,0
5,2026-06-07 23:00:00+00:00,BTC_USDT,long,long,buy,63337.43311,0.00030000000000000003,19.001229933,0.0009500614966500001,6.333109999999579,mart_open,0.0,2329.363598321938,1
6,2026-06-07 23:00:00+00:00,BTC_USDT,short,short,sell,63103.323066249606,0.0007,44.17232614637472,0.002208616307318736,6.3109634029679,mart_add,0.0,2329.2019458520053,0
7,2026-06-08 00:00:00+00:00,BTC_USDT,long,long,funding,63331.1,0.00030000000000000003,18.99933,0.0,0.0,funding,-0.0018999330000000001,2329.2000459190053,1
8,2026-06-08 00:00:00+00:00,BTC_USDT,short,short,funding,63331.1,0.0014000000000000002,88.66354000000001,0.0,0.0,funding,0.008866354000000002,2329.2089122730054,0
9,2026-06-08 00:00:00+00:00,BTC_USDT,long,long,sell,63837.74816162251,0.00030000000000000003,19.151324448486754,0.0009575662224243377,6.384413257488632,mart_tp,0.1491369492643299,2328.92916915527,2
10,2026-06-08 00:00:00+00:00,BTC_USDT,short,short,sell,63727.98286128241,0.001,63.72798286128241,0.003186399143064121,6.373435629691812,mart_add,0.0,2329.015165617409,0
11,2026-06-08 01:00:00+00:00,BTC_USDT,long,long,buy,63218.521219999995,0.00030000000000000003,18.965556366,0.0009482778183000001,6.321219999997993,mart_open,0.0,2330.0361609735905,2
12,2026-06-08 05:00:00+00:00,BTC_USDT,long,long,buy,62592.59464140078,0.0004,25.037037856560314,0.0012518518928280157,6.25863360078074,mart_add,0.0,2331.0441812651375,2
13,2026-06-08 05:00:00+00:00,BTC_USDT,short,short,buy,62608.03925411074,0.0024000000000000002,150.2592942098658,0.0075129647104932905,6.260177907621255,mart_tp,1.1891099452699838,2331.4116940905615,1
14,2026-06-08 06:00:00+00:00,BTC_USDT,short,short,sell,62985.7008,0.00030000000000000003,18.89571024,0.000944785512,6.299200000001292,mart_open,0.0,2331.568249545049,1
15,2026-06-08 08:00:00+00:00,BTC_USDT,long,long,funding,63283.0,0.0007000000000000001,44.298100000000005,0.0,0.0,funding,-0.004429810000000001,2331.680219735049,2
16,2026-06-08 08:00:00+00:00,BTC_USDT,short,short,funding,63283.0,0.00030000000000000003,18.984900000000003,0.0,0.0,funding,0.0018984900000000005,2331.682118225049,1
17,2026-06-08 09:00:00+00:00,BTC_USDT,long,long,sell,63357.3993069188,0.0007000000000000001,44.35017951484317,0.0022175089757421585,6.336373568046838,mart_tp,0.34536778330710544,2331.6673302309164,3
18,2026-06-08 10:00:00+00:00,BTC_USDT,long,long,buy,63156.81505,0.00030000000000000003,18.947044515,0.0009473522257500001,6.315049999997427,mart_open,0.0,2331.7688883636906,3
19,2026-06-08 11:00:00+00:00,BTC_USDT,long,long,sell,63655.70336344295,0.00030000000000000003,19.096711009032887,0.0009548355504516445,6.366206957041868,mart_tp,0.1487116584824352,2331.8202545371732,4
20,2026-06-08 11:00:00+00:00,BTC_USDT,short,short,sell,63609.1962522192,0.0004,25.443678500887682,0.001272183925044384,6.3615557808007,mart_add,0.0,2331.870140854136,1
21,2026-06-08 12:00:00+00:00,BTC_USDT,long,long,buy,63868.28619,0.00030000000000000003,19.160485857,0.0009580242928500001,6.386189999997441,mart_open,0.0,2331.600846972843,4
22,2026-06-08 12:00:00+00:00,BTC_USDT,short,short,buy,62841.53156903382,0.0007000000000000001,43.98907209832368,0.002199453604916184,6.283524804421177,mart_tp,0.3481171889590915,2332.312905420915,2
23,2026-06-08 13:00:00+00:00,BTC_USDT,short,short,sell,63751.924170000006,0.00030000000000000003,19.125577251000003,0.0009562788625500001,6.375829999997222,mart_open,0.0,2332.278956393052,2
24,2026-06-08 16:00:00+00:00,BTC_USDT,long,long,funding,63772.5,0.00030000000000000003,19.13175,0.0,0.0,funding,-0.001913175,2332.2770432180523,4
25,2026-06-08 16:00:00+00:00,BTC_USDT,short,short,funding,63772.5,0.00030000000000000003,19.13175,0.0,0.0,funding,0.001913175,2332.278956393052,2
26,2026-06-08 20:00:00+00:00,BTC_USDT,long,long,buy,63235.926288432805,0.0004,25.294370515373124,0.0012647185257686562,6.32296033280727,mart_add,0.0,2332.375801159153,4
27,2026-06-08 20:00:00+00:00,BTC_USDT,short,short,buy,63248.232967517666,0.00030000000000000003,18.974469890255303,0.0009487234945127652,6.324190877661749,mart_tp,0.1501586372501891,2332.444742545403,3
28,2026-06-08 21:00:00+00:00,BTC_USDT,short,short,sell,63719.6274,0.00030000000000000003,19.115888220000002,0.0009557944110000001,6.372600000002421,mart_open,0.0,2332.6132349709924,3
29,2026-06-08 23:00:00+00:00,BTC_USDT,short,short,buy,63216.19136783809,0.00030000000000000003,18.964857410351428,0.0009482428705175714,6.320987038081512,mart_tp,0.15008256677805754,2332.3146393177703,4
30,2026-06-09 00:00:00+00:00,BTC_USDT,long,long,funding,63082.3,0.0007000000000000001,44.157610000000005,0.0,0.0,funding,-0.004415761000000001,2332.3102235567703,4
31,2026-06-09 00:00:00+00:00,BTC_USDT,long,long,buy,62609.82738225103,0.0007,43.82687916757572,0.002191343958378786,6.26035670255078,mart_add,0.0,2331.906703045236,4
32,2026-06-09 00:00:00+00:00,BTC_USDT,short,short,sell,62553.14406,0.00030000000000000003,18.765943218,0.0009382971609000001,6.255940000002738,mart_open,0.0,2331.903887966075,4
33,2026-06-09 04:00:00+00:00,BTC_USDT,short,short,sell,63172.35763304994,0.0004,25.268943053219978,0.0012634471526609989,6.317867550060328,mart_add,0.0,2332.629547572142,4
34,2026-06-09 08:00:00+00:00,BTC_USDT,long,long,funding,63196.3,0.0014000000000000002,88.47482000000002,0.0,0.0,funding,-0.008847482000000002,2332.5847900901426,4
35,2026-06-09 08:00:00+00:00,BTC_USDT,short,short,funding,63196.3,0.0007000000000000001,44.23741000000001,0.0,0.0,funding,0.004423741000000001,2332.5892138311424,4
36,2026-06-09 13:00:00+00:00,BTC_USDT,short,short,buy,62409.96491681188,0.0007000000000000001,43.68697544176832,0.0021843487720884162,6.2403724544346915,mart_tp,0.34572648067956785,2331.838124040602,5
37,2026-06-09 14:00:00+00:00,BTC_USDT,long,long,buy,61989.92748133936,0.001,61.98992748133936,0.003099496374066968,6.19837291083968,mart_add,0.0,2330.3723370628886,4
38,2026-06-09 14:00:00+00:00,BTC_USDT,short,short,sell,61536.64572,0.00030000000000000003,18.460993716,0.0009230496858000001,6.154280000002473,mart_open,0.0,2330.3695677292026,5
39,2026-06-09 15:00:00+00:00,BTC_USDT,long,long,buy,61376.16520934661,0.0016,98.20186433495458,0.004910093216747729,6.137002820651105,mart_add,0.0,2329.0950333010314,4
40,2026-06-09 15:00:00+00:00,BTC_USDT,short,short,buy,61050.456989495426,0.00030000000000000003,18.31513709684863,0.0009157568548424315,6.104435255423596,mart_tp,0.14494086229653,2329.1172604473277,6
41,2026-06-09 16:00:00+00:00,BTC_USDT,long,long,funding,61126.5,0.004,244.506,0.0,0.0,funding,-0.024450600000000003,2329.088409847328,4
42,2026-06-09 16:00:00+00:00,BTC_USDT,short,short,sell,61381.96119,0.00030000000000000003,18.414588357000003,0.0009207294178500002,6.138809999996738,mart_open,0.0,2330.13204747491,6
43,2026-06-09 19:00:00+00:00,BTC_USDT,short,short,sell,61989.58122381981,0.0004,24.795832489527925,0.0012397916244763962,6.1995780801880755,mart_add,0.0,2332.723310172814,6
44,2026-06-10 00:00:00+00:00,BTC_USDT,long,long,funding,61720.8,0.004,246.88320000000002,0.0,0.0,funding,-0.024688320000000003,2331.4446218528137,4
45,2026-06-10 00:00:00+00:00,BTC_USDT,short,short,funding,61720.8,0.0007000000000000001,43.20456000000001,0.0,0.0,funding,0.004320456000000001,2331.4489423088135,6
46,2026-06-10 02:00:00+00:00,BTC_USDT,short,short,buy,61241.46279071953,0.0007000000000000001,42.86902395350368,0.002143451197675184,6.123533925681841,mart_tp,0.3392534418265716,2330.101134904112,7
47,2026-06-10 03:00:00+00:00,BTC_USDT,short,short,sell,61538.44554,0.00030000000000000003,18.461533662,0.0009230766831000001,6.1544599999979255,mart_open,0.0,2331.0747654894294,7
48,2026-06-10 08:00:00+00:00,BTC_USDT,long,long,funding,61685.4,0.004,246.7416,0.0,0.0,funding,-0.02467416,2331.5710513294293,4
49,2026-06-10 08:00:00+00:00,BTC_USDT,short,short,funding,61685.4,0.00030000000000000003,18.50562,0.0,0.0,funding,0.001850562,2331.5729018914294,7
50,2026-06-10 09:00:00+00:00,BTC_USDT,long,long,buy,60768.47979760887,0.0024000000000000002,145.8443515142613,0.007292217575713065,6.076240355723712,mart_add,0.0,2331.6019381595925,4
51,2026-06-10 09:00:00+00:00,BTC_USDT,short,short,buy,61052.24258947756,0.00030000000000000003,18.315672776843268,0.0009157836388421634,6.104613797564525,mart_tp,0.1449451015178882,2331.68452959911,8
52,2026-06-10 10:00:00+00:00,BTC_USDT,short,short,sell,61376.76171,0.00030000000000000003,18.413028513,0.00092065142565,6.138290000002598,mart_open,0.0,2332.0164874606844,8
53,2026-06-10 11:00:00+00:00,BTC_USDT,short,short,buy,60891.83619108163,0.00030000000000000003,18.26755085732449,0.0009133775428662246,6.088574761633936,mart_tp,0.1445642781326441,2329.930573225817,9
54,2026-06-10 12:00:00+00:00,BTC_USDT,short,short,sell,61560.943289999996,0.00030000000000000003,18.468282987000002,0.0009234141493500001,6.156710000002931,mart_open,0.0,2333.3390027986675,9
55,2026-06-10 13:00:00+00:00,BTC_USDT,long,long,sell,62098.855415512175,0.0064,397.43267465927795,0.019871633732963898,6.210506592207821,mart_tp,3.0949241550409305,2336.5488158242124,5
56,2026-06-10 13:00:00+00:00,BTC_USDT,short,short,sell,62170.335067627704,0.0004,24.868134027051084,0.0012434067013525542,6.217655272288539,mart_add,0.0,2336.557466444562,9
57,2026-06-10 14:00:00+00:00,BTC_USDT,long,long,buy,62199.41931999999,0.00030000000000000003,18.659825796,0.0009329912898000001,6.2193199999965145,mart_open,0.0,2336.5213476572726,5
58,2026-06-10 15:00:00+00:00,BTC_USDT,long,long,sell,62690.74497309254,0.00030000000000000003,18.80722349192776,0.0009403611745963881,6.269701467455889,mart_tp,0.14645733475316644,2336.3579607880256,6
59,2026-06-10 15:00:00+00:00,BTC_USDT,short,short,sell,62785.75921446215,0.0007,43.950031450123504,0.0021975015725061754,6.279203841826529,mart_add,0.0,2336.458844736577,9
60,2026-06-10 16:00:00+00:00,BTC_USDT,short,short,funding,62638.6,0.0014000000000000002,87.69404000000002,0.0,0.0,funding,0.008769404000000001,2336.467474140577,9
61,2026-06-10 16:00:00+00:00,BTC_USDT,long,long,buy,62223.82176,0.00030000000000000003,18.667146528,0.0009333573264,6.221760000000359,mart_open,0.0,2337.0540742552503,6
62,2026-06-10 17:00:00+00:00,BTC_USDT,short,short,buy,61854.86835153487,0.0014000000000000002,86.59681569214882,0.004329840784607441,6.18486834831856,mart_tp,0.6853029312411483,2337.4844287223173,10
63,2026-06-10 18:00:00+00:00,BTC_USDT,long,long,buy,61607.74370075423,0.0004,24.643097480301694,0.0012321548740150848,6.160158354236046,mart_add,0.0,2337.5680190871417,6
64,2026-06-10 18:00:00+00:00,BTC_USDT,short,short,sell,61879.61142,0.00030000000000000003,18.563883426,0.0009281941713,6.188580000001821,mart_open,0.0,2337.5652343189704,10
65,2026-06-10 21:00:00+00:00,BTC_USDT,short,short,buy,61390.712986092854,0.00030000000000000003,18.417213895827857,0.0009208606947913928,6.138457452863804,mart_tp,0.14574866947735046,2337.3424695624476,11
66,2026-06-10 22:00:00+00:00,BTC_USDT,short,short,sell,61380.261360000004,0.00030000000000000003,18.414078408,0.0009207039204000002,6.138639999997395,mart_open,0.0,2337.360497266527,11
67,2026-06-11 00:00:00+00:00,BTC_USDT,long,long,funding,61516.8,0.0007000000000000001,43.06176000000001,0.0,0.0,funding,-0.004306176000000001,2337.408351090527,6
68,2026-06-11 00:00:00+00:00,BTC_USDT,short,short,funding,61516.8,0.00030000000000000003,18.455040000000004,0.0,0.0,funding,0.0018455040000000004,2337.410196594527,11
69,2026-06-11 01:00:00+00:00,BTC_USDT,long,long,sell,62360.51469681724,0.0007000000000000001,43.652360287772076,0.002182618014388604,6.2366751371955615,mart_tp,0.33993366145599063,2337.791704264285,7
70,2026-06-11 01:00:00+00:00,BTC_USDT,short,short,sell,61987.86456720264,0.0004,24.795145826881058,0.001239757291344053,6.199406397361599,mart_add,0.0,2337.7030103338743,11
71,2026-06-11 02:00:00+00:00,BTC_USDT,long,long,buy,62152.81466,0.00030000000000000003,18.645844398,0.0009322922199000002,6.214659999997821,mart_open,0.0,2337.7421436436543,7
72,2026-06-11 03:00:00+00:00,BTC_USDT,long,long,sell,62643.77217356227,0.00030000000000000003,18.793131652068684,0.0009396565826034342,6.265003717729996,mart_tp,0.1463475974860784,2337.5119356391406,8
73,2026-06-11 03:00:00+00:00,BTC_USDT,short,short,sell,62601.48243855338,0.0007,43.82103770698736,0.0021910518853493683,6.26077432128659,mart_add,0.0,2337.4497422942422,11
74,2026-06-11 04:00:00+00:00,BTC_USDT,long,long,buy,62735.272899999996,0.00030000000000000003,18.82058187,0.0009410290935000001,6.272899999996298,mart_open,0.0,2337.3883993951486,8
75,2026-06-11 08:00:00+00:00,BTC_USDT,long,long,funding,62717.8,0.00030000000000000003,18.815340000000003,0.0,0.0,funding,-0.0018815340000000002,2337.398837861149,8
76,2026-06-11 08:00:00+00:00,BTC_USDT,short,short,funding,62717.8,0.0014000000000000002,87.80492000000001,0.0,0.0,funding,0.008780492,2337.407618353149,11
77,2026-06-11 10:00:00+00:00,BTC_USDT,short,short,sell,63221.17451321262,0.001,63.221174513212624,0.0031610587256606314,6.322749726292386,mart_add,0.0,2337.023731807636,11
78,2026-06-11 11:00:00+00:00,BTC_USDT,long,long,sell,63230.83136769168,0.00030000000000000003,18.969249410307505,0.0009484624705153753,6.323715508318855,mart_tp,0.1477190778369899,2337.129592755473,9
79,2026-06-11 12:00:00+00:00,BTC_USDT,long,long,buy,63010.50042,0.00030000000000000003,18.903150126,0.0009451575063,6.300419999999576,mart_open,0.0,2337.3705974719664,9
80,2026-06-11 16:00:00+00:00,BTC_USDT,long,long,funding,62746.4,0.00030000000000000003,18.82392,0.0,0.0,funding,-0.001882392,2337.9100950799666,9
81,2026-06-11 16:00:00+00:00,BTC_USDT,short,short,funding,62746.4,0.0024000000000000002,150.59136,0.0,0.0,funding,0.015059136,2337.9251542159664,11
82,2026-06-11 17:00:00+00:00,BTC_USDT,long,long,sell,63508.23296491767,0.00030000000000000003,19.0524698894753,0.0009526234944737651,6.351458442331932,mart_tp,0.1483671399808277,2336.0107514819474,10
83,2026-06-11 18:00:00+00:00,BTC_USDT,long,long,buy,63466.44601,0.00030000000000000003,19.039933803,0.0009519966901500001,6.346010000001115,mart_open,0.0,2336.437015682257,10
84,2026-06-11 19:00:00+00:00,BTC_USDT,short,short,sell,63847.000919718914,0.0015,95.77050137957838,0.004788525068978919,6.385338625834265,mart_add,0.0,2336.4920185367664,11
85,2026-06-12 00:00:00+00:00,BTC_USDT,long,long,funding,63619.4,0.00030000000000000003,19.085820000000002,0.0,0.0,funding,-0.0019085820000000002,2336.437189954767,10
86,2026-06-12 00:00:00+00:00,BTC_USDT,short,short,funding,63619.4,0.0039000000000000003,248.11566000000002,0.0,0.0,funding,0.024811566000000004,2336.4620015207665,11
87,2026-06-12 08:00:00+00:00,BTC_USDT,long,long,funding,63093.9,0.00030000000000000003,18.92817,0.0,0.0,funding,-0.0018928170000000002,2338.3519087037666,10
88,2026-06-12 08:00:00+00:00,BTC_USDT,short,short,funding,63093.9,0.0039000000000000003,246.06621,0.0,0.0,funding,0.024606621000000002,2338.3765153247664,11
89,2026-06-12 14:00:00+00:00,BTC_USDT,long,long,sell,63967.78016032219,0.00030000000000000003,19.19033404809666,0.000959516702404833,6.39741775780567,mart_tp,0.1494407283942541,2335.1203098561605,11
90,2026-06-12 15:00:00+00:00,BTC_USDT,long,long,buy,63602.15958,0.00030000000000000003,19.080647874,0.0009540323937000001,6.35957999999664,mart_open,0.0,2336.677447949767,11
91,2026-06-12 16:00:00+00:00,BTC_USDT,long,long,funding,63595.9,0.00030000000000000003,19.078770000000002,0.0,0.0,funding,-0.0019078770000000003,2336.675180072767,11
92,2026-06-12 16:00:00+00:00,BTC_USDT,short,short,funding,63595.9,0.0039000000000000003,248.02401000000003,0.0,0.0,funding,0.024802401000000005,2336.699982473767,11
93,2026-06-13 00:00:00+00:00,BTC_USDT,long,long,funding,63577.6,0.00030000000000000003,19.07328,0.0,0.0,funding,-0.0019073280000000002,2336.763955145767,11
94,2026-06-13 00:00:00+00:00,BTC_USDT,short,short,funding,63577.6,0.0039000000000000003,247.95264,0.0,0.0,funding,0.024795264,2336.788750409767,11
95,2026-06-13 08:00:00+00:00,BTC_USDT,long,long,funding,63844.3,0.00030000000000000003,19.153290000000002,0.0,0.0,funding,-0.0019153290000000003,2335.826715080767,11
96,2026-06-13 08:00:00+00:00,BTC_USDT,short,short,funding,63844.3,0.0039000000000000003,248.99277000000004,0.0,0.0,funding,0.024899277000000004,2335.851614357767,11
97,2026-06-13 12:00:00+00:00,BTC_USDT,long,long,sell,64104.56575895433,0.00030000000000000003,19.231369727686303,0.0009615684863843152,6.411097685660934,mart_tp,0.14976028519991805,2334.816842516967,12
98,2026-06-13 13:00:00+00:00,BTC_USDT,long,long,buy,64110.61042,0.00030000000000000003,19.233183126,0.0009616591563000001,6.410420000000158,mart_open,0.0,2334.912237731811,12
99,2026-06-13 16:00:00+00:00,BTC_USDT,long,long,funding,64300.0,0.00030000000000000003,19.290000000000003,0.0,0.0,funding,-0.0019290000000000004,2334.2054287318106,12
100,2026-06-13 16:00:00+00:00,BTC_USDT,short,short,funding,64300.0,0.0039000000000000003,250.77,0.0,0.0,funding,0.025077000000000002,2334.230505731811,11
101,2026-06-13 21:00:00+00:00,BTC_USDT,long,long,sell,64617.03295382966,0.00030000000000000003,19.3851098861489,0.000969255494307445,6.4623495303385425,mart_tp,0.1509575046545906,2333.668276362465,13
102,2026-06-13 21:00:00+00:00,BTC_USDT,short,short,sell,64479.02238182321,0.0023,148.30175147819338,0.00741508757390967,6.448547092892113,mart_add,0.0,2333.685522753085,11
103,2026-06-13 22:00:00+00:00,BTC_USDT,long,long,buy,64466.94605,0.00030000000000000003,19.340083815,0.00096700419075,6.44604999999865,mart_open,0.0,2333.730981933894,13
104,2026-06-14 00:00:00+00:00,BTC_USDT,long,long,funding,64454.4,0.00030000000000000003,19.33632,0.0,0.0,funding,-0.0019336320000000002,2333.765038301894,13
105,2026-06-14 00:00:00+00:00,BTC_USDT,short,short,funding,64454.4,0.006200000000000001,399.61728000000005,0.0,0.0,funding,0.03996172800000001,2333.805000029894,11
106,2026-06-14 08:00:00+00:00,BTC_USDT,long,long,funding,64428.4,0.00030000000000000003,19.32852,0.0,0.0,funding,-0.001932852,2333.956467177894,13
107,2026-06-14 08:00:00+00:00,BTC_USDT,short,short,funding,64428.4,0.006200000000000001,399.45608000000004,0.0,0.0,funding,0.03994560800000001,2333.996412785894,11
108,2026-06-14 16:00:00+00:00,BTC_USDT,long,long,funding,64026.9,0.00030000000000000003,19.208070000000003,0.0,0.0,funding,-0.0019208070000000003,2336.363341978894,13
109,2026-06-14 16:00:00+00:00,BTC_USDT,short,short,funding,64026.9,0.006200000000000001,396.96678,0.0,0.0,funding,0.039696678000000006,2336.403038656894,11
110,2026-06-14 17:00:00+00:00,BTC_USDT,long,long,buy,63828.65881715895,0.0004,25.53146352686358,0.001276573176343179,6.3822276589489775,mart_add,0.0,2338.0920085568537,13
111,2026-06-14 21:00:00+00:00,BTC_USDT,long,long,sell,64608.566669466316,0.0007000000000000001,45.22599666862643,0.0022612998334313214,6.461502817226574,mart_tp,0.3521880269294204,2328.959263925647,14
112,2026-06-14 21:00:00+00:00,BTC_USDT,short,short,sell,65117.30022438088,0.0034000000000000002,221.398820762895,0.011069941038144751,6.512381260567054,mart_add,0.0,2328.3086547475036,11
113,2026-06-14 22:00:00+00:00,BTC_USDT,long,long,buy,65419.5413,0.00030000000000000003,19.62586239,0.0009812931195000002,6.541299999997136,mart_open,0.0,2327.272751064384,14
114,2026-06-14 23:00:00+00:00,BTC_USDT,short,short,sell,65761.89637930202,0.0051,335.38567153444035,0.016769283576722017,6.576847322663525,mart_add,0.0,2324.2790333152475,11
115,2026-06-15 00:00:00+00:00,BTC_USDT,long,long,funding,65742.1,0.00030000000000000003,19.722630000000002,0.0,0.0,funding,-0.001972263,2324.2943410522475,14
116,2026-06-15 00:00:00+00:00,BTC_USDT,short,short,funding,65742.1,0.014700000000000001,966.4088700000002,0.0,0.0,funding,0.09664088700000002,2324.3909819392475,11
117,2026-06-15 03:00:00+00:00,BTC_USDT,long,long,sell,65936.30334063695,0.00030000000000000003,19.780891002191087,0.0009890445501095544,6.594289763044799,mart_tp,0.15403956764097645,2321.7390438968887,15
118,2026-06-15 04:00:00+00:00,BTC_USDT,long,long,buy,65651.16446,0.00030000000000000003,19.695349338000003,0.0009847674669,6.564459999994142,mart_open,0.0,2325.8785497914214,15
119,2026-06-15 08:00:00+00:00,BTC_USDT,long,long,funding,65670.2,0.00030000000000000003,19.701060000000002,0.0,0.0,funding,-0.001970106,2325.5079396854217,15
120,2026-06-15 08:00:00+00:00,BTC_USDT,short,short,funding,65670.2,0.014700000000000001,965.35194,0.0,0.0,funding,0.096535194,2325.604474879421,11
121,2026-06-15 11:00:00+00:00,BTC_USDT,long,long,sell,66169.75613830243,0.00030000000000000003,19.85092684149073,0.0009925463420745364,6.617637377567007,mart_tp,0.1545849571486543,2317.46989917457,16
122,2026-06-15 12:00:00+00:00,BTC_USDT,long,long,buy,66568.35617,0.00030000000000000003,19.970506851000003,0.0009985253425500002,6.656170000002021,mart_open,0.0,2312.645303798228,16
123,2026-06-15 12:00:00+00:00,BTC_USDT,short,short,sell,66412.87339156073,0.0077,511.37912511501764,0.025568956255750883,6.641951534315012,mart_add,0.0,2311.4737699569896,11
124,2026-06-15 15:00:00+00:00,BTC_USDT,long,long,sell,67094.19292905807,0.00030000000000000003,20.128257878717424,0.0010064128939358712,6.710090301930904,mart_tp,0.15674461482348653,2295.1864314228133,17
125,2026-06-15 15:00:00+00:00,BTC_USDT,short,short,sell,67070.2944252638,0.0114,764.6013564480073,0.03823006782240037,6.707700212544296,mart_add,0.0,2292.5762978029984,11
126,2026-06-15 16:00:00+00:00,BTC_USDT,short,short,funding,67286.6,0.033800000000000004,2274.2870800000005,0.0,0.0,funding,0.22742870800000006,2293.118066510998,11
127,2026-06-15 16:00:00+00:00,BTC_USDT,long,long,buy,67163.21565,0.0002,13.43264313,0.0006716321565,6.715649999998277,mart_open,0.0,2297.5134317488414,17
128,2026-06-15 19:00:00+00:00,BTC_USDT,long,long,buy,66498.23265184935,0.0004,26.59929306073974,0.001329964653036987,6.649158349347999,mart_add,0.0,2315.7830887234486,17
129,2026-06-16 00:00:00+00:00,BTC_USDT,long,long,funding,66326.4,0.0006000000000000001,39.79584,0.0,0.0,funding,-0.003979584,2325.330749139449,17
130,2026-06-16 00:00:00+00:00,BTC_USDT,short,short,funding,66326.4,0.033800000000000004,2241.83232,0.0,0.0,funding,0.224183232,2325.554932371449,11
131,2026-06-16 02:00:00+00:00,BTC_USDT,long,long,buy,65839.83365036339,0.0006000000000000001,39.50390019021804,0.001975195009510902,6.583325032537687,mart_add,0.0,2344.876776986221,17
132,2026-06-16 08:00:00+00:00,BTC_USDT,long,long,funding,66368.1,0.0012000000000000001,79.64172000000002,0.0,0.0,funding,-0.007964172000000002,2324.477512814221,17
133,2026-06-16 08:00:00+00:00,BTC_USDT,short,short,funding,66368.1,0.033800000000000004,2243.2417800000003,0.0,0.0,funding,0.22432417800000004,2324.701836992221,11
134,2026-06-16 08:00:00+00:00,BTC_USDT,long,long,sell,66803.42154974854,0.0012000000000000001,80.16410585969825,0.004008205292984913,6.681010255997535,mart_tp,0.6242612734474767,2307.3940946466264,18
135,2026-06-16 09:00:00+00:00,BTC_USDT,long,long,buy,66521.95153,0.00030000000000000003,19.956585459000003,0.0009978292729500003,6.651530000002822,mart_open,0.0,2320.2418613583536,18
136,2026-06-16 14:00:00+00:00,BTC_USDT,long,long,buy,65863.31768790146,0.0004,26.345327075160586,0.0013172663537580295,6.585673201465397,mart_add,0.0,2349.0798770168394,18
137,2026-06-16 14:00:00+00:00,BTC_USDT,short,short,buy,65369.611865775565,0.033800000000000004,2209.4928810632146,0.11047464405316074,6.536307555819803,mart_tp,17.485307465945933,2358.510741309572,12
138,2026-06-16 15:00:00+00:00,BTC_USDT,short,short,sell,65858.51349000001,0.00030000000000000003,19.757554047000006,0.0009878777023500003,6.586509999993723,mart_open,0.0,2358.6570174788694,12
139,2026-06-16 16:00:00+00:00,BTC_USDT,long,long,funding,65865.1,0.0007000000000000001,46.10557000000001,0.0,0.0,funding,-0.004610557000000001,2358.6524069218694,18
140,2026-06-16 16:00:00+00:00,BTC_USDT,short,short,funding,65865.1,0.00030000000000000003,19.759530000000005,0.0,0.0,funding,0.0019759530000000008,2358.6543828748695,12
141,2026-06-17 00:00:00+00:00,BTC_USDT,long,long,funding,65671.8,0.0007000000000000001,45.97026000000001,0.0,0.0,funding,-0.0045970260000000015,2358.5724658488693,18
142,2026-06-17 00:00:00+00:00,BTC_USDT,short,short,funding,65671.8,0.00030000000000000003,19.70154,0.0,0.0,funding,0.0019701540000000004,2358.5744360028693,12
143,2026-06-17 07:00:00+00:00,BTC_USDT,short,short,buy,65338.17854661822,0.00030000000000000003,19.60145356398547,0.0009800726781992735,6.533164538210258,mart_tp,0.15512041033633864,2358.5789723662056,13
144,2026-06-17 08:00:00+00:00,BTC_USDT,long,long,funding,65536.7,0.0007000000000000001,45.875690000000006,0.0,0.0,funding,-0.0045875690000000005,2358.5743847972058,18
145,2026-06-17 08:00:00+00:00,BTC_USDT,long,long,buy,65211.20497947355,0.0006000000000000001,39.12672298768413,0.0019563361493842068,6.520468451104534,mart_add,0.0,2357.975765473372,18
146,2026-06-17 08:00:00+00:00,BTC_USDT,short,short,sell,64921.00725,0.00030000000000000003,19.476302175000004,0.0009738151087500003,6.4927499999976135,mart_open,0.0,2357.9728438332636,13
147,2026-06-17 15:00:00+00:00,BTC_USDT,short,short,sell,65563.66030076775,0.0004,26.2254641203071,0.0013112732060153551,6.557021732252906,mart_add,0.0,2358.720276680365,13
148,2026-06-17 16:00:00+00:00,BTC_USDT,long,long,funding,65751.4,0.0013000000000000002,85.47682,0.0,0.0,funding,-0.008547682000000001,2358.7117889983647,18
149,2026-06-17 16:00:00+00:00,BTC_USDT,short,short,funding,65751.4,0.0007000000000000001,46.025980000000004,0.0,0.0,funding,0.004602598,2358.7163915963647,13
150,2026-06-17 16:00:00+00:00,BTC_USDT,long,long,sell,66233.42569196837,0.0013000000000000002,86.10345339955889,0.004305172669977945,6.6240049696934875,mart_tp,0.6705127050441863,2359.2618598232534,19
151,2026-06-17 16:00:00+00:00,BTC_USDT,short,short,sell,66212.67497408505,0.0006000000000000001,39.727604984451034,0.0019863802492225517,6.621929690372781,mart_add,0.0,2359.4707584274556,13
152,2026-06-17 17:00:00+00:00,BTC_USDT,long,long,buy,66106.61,0.00030000000000000003,19.831983,0.0009915991500000002,6.610000000000582,mart_open,0.0,2359.157343828306,19
153,2026-06-17 18:00:00+00:00,BTC_USDT,long,long,buy,65452.088454389996,0.0004,26.180835381756,0.0013090417690878001,6.544554389998666,mart_add,0.0,2359.7688994047803,19
154,2026-06-17 18:00:00+00:00,BTC_USDT,short,short,buy,65195.700694731546,0.0013000000000000002,84.75441090315103,0.004237720545157551,6.518918177651358,mart_tp,0.6707226560619649,2360.173900781084,14
155,2026-06-17 19:00:00+00:00,BTC_USDT,long,long,buy,64804.04732660308,0.0006000000000000001,38.88242839596185,0.0019441214197980928,6.4797567569839885,mart_add,0.0,2359.019318263702,19
156,2026-06-17 19:00:00+00:00,BTC_USDT,short,short,sell,64291.370220000004,0.00030000000000000003,19.287411066000004,0.0009643705533000003,6.429779999998573,mart_open,0.0,2359.016424959149,14
157,2026-06-17 21:00:00+00:00,BTC_USDT,long,long,buy,64162.42245402238,0.001,64.16242245402238,0.0032081211227011188,6.415600685329991,mart_add,0.0,2359.0617943840043,19
158,2026-06-18 00:00:00+00:00,BTC_USDT,long,long,funding,64506.2,0.0023,148.36426,0.0,0.0,funding,-0.014836426000000002,2359.550557958004,19
159,2026-06-18 00:00:00+00:00,BTC_USDT,short,short,funding,64506.2,0.00030000000000000003,19.351860000000002,0.0,0.0,funding,0.0019351860000000002,2359.552493144004,14
160,2026-06-18 05:00:00+00:00,BTC_USDT,short,short,buy,63783.41696216583,0.00030000000000000003,19.13502508864975,0.0009567512544324876,6.377703925820242,mart_tp,0.1514292260958222,2358.6013513041003,15
161,2026-06-18 06:00:00+00:00,BTC_USDT,short,short,sell,64083.19104,0.00030000000000000003,19.224957312,0.0009612478656000001,6.408960000000661,mart_open,0.0,2358.8073073682344,15
162,2026-06-18 08:00:00+00:00,BTC_USDT,long,long,funding,64508.1,0.0023,148.36863,0.0,0.0,funding,-0.014836863,2359.6294705052346,19
163,2026-06-18 08:00:00+00:00,BTC_USDT,short,short,funding,64508.1,0.00030000000000000003,19.352430000000002,0.0,0.0,funding,0.0019352430000000003,2359.6314057482346,15
164,2026-06-18 14:00:00+00:00,BTC_USDT,short,short,buy,63576.882564231164,0.00030000000000000003,19.07306476926935,0.0009536532384634676,6.357052551167726,mart_tp,0.1509388894921867,2358.3235073257265,16
165,2026-06-18 15:00:00+00:00,BTC_USDT,long,long,buy,63527.15030930511,0.0015,95.29072546395766,0.004764536273197883,6.352079822951055,mart_add,0.0,2353.2505573254957,19
166,2026-06-18 15:00:00+00:00,BTC_USDT,short,short,sell,62363.46303,0.00030000000000000003,18.709038909,0.0009354519454500001,6.236969999998109,mart_open,0.0,2353.24775078255,16
167,2026-06-18 16:00:00+00:00,BTC_USDT,long,long,funding,62362.7,0.0038,236.97825999999998,0.0,0.0,funding,-0.023697825999999998,2353.19955295655,19
168,2026-06-18 16:00:00+00:00,BTC_USDT,short,short,funding,62362.7,0.00030000000000000003,18.70881,0.0,0.0,funding,0.001870881,2353.2014238375505,16
169,2026-06-18 16:00:00+00:00,BTC_USDT,long,long,buy,62898.16799409268,0.0024000000000000002,150.95560318582244,0.007547780159291122,6.289187880618556,mart_add,0.0,2353.8315628715686,19
170,2026-06-18 17:00:00+00:00,BTC_USDT,long,long,buy,62275.41323278316,0.0036000000000000003,224.1914876380194,0.01120957438190097,6.226918631415174,mart_add,0.0,2354.5449756591674,19
171,2026-06-18 19:00:00+00:00,BTC_USDT,short,short,sell,62980.79895053397,0.0004,25.19231958021359,0.0012596159790106796,6.298709766029788,mart_add,0.0,2357.788535623402,16
172,2026-06-19 00:00:00+00:00,BTC_USDT,long,long,funding,62956.6,0.009800000000000001,616.97468,0.0,0.0,funding,-0.061697468000000005,2357.800548155402,19
173,2026-06-19 00:00:00+00:00,BTC_USDT,short,short,funding,62956.6,0.0007000000000000001,44.06962000000001,0.0,0.0,funding,0.004406962000000001,2357.804955117402,16
174,2026-06-19 08:00:00+00:00,BTC_USDT,long,long,funding,62623.4,0.009800000000000001,613.70932,0.0,0.0,funding,-0.06137093200000001,2354.7114641854023,19
175,2026-06-19 08:00:00+00:00,BTC_USDT,short,short,funding,62623.4,0.0007000000000000001,43.836380000000005,0.0,0.0,funding,0.0043836380000000005,2354.7158478234023,16
176,2026-06-19 16:00:00+00:00,BTC_USDT,long,long,funding,63213.8,0.009800000000000001,619.4952400000001,0.0,0.0,funding,-0.06194952400000001,2360.026538299402,19
177,2026-06-19 16:00:00+00:00,BTC_USDT,short,short,funding,63213.8,0.0007000000000000001,44.249660000000006,0.0,0.0,funding,0.004424966000000001,2360.030963265402,16
178,2026-06-19 23:00:00+00:00,BTC_USDT,short,short,sell,63604.245879345304,0.0007,44.52297211554171,0.002226148605777086,6.361060694005573,mart_add,0.0,2363.058089232338,16
179,2026-06-20 00:00:00+00:00,BTC_USDT,long,long,funding,63541.2,0.009800000000000001,622.7037600000001,0.0,0.0,funding,-0.062270376000000016,2362.989938856338,19
180,2026-06-20 00:00:00+00:00,BTC_USDT,short,short,funding,63541.2,0.0014000000000000002,88.95768000000001,0.0,0.0,funding,0.008895768000000002,2362.998834624338,16
181,2026-06-20 00:00:00+00:00,BTC_USDT,long,long,sell,63713.16369987301,0.009800000000000001,624.3890042587556,0.03121945021293778,6.371953565343574,mart_tp,4.862299289003014,2364.6735794328806,20
182,2026-06-20 01:00:00+00:00,BTC_USDT,long,long,buy,63579.65733,0.00030000000000000003,19.073897199,0.0009536948599500001,6.35732999999891,mart_open,0.0,2364.6050585390203,20
183,2026-06-20 08:00:00+00:00,BTC_USDT,long,long,funding,63655.5,0.00030000000000000003,19.09665,0.0,0.0,funding,-0.001909665,2364.5127288740205,20
184,2026-06-20 08:00:00+00:00,BTC_USDT,short,short,funding,63655.5,0.0014000000000000002,89.11770000000001,0.0,0.0,funding,0.008911770000000001,2364.5216406440204,16
185,2026-06-20 14:00:00+00:00,BTC_USDT,long,long,sell,64081.88575918113,0.00030000000000000003,19.224565727754342,0.0009612282863877172,6.408829458865512,mart_tp,0.14970730046795352,2364.2406351434884,21
186,2026-06-20 15:00:00+00:00,BTC_USDT,long,long,buy,64161.71553,0.00030000000000000003,19.248514659,0.0009624257329500001,6.415529999998398,mart_open,0.0,2363.9459880587556,21
187,2026-06-20 15:00:00+00:00,BTC_USDT,short,short,sell,64233.86430930495,0.001,64.23386430930495,0.0032116932154652475,6.424028833811462,mart_add,0.0,2364.021340674845,16
188,2026-06-20 16:00:00+00:00,BTC_USDT,long,long,funding,64155.4,0.00030000000000000003,19.246620000000004,0.0,0.0,funding,-0.0019246620000000004,2364.0192060128447,21
189,2026-06-20 16:00:00+00:00,BTC_USDT,short,short,funding,64155.4,0.0024000000000000002,153.97296000000003,0.0,0.0,funding,0.015397296000000003,2364.034603308845,16
190,2026-06-21 00:00:00+00:00,BTC_USDT,long,long,funding,64304.0,0.00030000000000000003,19.291200000000003,0.0,0.0,funding,-0.0019291200000000005,2363.7206141888446,21
191,2026-06-21 00:00:00+00:00,BTC_USDT,short,short,funding,64304.0,0.0024000000000000002,154.32960000000003,0.0,0.0,funding,0.015432960000000004,2363.7360471488446,16
192,2026-06-21 08:00:00+00:00,BTC_USDT,long,long,funding,64193.3,0.00030000000000000003,19.257990000000003,0.0,0.0,funding,-0.0019257990000000004,2363.9665913498447,21
193,2026-06-21 08:00:00+00:00,BTC_USDT,short,short,funding,64193.3,0.0024000000000000002,154.06392000000002,0.0,0.0,funding,0.015406392000000003,2363.9819977418447,16
194,2026-06-21 16:00:00+00:00,BTC_USDT,long,long,funding,64215.1,0.00030000000000000003,19.26453,0.0,0.0,funding,-0.001926453,2363.9342912888446,21
195,2026-06-21 16:00:00+00:00,BTC_USDT,short,short,funding,64215.1,0.0024000000000000002,154.11624,0.0,0.0,funding,0.015411624,2363.9497029128447,16
196,2026-06-21 21:00:00+00:00,BTC_USDT,long,long,buy,63526.45038453747,0.0004,25.41058015381499,0.0012705290076907496,6.352009837471996,mart_add,0.0,2364.914092230022,21
197,2026-06-22 00:00:00+00:00,BTC_USDT,long,long,funding,63310.5,0.0007000000000000001,44.317350000000005,0.0,0.0,funding,-0.004431735000000001,2365.7572804950223,21
198,2026-06-22 00:00:00+00:00,BTC_USDT,short,short,funding,63310.5,0.0024000000000000002,151.94520000000003,0.0,0.0,funding,0.015194520000000003,2365.772475015022,16
199,2026-06-22 01:00:00+00:00,BTC_USDT,long,long,sell,64302.66562080054,0.0007000000000000001,45.01186593456038,0.0022505932967280193,6.430909653041454,mart_tp,0.3505205284486635,2363.3423403562856,22
200,2026-06-22 02:00:00+00:00,BTC_USDT,long,long,buy,64265.025859999994,0.00030000000000000003,19.279507758,0.0009639753879000002,6.425859999995737,mart_open,0.0,2364.186408622898,22
201,2026-06-22 08:00:00+00:00,BTC_USDT,long,long,funding,64207.9,0.00030000000000000003,19.26237,0.0,0.0,funding,-0.0019262370000000001,2364.290952385898,22
202,2026-06-22 08:00:00+00:00,BTC_USDT,short,short,funding,64207.9,0.0024000000000000002,154.09896,0.0,0.0,funding,0.015409896000000001,2364.3063622818977,16
203,2026-06-22 12:00:00+00:00,BTC_USDT,long,long,sell,64772.668152273305,0.00030000000000000003,19.431800445681993,0.0009715900222840997,6.4779146066866815,mart_tp,0.15132109765970916,2362.219781137557,23
204,2026-06-22 12:00:00+00:00,BTC_USDT,short,short,sell,64869.71533210276,0.0015,97.30457299815414,0.004865228649907708,6.487620295236411,mart_add,0.0,2361.7982389070617,16
205,2026-06-22 13:00:00+00:00,BTC_USDT,long,long,buy,65581.95753999999,0.00030000000000000003,19.674587262,0.0009837293631,6.557539999994333,mart_open,0.0,2360.1264779156986,23
206,2026-06-22 13:00:00+00:00,BTC_USDT,short,short,sell,65511.86064417525,0.0023,150.67727948160308,0.007533863974080154,6.5518412485398585,mart_add,0.0,2359.9728035333274,16
207,2026-06-22 14:00:00+00:00,BTC_USDT,long,long,buy,64932.63057839645,0.0004,25.97305223135858,0.001298652611567929,6.49261379645759,mart_add,0.0,2363.5247626493574,23
208,2026-06-22 16:00:00+00:00,BTC_USDT,long,long,funding,64836.2,0.0007000000000000001,45.38534000000001,0.0,0.0,funding,-0.004538534000000001,2364.2896741153572,23
209,2026-06-22 16:00:00+00:00,BTC_USDT,short,short,funding,64836.2,0.006200000000000001,401.98444,0.0,0.0,funding,0.040198444,2364.3298725593577,16
210,2026-06-22 19:00:00+00:00,BTC_USDT,long,long,buy,64289.732603039745,0.0006000000000000001,38.57383956182385,0.0019286919780911926,6.428330427261244,mart_add,0.0,2366.4506943055553,23
211,2026-06-22 22:00:00+00:00,BTC_USDT,short,short,buy,64108.81782376909,0.006200000000000001,397.4746705073684,0.01987373352536842,6.410240758297732,mart_tp,3.1455031529237285,2368.0199200646616,17
212,2026-06-22 23:00:00+00:00,BTC_USDT,short,short,sell,64016.09775,0.00030000000000000003,19.204829325000002,0.0009602414662500001,6.402249999999185,mart_open,0.0,2368.0850291481956,17
213,2026-06-23 00:00:00+00:00,BTC_USDT,long,long,funding,64022.5,0.0013000000000000002,83.22925000000001,0.0,0.0,funding,-0.008322925000000002,2368.0767062231953,23
214,2026-06-23 00:00:00+00:00,BTC_USDT,short,short,funding,64022.5,0.00030000000000000003,19.206750000000003,0.0,0.0,funding,0.0019206750000000004,2368.0786268981956,17
215,2026-06-23 04:00:00+00:00,BTC_USDT,long,long,buy,63653.19996053705,0.001,63.65319996053705,0.0031826599980268526,6.364683527703164,mart_add,0.0,2367.6559442776606,23
216,2026-06-23 05:00:00+00:00,BTC_USDT,short,short,buy,63510.3193648968,0.00030000000000000003,19.053095809469042,0.0009526547904734521,6.3503968967997935,mart_tp,0.15078086074048655,2367.162015813401,18
217,2026-06-23 06:00:00+00:00,BTC_USDT,long,long,buy,63022.96962772777,0.0016,100.83675140436443,0.005041837570218222,6.301666796091013,mart_add,0.0,2365.9636625714666,23
218,2026-06-23 06:00:00+00:00,BTC_USDT,short,short,sell,62932.10616,0.00030000000000000003,18.879631848000002,0.0009439815924000001,6.293839999998454,mart_open,0.0,2365.960830437874,18
219,2026-06-23 08:00:00+00:00,BTC_USDT,long,long,funding,62876.5,0.0039,245.21835,0.0,0.0,funding,-0.024521835,2365.713468602874,23
220,2026-06-23 08:00:00+00:00,BTC_USDT,short,short,funding,62876.5,0.00030000000000000003,18.86295,0.0,0.0,funding,0.0018862950000000003,2365.715354897874,18
221,2026-06-23 08:00:00+00:00,BTC_USDT,long,long,buy,62398.97920544363,0.0024000000000000002,149.75755009306474,0.007487877504653237,6.239273993145616,mart_add,0.0,2363.9295169273046,23
222,2026-06-23 08:00:00+00:00,BTC_USDT,short,short,buy,62434.89217565107,0.00030000000000000003,18.73046765269532,0.0009365233826347661,6.242864931067743,mart_tp,0.1482276719220457,2363.914842751227,19
223,2026-06-23 09:00:00+00:00,BTC_USDT,short,short,sell,62378.661510000005,0.00030000000000000003,18.713598453000003,0.0009356799226500002,6.238489999996091,mart_open,0.0,2363.885575524304,19
224,2026-06-23 16:00:00+00:00,BTC_USDT,long,long,funding,62483.7,0.0063,393.64731,0.0,0.0,funding,-0.039364731,2364.439010793304,23
225,2026-06-23 16:00:00+00:00,BTC_USDT,short,short,funding,62483.7,0.00030000000000000003,18.74511,0.0,0.0,funding,0.0018745110000000001,2364.440885304304,19
226,2026-06-24 00:00:00+00:00,BTC_USDT,long,long,funding,62729.6,0.0063,395.19648,0.0,0.0,funding,-0.039519648000000004,2365.8767656563045,23
227,2026-06-24 00:00:00+00:00,BTC_USDT,short,short,funding,62729.6,0.00030000000000000003,18.81888,0.0,0.0,funding,0.0018818880000000002,2365.8786475443044,19
228,2026-06-24 00:00:00+00:00,BTC_USDT,short,short,sell,62996.14788028749,0.0004,25.198459152115,0.00125992295760575,6.300244812511664,mart_add,0.0,2367.544166773462,19
229,2026-06-24 08:00:00+00:00,BTC_USDT,long,long,funding,62650.9,0.0063,394.70067,0.0,0.0,funding,-0.039470067000000005,2365.5038167064617,23
230,2026-06-24 08:00:00+00:00,BTC_USDT,short,short,funding,62650.9,0.0007000000000000001,43.855630000000005,0.0,0.0,funding,0.004385563,2365.5082022694614,19
231,2026-06-24 13:00:00+00:00,BTC_USDT,long,long,buy,61781.16691233053,0.0036000000000000003,222.41220088438993,0.011120610044219497,6.177498941338854,mart_add,0.0,2356.5080407750274,23
232,2026-06-24 13:00:00+00:00,BTC_USDT,short,short,buy,62235.881743412145,0.0007000000000000001,43.56511722038851,0.0021782558610194255,6.222965877750539,mart_tp,0.34476212886547397,2355.874195298778,20
233,2026-06-24 14:00:00+00:00,BTC_USDT,long,long,buy,61169.47157873154,0.0055000000000000005,336.43209368302354,0.016821604684151177,6.116335524318856,mart_add,0.0,2353.36691001107,23
234,2026-06-24 14:00:00+00:00,BTC_USDT,short,short,sell,61107.08868,0.00030000000000000003,18.332126604000003,0.0009166063302000002,6.11131999999634,mart_open,0.0,2353.3641600087403,20
235,2026-06-24 15:00:00+00:00,BTC_USDT,long,long,buy,60563.83264063052,0.008400000000000001,508.73619418129647,0.025436809709064825,6.055777686291549,mart_add,0.0,2338.121759017735,23
236,2026-06-24 15:00:00+00:00,BTC_USDT,short,short,buy,60624.29379375706,0.00030000000000000003,18.18728813812712,0.000909364406906356,6.061823197058402,mart_tp,0.14392910146597573,2338.014351515201,21
237,2026-06-24 16:00:00+00:00,BTC_USDT,long,long,funding,60269.2,0.0238,1434.40696,0.0,0.0,funding,-0.143440696,2337.8685308192007,23
238,2026-06-24 16:00:00+00:00,BTC_USDT,long,long,buy,59964.19013365564,0.0128,767.5416337107922,0.03837708168553961,5.9958194314240245,mart_add,0.0,2326.395220026723,23
239,2026-06-24 16:00:00+00:00,BTC_USDT,short,short,sell,59844.11499,0.00030000000000000003,17.953234497000004,0.0008976617248500002,5.9850099999966915,mart_open,0.0,2326.392526861998,21
240,2026-06-24 17:00:00+00:00,BTC_USDT,long,long,buy,59370.484687142314,0.0194,1151.787402930561,0.057589370146528054,5.936454823233362,mart_add,0.0,2310.535484561291,23
241,2026-06-24 17:00:00+00:00,BTC_USDT,short,short,buy,59371.29860628702,0.00030000000000000003,17.811389581886107,0.0008905694790943054,5.93653620700934,mart_tp,0.14095434563480286,2310.5430244099257,22
242,2026-06-24 18:00:00+00:00,BTC_USDT,short,short,sell,59598.83952,0.00030000000000000003,17.879651856000002,0.0008939825928000001,5.960480000001553,mart_open,0.0,2322.042742283333,22
243,2026-06-24 20:00:00+00:00,BTC_USDT,long,long,sell,60930.71942494718,0.056,3412.1202877970422,0.17060601438985212,6.093681310623651,mart_tp,26.571175879440837,2395.717604065985,24
244,2026-06-24 20:00:00+00:00,BTC_USDT,short,short,sell,60188.808432408485,0.0004,24.075523372963396,0.0012037761686481698,6.019482791518385,mart_add,0.0,2395.40864366278,22
245,2026-06-24 21:00:00+00:00,BTC_USDT,long,long,buy,61123.01169,0.00030000000000000003,18.336903507000002,0.0009168451753500002,6.111689999997907,mart_open,0.0,2395.2948033106045,24
246,2026-06-24 21:00:00+00:00,BTC_USDT,short,short,sell,60784.6174470809,0.0007,42.54923221295663,0.0021274616106478315,6.079069651670579,mart_add,0.0,2395.06007806195,22
247,2026-06-25 00:00:00+00:00,BTC_USDT,long,long,funding,61077.9,0.00030000000000000003,18.32337,0.0,0.0,funding,-0.001832337,2395.1011457249506,24
248,2026-06-25 00:00:00+00:00,BTC_USDT,short,short,funding,61077.9,0.0014000000000000002,85.50906000000002,0.0,0.0,funding,0.008550906000000002,2395.1096966309506,22
249,2026-06-25 04:00:00+00:00,BTC_USDT,short,short,sell,61386.32437518956,0.001,61.38632437518956,0.0030693162187594783,6.139246362152335,mart_add,0.0,2394.8211716899214,22
250,2026-06-25 05:00:00+00:00,BTC_USDT,long,long,sell,61605.83458394164,0.00030000000000000003,18.481750375182493,0.0009240875187591247,6.161199578353262,mart_tp,0.14392278066373407,2394.3132279775846,25
251,2026-06-25 06:00:00+00:00,BTC_USDT,long,long,buy,61735.87297,0.00030000000000000003,18.520761891,0.00092603809455,6.172969999999623,mart_open,0.0,2394.0054100484904,25
252,2026-06-25 08:00:00+00:00,BTC_USDT,long,long,funding,61909.7,0.00030000000000000003,18.57291,0.0,0.0,funding,-0.001857291,2393.6255527574904,25
253,2026-06-25 08:00:00+00:00,BTC_USDT,short,short,funding,61909.7,0.0024000000000000002,148.58328,0.0,0.0,funding,0.014858328,2393.64041108549,22
254,2026-06-25 11:00:00+00:00,BTC_USDT,long,long,buy,61124.62609172403,0.0004,24.449850436689612,0.0012224925218344807,6.111851424029737,mart_add,0.0,2395.029658156279,25
255,2026-06-25 13:00:00+00:00,BTC_USDT,long,long,buy,60519.431168789866,0.0007,42.36360181815291,0.0021181800909076454,6.051337983080884,mart_add,0.0,2398.5328881580353,25
256,2026-06-25 13:00:00+00:00,BTC_USDT,short,short,buy,60307.53263465372,0.0024000000000000002,144.73807832316893,0.007236903916158447,6.030150248436257,mart_tp,1.14541659002448,2393.7102129309496,23
257,2026-06-25 14:00:00+00:00,BTC_USDT,long,long,buy,59920.228280787676,0.0011,65.91225110886644,0.0032956125554433223,5.991423685707559,mart_add,0.0,2394.845376209528,25
258,2026-06-25 14:00:00+00:00,BTC_USDT,short,short,sell,59462.95311,0.00030000000000000003,17.838885933000004,0.0008919442966500002,5.946889999999257,mart_open,0.0,2394.8427001982313,23
259,2026-06-25 15:00:00+00:00,BTC_USDT,long,long,buy,59326.9581005796,0.0017000000000000001,100.85582877098533,0.005042791438549267,5.932102599799691,mart_add,0.0,2395.4104586358076,25
260,2026-06-25 15:00:00+00:00,BTC_USDT,short,short,buy,58993.148210068524,0.00030000000000000003,17.69794446302056,0.000884897223151028,5.8987249485144275,mart_tp,0.14005657275629452,2395.577799275564,24
261,2026-06-25 16:00:00+00:00,BTC_USDT,long,long,funding,59560.7,0.004200000000000001,250.15494,0.0,0.0,funding,-0.025015494000000003,2395.5813437815636,25
262,2026-06-25 16:00:00+00:00,BTC_USDT,short,short,sell,59301.16929,0.00030000000000000003,17.790350787,0.0008895175393500001,5.930710000000545,mart_open,0.0,2394.5135550510245,24
263,2026-06-25 21:00:00+00:00,BTC_USDT,short,short,sell,59888.19156480171,0.0005,29.944095782400854,0.0014972047891200428,5.989418098288297,mart_add,0.0,2397.881983628636,24
264,2026-06-26 00:00:00+00:00,BTC_USDT,long,long,funding,59805.3,0.004200000000000001,251.18226000000004,0.0,0.0,funding,-0.025118226000000004,2396.471365402636,25
265,2026-06-26 00:00:00+00:00,BTC_USDT,short,short,funding,59805.3,0.0008,47.844240000000006,0.0,0.0,funding,0.004784424000000001,2396.476149826636,24
266,2026-06-26 02:00:00+00:00,BTC_USDT,long,long,buy,58739.56188842576,0.0025,146.8489047210644,0.007342445236053221,5.873368851956911,mart_add,0.0,2391.8094826603356,25
267,2026-06-26 02:00:00+00:00,BTC_USDT,short,short,buy,59196.632817431666,0.0008,47.35730625394533,0.0023678653126972668,5.919071374606574,mart_tp,0.374772450142827,2391.3010085410774,25
268,2026-06-26 03:00:00+00:00,BTC_USDT,long,long,sell,60015.31254565656,0.006700000000000001,402.10259405589903,0.020105129702794954,6.002131467714207,mart_tp,3.1312901794375754,2401.0046974672737,26
269,2026-06-26 03:00:00+00:00,BTC_USDT,short,short,sell,60037.39566,0.00030000000000000003,18.011218698000004,0.0009005609349000002,6.004339999999502,mart_open,0.0,2401.001995604339,25
270,2026-06-26 04:00:00+00:00,BTC_USDT,long,long,buy,59923.191719999995,0.00030000000000000003,17.976957516,0.0008988478757999999,5.991719999998168,mart_open,0.0,2401.0371592404626,26
271,2026-06-26 06:00:00+00:00,BTC_USDT,long,long,sell,60396.536996034614,0.00030000000000000003,18.118961098810384,0.0009059480549405193,6.04025772537716,mart_tp,0.1410976347554474,2401.0580143912184,27
272,2026-06-26 07:00:00+00:00,BTC_USDT,long,long,buy,60535.752969999994,0.00030000000000000003,18.160725891,0.0009080362945499999,6.0529699999970035,mart_open,0.0,2400.993580463924,27
273,2026-06-26 07:00:00+00:00,BTC_USDT,short,short,sell,60631.70583963834,0.0004,24.25268233585534,0.001212634116792767,6.063776961658732,mart_add,0.0,2401.0331701656623,25
274,2026-06-26 08:00:00+00:00,BTC_USDT,long,long,funding,60524.5,0.00030000000000000003,18.15735,0.0,0.0,funding,-0.0018157350000000002,2401.033434430662,27
275,2026-06-26 08:00:00+00:00,BTC_USDT,short,short,funding,60524.5,0.0007000000000000001,42.36715000000001,0.0,0.0,funding,0.004236715000000001,2401.037671145662,25
276,2026-06-26 09:00:00+00:00,BTC_USDT,long,long,buy,59936.38847984403,0.0005,29.968194239922013,0.0014984097119961008,5.99303954403149,mart_add,0.0,2401.2512384960282,27
277,2026-06-26 09:00:00+00:00,BTC_USDT,short,short,buy,59899.97486366722,0.0007000000000000001,41.92998240456706,0.0020964991202283532,5.989398546509619,mart_tp,0.3318221301680573,2401.133379592341,26
278,2026-06-26 10:00:00+00:00,BTC_USDT,long,long,buy,59342.95829750509,0.0007,41.54007080825356,0.002077003540412678,5.933702459500637,mart_add,0.0,2400.778001780547,27
279,2026-06-26 10:00:00+00:00,BTC_USDT,short,short,sell,59310.368370000004,0.00030000000000000003,17.793110511000002,0.0008896555255500002,5.9316299999991315,mart_open,0.0,2400.775332636021,26
280,2026-06-26 12:00:00+00:00,BTC_USDT,short,short,sell,59897.48170649463,0.0005,29.948740853247315,0.001497437042662366,5.990347205370199,mart_add,0.0,2400.972936052226,26
281,2026-06-26 13:00:00+00:00,BTC_USDT,long,long,buy,58755.40366740149,0.0011,64.63094403414165,0.0032315472017070824,5.874952871454298,mart_add,0.0,2403.2141204708823,27
282,2026-06-26 13:00:00+00:00,BTC_USDT,short,short,buy,59205.815681235836,0.0008,47.36465254498867,0.002368232627249434,5.91998956916359,mart_tp,0.3748305866313967,2403.982779693267,27
283,2026-06-26 14:00:00+00:00,BTC_USDT,long,long,sell,59814.91577679171,0.0026,155.51878101965843,0.007775939050982922,5.982089786659344,mart_tp,1.2110701072902408,2403.052824773874,28
284,2026-06-26 14:00:00+00:00,BTC_USDT,short,short,sell,59583.34107,0.00030000000000000003,17.875002321000004,0.0008937501160500002,5.9589300000006915,mart_open,0.0,2403.050143344758,27
285,2026-06-26 15:00:00+00:00,BTC_USDT,long,long,buy,60332.332630000004,0.00030000000000000003,18.099699789000002,0.0009049849894500002,6.032630000001518,mart_open,0.0,2402.8263285707685,28
286,2026-06-26 15:00:00+00:00,BTC_USDT,short,short,sell,60173.15656325193,0.0004,24.069262625300773,0.0012034631312650387,6.017917448072694,mart_add,0.0,2402.763867732938,27
287,2026-06-26 16:00:00+00:00,BTC_USDT,long,long,funding,60326.4,0.00030000000000000003,18.097920000000002,0.0,0.0,funding,-0.0018097920000000004,2402.7620179409378,28
288,2026-06-26 16:00:00+00:00,BTC_USDT,short,short,funding,60326.4,0.0007000000000000001,42.228480000000005,0.0,0.0,funding,0.004222848,2402.766240788938,27
289,2026-06-26 18:00:00+00:00,BTC_USDT,long,long,buy,59734.982204630374,0.0005,29.86749110231519,0.0014933745551157596,5.972900930370088,mart_add,0.0,2402.9944463120673,28
290,2026-06-27 00:00:00+00:00,BTC_USDT,long,long,funding,60103.5,0.0008,48.0828,0.0,0.0,funding,-0.00480828,2403.0333580320676,28
291,2026-06-27 00:00:00+00:00,BTC_USDT,short,short,funding,60103.5,0.0007000000000000001,42.07245,0.0,0.0,funding,0.004207245000000001,2403.037565277067,27
292,2026-06-27 04:00:00+00:00,BTC_USDT,long,long,sell,60432.61665700483,0.0008,48.34609332560387,0.0024173046662801937,6.043866052306839,mart_tp,0.3764851296223952,2403.2021912980053,29
293,2026-06-27 05:00:00+00:00,BTC_USDT,long,long,buy,60246.72407,0.00030000000000000003,18.074017221000002,0.0009037008610500001,6.024069999999483,mart_open,0.0,2403.199690376144,29
294,2026-06-27 08:00:00+00:00,BTC_USDT,long,long,funding,60545.7,0.00030000000000000003,18.163710000000002,0.0,0.0,funding,-0.0018163710000000002,2403.075874005144,29
295,2026-06-27 08:00:00+00:00,BTC_USDT,short,short,funding,60545.7,0.0007000000000000001,42.38199,0.0,0.0,funding,0.004238199000000001,2403.080112204144,27
296,2026-06-27 15:00:00+00:00,BTC_USDT,long,long,sell,60722.624992773744,0.00030000000000000003,18.216787497832126,0.0009108393748916063,6.072869786257797,mart_tp,0.1418594374572306,2402.9281588626013,30
297,2026-06-27 15:00:00+00:00,BTC_USDT,short,short,sell,60768.81064007156,0.0007,42.538167448050096,0.002126908372402505,6.077488812887168,mart_add,0.0,2402.878089402279,27
298,2026-06-27 16:00:00+00:00,BTC_USDT,short,short,funding,60837.4,0.0014000000000000002,85.17236000000001,0.0,0.0,funding,0.008517236000000001,2402.8864666382788,27
299,2026-06-27 16:00:00+00:00,BTC_USDT,long,long,buy,60810.78047,0.00030000000000000003,18.243234141000002,0.0009121617070500001,6.080470000000787,mart_open,0.0,2402.9295103355716,30
300,2026-06-27 19:00:00+00:00,BTC_USDT,long,long,buy,60208.69293256653,0.0004,24.083477173026616,0.0012041738586513308,6.0202672665327555,mart_add,0.0,2403.607008988686,30
301,2026-06-27 22:00:00+00:00,BTC_USDT,short,short,buy,59867.8239946354,0.0014000000000000002,83.81495359248957,0.004190747679624479,5.986183781082218,mart_tp,0.6632880541816719,2404.070524648517,28
302,2026-06-27 23:00:00+00:00,BTC_USDT,short,short,sell,60021.09729,0.00030000000000000003,18.006329187000002,0.0009003164593500002,6.002710000000661,mart_open,0.0,2403.927123519058,28
303,2026-06-28 00:00:00+00:00,BTC_USDT,long,long,funding,60027.0,0.0007000000000000001,42.01890000000001,0.0,0.0,funding,-0.0042018900000000015,2403.922881629058,30
304,2026-06-28 00:00:00+00:00,BTC_USDT,short,short,funding,60027.0,0.00030000000000000003,18.008100000000002,0.0,0.0,funding,0.0018008100000000003,2403.9246824390584,28
305,2026-06-28 08:00:00+00:00,BTC_USDT,long,long,funding,60219.7,0.0007000000000000001,42.15379,0.0,0.0,funding,-0.004215379,2403.997547060058,30
306,2026-06-28 08:00:00+00:00,BTC_USDT,short,short,funding,60219.7,0.00030000000000000003,18.065910000000002,0.0,0.0,funding,0.0018065910000000004,2403.9993536510583,28
307,2026-06-28 16:00:00+00:00,BTC_USDT,long,long,funding,59893.1,0.0007000000000000001,41.92517000000001,0.0,0.0,funding,-0.004192517000000001,2403.864521134058,30
308,2026-06-28 16:00:00+00:00,BTC_USDT,short,short,funding,59893.1,0.00030000000000000003,17.967930000000003,0.0,0.0,funding,0.0017967930000000003,2403.8663179270584,28
309,2026-06-28 16:00:00+00:00,BTC_USDT,long,long,buy,59612.566663841186,0.0007,41.72879666468883,0.0020864398332344418,5.960660600321717,mart_add,0.0,2403.836314822536,30
310,2026-06-28 17:00:00+00:00,BTC_USDT,short,short,buy,59546.88260453117,0.00030000000000000003,17.864064781359353,0.0008932032390679678,5.9540928511705715,mart_tp,0.14137120240158182,2403.735736837938,29
311,2026-06-28 18:00:00+00:00,BTC_USDT,short,short,sell,59601.13929,0.00030000000000000003,17.880341787000003,0.0008940170893500002,5.960709999999381,mart_open,0.0,2403.760494607848,29
312,2026-06-28 22:00:00+00:00,BTC_USDT,long,long,buy,59022.34264130249,0.0011,64.92457690543274,0.0032462288452716373,5.901644099722034,mart_add,0.0,2403.2186414735706,30
313,2026-06-28 22:00:00+00:00,BTC_USDT,short,short,buy,59130.242608697576,0.00030000000000000003,17.739072782609274,0.0008869536391304637,5.912433017569128,mart_tp,0.1403820507515988,2403.199651737322,30
314,2026-06-28 23:00:00+00:00,BTC_USDT,short,short,sell,59570.242379999996,0.00030000000000000003,17.871072714,0.0008935536357000001,5.957620000001043,mart_open,0.0,2404.4627208976863,30
315,2026-06-29 00:00:00+00:00,BTC_USDT,long,long,funding,59576.4,0.0025000000000000005,148.94100000000003,0.0,0.0,funding,-0.014894100000000004,2404.4482667976863,30
316,2026-06-29 00:00:00+00:00,BTC_USDT,short,short,funding,59576.4,0.00030000000000000003,17.87292,0.0,0.0,funding,0.0017872920000000002,2404.4500540896865,30
317,2026-06-29 00:00:00+00:00,BTC_USDT,short,short,buy,59099.58980900409,0.00030000000000000003,17.729876942701228,0.0008864938471350615,5.909368044092844,mart_tp,0.14030927745163782,2404.8092106531376,31
318,2026-06-29 01:00:00+00:00,BTC_USDT,short,short,sell,59429.856420000004,0.00030000000000000003,17.828956926000004,0.0008914478463000002,5.943579999999201,mart_open,0.0,2404.2380361312917,31
319,2026-06-29 02:00:00+00:00,BTC_USDT,short,short,buy,58960.313010396865,0.00030000000000000003,17.68809390311906,0.0008844046951559531,5.895441756860237,mart_tp,0.1399786181857856,2405.174797823477,32
320,2026-06-29 03:00:00+00:00,BTC_USDT,long,long,sell,60062.76334826602,0.0025000000000000005,150.15690837066506,0.007507845418533253,6.006877022526169,mart_tp,1.1693156410983447,2405.939698348724,31
321,2026-06-29 03:00:00+00:00,BTC_USDT,short,short,sell,60038.79552000001,0.00030000000000000003,18.011638656000002,0.0009005819328000001,6.004479999995965,mart_open,0.0,2405.936996422791,32
322,2026-06-29 04:00:00+00:00,BTC_USDT,long,long,buy,59836.68307,0.00030000000000000003,17.951004921000003,0.0008975502460500001,5.983070000002044,mart_open,0.0,2405.998533951545,31
323,2026-06-29 05:00:00+00:00,BTC_USDT,short,short,buy,59564.44100435558,0.00030000000000000003,17.869332301306677,0.0008934666150653339,5.955848515586695,mart_tp,0.1414128880782595,2406.159328183623,33
324,2026-06-29 06:00:00+00:00,BTC_USDT,long,long,sell,60309.34499690655,0.00030000000000000003,18.092803499071966,0.0009046401749535983,6.031537653456326,mart_tp,0.14089393789700883,2406.22020704252,32
325,2026-06-29 06:00:00+00:00,BTC_USDT,short,short,sell,60070.69233,0.00030000000000000003,18.021207699,0.0009010603849500001,6.007669999999052,mart_open,0.0,2406.2175036811354,33
326,2026-06-29 07:00:00+00:00,BTC_USDT,long,long,buy,60036.10301,0.00030000000000000003,18.010830903000002,0.0009005415451500002,6.003010000000359,mart_open,0.0,2406.22878223659,32
327,2026-06-29 08:00:00+00:00,BTC_USDT,long,long,funding,60030.0,0.00030000000000000003,18.009,0.0,0.0,funding,-0.0018009,2406.22698133659,32
328,2026-06-29 08:00:00+00:00,BTC_USDT,short,short,funding,60030.0,0.00030000000000000003,18.009,0.0,0.0,funding,0.0018009,2406.22878223659,33
329,2026-06-29 12:00:00+00:00,BTC_USDT,long,long,sell,60510.34019489659,0.00030000000000000003,18.153102058468978,0.0009076551029234489,6.051639183409861,mart_tp,0.14136350036605422,2406.3955866399565,33
330,2026-06-29 12:00:00+00:00,BTC_USDT,short,short,sell,60665.33211337467,0.0004,24.26613284534987,0.0012133066422674935,6.067139925326046,mart_add,0.0,2406.679986178664,33
331,2026-06-29 13:00:00+00:00,BTC_USDT,long,long,buy,59587.358140000004,0.00030000000000000003,17.876207442000002,0.0008938103721000001,5.958140000002459,mart_open,0.0,2406.9362349262915,33
332,2026-06-29 13:00:00+00:00,BTC_USDT,short,short,buy,59933.195320252955,0.0007000000000000001,41.953236724177074,0.0020976618362088537,5.992720260001079,mart_tp,0.3320061583365882,2406.6878805402785,34
333,2026-06-29 14:00:00+00:00,BTC_USDT,short,short,sell,59453.95401,0.00030000000000000003,17.836186203,0.0008918093101500001,5.945990000000165,mart_open,0.0,2406.648754933968,34
334,2026-06-29 16:00:00+00:00,BTC_USDT,long,long,funding,59820.4,0.00030000000000000003,17.94612,0.0,0.0,funding,-0.0017946120000000001,2406.6469603219684,33
335,2026-06-29 16:00:00+00:00,BTC_USDT,short,short,funding,59820.4,0.00030000000000000003,17.94612,0.0,0.0,funding,0.0017946120000000001,2406.648754933968,34
336,2026-06-29 17:00:00+00:00,BTC_USDT,long,long,sell,60058.05059941949,0.00030000000000000003,18.01741517982585,0.0009008707589912926,6.006405700514733,mart_tp,0.14030686706685455,2406.543289243035,34
337,2026-06-29 17:00:00+00:00,BTC_USDT,short,short,sell,60042.488700744994,0.0004,24.016995480298,0.0012008497740149,6.004849355005717,mart_add,0.0,2406.396443873559,34
338,2026-06-29 18:00:00+00:00,BTC_USDT,long,long,buy,60296.32903,0.00030000000000000003,18.088898709000002,0.0009044449354500001,6.029029999997874,mart_open,0.0,2406.4751407196236,34
339,2026-06-30 00:00:00+00:00,BTC_USDT,long,long,funding,60256.9,0.00030000000000000003,18.077070000000003,0.0,0.0,funding,-0.0018077070000000004,2406.4866930126236,34
340,2026-06-30 00:00:00+00:00,BTC_USDT,short,short,funding,60256.9,0.0007000000000000001,42.17983000000001,0.0,0.0,funding,0.0042179830000000015,2406.4909109956234,34
341,2026-06-30 03:00:00+00:00,BTC_USDT,long,long,buy,59699.335076273965,0.0005,29.849667538136984,0.0014924833769068492,5.9693365739658475,mart_add,0.0,2406.7044709741094,34
342,2026-06-30 08:00:00+00:00,BTC_USDT,long,long,funding,59529.7,0.0008,47.62376,0.0,0.0,funding,-0.004762376,2406.6907185981095,34
343,2026-06-30 08:00:00+00:00,BTC_USDT,short,short,funding,59529.7,0.0007000000000000001,41.670790000000004,0.0,0.0,funding,0.004167079000000001,2406.6948856771096,34
344,2026-06-30 08:00:00+00:00,BTC_USDT,short,short,buy,59317.86866493514,0.0007000000000000001,41.5225080654546,0.00207612540327273,5.931193747121142,mart_tp,0.3285974924401283,2406.670611486252,35
345,2026-06-30 09:00:00+00:00,BTC_USDT,short,short,sell,59367.16269,0.00030000000000000003,17.810148807,0.0008905074403500001,5.937310000001162,mart_open,0.0,2406.7131397858116,35
346,2026-06-30 12:00:00+00:00,BTC_USDT,long,long,buy,59108.251959683774,0.0007,41.37577637177864,0.002068788818588932,5.910234172552009,mart_add,0.0,2405.743264625214,34
347,2026-06-30 12:00:00+00:00,BTC_USDT,short,short,buy,58898.11461101884,0.00030000000000000003,17.669434383305653,0.0008834717191652827,5.8892225388481165,mart_tp,0.13983095197518136,2405.596576770189,36
348,2026-06-30 13:00:00+00:00,BTC_USDT,long,long,buy,58523.02115703095,0.0011,64.37532327273405,0.003218766163636703,5.85171694400924,mart_add,0.0,2406.3098447312914,34
349,2026-06-30 13:00:00+00:00,BTC_USDT,short,short,sell,58728.726539999996,0.00030000000000000003,17.618617962000002,0.0008809308981000001,5.873460000002524,mart_open,0.0,2406.3072017623936,36
350,2026-06-30 15:00:00+00:00,BTC_USDT,short,short,buy,58264.72261735277,0.00030000000000000003,17.47941678520583,0.0008739708392602916,5.8258896727638785,mart_tp,0.1383272059549106,2405.530011006348,37
351,2026-06-30 16:00:00+00:00,BTC_USDT,long,long,funding,58381.8,0.0026,151.79268,0.0,0.0,funding,-0.015179268,2405.514831738348,34
352,2026-06-30 16:00:00+00:00,BTC_USDT,short,short,sell,58488.65055,0.00030000000000000003,17.546595165000003,0.0008773297582500002,5.849450000001525,mart_open,0.0,2405.80521957359,37
353,2026-07-01 00:00:00+00:00,BTC_USDT,long,long,funding,58632.5,0.0026,152.4445,0.0,0.0,funding,-0.015244450000000001,2406.10737512359,34
354,2026-07-01 00:00:00+00:00,BTC_USDT,short,short,funding,58632.5,0.00030000000000000003,17.589750000000002,0.0,0.0,funding,0.0017589750000000003,2406.1091340985904,37
355,2026-07-01 01:00:00+00:00,BTC_USDT,long,long,buy,57943.58472455518,0.0017000000000000001,98.5040940317438,0.00492520470158719,5.793779094543424,mart_add,0.0,2407.828964862145,34
356,2026-07-01 01:00:00+00:00,BTC_USDT,short,short,buy,58026.54341973457,0.00030000000000000003,17.40796302592037,0.0008703981512960186,5.802074134560826,mart_tp,0.13776174092833543,2408.051401438073,38
357,2026-07-01 02:00:00+00:00,BTC_USDT,long,long,sell,59112.99741204194,0.0043,254.18588887178035,0.012709294443589017,5.911890930299705,mart_tp,1.9794196539432802,2409.5097110154097,35
358,2026-07-01 02:00:00+00:00,BTC_USDT,short,short,sell,59082.19119,0.00030000000000000003,17.724657357,0.0008862328678500001,5.908810000000813,mart_open,0.0,2409.507052139542,38
359,2026-07-01 03:00:00+00:00,BTC_USDT,long,long,buy,59202.51966,0.00030000000000000003,17.760755898,0.0008880377949,5.919659999999567,mart_open,0.0,2409.471838203747,35
360,2026-07-01 06:00:00+00:00,BTC_USDT,long,long,buy,58616.35551284634,0.0005,29.30817775642317,0.0014654088878211587,5.861049446342804,mart_add,0.0,2409.538095038436,35
361,2026-07-01 06:00:00+00:00,BTC_USDT,short,short,buy,58615.394613846045,0.00030000000000000003,17.584618384153814,0.0008792309192076907,5.860953366049216,mart_tp,0.1391597419269781,2409.578137423363,39
362,2026-07-01 07:00:00+00:00,BTC_USDT,short,short,sell,58759.92342000001,0.00030000000000000003,17.627977026000003,0.0008813988513000003,5.876579999996466,mart_open,0.0,2409.5866930505117,39
363,2026-07-01 08:00:00+00:00,BTC_USDT,long,long,funding,58765.9,0.0008,47.01272,0.0,0.0,funding,-0.004701272,2409.5820417785117,35
364,2026-07-01 08:00:00+00:00,BTC_USDT,short,short,funding,58765.9,0.00030000000000000003,17.62977,0.0,0.0,funding,0.0017629770000000002,2409.5838047555117,39
365,2026-07-01 13:00:00+00:00,BTC_USDT,long,long,sell,59300.92571893273,0.0008,47.44074057514619,0.0023720370287573095,5.93068564045825,mart_tp,0.36943488369426025,2409.7912932936288,36
366,2026-07-01 13:00:00+00:00,BTC_USDT,short,short,sell,59341.58790193459,0.0005,29.670793950967294,0.0014835396975483649,5.934752265420684,mart_add,0.0,2409.714053704899,39
367,2026-07-01 14:00:00+00:00,BTC_USDT,long,long,buy,59548.35424,0.00030000000000000003,17.864506272000003,0.0008932253136000002,5.954239999999118,mart_open,0.0,2409.6719342075853,36
368,2026-07-01 14:00:00+00:00,BTC_USDT,short,short,sell,59929.01028057584,0.0007,41.95030719640309,0.0020975153598201545,5.993500378091994,mart_add,0.0,2409.9404638886285,39
369,2026-07-01 15:00:00+00:00,BTC_USDT,long,long,sell,60018.73859981261,0.00030000000000000003,18.005621579943785,0.0009002810789971893,6.002474107393937,mart_tp,0.14021502686478404,2409.1818651874933,37
370,2026-07-01 15:00:00+00:00,BTC_USDT,short,short,sell,60522.247553343266,0.0011,66.5744723086776,0.00332872361543388,6.052830038337561,mart_add,0.0,2409.5959287725555,39
371,2026-07-01 16:00:00+00:00,BTC_USDT,short,short,funding,60142.8,0.0026,156.37128,0.0,0.0,funding,0.015637128000000004,2409.6115659005554,39
372,2026-07-01 16:00:00+00:00,BTC_USDT,long,long,buy,59925.69197,0.00030000000000000003,17.977707591,0.0008988853795500001,5.991970000002766,mart_open,0.0,2410.188929424176,37
373,2026-07-01 21:00:00+00:00,BTC_USDT,long,long,sell,60399.05699600943,0.00030000000000000003,18.11971709880283,0.0009059858549401416,6.0405097505718,mart_tp,0.1411035219478886,2408.009250537124,38
374,2026-07-01 22:00:00+00:00,BTC_USDT,long,long,buy,60479.84738,0.00030000000000000003,18.143954214,0.0009071977107,6.047379999996338,mart_open,0.0,2408.888449125413,38
375,2026-07-01 22:00:00+00:00,BTC_USDT,short,short,sell,61121.35728187381,0.0016,97.7941716509981,0.004889708582549905,6.112747002887772,mart_add,0.0,2409.919651067829,39
376,2026-07-02 00:00:00+00:00,BTC_USDT,long,long,funding,60033.8,0.00030000000000000003,18.010140000000003,0.0,0.0,funding,-0.0018010140000000005,2411.6338500538286,38
377,2026-07-02 00:00:00+00:00,BTC_USDT,short,short,funding,60033.8,0.0042,252.14195999999998,0.0,0.0,funding,0.025214196,2411.6590642498286,39
378,2026-07-02 00:00:00+00:00,BTC_USDT,long,long,buy,59881.036411090616,0.0005,29.94051820554531,0.0014970259102772656,5.987504890617856,mart_add,0.0,2412.6924090183734,38
379,2026-07-02 00:00:00+00:00,BTC_USDT,short,short,buy,59908.080770004126,0.0042,251.61393923401732,0.012580696961700867,5.99020905609359,mart_tp,1.9912022020670663,2412.0238690873944,40
380,2026-07-02 01:00:00+00:00,BTC_USDT,short,short,sell,60172.08219,0.00030000000000000003,18.051624657,0.0009025812328500001,6.017809999997553,mart_open,0.0,2412.3621211631616,40
381,2026-07-02 03:00:00+00:00,BTC_USDT,long,long,sell,60580.376605102225,0.0008,48.464301284081785,0.0024232150642040894,6.058643524862418,mart_tp,0.3774056494722711,2412.415239232179,39
382,2026-07-02 03:00:00+00:00,BTC_USDT,short,short,sell,60767.72563159881,0.0004,24.307090252639526,0.0012153545126319765,6.077380301190715,mart_add,0.0,2412.294834130306,40
383,2026-07-02 04:00:00+00:00,BTC_USDT,long,long,buy,60794.67886,0.00030000000000000003,18.238403658000003,0.0009119201829000001,6.078860000001441,mart_open,0.0,2412.4860685521226,39
384,2026-07-02 07:00:00+00:00,BTC_USDT,long,long,buy,60192.75074460714,0.0004,24.077100297842858,0.0012038550148921428,6.018673207137908,mart_add,0.0,2412.7232043992653,39
385,2026-07-02 08:00:00+00:00,BTC_USDT,long,long,funding,60146.9,0.0007000000000000001,42.102830000000004,0.0,0.0,funding,-0.004210283,2412.718994116265,39
386,2026-07-02 08:00:00+00:00,BTC_USDT,short,short,funding,60146.9,0.0007000000000000001,42.102830000000004,0.0,0.0,funding,0.004210283,2412.7232043992653,40
387,2026-07-02 09:00:00+00:00,BTC_USDT,long,long,sell,60928.23226384406,0.0007000000000000001,42.64976258469085,0.0021324881292345424,6.093432569643483,mart_tp,0.33212614071875685,2412.543714495827,40
388,2026-07-02 09:00:00+00:00,BTC_USDT,short,short,sell,61369.26534762601,0.0007,42.95848574333821,0.0021479242871669103,6.137540288793389,mart_add,0.0,2412.672932314878,40
389,2026-07-02 10:00:00+00:00,BTC_USDT,long,long,buy,61270.226409999996,0.00030000000000000003,18.381067923,0.00091905339615,6.126409999997122,mart_open,0.0,2412.5546753384815,40
390,2026-07-02 13:00:00+00:00,BTC_USDT,long,long,sell,61754.212182457864,0.00030000000000000003,18.52626365473736,0.0009263131827368681,6.176038822130067,mart_tp,0.14426941855462377,2411.7632026800366,41
391,2026-07-02 13:00:00+00:00,BTC_USDT,short,short,sell,61976.75970530216,0.001,61.976759705302165,0.0030988379852651083,6.198295800109918,mart_add,0.0,2411.8030635473533,40
392,2026-07-02 14:00:00+00:00,BTC_USDT,long,long,buy,61698.76926,0.00030000000000000003,18.509630778000002,0.0009254815389000002,6.169260000002396,mart_open,0.0,2412.379167287814,41
393,2026-07-02 16:00:00+00:00,BTC_USDT,long,long,funding,61613.3,0.00030000000000000003,18.483990000000002,0.0,0.0,funding,-0.0018483990000000004,2412.5438488888144,41
394,2026-07-02 16:00:00+00:00,BTC_USDT,short,short,funding,61613.3,0.0024000000000000002,147.87192000000002,0.0,0.0,funding,0.014787192000000003,2412.5586360808143,40
395,2026-07-03 00:00:00+00:00,BTC_USDT,long,long,funding,61560.3,0.00030000000000000003,18.468090000000004,0.0,0.0,funding,-0.0018468090000000005,2412.668089271814,41
396,2026-07-03 00:00:00+00:00,BTC_USDT,short,short,funding,61560.3,0.0024000000000000002,147.74472000000003,0.0,0.0,funding,0.014774472000000004,2412.6828637438143,40
397,2026-07-03 08:00:00+00:00,BTC_USDT,long,long,funding,61753.8,0.00030000000000000003,18.52614,0.0,0.0,funding,-0.0018526140000000003,2412.2746611298144,41
398,2026-07-03 08:00:00+00:00,BTC_USDT,short,short,funding,61753.8,0.0024000000000000002,148.20912,0.0,0.0,funding,0.014820912000000002,2412.2894820418146,40
399,2026-07-03 13:00:00+00:00,BTC_USDT,long,long,sell,62186.140178138594,0.00030000000000000003,18.65584205344158,0.0009327921026720792,6.219235941403895,mart_tp,0.14527848333890583,2411.5487313031535,42
400,2026-07-03 14:00:00+00:00,BTC_USDT,long,long,buy,62173.2167,0.00030000000000000003,18.65196501,0.0009325982505000001,6.216699999997218,mart_open,0.0,2411.423773694903,42
401,2026-07-03 16:00:00+00:00,BTC_USDT,long,long,funding,61924.1,0.00030000000000000003,18.57723,0.0,0.0,funding,-0.0018577230000000001,2411.932005971903,42
402,2026-07-03 16:00:00+00:00,BTC_USDT,short,short,funding,61924.1,0.0024000000000000002,148.61784,0.0,0.0,funding,0.014861784000000001,2411.946867755903,40
403,2026-07-03 20:00:00+00:00,BTC_USDT,long,long,sell,62664.33537335664,0.00030000000000000003,18.799300612006995,0.0009399650306003498,6.267060243357264,mart_tp,0.14639563697639252,2410.1248784028794,43
404,2026-07-03 20:00:00+00:00,BTC_USDT,short,short,sell,62590.26764962495,0.0016,100.14442823939991,0.005007221411969996,6.259652730237576,mart_add,0.0,2409.823659420867,40
405,2026-07-03 21:00:00+00:00,BTC_USDT,long,long,buy,62735.272899999996,0.00030000000000000003,18.82058187,0.0009410290935000001,6.272899999996298,mart_open,0.0,2410.0064365217736,43
406,2026-07-04 00:00:00+00:00,BTC_USDT,long,long,funding,62581.2,0.00030000000000000003,18.77436,0.0,0.0,funding,-0.0018774360000000003,2410.551419085774,43
407,2026-07-04 00:00:00+00:00,BTC_USDT,short,short,funding,62581.2,0.004,250.32479999999998,0.0,0.0,funding,0.02503248,2410.576451565774,40
408,2026-07-04 08:00:00+00:00,BTC_USDT,long,long,funding,62577.2,0.00030000000000000003,18.77316,0.0,0.0,funding,-0.0018773160000000002,2410.5893742497738,43
409,2026-07-04 08:00:00+00:00,BTC_USDT,short,short,funding,62577.2,0.004,250.3088,0.0,0.0,funding,0.025030880000000002,2410.614405129774,40
410,2026-07-04 16:00:00+00:00,BTC_USDT,long,long,funding,62934.6,0.00030000000000000003,18.880380000000002,0.0,0.0,funding,-0.0018880380000000003,2409.2901370917734,43
411,2026-07-04 16:00:00+00:00,BTC_USDT,short,short,funding,62934.6,0.004,251.7384,0.0,0.0,funding,0.025173840000000003,2409.3153109317736,40
412,2026-07-04 17:00:00+00:00,BTC_USDT,long,long,sell,63230.83136769168,0.00030000000000000003,18.969249410307505,0.0009484624705153753,6.323715508318855,mart_tp,0.1477190778369899,2408.0416318796106,44
413,2026-07-04 17:00:00+00:00,BTC_USDT,short,short,sell,63209.84870908858,0.0024000000000000002,151.70363690181262,0.007585181845090631,6.3216170326122665,mart_add,0.0,2407.877683599578,40
414,2026-07-04 18:00:00+00:00,BTC_USDT,long,long,buy,63172.516619999995,0.00030000000000000003,18.951754986,0.0009475877493000001,6.3166199999977835,mart_open,0.0,2408.5711610258286,44
415,2026-07-05 00:00:00+00:00,BTC_USDT,long,long,funding,63141.5,0.00030000000000000003,18.94245,0.0,0.0,funding,-0.0018942450000000001,2408.719936780829,44
416,2026-07-05 00:00:00+00:00,BTC_USDT,short,short,funding,63141.5,0.0064,404.10560000000004,0.0,0.0,funding,0.040410560000000005,2408.760347340829,40
417,2026-07-05 08:00:00+00:00,BTC_USDT,long,long,funding,63018.9,0.00030000000000000003,18.90567,0.0,0.0,funding,-0.0018905670000000001,2409.5063167738285,44
418,2026-07-05 08:00:00+00:00,BTC_USDT,short,short,funding,63018.9,0.0064,403.32096,0.0,0.0,funding,0.040332096000000005,2409.5466488698285,40
419,2026-07-05 09:00:00+00:00,BTC_USDT,long,long,buy,62547.045532945376,0.0004,25.01881821317815,0.0012509409106589075,6.2540791453793645,mart_add,0.0,2411.9736697157396,44
420,2026-07-05 16:00:00+00:00,BTC_USDT,long,long,funding,62743.2,0.0007000000000000001,43.92024000000001,0.0,0.0,funding,-0.004392024000000001,2411.3012376917395,44
421,2026-07-05 16:00:00+00:00,BTC_USDT,short,short,funding,62743.2,0.0064,401.55648,0.0,0.0,funding,0.040155648,2411.3413933397396,40
422,2026-07-05 22:00:00+00:00,BTC_USDT,long,long,sell,63311.293644275844,0.0007000000000000001,44.317905550993096,0.002215895277549655,6.331762540678028,mart_tp,0.34511645653740003,2405.3893229954556,45
423,2026-07-05 22:00:00+00:00,BTC_USDT,short,short,sell,63835.56300145985,0.0035,223.42447050510947,0.011171223525255474,6.3841947196197,mart_add,0.0,2405.7301222770398,40
424,2026-07-05 23:00:00+00:00,BTC_USDT,long,long,buy,63653.46471,0.00030000000000000003,19.096039413000003,0.0009548019706500002,6.364710000001651,mart_open,0.0,2406.597468062069,45
425,2026-07-06 00:00:00+00:00,BTC_USDT,long,long,funding,63644.2,0.00030000000000000003,19.09326,0.0,0.0,funding,-0.0019093260000000003,2406.6233987360692,45
426,2026-07-06 00:00:00+00:00,BTC_USDT,short,short,funding,63644.2,0.0099,630.07758,0.0,0.0,funding,0.06300775800000001,2406.686406494069,40
427,2026-07-06 05:00:00+00:00,BTC_USDT,long,long,buy,63023.23175590629,0.0004,25.209292702362514,0.0012604646351181258,6.301693006287678,mart_add,0.0,2411.7920533270712,45
428,2026-07-06 08:00:00+00:00,BTC_USDT,long,long,funding,63092.5,0.0007000000000000001,44.164750000000005,0.0,0.0,funding,-0.0044164750000000004,2412.0047568520713,45
429,2026-07-06 08:00:00+00:00,BTC_USDT,short,short,funding,63092.5,0.0099,624.61575,0.0,0.0,funding,0.062461575000000005,2412.0672184270716,40
430,2026-07-06 12:00:00+00:00,BTC_USDT,long,long,buy,62399.23873829105,0.0007,43.679467116803735,0.002183973355840187,6.2392999438307015,mart_add,0.0,2423.925867336912,45
431,2026-07-06 12:00:00+00:00,BTC_USDT,short,short,buy,62388.65885181502,0.0099,617.6477226329687,0.030882386131648436,6.23824206097197,mart_tp,4.88789098550157,2417.6138423178118,41
432,2026-07-06 13:00:00+00:00,BTC_USDT,long,long,buy,61781.42387554323,0.001,61.78142387554323,0.003089071193777162,6.177524635088048,mart_add,0.0,2417.6260093710744,45
433,2026-07-06 13:00:00+00:00,BTC_USDT,short,short,sell,61765.72281,0.00030000000000000003,18.529716843000003,0.0009264858421500001,6.177190000002156,mart_open,0.0,2417.623229728232,41
434,2026-07-06 14:00:00+00:00,BTC_USDT,short,short,sell,62377.14170009619,0.0004,24.950856680038477,0.0012475428340019239,6.238338003808167,mart_add,0.0,2418.3263088654367,41
435,2026-07-06 15:00:00+00:00,BTC_USDT,long,long,sell,62895.52352386746,0.0024000000000000002,150.9492564572819,0.007547462822864096,6.290181370524806,mart_tp,1.1754858867495492,2419.3109378598956,46
436,2026-07-06 15:00:00+00:00,BTC_USDT,short,short,sell,62994.613025785446,0.0007,44.09622911804981,0.0022048114559024908,6.3000913117066375,mart_add,0.0,2418.9223421664897,41
437,2026-07-06 16:00:00+00:00,BTC_USDT,short,short,funding,63546.7,0.0014000000000000002,88.96538000000001,0.0,0.0,funding,0.008896538,2418.9310987044896,41
438,2026-07-06 16:00:00+00:00,BTC_USDT,long,long,buy,63735.57292,0.00030000000000000003,19.120671876000003,0.0009560335938000002,6.3729200000016135,mart_open,0.0,2418.672730794896,46
439,2026-07-06 16:00:00+00:00,BTC_USDT,short,short,sell,63618.1967001277,0.001,63.618196700127704,0.003180909835006385,6.362455915601458,mart_add,0.0,2418.5585465851887,41
440,2026-07-06 21:00:00+00:00,BTC_USDT,long,long,sell,64239.03295760967,0.00030000000000000003,19.271709887282903,0.0009635854943641452,6.424545750334801,mart_tp,0.1500744257885351,2416.893492886977,47
441,2026-07-06 21:00:00+00:00,BTC_USDT,short,short,sell,64247.95322926227,0.0015,96.3719298438934,0.00481859649219467,6.425437866710126,mart_add,0.0,2416.5311541343785,41
442,2026-07-06 22:00:00+00:00,BTC_USDT,long,long,buy,64253.72473,0.00030000000000000003,19.276117419000002,0.0009638058709500001,6.424729999998817,mart_open,0.0,2417.4603629095072,47
443,2026-07-07 00:00:00+00:00,BTC_USDT,long,long,funding,64040.3,0.00030000000000000003,19.212090000000003,0.0,0.0,funding,-0.0019212090000000003,2418.2036417005074,47
444,2026-07-07 00:00:00+00:00,BTC_USDT,short,short,funding,64040.3,0.0039000000000000003,249.75717000000003,0.0,0.0,funding,0.024975717000000005,2418.2286174175074,41
445,2026-07-07 02:00:00+00:00,BTC_USDT,long,long,buy,63617.54860144827,0.0004,25.447019440579307,0.0012723509720289653,6.361118748267472,mart_add,0.0,2420.6886056259564,47
446,2026-07-07 05:00:00+00:00,BTC_USDT,long,long,buy,62987.67125274532,0.0007,44.091369876921725,0.0022045684938460865,6.298137311539904,mart_add,0.0,2421.4158311805404,47
447,2026-07-07 05:00:00+00:00,BTC_USDT,short,short,buy,62977.167279744535,0.0039000000000000003,245.6109523910037,0.012280547619550186,6.297087019273022,mart_tp,1.9436962464861751,2421.9855582419173,42
448,2026-07-07 06:00:00+00:00,BTC_USDT,short,short,sell,63336.065760000005,0.00030000000000000003,19.000819728000003,0.0009500409864000002,6.334239999996498,mart_open,0.0,2422.2851079289308,42
449,2026-07-07 08:00:00+00:00,BTC_USDT,long,long,funding,63084.5,0.0014000000000000002,88.31830000000001,0.0,0.0,funding,-0.00883183,2421.9925860989306,47
450,2026-07-07 08:00:00+00:00,BTC_USDT,short,short,funding,63084.5,0.00030000000000000003,18.92535,0.0,0.0,funding,0.0018925350000000003,2421.994478633931,42
451,2026-07-07 14:00:00+00:00,BTC_USDT,short,short,buy,62835.6601716434,0.00030000000000000003,18.850698051493023,0.0009425349025746512,6.282937723393843,mart_tp,0.14917914160440637,2422.7324880475353,43
452,2026-07-07 15:00:00+00:00,BTC_USDT,long,long,sell,63940.05020579571,0.0014000000000000002,89.51607028811401,0.004475803514405701,6.394644485029858,mart_tp,0.6970877480985611,2423.2614825321352,48
453,2026-07-07 15:00:00+00:00,BTC_USDT,short,short,sell,63928.70649,0.00030000000000000003,19.178611947,0.0009589305973500001,6.393510000001697,mart_open,0.0,2423.2586055485376,43
454,2026-07-07 16:00:00+00:00,BTC_USDT,short,short,funding,63938.1,0.00030000000000000003,19.181430000000002,0.0,0.0,funding,0.0019181430000000004,2423.259623691538,43
455,2026-07-07 16:00:00+00:00,BTC_USDT,long,long,buy,63992.59862,0.00030000000000000003,19.197779586,0.0009598889793,6.398619999999937,mart_open,0.0,2423.2423142165585,48
456,2026-07-07 19:00:00+00:00,BTC_USDT,short,short,buy,63423.618565763805,0.00030000000000000003,19.02708556972914,0.0009513542784864572,6.341727683808131,mart_tp,0.15057502299237105,2423.360187292551,44
457,2026-07-07 20:00:00+00:00,BTC_USDT,short,short,sell,63691.23024,0.00030000000000000003,19.107369072,0.0009553684536000001,6.369760000001406,mart_open,0.0,2423.3206909960973,44
458,2026-07-07 21:00:00+00:00,BTC_USDT,long,long,buy,63359.00790106337,0.0004,25.34360316042535,0.0012671801580212674,6.335267263377318,mart_add,0.0,2423.345380655514,48
459,2026-07-08 00:00:00+00:00,BTC_USDT,long,long,funding,63368.6,0.0007000000000000001,44.35802,0.0,0.0,funding,-0.004435802000000001,2423.318824853514,48
460,2026-07-08 00:00:00+00:00,BTC_USDT,short,short,funding,63368.6,0.00030000000000000003,19.01058,0.0,0.0,funding,0.0019010580000000002,2423.320725911514,44
461,2026-07-08 01:00:00+00:00,BTC_USDT,short,short,buy,63188.018568119805,0.00030000000000000003,18.956405570435944,0.0009478202785217972,6.318170039805409,mart_tp,0.15001568128553572,2423.1461025207996,45
462,2026-07-08 02:00:00+00:00,BTC_USDT,long,long,buy,62731.69036383495,0.0007,43.912183254684464,0.0021956091627342235,6.272541782207554,mart_add,0.0,2423.278033656952,48
463,2026-07-08 02:00:00+00:00,BTC_USDT,short,short,sell,62976.901679999995,0.00030000000000000003,18.893070504,0.0009446535252000001,6.298320000001695,mart_open,0.0,2423.275199507427,45
464,2026-07-08 08:00:00+00:00,BTC_USDT,long,long,funding,62887.4,0.0014000000000000002,88.04236000000002,0.0,0.0,funding,-0.008804236000000002,2423.161015271427,48
465,2026-07-08 08:00:00+00:00,BTC_USDT,short,short,funding,62887.4,0.00030000000000000003,18.866220000000002,0.0,0.0,funding,0.0018866220000000003,2423.1629018934273,45
466,2026-07-08 08:00:00+00:00,BTC_USDT,long,long,buy,62110.583897542616,0.001,62.11058389754262,0.003105529194877131,6.210437346016988,mart_add,0.0,2422.1112924666895,48
467,2026-07-08 08:00:00+00:00,BTC_USDT,short,short,buy,62479.33377520665,0.00030000000000000003,18.743800132561997,0.0009371900066280999,6.247308646656165,mart_tp,0.14833318143137528,2421.9720151441206,46
468,2026-07-08 09:00:00+00:00,BTC_USDT,short,short,sell,62053.09407000001,0.00030000000000000003,18.615928221000004,0.0009307964110500003,6.205929999996442,mart_open,0.0,2422.0678625687096,46
469,2026-07-08 15:00:00+00:00,BTC_USDT,short,short,buy,61562.82498437175,0.00030000000000000003,18.468847495311525,0.0009234423747655763,6.155666931743326,mart_tp,0.14615728331371156,2421.3691616310234,47
470,2026-07-08 16:00:00+00:00,BTC_USDT,long,long,funding,61702.4,0.0024000000000000002,148.08576000000002,0.0,0.0,funding,-0.014808576000000002,2421.3445130550235,48
471,2026-07-08 16:00:00+00:00,BTC_USDT,short,short,sell,62103.68901,0.00030000000000000003,18.631106703000004,0.0009315553351500002,6.210989999999583,mart_open,0.0,2422.3197182026884,47
472,2026-07-09 00:00:00+00:00,BTC_USDT,long,long,funding,62287.3,0.0024000000000000002,149.48952000000003,0.0,0.0,funding,-0.014948952000000003,2422.6773092506883,48
473,2026-07-09 00:00:00+00:00,BTC_USDT,short,short,funding,62287.3,0.00030000000000000003,18.686190000000003,0.0,0.0,funding,0.0018686190000000004,2422.6791778696884,47
474,2026-07-09 06:00:00+00:00,BTC_USDT,short,short,sell,62718.453427509994,0.0004,25.087381371004,0.0012543690685502,6.272472590011603,mart_add,0.0,2423.981054871624,47
475,2026-07-09 07:00:00+00:00,BTC_USDT,long,long,sell,63230.61926313827,0.0024000000000000002,151.75348623153187,0.0075876743115765935,6.3236942957446445,mart_tp,1.1817486585678603,2424.6052834288444,49
476,2026-07-09 08:00:00+00:00,BTC_USDT,short,short,funding,63003.7,0.0007000000000000001,44.102590000000006,0.0,0.0,funding,0.004410259000000001,2424.6096936878444,47
477,2026-07-09 08:00:00+00:00,BTC_USDT,long,long,buy,62900.88946,0.00030000000000000003,18.870266838000003,0.0009435133419000002,6.289459999999963,mart_open,0.0,2424.6832333365023,49
478,2026-07-09 16:00:00+00:00,BTC_USDT,long,long,funding,62870.8,0.00030000000000000003,18.861240000000002,0.0,0.0,funding,-0.0018861240000000003,2424.6908672125023,49
479,2026-07-09 16:00:00+00:00,BTC_USDT,short,short,funding,62870.8,0.0007000000000000001,44.00956000000001,0.0,0.0,funding,0.004400956000000001,2424.6952681685025,47
480,2026-07-09 18:00:00+00:00,BTC_USDT,long,long,sell,63397.75616602244,0.00030000000000000003,19.019326849806735,0.0009509663424903368,6.340409657568671,mart_tp,0.14810904546423942,2424.6127940519664,50
481,2026-07-09 18:00:00+00:00,BTC_USDT,short,short,sell,63339.30339798892,0.0007,44.337512378592244,0.0022168756189296125,6.334563796175644,mart_add,0.0,2424.69891955494,47
482,2026-07-09 19:00:00+00:00,BTC_USDT,long,long,buy,63256.92506,0.00030000000000000003,18.977077518,0.0009488538759000001,6.32506000000285,mart_open,0.0,2424.6435731830643,50
483,2026-07-10 00:00:00+00:00,BTC_USDT,long,long,funding,63222.0,0.00030000000000000003,18.966600000000003,0.0,0.0,funding,-0.0018966600000000003,2424.673136523064,50
484,2026-07-10 00:00:00+00:00,BTC_USDT,short,short,funding,63222.0,0.0014000000000000002,88.51080000000002,0.0,0.0,funding,0.008851080000000002,2424.681987603064,47
485,2026-07-10 01:00:00+00:00,BTC_USDT,long,long,sell,63756.604162433956,0.00030000000000000003,19.12698124873019,0.0009563490624365095,6.376298046045122,mart_tp,0.14894738166774985,2424.1030525027318,51
486,2026-07-10 02:00:00+00:00,BTC_USDT,long,long,buy,63968.49621,0.00030000000000000003,19.190548863,0.00095952744315,6.396209999998973,mart_open,0.0,2423.8023941122888,51
487,2026-07-10 02:00:00+00:00,BTC_USDT,short,short,sell,63966.29916232562,0.001,63.96629916232562,0.003198314958116281,6.397269643195614,mart_add,0.0,2423.803394959656,47
488,2026-07-10 08:00:00+00:00,BTC_USDT,long,long,funding,63978.2,0.00030000000000000003,19.19346,0.0,0.0,funding,-0.0019193460000000002,2423.7676656136564,51
489,2026-07-10 08:00:00+00:00,BTC_USDT,short,short,funding,63978.2,0.0024000000000000002,153.54768,0.0,0.0,funding,0.015354768000000001,2423.783020381656,47
490,2026-07-10 10:00:00+00:00,BTC_USDT,long,long,sell,64473.79615526203,0.00030000000000000003,19.34213884657861,0.0009671069423289305,6.448024417964916,mart_tp,0.15062287663628163,2422.9164921212923,52
491,2026-07-10 11:00:00+00:00,BTC_USDT,long,long,buy,64430.142369999994,0.00030000000000000003,19.329042711,0.0009664521355500001,6.442369999997027,mart_open,0.0,2422.8586329581567,52
492,2026-07-10 12:00:00+00:00,BTC_USDT,short,short,sell,64599.50155773348,0.0015,96.89925233660021,0.004844962616830011,6.460596215394617,mart_add,0.0,2423.58801033214,47
493,2026-07-10 16:00:00+00:00,BTC_USDT,long,long,funding,64036.5,0.00030000000000000003,19.21095,0.0,0.0,funding,-0.001921095,2424.5094892371403,52
494,2026-07-10 16:00:00+00:00,BTC_USDT,short,short,funding,64036.5,0.0039000000000000003,249.74235000000002,0.0,0.0,funding,0.024974235000000004,2424.53446347214,47
495,2026-07-10 18:00:00+00:00,BTC_USDT,long,long,buy,63792.21953039462,0.0004,25.51688781215785,0.0012758443906078925,6.378584094629332,mart_add,0.0,2425.3633798155915,52
496,2026-07-11 00:00:00+00:00,BTC_USDT,long,long,funding,64165.2,0.0007000000000000001,44.91564,0.0,0.0,funding,-0.004491564000000001,2424.2145682515916,52
497,2026-07-11 00:00:00+00:00,BTC_USDT,short,short,funding,64165.2,0.0039000000000000003,250.24428,0.0,0.0,funding,0.025024428,2424.2395926795916,47
498,2026-07-11 08:00:00+00:00,BTC_USDT,long,long,funding,64161.0,0.0007000000000000001,44.91270000000001,0.0,0.0,funding,-0.004491270000000001,2424.248541409592,52
499,2026-07-11 08:00:00+00:00,BTC_USDT,short,short,funding,64161.0,0.0039000000000000003,250.2279,0.0,0.0,funding,0.025022790000000003,2424.273564199592,47
500,2026-07-11 16:00:00+00:00,BTC_USDT,long,long,funding,64174.4,0.0007000000000000001,44.92208000000001,0.0,0.0,funding,-0.004492208000000001,2424.226191991592,52
501,2026-07-11 16:00:00+00:00,BTC_USDT,short,short,funding,64174.4,0.0039000000000000003,250.28016000000002,0.0,0.0,funding,0.025028016000000004,2424.2512200075917,47
502,2026-07-12 00:00:00+00:00,BTC_USDT,long,long,funding,63822.2,0.0007000000000000001,44.675540000000005,0.0,0.0,funding,-0.004467554,2425.3737924535917,52
503,2026-07-12 00:00:00+00:00,BTC_USDT,short,short,funding,63822.2,0.0039000000000000003,248.90658,0.0,0.0,funding,0.024890658,2425.3986831115917,47
504,2026-07-12 08:00:00+00:00,BTC_USDT,long,long,funding,63886.5,0.0007000000000000001,44.72055000000001,0.0,0.0,funding,-0.004472055000000001,2425.188451056592,52
505,2026-07-12 08:00:00+00:00,BTC_USDT,short,short,funding,63886.5,0.0039000000000000003,249.15735,0.0,0.0,funding,0.024915735,2425.213366791592,47
506,2026-07-12 16:00:00+00:00,BTC_USDT,long,long,funding,64175.9,0.0007000000000000001,44.92313000000001,0.0,0.0,funding,-0.004492313000000001,2424.2827944785918,52
507,2026-07-12 16:00:00+00:00,BTC_USDT,short,short,funding,64175.9,0.0039000000000000003,250.28601000000003,0.0,0.0,funding,0.025028601000000004,2424.307823079592,47
508,2026-07-13 00:00:00+00:00,BTC_USDT,long,long,funding,63780.9,0.0007000000000000001,44.64663000000001,0.0,0.0,funding,-0.0044646630000000015,2425.5673584165916,52
509,2026-07-13 00:00:00+00:00,BTC_USDT,short,short,funding,63780.9,0.0039000000000000003,248.74551000000002,0.0,0.0,funding,0.024874551000000005,2425.592232967592,47
510,2026-07-13 02:00:00+00:00,BTC_USDT,short,short,buy,63321.762193298324,0.0039000000000000003,246.95487255386348,0.012347743627693175,6.331543065025471,mart_tp,1.954331654030894,2427.083942670101,48
511,2026-07-13 03:00:00+00:00,BTC_USDT,long,long,buy,63160.61276482418,0.0007,44.21242893537693,0.0022106214467688466,6.31542973350588,mart_add,0.0,2426.442833113277,52
512,2026-07-13 03:00:00+00:00,BTC_USDT,short,short,sell,62803.41903,0.00030000000000000003,18.841025709,0.0009420512854500001,6.280969999999797,mart_open,0.0,2426.4400067709917,48
513,2026-07-13 05:00:00+00:00,BTC_USDT,long,long,buy,62535.25953783966,0.001,62.53525953783966,0.003126762976891983,6.252900663719629,mart_add,0.0,2426.682760470175,52
514,2026-07-13 08:00:00+00:00,BTC_USDT,long,long,funding,62990.4,0.0024000000000000002,151.17696,0.0,0.0,funding,-0.015117696000000002,2427.075672774175,52
515,2026-07-13 08:00:00+00:00,BTC_USDT,short,short,funding,62990.4,0.00030000000000000003,18.89712,0.0,0.0,funding,0.0018897120000000002,2427.0775624861753,48
516,2026-07-13 13:00:00+00:00,BTC_USDT,short,short,buy,62307.22177692777,0.00030000000000000003,18.692166533078332,0.0009346083266539167,6.230099167776643,mart_tp,0.14792456759501416,2425.6731013447697,49
517,2026-07-13 14:00:00+00:00,BTC_USDT,short,short,sell,62781.82119,0.00030000000000000003,18.834546357000004,0.0009417273178500003,6.278809999996156,mart_open,0.0,2426.793235974452,49
518,2026-07-13 16:00:00+00:00,BTC_USDT,long,long,funding,62614.7,0.0024000000000000002,150.27528,0.0,0.0,funding,-0.015027528000000002,2426.414068446452,52
519,2026-07-13 16:00:00+00:00,BTC_USDT,short,short,funding,62614.7,0.00030000000000000003,18.78441,0.0,0.0,funding,0.0018784410000000002,2426.415946887452,49
520,2026-07-13 16:00:00+00:00,BTC_USDT,short,short,buy,62285.79457714206,0.00030000000000000003,18.68573837314262,0.000934286918657131,6.22795666204911,mart_tp,0.14787369693872887,2425.694324227391,50
521,2026-07-13 17:00:00+00:00,BTC_USDT,long,long,buy,61916.097933155506,0.0016,99.06575669304881,0.004953287834652441,6.190990694245556,mart_add,0.0,2424.7768942465073,52
522,2026-07-13 17:00:00+00:00,BTC_USDT,short,short,sell,61896.10977,0.00030000000000000003,18.568832931000003,0.0009284416465500002,6.190230000000156,mart_open,0.0,2424.774108735861,50
523,2026-07-14 00:00:00+00:00,BTC_USDT,long,long,funding,62337.2,0.004,249.34879999999998,0.0,0.0,funding,-0.02493488,2426.358303855861,52
524,2026-07-14 00:00:00+00:00,BTC_USDT,short,short,funding,62337.2,0.00030000000000000003,18.70116,0.0,0.0,funding,0.0018701160000000002,2426.3601739718606,50
525,2026-07-14 00:00:00+00:00,BTC_USDT,short,short,sell,62508.81936061323,0.0004,25.003527744245293,0.0012501763872122646,6.251507086766651,mart_add,0.0,2427.1255215397186,50
526,2026-07-14 08:00:00+00:00,BTC_USDT,long,long,funding,62554.1,0.004,250.2164,0.0,0.0,funding,-0.02502164,2427.1183198997187,52
527,2026-07-14 08:00:00+00:00,BTC_USDT,short,short,funding,62554.1,0.0007000000000000001,43.787870000000005,0.0,0.0,funding,0.004378787,2427.1226986867186,50
528,2026-07-14 12:00:00+00:00,BTC_USDT,long,long,sell,63159.846057467286,0.004,252.63938422986914,0.012631969211493458,6.31661626737332,mart_tp,1.967376571234387,2428.5543809473766,53
529,2026-07-14 12:00:00+00:00,BTC_USDT,short,short,sell,63127.594163463946,0.0007,44.18931591442476,0.0022094657957212383,6.313390755422006,mart_add,0.0,2427.9749473960055,50
530,2026-07-14 13:00:00+00:00,BTC_USDT,long,long,buy,63848.98426,0.00030000000000000003,19.154695278000002,0.0009577347639000001,6.384259999998903,mart_open,0.0,2428.1255143832414,53
531,2026-07-14 13:00:00+00:00,BTC_USDT,short,short,sell,63752.494218088075,0.001,63.752494218088074,0.003187624710904404,6.37588701050845,mart_add,0.0,2428.032220976618,50
532,2026-07-14 15:00:00+00:00,BTC_USDT,long,long,sell,64353.34015646659,0.00030000000000000003,19.30600204693998,0.000965300102346999,6.435977613407886,mart_tp,0.15034146883763108,2426.018957723456,54
533,2026-07-14 15:00:00+00:00,BTC_USDT,short,short,sell,64383.58015835293,0.0015,96.5753702375294,0.00482876851187647,6.439001916027337,mart_add,0.0,2425.472149192474,50
534,2026-07-14 16:00:00+00:00,BTC_USDT,short,short,funding,64745.0,0.0039000000000000003,252.5055,0.0,0.0,funding,0.025250550000000004,2425.497009742474,50
535,2026-07-14 16:00:00+00:00,BTC_USDT,long,long,buy,64732.67262,0.00030000000000000003,19.419801786,0.0009709900893,6.472620000000461,mart_open,0.0,2425.5674169663844,54
536,2026-07-14 22:00:00+00:00,BTC_USDT,short,short,sell,65020.91321834047,0.0023,149.54810040218308,0.007477405020109154,6.50274159599212,mart_add,0.0,2425.420629963547,50
537,2026-07-15 00:00:00+00:00,BTC_USDT,long,long,funding,65035.3,0.00030000000000000003,19.510590000000004,0.0,0.0,funding,-0.0019510590000000004,2424.412138904547,54
538,2026-07-15 00:00:00+00:00,BTC_USDT,short,short,funding,65035.3,0.006200000000000001,403.21886000000006,0.0,0.0,funding,0.04032188600000001,2424.452460790547,50
539,2026-07-15 06:00:00+00:00,BTC_USDT,long,long,sell,65244.0089475599,0.00030000000000000003,19.573202684267972,0.0009786601342133988,6.525053400095203,mart_tp,0.1524222381337578,2425.892974814681,55
540,2026-07-15 07:00:00+00:00,BTC_USDT,long,long,buy,64557.85514,0.00030000000000000003,19.367356542000003,0.0009683678271000002,6.4551399999982095,mart_open,0.0,2427.511369904854,55
541,2026-07-15 08:00:00+00:00,BTC_USDT,long,long,funding,64551.5,0.00030000000000000003,19.365450000000003,0.0,0.0,funding,-0.0019365450000000005,2427.508843359854,55
542,2026-07-15 08:00:00+00:00,BTC_USDT,short,short,funding,64551.5,0.006200000000000001,400.21930000000003,0.0,0.0,funding,0.040021930000000004,2427.548865289854,50
543,2026-07-15 12:00:00+00:00,BTC_USDT,long,long,sell,65067.8105493219,0.00030000000000000003,19.52034316479657,0.0009760171582398286,6.5074317981125205,mart_tp,0.15201060563832727,2423.9245024374923,56
544,2026-07-15 13:00:00+00:00,BTC_USDT,long,long,buy,65124.01175,0.00030000000000000003,19.537203525000002,0.0009768601762500002,6.511749999997846,mart_open,0.0,2424.1906520523157,56
545,2026-07-15 16:00:00+00:00,BTC_USDT,long,long,funding,65424.5,0.00030000000000000003,19.627350000000003,0.0,0.0,funding,-0.0019627350000000006,2422.3773893173156,56
546,2026-07-15 16:00:00+00:00,BTC_USDT,short,short,funding,65424.5,0.006200000000000001,405.63190000000003,0.0,0.0,funding,0.040563190000000006,2422.417952507316,50
547,2026-07-16 00:00:00+00:00,BTC_USDT,long,long,funding,64753.6,0.00030000000000000003,19.426080000000002,0.0,0.0,funding,-0.0019426080000000004,2426.374319899316,56
548,2026-07-16 00:00:00+00:00,BTC_USDT,short,short,funding,64753.6,0.006200000000000001,401.47232,0.0,0.0,funding,0.040147232000000005,2426.414467131316,50
549,2026-07-16 01:00:00+00:00,BTC_USDT,long,long,buy,64479.21890966325,0.0004,25.791687563865302,0.0012895843781932652,6.447277163249964,mart_add,0.0,2426.6499799830726,56
550,2026-07-16 08:00:00+00:00,BTC_USDT,long,long,funding,64239.3,0.0007000000000000001,44.96751000000001,0.0,0.0,funding,-0.004496751000000001,2429.3470832320722,56
551,2026-07-16 08:00:00+00:00,BTC_USDT,short,short,funding,64239.3,0.006200000000000001,398.28366000000005,0.0,0.0,funding,0.039828366000000004,2429.3869115980724,50
552,2026-07-16 16:00:00+00:00,BTC_USDT,long,long,funding,64702.4,0.0007000000000000001,45.29168000000001,0.0,0.0,funding,-0.004529168000000001,2426.8353324300724,56
553,2026-07-16 16:00:00+00:00,BTC_USDT,short,short,funding,64702.4,0.006200000000000001,401.15488000000005,0.0,0.0,funding,0.040115488000000005,2426.8754479180725,50
554,2026-07-16 23:00:00+00:00,BTC_USDT,long,long,buy,63840.810163238675,0.0007,44.68856711426707,0.002234428355713354,6.3834426720568445,mart_add,0.0,2431.65520637545,56
555,2026-07-17 00:00:00+00:00,BTC_USDT,long,long,funding,63831.9,0.0014000000000000002,89.36466000000001,0.0,0.0,funding,-0.008936466000000002,2431.6457899094494,56
556,2026-07-17 00:00:00+00:00,BTC_USDT,short,short,funding,63831.9,0.006200000000000001,395.75778,0.0,0.0,funding,0.039575778000000006,2431.6853656874496,50
557,2026-07-17 00:00:00+00:00,BTC_USDT,short,short,buy,63628.38483385845,0.006200000000000001,394.49598596992246,0.019724799298496125,6.362202263160725,mart_tp,3.121930678249694,2432.995754918229,51
558,2026-07-17 01:00:00+00:00,BTC_USDT,short,short,sell,63533.84598,0.00030000000000000003,19.060153794,0.0009530076897000001,6.3540199999988545,mart_open,0.0,2432.516195704539,51
559,2026-07-17 05:00:00+00:00,BTC_USDT,long,long,buy,63208.72230181244,0.001,63.20872230181244,0.0031604361150906223,6.320240206157905,mart_add,0.0,2431.3694729666113,56
560,2026-07-17 05:00:00+00:00,BTC_USDT,short,short,buy,63031.87776968121,0.00030000000000000003,18.909563330904366,0.0009454781665452183,6.302557521215931,mart_tp,0.14964498492909117,2431.3103041575405,52
561,2026-07-17 06:00:00+00:00,BTC_USDT,short,short,sell,62938.90548,0.00030000000000000003,18.881671644,0.0009440835822000001,6.294519999995828,mart_open,0.0,2431.5652317179583,52
562,2026-07-17 08:00:00+00:00,BTC_USDT,long,long,funding,62827.5,0.0024000000000000002,150.786,0.0,0.0,funding,-0.015078600000000001,2431.3029831179583,56
563,2026-07-17 08:00:00+00:00,BTC_USDT,short,short,funding,62827.5,0.00030000000000000003,18.84825,0.0,0.0,funding,0.0018848250000000001,2431.3048679429585,52
564,2026-07-17 13:00:00+00:00,BTC_USDT,long,long,buy,62582.892742302196,0.0016,100.13262838768352,0.005006631419384177,6.257663507880352,mart_add,0.0,2432.8830029238557,56
565,2026-07-17 16:00:00+00:00,BTC_USDT,long,long,funding,63450.5,0.004,253.802,0.0,0.0,funding,-0.025380200000000002,2433.9709527238556,56
566,2026-07-17 16:00:00+00:00,BTC_USDT,short,short,funding,63450.5,0.00030000000000000003,19.03515,0.0,0.0,funding,0.0019035150000000002,2433.9728562388555,52
567,2026-07-17 16:00:00+00:00,BTC_USDT,short,short,sell,63561.93770534652,0.0004,25.42477508213861,0.0012712387541069306,6.356829453477985,mart_add,0.0,2434.4867400822404,52
568,2026-07-17 17:00:00+00:00,BTC_USDT,long,long,sell,63840.03519895825,0.004,255.360140795833,0.01276800703979165,6.3846419840920134,mart_tp,1.9885638961648793,2435.1388728710335,57
569,2026-07-17 17:00:00+00:00,BTC_USDT,short,short,sell,64191.13732669175,0.0007,44.93379612868422,0.002246689806434211,6.419755708237062,mart_add,0.0,2435.232412309911,52
570,2026-07-17 18:00:00+00:00,BTC_USDT,long,long,buy,64263.92575,0.00030000000000000003,19.279177725000004,0.0009639588862500003,6.425750000002154,mart_open,0.0,2434.945040626025,57
571,2026-07-18 00:00:00+00:00,BTC_USDT,long,long,funding,63935.2,0.00030000000000000003,19.18056,0.0,0.0,funding,-0.001918056,2435.2976525700246,57
572,2026-07-18 00:00:00+00:00,BTC_USDT,short,short,funding,63935.2,0.0014000000000000002,89.50928,0.0,0.0,funding,0.008950928,2435.3066034980247,52
573,2026-07-18 08:00:00+00:00,BTC_USDT,long,long,funding,64009.3,0.00030000000000000003,19.202790000000004,0.0,0.0,funding,-0.0019202790000000004,2435.223173219025,57
574,2026-07-18 08:00:00+00:00,BTC_USDT,short,short,funding,64009.3,0.0014000000000000002,89.61302000000002,0.0,0.0,funding,0.008961302000000003,2435.232134521025,52
575,2026-07-18 16:00:00+00:00,BTC_USDT,long,long,funding,64117.5,0.00030000000000000003,19.23525,0.0,0.0,funding,-0.0019235250000000001,2435.1111909960246,57
576,2026-07-18 16:00:00+00:00,BTC_USDT,short,short,funding,64117.5,0.0014000000000000002,89.76450000000001,0.0,0.0,funding,0.008976450000000002,2435.120167446025,52
577,2026-07-18 21:00:00+00:00,BTC_USDT,long,long,sell,64771.559352284414,0.00030000000000000003,19.431467805685326,0.0009715733902842664,6.477803715599293,mart_tp,0.15131850729503707,2434.45511367832,58
578,2026-07-18 21:00:00+00:00,BTC_USDT,short,short,sell,64826.56539508868,0.001,64.82656539508868,0.003241328269754434,6.483304869994754,mart_add,0.0,2434.546437745139,52
579,2026-07-18 22:00:00+00:00,BTC_USDT,long,long,buy,64814.38079,0.00030000000000000003,19.444314237000004,0.0009722157118500003,6.480790000001434,mart_open,0.0,2434.3613612924273,58
580,2026-07-19 00:00:00+00:00,BTC_USDT,long,long,funding,64838.0,0.00030000000000000003,19.451400000000003,0.0,0.0,funding,-0.0019451400000000004,2434.2962061524267,58
581,2026-07-19 00:00:00+00:00,BTC_USDT,short,short,funding,64838.0,0.0024000000000000002,155.61120000000003,0.0,0.0,funding,0.015561120000000003,2434.311767272427,52
582,2026-07-19 08:00:00+00:00,BTC_USDT,long,long,funding,64717.4,0.00030000000000000003,19.41522,0.0,0.0,funding,-0.0019415220000000002,2434.563085750427,58
583,2026-07-19 08:00:00+00:00,BTC_USDT,short,short,funding,64717.4,0.0024000000000000002,155.32176,0.0,0.0,funding,0.015532176000000002,2434.578617926427,52
584,2026-07-19 16:00:00+00:00,BTC_USDT,long,long,funding,64577.1,0.00030000000000000003,19.37313,0.0,0.0,funding,-0.001937313,2434.871310613427,58
585,2026-07-19 16:00:00+00:00,BTC_USDT,short,short,funding,64577.1,0.0024000000000000002,154.98504,0.0,0.0,funding,0.015498504,2434.886809117427,52
586,2026-07-20 00:00:00+00:00,BTC_USDT,long,long,funding,64726.5,0.00030000000000000003,19.41795,0.0,0.0,funding,-0.0019417950000000003,2434.571127322427,58
587,2026-07-20 00:00:00+00:00,BTC_USDT,short,short,funding,64726.5,0.0024000000000000002,155.3436,0.0,0.0,funding,0.015534360000000002,2434.586661682427,52
588,2026-07-20 05:00:00+00:00,BTC_USDT,long,long,buy,64172.653605798216,0.0004,25.669061442319286,0.0012834530721159644,6.416623698212788,mart_add,0.0,2435.8308267870357,58
589,2026-07-20 08:00:00+00:00,BTC_USDT,long,long,funding,64276.9,0.0007000000000000001,44.99383000000001,0.0,0.0,funding,-0.004499383000000001,2435.566737404036,58
590,2026-07-20 08:00:00+00:00,BTC_USDT,short,short,funding,64276.9,0.0024000000000000002,154.26456000000002,0.0,0.0,funding,0.015426456000000003,2435.5821638600355,52
591,2026-07-20 11:00:00+00:00,BTC_USDT,long,long,sell,64956.76465212195,0.0007000000000000001,45.46973525648537,0.0022734867628242685,6.4963260978183826,mart_tp,0.35408609040325895,2434.316275629758,59
592,2026-07-20 12:00:00+00:00,BTC_USDT,long,long,buy,64650.06436,0.00030000000000000003,19.395019308000002,0.0009697509654000002,6.464359999998123,mart_open,0.0,2435.1728065707925,59
593,2026-07-20 15:00:00+00:00,BTC_USDT,long,long,sell,65160.748148392515,0.00030000000000000003,19.548224444517757,0.000977411222225888,6.516726487490814,mart_tp,0.1522277252955274,2433.0323336040883,60
594,2026-07-20 15:00:00+00:00,BTC_USDT,short,short,sell,65468.28356593466,0.0015,98.202425348902,0.0049101212674451,6.54748310490686,mart_add,0.0,2432.8302988317228,52
595,2026-07-20 16:00:00+00:00,BTC_USDT,short,short,funding,65599.6,0.0039000000000000003,255.83844000000005,0.0,0.0,funding,0.025583844000000005,2432.8562726757227,52
596,2026-07-20 16:00:00+00:00,BTC_USDT,long,long,buy,65507.95014,0.00030000000000000003,19.652385042000002,0.0009826192521,6.550139999999374,mart_open,0.0,2433.2363050144704,60
597,2026-07-21 00:00:00+00:00,BTC_USDT,long,long,funding,65256.0,0.00030000000000000003,19.576800000000002,0.0,0.0,funding,-0.0019576800000000003,2434.1177873344704,60
598,2026-07-21 00:00:00+00:00,BTC_USDT,short,short,funding,65256.0,0.0039000000000000003,254.4984,0.0,0.0,funding,0.02544984,2434.1432371744704,52
599,2026-07-21 07:00:00+00:00,BTC_USDT,long,long,sell,66025.41053974589,0.00030000000000000003,19.807623161923768,0.0009903811580961885,6.603201374105993,mart_tp,0.15424773876567105,2430.735539955236,61
600,2026-07-21 07:00:00+00:00,BTC_USDT,short,short,sell,66116.35410495385,0.0022,145.45597903089848,0.007272798951544924,6.6122966401599115,mart_add,0.0,2430.5691061871835,52
601,2026-07-21 08:00:00+00:00,BTC_USDT,short,short,funding,66188.8,0.0061,403.75168,0.0,0.0,funding,0.040375168,2430.6088713551835,52
602,2026-07-21 08:00:00+00:00,BTC_USDT,long,long,buy,66233.42268,0.00030000000000000003,19.870026804000002,0.0009935013402,6.6226800000004005,mart_open,0.0,2430.374091049843,61
603,2026-07-21 13:00:00+00:00,BTC_USDT,long,long,sell,66756.61373243385,0.00030000000000000003,20.026984119730155,0.001001349205986508,6.676329006149899,mart_tp,0.15595596652416713,2427.1312838203676,62
604,2026-07-21 13:00:00+00:00,BTC_USDT,short,short,sell,66770.83989423879,0.0034000000000000002,227.0208556404119,0.011351042782020595,6.677751764596906,mart_add,0.0,2427.074168417997,52
605,2026-07-21 14:00:00+00:00,BTC_USDT,long,long,buy,66846.88402,0.0002,13.369376804,0.0006684688402,6.684020000000601,mart_open,0.0,2426.541113145157,62
606,2026-07-21 16:00:00+00:00,BTC_USDT,long,long,funding,66685.6,0.0002,13.337120000000002,0.0,0.0,funding,-0.0013337120000000004,2427.977559433157,62
607,2026-07-21 16:00:00+00:00,BTC_USDT,short,short,funding,66685.6,0.009500000000000001,633.5132000000002,0.0,0.0,funding,0.06335132000000003,2428.040910753157,52
608,2026-07-21 17:00:00+00:00,BTC_USDT,long,long,buy,66185.03302131797,0.0004,26.47401320852719,0.0013237006604263596,6.617841517974739,mart_add,0.0,2432.460193843969,62
609,2026-07-22 00:00:00+00:00,BTC_USDT,long,long,funding,66557.6,0.0006000000000000001,39.934560000000005,0.0,0.0,funding,-0.003993456,2429.375020387969,62
610,2026-07-22 00:00:00+00:00,BTC_USDT,short,short,funding,66557.6,0.009500000000000001,632.2972000000002,0.0,0.0,funding,0.06322972000000002,2429.438250107969,52
611,2026-07-22 08:00:00+00:00,BTC_USDT,long,long,funding,65842.1,0.0006000000000000001,39.50526000000001,0.0,0.0,funding,-0.003950526000000001,2435.802249581969,62
612,2026-07-22 08:00:00+00:00,BTC_USDT,short,short,funding,65842.1,0.009500000000000001,625.4999500000001,0.0,0.0,funding,0.06254999500000001,2435.8647995769693,52
613,2026-07-22 16:00:00+00:00,BTC_USDT,long,long,funding,66046.5,0.0006000000000000001,39.627900000000004,0.0,0.0,funding,-0.003962790000000001,2434.041676786969,62
614,2026-07-22 16:00:00+00:00,BTC_USDT,short,short,funding,66046.5,0.009500000000000001,627.4417500000001,0.0,0.0,funding,0.06274417500000001,2434.104420961969,52
615,2026-07-23 00:00:00+00:00,BTC_USDT,long,long,funding,66118.5,0.0006000000000000001,39.6711,0.0,0.0,funding,-0.00396711,2433.459653851969,62
616,2026-07-23 00:00:00+00:00,BTC_USDT,short,short,funding,66118.5,0.009500000000000001,628.1257500000002,0.0,0.0,funding,0.06281257500000002,2433.522466426969,52
617,2026-07-23 07:00:00+00:00,BTC_USDT,long,long,buy,65529.7350093739,0.0006000000000000001,39.317841005624345,0.0019658920502812175,6.552318269110401,mart_add,0.0,2439.493689529295,62
618,2026-07-23 08:00:00+00:00,BTC_USDT,long,long,funding,65441.4,0.0012000000000000001,78.52968000000001,0.0,0.0,funding,-0.007852968000000002,2439.4858365612945,62
619,2026-07-23 08:00:00+00:00,BTC_USDT,short,short,funding,65441.4,0.009500000000000001,621.6933000000001,0.0,0.0,funding,0.062169330000000016,2439.5480058912945,52
620,2026-07-23 12:00:00+00:00,BTC_USDT,short,short,buy,65243.16574041423,0.009500000000000001,619.8100745339353,0.030990503726696768,6.523664207619731,mart_tp,4.905003232461908,2441.0662808536326,53
621,2026-07-23 13:00:00+00:00,BTC_USDT,long,long,buy,64880.92510304609,0.001,64.8809251030461,0.003244046255152305,6.487443765923672,mart_add,0.0,2440.7243717043316,62
622,2026-07-23 13:00:00+00:00,BTC_USDT,short,short,sell,64874.41191,0.00030000000000000003,19.462323573000003,0.0009731161786500002,6.48808999999892,mart_open,0.0,2440.721452161153,53
623,2026-07-23 16:00:00+00:00,BTC_USDT,long,long,funding,64960.9,0.0022,142.91398,0.0,0.0,funding,-0.014291398000000002,2440.859160763153,62
624,2026-07-23 16:00:00+00:00,BTC_USDT,short,short,funding,64960.9,0.00030000000000000003,19.488270000000004,0.0,0.0,funding,0.0019488270000000004,2440.861109590153,53
625,2026-07-24 00:00:00+00:00,BTC_USDT,long,long,funding,65099.2,0.0022,143.21824,0.0,0.0,funding,-0.014321824000000002,2441.1095577661526,62
626,2026-07-24 00:00:00+00:00,BTC_USDT,short,short,funding,65099.2,0.00030000000000000003,19.52976,0.0,0.0,funding,0.0019529760000000001,2441.111510742153,53
627,2026-07-24 07:00:00+00:00,BTC_USDT,short,short,sell,65516.6037134971,0.0004,26.20664148539884,0.0013103320742699422,6.552315602908493,mart_add,0.0,2441.8761118954776,53
628,2026-07-24 08:00:00+00:00,BTC_USDT,long,long,funding,65503.0,0.0022,144.10660000000001,0.0,0.0,funding,-0.014410660000000002,2441.8684512354776,62
629,2026-07-24 08:00:00+00:00,BTC_USDT,short,short,funding,65503.0,0.0007000000000000001,45.85210000000001,0.0,0.0,funding,0.004585210000000001,2441.8730364454773,53
630,2026-07-24 13:00:00+00:00,BTC_USDT,long,long,buy,64238.53906360082,0.0015,96.35780859540124,0.0048178904297700624,6.423211585199169,mart_add,0.0,2439.7083099596466,62
631,2026-07-24 13:00:00+00:00,BTC_USDT,short,short,buy,64725.91957037919,0.0007000000000000001,45.30814369926544,0.0022654071849632722,6.471944762561179,mart_tp,0.35855595194843703,2439.303460853196,54
632,2026-07-24 14:00:00+00:00,BTC_USDT,short,short,sell,64051.09425,0.00030000000000000003,19.215328275,0.0009607664137500001,6.405749999998079,mart_open,0.0,2438.9553683617823,54
633,2026-07-24 16:00:00+00:00,BTC_USDT,long,long,funding,64094.4,0.0037,237.14928,0.0,0.0,funding,-0.023714928000000003,2439.0571134337824,62
634,2026-07-24 16:00:00+00:00,BTC_USDT,short,short,funding,64094.4,0.00030000000000000003,19.228320000000004,0.0,0.0,funding,0.0019228320000000004,2439.059036265782,54
635,2026-07-25 00:00:00+00:00,BTC_USDT,long,long,funding,64145.9,0.0037,237.33983,0.0,0.0,funding,-0.023733983,2439.2104022827825,62
636,2026-07-25 00:00:00+00:00,BTC_USDT,short,short,funding,64145.9,0.00030000000000000003,19.24377,0.0,0.0,funding,0.0019243770000000003,2439.2123266597823,54
637,2026-07-25 08:00:00+00:00,BTC_USDT,long,long,funding,64008.7,0.0037,236.83219,0.0,0.0,funding,-0.023683219000000002,2438.7221634407824,62
638,2026-07-25 08:00:00+00:00,BTC_USDT,short,short,funding,64008.7,0.00030000000000000003,19.20261,0.0,0.0,funding,0.0019202610000000001,2438.724083701782,54
639,2026-07-25 16:00:00+00:00,BTC_USDT,long,long,funding,64186.2,0.0037,237.48894,0.0,0.0,funding,-0.023748894000000003,2439.303834807782,62
640,2026-07-25 16:00:00+00:00,BTC_USDT,short,short,funding,64186.2,0.00030000000000000003,19.255860000000002,0.0,0.0,funding,0.0019255860000000004,2439.3057603937823,54
641,2026-07-26 00:00:00+00:00,BTC_USDT,long,long,funding,64372.0,0.0037,238.1764,0.0,0.0,funding,-0.02381764,2439.9136627537823,62
642,2026-07-26 00:00:00+00:00,BTC_USDT,short,short,funding,64372.0,0.00030000000000000003,19.311600000000002,0.0,0.0,funding,0.0019311600000000003,2439.9155939137822,54
643,2026-07-26 08:00:00+00:00,BTC_USDT,long,long,funding,64364.8,0.0037,238.14976000000001,0.0,0.0,funding,-0.023814976,2439.867298937782,62
644,2026-07-26 08:00:00+00:00,BTC_USDT,short,short,funding,64364.8,0.00030000000000000003,19.309440000000002,0.0,0.0,funding,0.0019309440000000004,2439.8692298817823,54
645,2026-07-26 14:00:00+00:00,BTC_USDT,short,short,sell,64685.13603198075,0.0004,25.8740544127923,0.0012937027206396151,6.469160519249272,mart_add,0.0,2441.0409705918537,54
646,2026-07-26 16:00:00+00:00,BTC_USDT,long,long,funding,64766.0,0.0037,239.63420000000002,0.0,0.0,funding,-0.023963420000000003,2441.175707171854,62
647,2026-07-26 16:00:00+00:00,BTC_USDT,short,short,funding,64766.0,0.0007000000000000001,45.336200000000005,0.0,0.0,funding,0.00453362,2441.180240791854,54
648,2026-07-26 22:00:00+00:00,BTC_USDT,long,long,sell,65486.19786969953,0.0037,242.29893211788826,0.012114946605894414,6.54927471443807,mart_tp,1.886852454683478,2443.3858379631365,63
649,2026-07-26 22:00:00+00:00,BTC_USDT,short,short,sell,65325.45419356133,0.0006000000000000001,39.195272516136804,0.00195976362580684,6.533198739227373,mart_add,0.0,2443.336390715647,54
650,2026-07-26 23:00:00+00:00,BTC_USDT,long,long,buy,65405.939940000004,0.00030000000000000003,19.621781982,0.0009810890991000002,6.539940000002389,mart_open,0.0,2443.340207644548,63
651,2026-07-27 00:00:00+00:00,BTC_USDT,long,long,funding,65400.7,0.00030000000000000003,19.62021,0.0,0.0,funding,-0.001962021,2443.336945623548,63
652,2026-07-27 00:00:00+00:00,BTC_USDT,short,short,funding,65400.7,0.0013000000000000002,85.02091,0.0,0.0,funding,0.008502091,2443.3454477145483,54
653,2026-07-27 08:00:00+00:00,BTC_USDT,long,long,funding,65230.1,0.00030000000000000003,19.56903,0.0,0.0,funding,-0.0019569030000000003,2443.514090811548,63
654,2026-07-27 08:00:00+00:00,BTC_USDT,short,short,funding,65230.1,0.0013000000000000002,84.79913,0.0,0.0,funding,0.008479913,2443.522570724548,54
655,2026-07-27 14:00:00+00:00,BTC_USDT,long,long,buy,64758.35572865406,0.0004,25.903342291461627,0.0012951671145730813,6.475188054057071,mart_add,0.0,2444.035713265972,63
656,2026-07-27 16:00:00+00:00,BTC_USDT,long,long,funding,64553.7,0.0007000000000000001,45.18759000000001,0.0,0.0,funding,-0.004518759000000001,2444.111294506972,63
657,2026-07-27 16:00:00+00:00,BTC_USDT,short,short,funding,64553.7,0.0013000000000000002,83.91981000000001,0.0,0.0,funding,0.008391981000000001,2444.119686487972,54
658,2026-07-27 22:00:00+00:00,BTC_USDT,long,long,buy,64117.18324858465,0.0007,44.88202827400926,0.002244101413700463,6.411077217133425,mart_add,0.0,2444.3473941125494,63
659,2026-07-27 22:00:00+00:00,BTC_USDT,short,short,buy,64322.10692314914,0.0013000000000000002,83.6187390000939,0.004180936950004695,6.431567535561044,mart_tp,0.6617352668852018,2443.661354175505,55
660,2026-07-27 23:00:00+00:00,BTC_USDT,short,short,sell,63753.324029999996,0.00030000000000000003,19.125997209,0.0009562998604500001,6.375970000000962,mart_open,0.0,2443.6054250846446,55
661,2026-07-28 00:00:00+00:00,BTC_USDT,long,long,funding,63759.7,0.0014000000000000002,89.26358,0.0,0.0,funding,-0.008926358,2443.5964987266448,63
662,2026-07-28 00:00:00+00:00,BTC_USDT,short,short,funding,63759.7,0.00030000000000000003,19.12791,0.0,0.0,funding,0.001912791,2443.5984115176448,55
663,2026-07-28 00:00:00+00:00,BTC_USDT,long,long,buy,63482.359017240415,0.001,63.48235901724042,0.0031741179508620212,6.347601141605992,mart_add,0.0,2443.289408382453,63
664,2026-07-28 01:00:00+00:00,BTC_USDT,short,short,buy,63249.62176750377,0.00030000000000000003,18.974886530251133,0.0009487443265125567,6.324329743772978,mart_tp,0.1501619344223554,2442.761773107876,56
665,2026-07-28 02:00:00+00:00,BTC_USDT,short,short,sell,63180.981270000004,0.00030000000000000003,18.954294381000004,0.0009477147190500002,6.31872999999905,mart_open,0.0,2442.648049774157,56
666,2026-07-28 08:00:00+00:00,BTC_USDT,long,long,funding,63506.1,0.0024000000000000002,152.41464000000002,0.0,0.0,funding,-0.015241464000000003,2443.3022883101567,63
667,2026-07-28 08:00:00+00:00,BTC_USDT,short,short,funding,63506.1,0.00030000000000000003,19.051830000000002,0.0,0.0,funding,0.0019051830000000004,2443.3041934931566,56
668,2026-07-28 13:00:00+00:00,BTC_USDT,long,long,buy,62853.82018061072,0.0016,100.56611228897715,0.0050283056144488575,6.284753542706312,mart_add,0.0,2442.851712898565,63
669,2026-07-28 15:00:00+00:00,BTC_USDT,short,short,sell,63806.409803591734,0.0004,25.522563921436696,0.0012761281960718348,6.381279108267336,mart_add,0.0,2445.8519506918055,56
670,2026-07-28 16:00:00+00:00,BTC_USDT,long,long,funding,63927.5,0.004,255.71,0.0,0.0,funding,-0.025571000000000003,2445.8267096918057,63
671,2026-07-28 16:00:00+00:00,BTC_USDT,short,short,funding,63927.5,0.0007000000000000001,44.74925,0.0,0.0,funding,0.004474925,2445.831184616806,56
672,2026-07-29 00:00:00+00:00,BTC_USDT,long,long,funding,63923.4,0.004,255.6936,0.0,0.0,funding,-0.025569360000000003,2445.792085256806,63
673,2026-07-29 00:00:00+00:00,BTC_USDT,short,short,funding,63923.4,0.0007000000000000001,44.74638000000001,0.0,0.0,funding,0.004474638000000001,2445.796559894806,56
674,2026-07-29 00:00:00+00:00,BTC_USDT,long,long,sell,64116.40492940838,0.004,256.46561971763356,0.012823280985881678,6.412281721110048,mart_tp,1.9971725829591964,2446.5314663314534,64
675,2026-07-29 01:00:00+00:00,BTC_USDT,long,long,buy,63705.3699,0.00030000000000000003,19.11161097,0.0009555805485000001,6.36989999999787,mart_open,0.0,2446.709969780905,64
676,2026-07-29 06:00:00+00:00,BTC_USDT,long,long,sell,64208.591357914076,0.00030000000000000003,19.262577407374224,0.0009631288703687112,6.421501285920385,mart_tp,0.15000330850385477,2446.348784059409,65
677,2026-07-29 06:00:00+00:00,BTC_USDT,short,short,sell,64438.02945423749,0.0006000000000000001,38.662817672542495,0.0019331408836271249,6.444447390160349,mart_add,0.0,2446.3504685910675,56
678,2026-07-29 07:00:00+00:00,BTC_USDT,long,long,buy,64563.355690000004,0.00030000000000000003,19.369006707000004,0.0009684503353500002,6.455690000002505,mart_open,0.0,2446.185193433732,65
679,2026-07-29 08:00:00+00:00,BTC_USDT,long,long,funding,64564.3,0.00030000000000000003,19.369290000000003,0.0,0.0,funding,-0.0019369290000000004,2446.175856504732,65
680,2026-07-29 08:00:00+00:00,BTC_USDT,short,short,funding,64564.3,0.0013000000000000002,83.93359000000001,0.0,0.0,funding,0.008393359000000001,2446.1842498637325,56
681,2026-07-29 15:00:00+00:00,BTC_USDT,long,long,buy,63924.113905313316,0.0004,25.569645562125327,0.0012784822781062664,6.391772213311924,mart_add,0.0,2446.7974258193285,65
682,2026-07-29 16:00:00+00:00,BTC_USDT,long,long,funding,63966.9,0.0007000000000000001,44.77683000000001,0.0,0.0,funding,-0.004477683000000001,2446.7930081363284,65
683,2026-07-29 16:00:00+00:00,BTC_USDT,short,short,funding,63966.9,0.0013000000000000002,83.15697000000002,0.0,0.0,funding,0.008315697000000002,2446.8013238333288,56
684,2026-07-29 20:00:00+00:00,BTC_USDT,short,short,buy,63448.31232541236,0.0013000000000000002,82.48280602303608,0.004124140301151804,6.3441968128609005,mart_tp,0.6527458116419584,2447.1575536699916,57
685,2026-07-29 21:00:00+00:00,BTC_USDT,long,long,buy,63291.201253536805,0.0007,44.303840877475764,0.0022151920438737882,6.328487276623491,mart_add,0.0,2447.798777600472,65
686,2026-07-29 21:00:00+00:00,BTC_USDT,short,short,sell,63858.11355,0.00030000000000000003,19.157434065000004,0.0009578717032500002,6.386449999998149,mart_open,0.0,2447.795903793769,57
687,2026-07-30 00:00:00+00:00,BTC_USDT,long,long,funding,63980.9,0.0014000000000000002,89.57326000000002,0.0,0.0,funding,-0.008957326000000002,2447.914986467769,65
688,2026-07-30 00:00:00+00:00,BTC_USDT,short,short,funding,63980.9,0.00030000000000000003,19.194270000000003,0.0,0.0,funding,0.0019194270000000005,2447.9169058947687,57
689,2026-07-30 01:00:00+00:00,BTC_USDT,long,long,sell,64248.16960604622,0.0014000000000000002,89.94743744846473,0.004497371872423236,6.425459506557672,mart_tp,0.7004469299912027,2448.201325971361,66
690,2026-07-30 02:00:00+00:00,BTC_USDT,long,long,buy,64192.31859,0.00030000000000000003,19.257695577000003,0.0009628847788500002,6.418590000001132,mart_open,0.0,2448.222197509582,66
691,2026-07-30 08:00:00+00:00,BTC_USDT,long,long,funding,64013.6,0.00030000000000000003,19.20408,0.0,0.0,funding,-0.0019204080000000002,2448.220277101582,66
692,2026-07-30 08:00:00+00:00,BTC_USDT,short,short,funding,64013.6,0.00030000000000000003,19.20408,0.0,0.0,funding,0.0019204080000000002,2448.2221975095817,57
693,2026-07-30 09:00:00+00:00,BTC_USDT,short,short,sell,64490.245016031455,0.0004,25.796098006412585,0.0012898049003206293,6.449669468551292,mart_add,0.0,2448.1890857110943,57
694,2026-07-30 11:00:00+00:00,BTC_USDT,long,long,sell,64699.38655300614,0.00030000000000000003,19.409815965901842,0.0009704907982950921,6.470585713868786,mart_tp,0.15114989810354543,2448.075021186198,67
695,2026-07-30 12:00:00+00:00,BTC_USDT,long,long,buy,64928.292180000004,0.00030000000000000003,19.478487654000002,0.0009739243827000002,6.492180000001099,mart_open,0.0,2447.977669607815,67
696,2026-07-30 13:00:00+00:00,BTC_USDT,short,short,sell,65128.63395144515,0.0006000000000000001,39.07718037086709,0.0019538590185433544,6.5135147466207854,mart_add,0.0,2447.9998161196636,57
697,2026-07-30 16:00:00+00:00,BTC_USDT,long,long,funding,64730.8,0.00030000000000000003,19.419240000000002,0.0,0.0,funding,-0.0019419240000000003,2448.2888741956635,67
698,2026-07-30 16:00:00+00:00,BTC_USDT,short,short,funding,64730.8,0.0013000000000000002,84.15004000000002,0.0,0.0,funding,0.008415004000000002,2448.2972891996633,57
699,2026-07-31 00:00:00+00:00,BTC_USDT,long,long,funding,64783.9,0.00030000000000000003,19.435170000000003,0.0,0.0,funding,-0.0019435170000000003,2448.2422456826635,67
700,2026-07-31 00:00:00+00:00,BTC_USDT,short,short,funding,64783.9,0.0013000000000000002,84.21907000000002,0.0,0.0,funding,0.008421907000000003,2448.2506675896634,57
701,2026-07-31 02:00:00+00:00,BTC_USDT,long,long,buy,64285.437159125824,0.0004,25.71417486365033,0.0012857087431825166,6.4279009258170845,mart_add,0.0,2448.74180701727,67
702,2026-07-31 07:00:00+00:00,BTC_USDT,short,short,buy,64128.30968416592,0.0013000000000000002,83.36680258941571,0.004168340129470786,6.412189749440586,mart_tp,0.659741512734499,2448.710336087725,58
703,2026-07-31 08:00:00+00:00,BTC_USDT,long,long,funding,63946.0,0.0007000000000000001,44.76220000000001,0.0,0.0,funding,-0.004476220000000001,2448.705859867725,67
704,2026-07-31 08:00:00+00:00,BTC_USDT,short,short,sell,63830.01636,0.00030000000000000003,19.149004908000002,0.0009574502454000001,6.383640000000014,mart_open,0.0,2448.6262673254796,58
705,2026-07-31 10:00:00+00:00,BTC_USDT,long,long,buy,63648.947045813315,0.0007,44.55426293206932,0.002227713146603466,6.36425827875064,mart_add,0.0,2448.8551366802635,67
706,2026-07-31 13:00:00+00:00,BTC_USDT,short,short,buy,63325.708166742916,0.00030000000000000003,18.997712450022878,0.0009498856225011439,6.331937622911937,mart_tp,0.15034257235462462,2448.118754344618,59
707,2026-07-31 14:00:00+00:00,BTC_USDT,long,long,buy,63018.758821112715,0.001,63.01875882111272,0.003150937941055636,6.301245757531433,mart_add,0.0,2446.9843245855645,67
708,2026-07-31 14:00:00+00:00,BTC_USDT,short,short,sell,62689.43043,0.00030000000000000003,18.806829129,0.0009403414564500001,6.269569999996747,mart_open,0.0,2446.9815033731084,59
709,2026-07-31 16:00:00+00:00,BTC_USDT,long,long,funding,62718.0,0.0024000000000000002,150.5232,0.0,0.0,funding,-0.015052320000000001,2447.013281053108,67
710,2026-07-31 16:00:00+00:00,BTC_USDT,short,short,funding,62718.0,0.00030000000000000003,18.8154,0.0,0.0,funding,0.0018815400000000001,2447.015162593108,59
711,2026-08-01 00:00:00+00:00,BTC_USDT,long,long,funding,62892.7,0.0024000000000000002,150.94248000000002,0.0,0.0,funding,-0.015094248000000003,2447.3669383451083,67
712,2026-08-01 00:00:00+00:00,BTC_USDT,short,short,funding,62892.7,0.00030000000000000003,18.867810000000002,0.0,0.0,funding,0.0018867810000000004,2447.3688251261083,59
713,2026-08-01 08:00:00+00:00,BTC_USDT,long,long,funding,63053.5,0.0024000000000000002,151.32840000000002,0.0,0.0,funding,-0.015132840000000002,2447.691372286108,67
714,2026-08-01 08:00:00+00:00,BTC_USDT,short,short,funding,63053.5,0.00030000000000000003,18.916050000000002,0.0,0.0,funding,0.0018916050000000002,2447.6932638911085,59
715,2026-08-01 16:00:00+00:00,BTC_USDT,long,long,funding,63004.0,0.0024000000000000002,151.20960000000002,0.0,0.0,funding,-0.015120960000000003,2447.5741929311084,67
716,2026-08-01 16:00:00+00:00,BTC_USDT,short,short,funding,63004.0,0.00030000000000000003,18.901200000000003,0.0,0.0,funding,0.0018901200000000003,2447.5760830511085,59
717,2026-08-01 18:00:00+00:00,BTC_USDT,long,long,buy,62394.810090024876,0.0016,99.83169614403981,0.0049915848072019904,6.238857123287744,mart_add,0.0,2446.9762553222613,67
718,2026-08-02 00:00:00+00:00,BTC_USDT,long,long,funding,62821.4,0.004,251.28560000000002,0.0,0.0,funding,-0.02512856,2447.8450467622615,67
719,2026-08-02 00:00:00+00:00,BTC_USDT,short,short,funding,62821.4,0.00030000000000000003,18.846420000000002,0.0,0.0,funding,0.0018846420000000004,2447.8469314042613,59
720,2026-08-02 02:00:00+00:00,BTC_USDT,short,short,sell,63309.99310182658,0.0004,25.323997240730634,0.0012661998620365318,6.331632473425998,mart_add,0.0,2450.1131724451297,59
721,2026-08-02 08:00:00+00:00,BTC_USDT,long,long,funding,63498.9,0.004,253.99560000000002,0.0,0.0,funding,-0.025399560000000005,2450.2514528851298,67
722,2026-08-02 08:00:00+00:00,BTC_USDT,short,short,funding,63498.9,0.0007000000000000001,44.44923000000001,0.0,0.0,funding,0.004444923000000001,2450.2558978081297,59
723,2026-08-02 16:00:00+00:00,BTC_USDT,long,long,funding,63108.6,0.004,252.4344,0.0,0.0,funding,-0.025243440000000002,2448.94266436813,67
724,2026-08-02 16:00:00+00:00,BTC_USDT,short,short,funding,63108.6,0.0007000000000000001,44.17602000000001,0.0,0.0,funding,0.004417602000000001,2448.94708197013,59
725,2026-08-02 21:00:00+00:00,BTC_USDT,long,long,sell,63648.17441056134,0.004,254.59269764224535,0.012729634882112269,6.36545398645103,mart_tp,1.9825875924910494,2450.763789977493,68
726,2026-08-02 22:00:00+00:00,BTC_USDT,long,long,buy,63436.74304,0.00030000000000000003,19.031022912,0.0009515511456000001,6.343039999999746,mart_open,0.0,2450.8645355143476,68
727,2026-08-03 00:00:00+00:00,BTC_USDT,long,long,funding,63565.6,0.00030000000000000003,19.06968,0.0,0.0,funding,-0.0019069680000000002,2450.808548546348,68
728,2026-08-03 00:00:00+00:00,BTC_USDT,short,short,funding,63565.6,0.0007000000000000001,44.495920000000005,0.0,0.0,funding,0.0044495920000000005,2450.8129981383477,59
729,2026-08-03 03:00:00+00:00,BTC_USDT,long,long,buy,62808.65584716096,0.0004,25.123462338864385,0.0012561731169432194,6.280237560960813,mart_add,0.0,2451.114519626366,68
730,2026-08-03 08:00:00+00:00,BTC_USDT,long,long,funding,62614.6,0.0007000000000000001,43.830220000000004,0.0,0.0,funding,-0.004383022,2451.110136604366,68
731,2026-08-03 08:00:00+00:00,BTC_USDT,short,short,funding,62614.6,0.0007000000000000001,43.830220000000004,0.0,0.0,funding,0.004383022,2451.114519626366,59
732,2026-08-03 08:00:00+00:00,BTC_USDT,short,short,buy,62545.939338212374,0.0007000000000000001,43.78215753674867,0.0021891078768374334,6.253968536970206,mart_tp,0.3464797251051296,2451.1096429817408,60
733,2026-08-03 09:00:00+00:00,BTC_USDT,short,short,sell,62829.916379999995,0.00030000000000000003,18.848974914,0.0009424487457,6.283620000001974,mart_open,0.0,2451.312685446995,60
734,2026-08-03 14:00:00+00:00,BTC_USDT,long,long,sell,63576.100515368584,0.0007000000000000001,44.503270360758016,0.002225163518037901,6.3582458761229645,mart_tp,0.34655994637559195,2451.4879206442347,69
735,2026-08-03 14:00:00+00:00,BTC_USDT,short,short,sell,63451.86972224562,0.0004,25.38074788889825,0.0012690373944449125,6.345821554379654,mart_add,0.0,2451.2789594957385,60
736,2026-08-03 15:00:00+00:00,BTC_USDT,long,long,buy,63700.06937,0.00030000000000000003,19.110020811000002,0.0009555010405500001,6.369370000000345,mart_open,0.0,2451.470273183698,69
737,2026-08-03 16:00:00+00:00,BTC_USDT,long,long,funding,63693.8,0.00030000000000000003,19.108140000000002,0.0,0.0,funding,-0.0019108140000000003,2451.468322369698,69
738,2026-08-03 16:00:00+00:00,BTC_USDT,short,short,funding,63693.8,0.0007000000000000001,44.58566000000001,0.0,0.0,funding,0.0044585660000000015,2451.472780935698,60
739,2026-08-04 00:00:00+00:00,BTC_USDT,long,long,funding,63526.7,0.00030000000000000003,19.05801,0.0,0.0,funding,-0.001905801,2451.5377151346984,69
740,2026-08-04 00:00:00+00:00,BTC_USDT,short,short,funding,63526.7,0.0007000000000000001,44.46869,0.0,0.0,funding,0.004446869000000001,2451.542162003698,60
741,2026-08-04 04:00:00+00:00,BTC_USDT,long,long,sell,64203.2489579675,0.00030000000000000003,19.260974687390252,0.0009630487343695127,6.4209669924966875,mart_tp,0.1499908276558819,2451.3886336423543,70
742,2026-08-04 04:00:00+00:00,BTC_USDT,short,short,sell,64079.97978062613,0.0007,44.85598584643829,0.0022427992923219143,6.408638841945503,mart_add,0.0,2451.4181566895,60
743,2026-08-04 05:00:00+00:00,BTC_USDT,long,long,buy,63820.88145,0.00030000000000000003,19.146264435000003,0.0009573132217500002,6.381450000000768,mart_open,0.0,2451.723424941278,70
744,2026-08-04 08:00:00+00:00,BTC_USDT,long,long,funding,63688.2,0.00030000000000000003,19.106460000000002,0.0,0.0,funding,-0.0019106460000000002,2451.8604442952783,70
745,2026-08-04 08:00:00+00:00,BTC_USDT,short,short,funding,63688.2,0.0014000000000000002,89.16348,0.0,0.0,funding,0.008916348000000001,2451.8693606432785,60
746,2026-08-04 16:00:00+00:00,BTC_USDT,long,long,funding,64124.9,0.00030000000000000003,19.237470000000002,0.0,0.0,funding,-0.0019237470000000002,2451.387066896278,70
747,2026-08-04 16:00:00+00:00,BTC_USDT,short,short,funding,64124.9,0.0014000000000000002,89.77486000000002,0.0,0.0,funding,0.008977486000000002,2451.3960443822784,60
748,2026-08-04 18:00:00+00:00,BTC_USDT,long,long,sell,64325.01535674984,0.00030000000000000003,19.297504607024955,0.0009648752303512478,6.433144850161625,mart_tp,0.1502752967946011,2451.1959741140727,71
749,2026-08-04 19:00:00+00:00,BTC_USDT,long,long,buy,64233.22268,0.00030000000000000003,19.269966804000003,0.0009634983402000001,6.422679999996035,mart_open,0.0,2451.309563811733,71
750,2026-08-05 00:00:00+00:00,BTC_USDT,long,long,funding,64106.6,0.00030000000000000003,19.23198,0.0,0.0,funding,-0.001923198,2451.439860613733,71
751,2026-08-05 00:00:00+00:00,BTC_USDT,short,short,funding,64106.6,0.0014000000000000002,89.74924000000001,0.0,0.0,funding,0.008974924000000002,2451.4488355377325,60
752,2026-08-05 08:00:00+00:00,BTC_USDT,long,long,funding,64164.2,0.00030000000000000003,19.24926,0.0,0.0,funding,-0.001924926,2451.383550611733,71
753,2026-08-05 08:00:00+00:00,BTC_USDT,short,short,funding,64164.2,0.0014000000000000002,89.82988,0.0,0.0,funding,0.008982988,2451.392533599733,60
754,2026-08-05 15:00:00+00:00,BTC_USDT,short,short,sell,64714.30750047455,0.001,64.71430750047455,0.0032357153750237275,6.472077957841975,mart_add,0.0,2451.4608153848326,60
755,2026-08-05 16:00:00+00:00,BTC_USDT,long,long,funding,64392.2,0.00030000000000000003,19.31766,0.0,0.0,funding,-0.0019317660000000001,2451.458673618832,71
756,2026-08-05 16:00:00+00:00,BTC_USDT,short,short,funding,64392.2,0.0024000000000000002,154.54128,0.0,0.0,funding,0.015454128000000001,2451.4741277468324,60
757,2026-08-05 16:00:00+00:00,BTC_USDT,long,long,sell,64740.61375259386,0.00030000000000000003,19.42218412577816,0.000971109206288908,6.474708846144495,mart_tp,0.1512462125718676,2450.9229607634043,72
758,2026-08-05 17:00:00+00:00,BTC_USDT,long,long,buy,64781.4775,0.00030000000000000003,19.43444325,0.0009717221625000001,6.477500000000873,mart_open,0.0,2450.656045791242,72
759,2026-08-06 00:00:00+00:00,BTC_USDT,long,long,funding,64656.8,0.00030000000000000003,19.397040000000004,0.0,0.0,funding,-0.0019397040000000004,2450.902326087242,72
760,2026-08-06 00:00:00+00:00,BTC_USDT,short,short,funding,64656.8,0.0024000000000000002,155.17632000000003,0.0,0.0,funding,0.015517632000000003,2450.917843719242,60
761,2026-08-06 08:00:00+00:00,BTC_USDT,long,long,funding,64815.4,0.00030000000000000003,19.444620000000004,0.0,0.0,funding,-0.0019444620000000005,2450.5828392572416,72
762,2026-08-06 08:00:00+00:00,BTC_USDT,short,short,funding,64815.4,0.0024000000000000002,155.55696000000003,0.0,0.0,funding,0.015555696000000004,2450.598394953242,60
763,2026-08-06 16:00:00+00:00,BTC_USDT,long,long,funding,64630.8,0.00030000000000000003,19.38924,0.0,0.0,funding,-0.0019389240000000003,2450.9841160292417,72
764,2026-08-06 16:00:00+00:00,BTC_USDT,short,short,funding,64630.8,0.0024000000000000002,155.11392,0.0,0.0,funding,0.015511392000000002,2450.9996274212417,60
765,2026-08-07 00:00:00+00:00,BTC_USDT,long,long,funding,64329.5,0.00030000000000000003,19.29885,0.0,0.0,funding,-0.0019298850000000003,2451.6304275362418,72
766,2026-08-07 00:00:00+00:00,BTC_USDT,short,short,funding,64329.5,0.0024000000000000002,154.3908,0.0,0.0,funding,0.015439080000000003,2451.6458666162416,60
767,2026-08-07 08:00:00+00:00,BTC_USDT,long,long,funding,64316.5,0.00030000000000000003,19.29495,0.0,0.0,funding,-0.001929495,2451.6712371212416,72
768,2026-08-07 08:00:00+00:00,BTC_USDT,short,short,funding,64316.5,0.0024000000000000002,154.3596,0.0,0.0,funding,0.01543596,2451.6866730812417,60
769,2026-08-07 12:00:00+00:00,BTC_USDT,long,long,sell,65293.199347068,0.00030000000000000003,19.587959804120402,0.0009793979902060202,6.5299729319958715,mart_tp,0.15253715613019453,2449.6502234873724,73
770,2026-08-07 12:00:00+00:00,BTC_USDT,short,short,sell,65354.91443042175,0.0015,98.03237164563262,0.004901618582281632,6.536145057543763,mart_add,0.0,2449.7476435144226,60
771,2026-08-07 13:00:00+00:00,BTC_USDT,long,long,buy,65014.600809999996,0.00030000000000000003,19.504380243,0.00097521901215,6.500809999997728,mart_open,0.0,2450.8312580524102,73
772,2026-08-07 16:00:00+00:00,BTC_USDT,long,long,funding,64910.4,0.00030000000000000003,19.47312,0.0,0.0,funding,-0.0019473120000000003,2451.1810307404103,73
773,2026-08-07 16:00:00+00:00,BTC_USDT,short,short,funding,64910.4,0.0039000000000000003,253.15056,0.0,0.0,funding,0.025315056000000002,2451.2063457964105,60
774,2026-08-08 00:00:00+00:00,BTC_USDT,long,long,funding,64919.2,0.00030000000000000003,19.47576,0.0,0.0,funding,-0.0019475760000000001,2451.1727182204104,73
775,2026-08-08 00:00:00+00:00,BTC_USDT,short,short,funding,64919.2,0.0039000000000000003,253.18488,0.0,0.0,funding,0.025318488,2451.1980367084107,60
776,2026-08-08 08:00:00+00:00,BTC_USDT,long,long,funding,64963.2,0.00030000000000000003,19.488960000000002,0.0,0.0,funding,-0.0019488960000000003,2451.0376878124102,73
777,2026-08-08 08:00:00+00:00,BTC_USDT,short,short,funding,64963.2,0.0039000000000000003,253.35648,0.0,0.0,funding,0.025335648000000002,2451.0630234604105,60
778,2026-08-08 16:00:00+00:00,BTC_USDT,long,long,funding,65078.9,0.00030000000000000003,19.523670000000003,0.0,0.0,funding,-0.0019523670000000004,2450.6445510934104,73
779,2026-08-08 16:00:00+00:00,BTC_USDT,short,short,funding,65078.9,0.0039000000000000003,253.80771000000001,0.0,0.0,funding,0.025380771000000003,2450.6699318644105,60
780,2026-08-09 00:00:00+00:00,BTC_USDT,long,long,funding,64958.0,0.00030000000000000003,19.4874,0.0,0.0,funding,-0.0019487400000000002,2451.1032231244108,73
781,2026-08-09 00:00:00+00:00,BTC_USDT,short,short,funding,64958.0,0.0039000000000000003,253.33620000000002,0.0,0.0,funding,0.025333620000000005,2451.1285567444106,60
782,2026-08-09 08:00:00+00:00,BTC_USDT,long,long,funding,64827.4,0.00030000000000000003,19.448220000000003,0.0,0.0,funding,-0.0019448220000000003,2451.5967719224104,73
783,2026-08-09 08:00:00+00:00,BTC_USDT,short,short,funding,64827.4,0.0039000000000000003,252.82686,0.0,0.0,funding,0.025282686000000002,2451.6220546084105,60
784,2026-08-09 16:00:00+00:00,BTC_USDT,long,long,funding,65234.8,0.00030000000000000003,19.57044,0.0,0.0,funding,-0.0019570440000000002,2450.1534575644105,73
785,2026-08-09 16:00:00+00:00,BTC_USDT,short,short,funding,65234.8,0.0039000000000000003,254.41572000000002,0.0,0.0,funding,0.025441572000000003,2450.1788991364106,60
786,2026-08-10 00:00:00+00:00,BTC_USDT,long,long,funding,64889.9,0.00030000000000000003,19.466970000000003,0.0,0.0,funding,-0.0019466970000000005,2451.4185924394105,73
787,2026-08-10 00:00:00+00:00,BTC_USDT,short,short,funding,64889.9,0.0039000000000000003,253.07061000000002,0.0,0.0,funding,0.025307061000000002,2451.4438995004107,60
788,2026-08-10 08:00:00+00:00,BTC_USDT,long,long,funding,65207.2,0.00030000000000000003,19.562160000000002,0.0,0.0,funding,-0.001956216,2450.2996632844106,73
789,2026-08-10 08:00:00+00:00,BTC_USDT,short,short,funding,65207.2,0.0039000000000000003,254.30808000000002,0.0,0.0,funding,0.025430808000000003,2450.325094092411,60
790,2026-08-10 15:00:00+00:00,BTC_USDT,long,long,buy,64370.89124738018,0.0004,25.748356498952074,0.0012874178249476038,6.436445480190741,mart_add,0.0,2453.5712901756333,73
791,2026-08-10 16:00:00+00:00,BTC_USDT,long,long,funding,64296.8,0.0007000000000000001,45.00776000000001,0.0,0.0,funding,-0.0045007760000000015,2453.5671093996334,73
792,2026-08-10 16:00:00+00:00,BTC_USDT,short,short,funding,64296.8,0.0039000000000000003,250.75752000000003,0.0,0.0,funding,0.025075752000000003,2453.592185151633,60
793,2026-08-10 16:00:00+00:00,BTC_USDT,short,short,buy,64062.23345280755,0.0039000000000000003,249.84271046594947,0.012492135523297474,6.405582787003368,mart_tp,1.977185193970943,2454.219612550161,61
794,2026-08-10 17:00:00+00:00,BTC_USDT,short,short,sell,63941.905170000005,0.00030000000000000003,19.182571551000002,0.0009591285775500002,6.394829999997455,mart_open,0.0,2454.2476749725834,61
795,2026-08-11 00:00:00+00:00,BTC_USDT,long,long,funding,63973.8,0.0007000000000000001,44.78166000000001,0.0,0.0,funding,-0.004478166000000001,2454.2533968065836,73
796,2026-08-11 00:00:00+00:00,BTC_USDT,short,short,funding,63973.8,0.00030000000000000003,19.192140000000002,0.0,0.0,funding,0.0019192140000000002,2454.2553160205835,61
797,2026-08-11 08:00:00+00:00,BTC_USDT,long,long,funding,64057.7,0.0007000000000000001,44.840390000000006,0.0,0.0,funding,-0.004484039,2454.284391981583,73
798,2026-08-11 08:00:00+00:00,BTC_USDT,short,short,funding,64057.7,0.00030000000000000003,19.21731,0.0,0.0,funding,0.0019217310000000003,2454.2863137125833,61
799,2026-08-11 14:00:00+00:00,BTC_USDT,long,long,buy,63733.55505313987,0.0007,44.61348853719791,0.0022306744268598957,6.372718233491469,mart_add,0.0,2454.193084500959,73
800,2026-08-11 16:00:00+00:00,BTC_USDT,long,long,funding,63607.0,0.0014000000000000002,89.04980000000002,0.0,0.0,funding,-0.008904980000000002,2454.006309520959,73
801,2026-08-11 16:00:00+00:00,BTC_USDT,short,short,funding,63607.0,0.00030000000000000003,19.0821,0.0,0.0,funding,0.0019082100000000002,2454.0082177309587,61
802,2026-08-11 18:00:00+00:00,BTC_USDT,short,short,buy,63436.71296563286,0.00030000000000000003,19.03101388968986,0.000951550694484493,6.343036992861016,mart_tp,0.15060611061565649,2453.7370522905744,62
803,2026-08-11 19:00:00+00:00,BTC_USDT,short,short,sell,63530.74629,0.00030000000000000003,19.059223887,0.0009529611943500002,6.353709999995772,mart_open,0.0,2453.95763321638,62
804,2026-08-12 00:00:00+00:00,BTC_USDT,long,long,funding,63598.1,0.0014000000000000002,89.03734000000001,0.0,0.0,funding,-0.008903734000000002,2454.01582948238,73
805,2026-08-12 00:00:00+00:00,BTC_USDT,short,short,funding,63598.1,0.00030000000000000003,19.079430000000002,0.0,0.0,funding,0.0019079430000000003,2454.01773742538,62
806,2026-08-12 08:00:00+00:00,BTC_USDT,long,long,funding,63837.5,0.0014000000000000002,89.37250000000002,0.0,0.0,funding,-0.008937250000000002,2454.27214017538,73
807,2026-08-12 08:00:00+00:00,BTC_USDT,short,short,funding,63837.5,0.00030000000000000003,19.15125,0.0,0.0,funding,0.0019151250000000002,2454.27405530038,62
808,2026-08-12 10:00:00+00:00,BTC_USDT,short,short,sell,64159.637147524714,0.0004,25.663854859009888,0.0012831927429504944,6.41660537529242,mart_add,0.0,2454.613446966647,62
809,2026-08-12 14:00:00+00:00,BTC_USDT,short,short,buy,63385.329493504876,0.0007000000000000001,44.36973064545342,0.0022184865322726712,6.337899159436347,mart_tp,0.3511296140241991,2454.0604478346613,63
810,2026-08-12 15:00:00+00:00,BTC_USDT,short,short,sell,63435.85578,0.00030000000000000003,19.030756734,0.0009515378367000001,6.344219999999041,mart_open,0.0,2454.1596530308248,63
811,2026-08-12 16:00:00+00:00,BTC_USDT,long,long,funding,63442.3,0.0014000000000000002,88.81922000000002,0.0,0.0,funding,-0.008881922000000002,2454.150881108825,73
812,2026-08-12 16:00:00+00:00,BTC_USDT,short,short,funding,63442.3,0.00030000000000000003,19.032690000000002,0.0,0.0,funding,0.0019032690000000004,2454.152784377825,63
813,2026-08-13 00:00:00+00:00,BTC_USDT,long,long,funding,63480.7,0.0014000000000000002,88.87298000000001,0.0,0.0,funding,-0.008887298000000002,2454.186137079825,73
814,2026-08-13 00:00:00+00:00,BTC_USDT,short,short,funding,63480.7,0.00030000000000000003,19.04421,0.0,0.0,funding,0.0019044210000000001,2454.188041500825,63
815,2026-08-13 08:00:00+00:00,BTC_USDT,long,long,funding,63860.0,0.0014000000000000002,89.40400000000001,0.0,0.0,funding,-0.008940400000000001,2454.596331100825,73
816,2026-08-13 08:00:00+00:00,BTC_USDT,short,short,funding,63860.0,0.00030000000000000003,19.158,0.0,0.0,funding,0.0019158000000000003,2454.598246900825,63
817,2026-08-13 16:00:00+00:00,BTC_USDT,long,long,funding,63420.1,0.0014000000000000002,88.78814000000001,0.0,0.0,funding,-0.008878814000000002,2454.105478086825,73
818,2026-08-13 16:00:00+00:00,BTC_USDT,short,short,funding,63420.1,0.00030000000000000003,19.026030000000002,0.0,0.0,funding,0.0019026030000000003,2454.107380689825,63
819,2026-08-13 16:00:00+00:00,BTC_USDT,long,long,buy,63102.529124558736,0.001,63.102529124558735,0.003155126456227937,6.309621950262226,mart_add,0.0,2453.87327643881,73
820,2026-08-13 16:00:00+00:00,BTC_USDT,short,short,buy,62934.66177065337,0.00030000000000000003,18.880398531196015,0.0009440199265598008,6.292836893371714,mart_tp,0.1494141828774279,2453.939603887687,64
821,2026-08-13 17:00:00+00:00,BTC_USDT,short,short,sell,63140.78529,0.00030000000000000003,18.942235587000003,0.0009471117793500002,6.31470999999874,mart_open,0.0,2453.908442362908,64
822,2026-08-14 00:00:00+00:00,BTC_USDT,long,long,funding,63486.5,0.0024000000000000002,152.3676,0.0,0.0,funding,-0.015236760000000002,2454.605945602908,73
823,2026-08-14 00:00:00+00:00,BTC_USDT,short,short,funding,63486.5,0.00030000000000000003,19.04595,0.0,0.0,funding,0.0019045950000000002,2454.6078501979077,64
824,2026-08-14 08:00:00+00:00,BTC_USDT,long,long,funding,62920.0,0.0024000000000000002,151.008,0.0,0.0,funding,-0.015100800000000001,2453.4030993979077,73
825,2026-08-14 08:00:00+00:00,BTC_USDT,short,short,funding,62920.0,0.00030000000000000003,18.876,0.0,0.0,funding,0.0018876000000000001,2453.4049869979076,64
826,2026-08-14 13:00:00+00:00,BTC_USDT,short,short,buy,62641.92257358076,0.00030000000000000003,18.79257677207423,0.0009396288386037116,6.263565900764661,mart_tp,0.1487191860871673,2452.875470596995,65
827,2026-08-14 14:00:00+00:00,BTC_USDT,short,short,sell,62612.93808,0.00030000000000000003,18.783881424,0.0009391940712000001,6.26191999999719,mart_open,0.0,2452.7627328269236,65
828,2026-08-14 16:00:00+00:00,BTC_USDT,long,long,funding,62988.5,0.0024000000000000002,151.1724,0.0,0.0,funding,-0.015117240000000002,2453.5231455869234,73
829,2026-08-14 16:00:00+00:00,BTC_USDT,short,short,funding,62988.5,0.00030000000000000003,18.89655,0.0,0.0,funding,0.0018896550000000003,2453.5250352419234,65
830,2026-08-15 00:00:00+00:00,BTC_USDT,long,long,funding,63039.9,0.0024000000000000002,151.29576000000003,0.0,0.0,funding,-0.015129576000000004,2453.6178456659236,73
831,2026-08-15 00:00:00+00:00,BTC_USDT,short,short,funding,63039.9,0.00030000000000000003,18.911970000000004,0.0,0.0,funding,0.0018911970000000005,2453.6197368629237,65
832,2026-08-15 08:00:00+00:00,BTC_USDT,long,long,funding,63070.5,0.0024000000000000002,151.3692,0.0,0.0,funding,-0.015136920000000002,2453.6688599429235,73
833,2026-08-15 08:00:00+00:00,BTC_USDT,short,short,funding,63070.5,0.00030000000000000003,18.92115,0.0,0.0,funding,0.0018921150000000002,2453.670752057924,65
834,2026-08-15 16:00:00+00:00,BTC_USDT,long,long,funding,63096.3,0.0024000000000000002,151.43112000000002,0.0,0.0,funding,-0.015143112000000004,2453.7097889459237,73
835,2026-08-15 16:00:00+00:00,BTC_USDT,short,short,funding,63096.3,0.00030000000000000003,18.928890000000003,0.0,0.0,funding,0.0018928890000000005,2453.7116818349236,65
836,2026-08-16 00:00:00+00:00,BTC_USDT,long,long,funding,63083.5,0.0024000000000000002,151.40040000000002,0.0,0.0,funding,-0.015140040000000002,2453.6696617949237,73
837,2026-08-16 00:00:00+00:00,BTC_USDT,short,short,funding,63083.5,0.00030000000000000003,18.925050000000002,0.0,0.0,funding,0.0018925050000000003,2453.6715542999236,65
838,2026-08-16 08:00:00+00:00,BTC_USDT,long,long,funding,63059.5,0.0024000000000000002,151.3428,0.0,0.0,funding,-0.015134280000000002,2453.6060200199236,73
839,2026-08-16 08:00:00+00:00,BTC_USDT,short,short,funding,63059.5,0.00030000000000000003,18.91785,0.0,0.0,funding,0.0018917850000000002,2453.607911804924,65
840,2026-08-16 16:00:00+00:00,BTC_USDT,long,long,funding,63141.4,0.0024000000000000002,151.53936000000002,0.0,0.0,funding,-0.015153936000000002,2453.764747868923,73
841,2026-08-16 16:00:00+00:00,BTC_USDT,short,short,funding,63141.4,0.00030000000000000003,18.942420000000002,0.0,0.0,funding,0.0018942420000000002,2453.7666421109234,65
842,2026-08-16 16:00:00+00:00,BTC_USDT,short,short,sell,63232.743554053915,0.0004,25.293097421621567,0.0012646548710810784,6.323906746081775,mart_add,0.0,2454.0003048776734,65
843,2026-08-17 00:00:00+00:00,BTC_USDT,long,long,funding,62898.4,0.0024000000000000002,150.95616,0.0,0.0,funding,-0.015095616000000003,2453.3737192616736,73
844,2026-08-17 00:00:00+00:00,BTC_USDT,short,short,funding,62898.4,0.0007000000000000001,44.02888000000001,0.0,0.0,funding,0.004402888000000001,2453.378122149674,65
845,2026-08-17 08:00:00+00:00,BTC_USDT,long,long,funding,63518.8,0.0024000000000000002,152.44512000000003,0.0,0.0,funding,-0.015244512000000003,2454.417557637674,73
846,2026-08-17 08:00:00+00:00,BTC_USDT,short,short,funding,63518.8,0.0007000000000000001,44.46316000000001,0.0,0.0,funding,0.004446316000000001,2454.4220039536735,65
847,2026-08-17 14:00:00+00:00,BTC_USDT,short,short,sell,63858.6844824955,0.0007,44.701079137746845,0.0022350539568873422,6.386507098955917,mart_add,0.0,2455.036588037464,65
848,2026-08-17 16:00:00+00:00,BTC_USDT,long,long,funding,64201.6,0.0024000000000000002,154.08384,0.0,0.0,funding,-0.015408384000000002,2455.325079653464,73
849,2026-08-17 16:00:00+00:00,BTC_USDT,short,short,funding,64201.6,0.0014000000000000002,89.88224000000001,0.0,0.0,funding,0.008988224000000001,2455.334067877464,65
850,2026-08-17 17:00:00+00:00,BTC_USDT,long,long,sell,64240.452161872694,0.0024000000000000002,154.1770851884945,0.007708854259424725,6.424687684957462,mart_tp,1.2006219305263461,2455.2430642116988,74
851,2026-08-17 18:00:00+00:00,BTC_USDT,long,long,buy,64435.34289,0.00030000000000000003,19.330602867000003,0.0009665301433500002,6.442889999998442,mart_open,0.0,2455.0984848145554,74
852,2026-08-17 18:00:00+00:00,BTC_USDT,short,short,sell,64490.821600187715,0.001,64.49082160018772,0.003224541080009386,6.449727132734552,mart_add,0.0,2455.1571818736634,65
853,2026-08-18 00:00:00+00:00,BTC_USDT,long,long,funding,64536.6,0.00030000000000000003,19.36098,0.0,0.0,funding,-0.0019360980000000002,2454.929075775663,74
854,2026-08-18 00:00:00+00:00,BTC_USDT,short,short,funding,64536.6,0.0024000000000000002,154.88784,0.0,0.0,funding,0.015488784000000002,2454.944564559663,65
855,2026-08-18 08:00:00+00:00,BTC_USDT,long,long,funding,64194.0,0.00030000000000000003,19.258200000000002,0.0,0.0,funding,-0.0019258200000000004,2455.662098739663,74
856,2026-08-18 08:00:00+00:00,BTC_USDT,short,short,funding,64194.0,0.0024000000000000002,154.06560000000002,0.0,0.0,funding,0.015406560000000003,2455.677505299663,65
857,2026-08-18 14:00:00+00:00,BTC_USDT,long,long,sell,64944.3305505567,0.00030000000000000003,19.48329916516701,0.0009741649582583506,6.49508256331319,mart_tp,0.15172213320874856,2454.6404302998717,75
858,2026-08-18 15:00:00+00:00,BTC_USDT,long,long,buy,64861.58551,0.00030000000000000003,19.458475653,0.00097292378265,6.485509999998612,mart_open,0.0,2454.3120717230895,75
859,2026-08-18 16:00:00+00:00,BTC_USDT,long,long,funding,64855.6,0.00030000000000000003,19.456680000000002,0.0,0.0,funding,-0.0019456680000000002,2454.3090760550895,75
860,2026-08-18 16:00:00+00:00,BTC_USDT,short,short,funding,64855.6,0.0024000000000000002,155.65344000000002,0.0,0.0,funding,0.015565344000000002,2454.324641399089,65
861,2026-08-19 00:00:00+00:00,BTC_USDT,long,long,funding,64727.4,0.00030000000000000003,19.41822,0.0,0.0,funding,-0.0019418220000000002,2454.5919195770894,75
862,2026-08-19 00:00:00+00:00,BTC_USDT,short,short,funding,64727.4,0.0024000000000000002,155.34576,0.0,0.0,funding,0.015534576000000001,2454.6074541530893,65
863,2026-08-19 06:00:00+00:00,BTC_USDT,long,long,buy,64219.39095186549,0.0004,25.687756380746197,0.0012843878190373099,6.42129696549091,mart_add,0.0,2455.473903384524,75
864,2026-08-19 08:00:00+00:00,BTC_USDT,long,long,funding,64298.1,0.0007000000000000001,45.00867,0.0,0.0,funding,-0.004500867,2455.534682517524,75
865,2026-08-19 08:00:00+00:00,BTC_USDT,short,short,funding,64298.1,0.0024000000000000002,154.31544000000002,0.0,0.0,funding,0.015431544000000004,2455.550114061524,65
866,2026-08-19 13:00:00+00:00,BTC_USDT,long,long,sell,65004.07307118166,0.0007000000000000001,45.502851149827166,0.0022751425574913586,6.501057412860973,mart_tp,0.3543439735234758,2454.3365800687934,76
867,2026-08-19 13:00:00+00:00,BTC_USDT,short,short,sell,65129.21624320798,0.0015,97.69382436481197,0.004884691218240599,6.513572981617472,mart_add,0.0,2454.512469742387,65
868,2026-08-19 14:00:00+00:00,BTC_USDT,long,long,buy,65928.19216,0.00030000000000000003,19.778457648000003,0.0009889228824000002,6.592160000000149,mart_open,0.0,2450.9491931715047,76
869,2026-08-19 14:00:00+00:00,BTC_USDT,short,short,sell,65773.9303547995,0.0023,151.28003981603882,0.007564001990801941,6.578050840558717,mart_add,0.0,2450.6019889855525,65
870,2026-08-19 15:00:00+00:00,BTC_USDT,long,long,sell,66448.97213551028,0.00030000000000000003,19.934691640653085,0.0009967345820326543,6.645561769721098,mart_tp,0.1552372580710499,2434.4600238916237,77
871,2026-08-19 15:00:00+00:00,BTC_USDT,short,short,sell,66425.02649138165,0.0034000000000000002,225.84509007069764,0.011292254503534882,6.643166965834098,mart_add,0.0,2427.2221217078177,65
872,2026-08-19 16:00:00+00:00,BTC_USDT,short,short,funding,68550.5,0.009600000000000001,658.0848000000001,0.0,0.0,funding,0.06580848000000002,2427.287930187818,65
873,2026-08-19 16:00:00+00:00,BTC_USDT,long,long,buy,68467.8461,0.0002,13.69356922,0.0006846784610000001,6.846099999995204,mart_open,0.0,2428.145076289357,77
874,2026-08-19 16:00:00+00:00,BTC_USDT,short,short,sell,67082.56782861984,0.005,335.4128391430992,0.01677064195715496,6.708927675630548,mart_add,0.0,2421.2361447904987,65
875,2026-08-19 17:00:00+00:00,BTC_USDT,short,short,sell,67746.61816755535,0.007500000000000001,508.0996362566652,0.02540498181283326,6.775339350686409,mart_add,0.0,2421.700176065351,65
876,2026-08-19 18:00:00+00:00,BTC_USDT,short,short,sell,68417.24194079598,0.0112,766.273109736915,0.03831365548684575,6.842408434924437,mart_add,0.0,2417.1946221467792,65
877,2026-08-19 20:00:00+00:00,BTC_USDT,long,long,sell,69008.68730991312,0.0002,13.801737461982624,0.0006900868730991312,6.9015588868787745,mart_tp,0.10747815510952563,2395.952819521889,78
878,2026-08-19 20:00:00+00:00,BTC_USDT,short,short,sell,69094.50421876792,0.0166,1146.9687700315476,0.057348438501577385,6.91014143601933,mart_add,0.0,2396.700641114935,65
879,2026-08-19 21:00:00+00:00,BTC_USDT,long,long,buy,69723.87169,0.0002,13.944774338,0.0006972387169000001,6.971690000005765,mart_open,0.0,2363.220639538218,78
880,2026-08-19 21:00:00+00:00,BTC_USDT,short,short,sell,69778.47071602951,0.0247,1723.5282266859288,0.08617641133429645,6.97854492609622,mart_add,0.0,2364.6552598128123,65
881,2026-08-19 22:00:00+00:00,BTC_USDT,long,long,buy,69033.53563639731,0.0004,27.613414254558926,0.0013806707127279464,6.902663297310937,mart_add,0.0,2398.7600248875406,78
882,2026-08-20 00:00:00+00:00,BTC_USDT,long,long,funding,69342.9,0.0006000000000000001,41.60574,0.0,0.0,funding,-0.004160574,2392.599064313541,78
883,2026-08-20 00:00:00+00:00,BTC_USDT,short,short,funding,69342.9,0.0746,5172.980339999999,0.0,0.0,funding,0.517298034,2393.116362347541,65
884,2026-08-20 01:00:00+00:00,BTC_USDT,short,short,buy,69890.41790500302,0.0746,5213.825175713226,0.2606912587856613,6.988342956203269,force_exit_pre_liq,-105.7154512827511,2352.2372153755296,66
885,2026-08-20 01:00:00+00:00,BTC_USDT,long,long,sell,69810.77505981544,0.0006000000000000001,41.886465035889266,0.0020943232517944632,6.981775683554588,mart_tp,0.32618212007854375,2352.289466088167,79
886,2026-08-20 02:00:00+00:00,BTC_USDT,long,long,buy,69307.23003,0.0002,13.861446006000001,0.0006930723003000001,6.930030000003171,mart_open,0.0,2352.2873870098665,79
887,2026-08-20 06:00:00+00:00,BTC_USDT,long,long,sell,69854.70170145298,0.0002,13.970940340290598,0.00069854701701453,6.986168787028873,mart_tp,0.10879578727358119,2352.3975688031405,80
888,2026-08-20 07:00:00+00:00,BTC_USDT,long,long,buy,69838.9832,0.0002,13.967796640000001,0.0006983898320000001,6.983200000002398,mart_open,0.0,2352.3954737733084,80
889,2026-08-20 08:00:00+00:00,BTC_USDT,long,long,funding,69832.0,0.0002,13.9664,0.0,0.0,funding,-0.00139664,2352.394077133308,80
890,2026-08-20 08:00:00+00:00,BTC_USDT,long,long,sell,70390.65529609344,0.0002,14.078131059218688,0.0007039065529609344,7.039769506562152,mart_tp,0.1096305126657256,2352.505104285974,81
891,2026-08-20 09:00:00+00:00,BTC_USDT,long,long,buy,71795.97888,0.0002,14.359195776,0.0007179597888,7.178879999992205,mart_open,0.0,2352.5029505501852,81
892,2026-08-20 10:00:00+00:00,BTC_USDT,long,long,sell,72363.10967636888,0.0002,14.472621935273777,0.0007236310967636888,7.23703467111045,mart_tp,0.11270252817701407,2352.617088854362,82
893,2026-08-20 11:00:00+00:00,BTC_USDT,long,long,buy,71928.89216999999,0.0002,14.385778433999999,0.0007192889217,7.192169999994803,mart_open,0.0,2352.6149311314402,82
894,2026-08-20 13:00:00+00:00,BTC_USDT,long,long,buy,71216.72420862482,0.0004,28.486689683449928,0.0014243344841724966,7.120960324828047,mart_add,0.0,2352.758517113506,82
895,2026-08-20 15:00:00+00:00,BTC_USDT,long,long,sell,72018.54386267214,0.0006000000000000001,43.21112631760329,0.0021605563158801646,7.20257464372844,mart_tp,0.33649764383748487,2352.951442874794,83
896,2026-08-20 16:00:00+00:00,BTC_USDT,long,long,buy,72841.98346999999,0.0002,14.568396693999999,0.0007284198347,7.28346999999485,mart_open,0.0,2352.949257760959,83
897,2026-08-21 00:00:00+00:00,BTC_USDT,long,long,funding,73028.2,0.0002,14.60564,0.0,0.0,funding,-0.001460564,2352.986497196959,83
898,2026-08-21 00:00:00+00:00,BTC_USDT,long,long,sell,73417.37686582621,0.0002,14.683475373165242,0.0007341737686582621,7.342471933778143,mart_tp,0.11434450539658585,2353.0635983963557,84
899,2026-08-21 01:00:00+00:00,BTC_USDT,long,long,buy,75135.5128,0.0002,15.02710256,0.000751355128,7.512799999996787,mart_open,0.0,2353.0613444812275,84
900,2026-08-21 02:00:00+00:00,BTC_USDT,long,long,buy,74391.5960877672,0.0004,29.756638435106883,0.0014878319217553442,7.438415767202969,mart_add,0.0,2352.938618214199,84
901,2026-08-21 05:00:00+00:00,BTC_USDT,long,long,sell,75229.16120329237,0.0006000000000000001,45.13749672197543,0.0022568748360987717,7.523668487177929,mart_tp,0.351498852032447,2353.4128580613383,85
902,2026-08-21 06:00:00+00:00,BTC_USDT,long,long,buy,75654.06465,0.0002,15.130812930000001,0.0007565406465000001,7.564650000000256,mart_open,0.0,2353.410588590692,85
903,2026-08-21 07:00:00+00:00,BTC_USDT,long,long,sell,76251.67123748329,0.0002,15.250334247496658,0.0007625167123748329,7.625929716712562,mart_tp,0.11875880078428232,2353.530860321476,86
904,2026-08-21 08:00:00+00:00,BTC_USDT,long,long,buy,79282.42745,0.0002,15.85648549,0.0007928242745000001,7.927450000002864,mart_open,0.0,2353.5284820072015,86
905,2026-08-21 09:00:00+00:00,BTC_USDT,long,long,buy,78497.45213581756,0.00030000000000000003,23.54923564074527,0.0011774617820372636,7.848960317554884,mart_add,0.0,2353.0803689046743,86
906,2026-08-21 10:00:00+00:00,BTC_USDT,long,long,buy,77720.24886222082,0.0005,38.86012443111041,0.0019430062215555204,7.771247761440463,mart_add,0.0,2353.0699014673423,86
907,2026-08-21 11:00:00+00:00,BTC_USDT,long,long,buy,76950.74067823598,0.0008,61.560592542588786,0.0030780296271294394,7.69430463736353,mart_add,0.0,2351.8386108951263,86
908,2026-08-21 16:00:00+00:00,BTC_USDT,long,long,funding,77205.3,0.0018,138.96954,0.0,0.0,funding,-0.013896954,2352.6530739411264,86
909,2026-08-21 21:00:00+00:00,BTC_USDT,long,long,sell,78294.97505795505,0.0018,140.93095510431908,0.007046547755215954,7.830280533846235,mart_tp,1.0974704521194119,2354.6074424976905,87
910,2026-08-21 22:00:00+00:00,BTC_USDT,long,long,buy,78469.74618999999,0.0002,15.693949237999998,0.0007846974618999999,7.846189999996568,mart_open,0.0,2354.6050885622285,87
911,2026-08-22 00:00:00+00:00,BTC_USDT,long,long,funding,78336.0,0.0002,15.667200000000001,0.0,0.0,funding,-0.0015667200000000002,2354.5783418422284,87
912,2026-08-22 05:00:00+00:00,BTC_USDT,long,long,buy,77692.81723297281,0.00030000000000000003,23.307845169891845,0.0011653922584945924,7.768504872816266,mart_add,0.0,2354.2976312800783,87
913,2026-08-22 08:00:00+00:00,BTC_USDT,long,long,funding,77298.5,0.0005,38.64925,0.0,0.0,funding,-0.0038649250000000004,2354.247516355078,87
914,2026-08-22 09:00:00+00:00,BTC_USDT,long,long,buy,76923.58064954914,0.0005,38.46179032477457,0.0019230895162387286,7.691588906061952,mart_add,0.0,2354.195252940787,87
915,2026-08-22 16:00:00+00:00,BTC_USDT,long,long,funding,76985.0,0.001,76.985,0.0,0.0,funding,-0.0076985000000000005,2354.1118544407873,87
916,2026-08-23 00:00:00+00:00,BTC_USDT,long,long,funding,77078.1,0.001,77.0781,0.0,0.0,funding,-0.007707810000000001,2354.197246630787,87
917,2026-08-23 05:00:00+00:00,BTC_USDT,long,long,buy,76161.96027753796,0.0008,60.92956822203037,0.0030464784111015187,7.615434484308935,mart_add,0.0,2353.085351930346,87
918,2026-08-23 08:00:00+00:00,BTC_USDT,long,long,funding,76004.3,0.0018,136.80774,0.0,0.0,funding,-0.013680774,2352.980591156346,87
919,2026-08-23 13:00:00+00:00,BTC_USDT,long,long,sell,77492.41563806475,0.0018,139.48634814851656,0.006974317407425828,7.7500165654637385,mart_tp,1.0862208764123251,2355.652224987455,88
920,2026-08-23 14:00:00+00:00,BTC_USDT,long,long,buy,77198.7191,0.0002,15.43974382,0.000771987191,7.719100000002072,mart_open,0.0,2355.649909180264,88
921,2026-08-23 16:00:00+00:00,BTC_USDT,long,long,funding,77147.9,0.0002,15.42958,0.0,0.0,funding,-0.001542958,2355.639746222264,88
922,2026-08-23 21:00:00+00:00,BTC_USDT,long,long,sell,77808.52722191473,0.0002,15.561705444382946,0.0007780852722191474,7.781630885277991,mart_tp,0.12118353911072645,2355.7710935813748,89
923,2026-08-23 22:00:00+00:00,BTC_USDT,long,long,buy,77606.95992,0.0002,15.521391984,0.0007760695992,7.759919999996782,mart_open,0.0,2355.7687655277755,89
924,2026-08-24 00:00:00+00:00,BTC_USDT,long,long,funding,77727.0,0.0002,15.5454,0.0,0.0,funding,-0.00155454,2355.792770987776,89
925,2026-08-24 04:00:00+00:00,BTC_USDT,long,long,buy,76838.57340983208,0.00030000000000000003,23.051572022949628,0.0011525786011474814,7.683089032085263,mart_add,0.0,2355.643046386225,89
926,2026-08-24 07:00:00+00:00,BTC_USDT,long,long,sell,77755.31912846664,0.0005,38.87765956423332,0.001943882978211666,7.776309543798561,mart_tp,0.3027516743054843,2356.07036206748,90
927,2026-08-24 08:00:00+00:00,BTC_USDT,long,long,buy,77053.10454,0.0002,15.410620908,0.0007705310454,7.704540000006091,mart_open,0.0,2356.0680506284343,90
928,2026-08-24 10:00:00+00:00,BTC_USDT,long,long,sell,77661.76242338237,0.0002,15.532352484676476,0.0007766176242338239,7.766952937628957,mart_tp,0.12095495905224084,2356.1905464954866,91
929,2026-08-24 11:00:00+00:00,BTC_USDT,long,long,buy,78446.24384,0.0002,15.689248768,0.0007844624384000001,7.843840000001364,mart_open,0.0,2356.188193265048,91
930,2026-08-24 12:00:00+00:00,BTC_USDT,long,long,sell,79065.90640934093,0.0002,15.813181281868186,0.0007906590640934094,7.90738137907465,mart_tp,0.12314185480409252,2356.3129038878524,92
931,2026-08-24 13:00:00+00:00,BTC_USDT,long,long,buy,78601.55937,0.0002,15.720311874000002,0.0007860155937000001,7.859370000005583,mart_open,0.0,2356.3105459982585,92
932,2026-08-24 14:00:00+00:00,BTC_USDT,long,long,sell,79222.44880777551,0.0002,15.844489761555103,0.0007922244880777552,7.923037184489658,mart_tp,0.12338566306702344,2356.4355035353256,93
933,2026-08-24 15:00:00+00:00,BTC_USDT,long,long,buy,79105.50976,0.0002,15.821101952000001,0.0007910550976000001,7.9097599999950035,mart_open,0.0,2356.433130528228,93
934,2026-08-24 16:00:00+00:00,BTC_USDT,long,long,funding,79097.6,0.0002,15.819520000000002,0.0,0.0,funding,-0.0015819520000000004,2356.431548576228,93
935,2026-08-24 16:00:00+00:00,BTC_USDT,long,long,sell,79730.3800026962,0.0002,15.946076000539241,0.0007973038000269621,7.9738353838038165,mart_tp,0.12417674473921249,2356.557307272967,94
936,2026-08-24 17:00:00+00:00,BTC_USDT,long,long,buy,78772.67648000001,0.0002,15.754535296000002,0.0007877267648000001,7.876480000006268,mart_open,0.0,2356.5549442502024,94
937,2026-08-25 00:00:00+00:00,BTC_USDT,long,long,funding,78984.9,0.0002,15.79698,0.0,0.0,funding,-0.001579698,2356.597384552202,94
938,2026-08-25 00:00:00+00:00,BTC_USDT,long,long,sell,79394.91760605083,0.0002,15.878983521210166,0.0007939491760605084,7.94028578918369,mart_tp,0.12365427603410417,2356.6785941242365,95
939,2026-08-25 01:00:00+00:00,BTC_USDT,long,long,buy,79827.68196999999,0.0002,15.965536393999999,0.0007982768197,7.981969999993453,mart_open,0.0,2356.6761994534168,95
940,2026-08-25 02:00:00+00:00,BTC_USDT,long,long,sell,80458.25679541742,0.0002,16.091651359083485,0.0008045825679541743,8.046630342578283,mart_tp,0.12531038251553084,2356.8031062299324,96
941,2026-08-25 03:00:00+00:00,BTC_USDT,long,long,buy,80488.64806,0.0002,16.097729612000002,0.0008048864806000001,8.048060000000987,mart_open,0.0,2356.8006917314515,96
942,2026-08-25 07:00:00+00:00,BTC_USDT,long,long,buy,79691.72995555794,0.00030000000000000003,23.907518986667384,0.0011953759493333693,7.968376157936291,mart_add,0.0,2356.646407368835,96
943,2026-08-25 08:00:00+00:00,BTC_USDT,long,long,funding,79701.1,0.0005,39.850550000000005,0.0,0.0,funding,-0.003985055,2356.6424223138347,96
944,2026-08-25 09:00:00+00:00,BTC_USDT,long,long,buy,78902.70213726794,0.0005,39.451351068633976,0.001972567553431699,7.889481265592622,mart_add,0.0,2356.5338486776473,96
945,2026-08-25 13:00:00+00:00,BTC_USDT,long,long,buy,78121.48648340686,0.0008,62.49718918672549,0.003124859459336275,7.8113675115891965,mart_add,0.0,2356.4166946314626,96
946,2026-08-25 15:00:00+00:00,BTC_USDT,long,long,sell,79486.17234607923,0.0018,143.0751102229426,0.007153755511147131,7.949412175817997,mart_tp,1.1141676134045948,2357.906191098894,97
947,2026-08-25 16:00:00+00:00,BTC_USDT,long,long,buy,79153.01451000001,0.0002,15.830602902000003,0.0007915301451000002,7.914510000002338,mart_open,0.0,2357.9038166667488,97
948,2026-08-25 20:00:00+00:00,BTC_USDT,long,long,buy,78369.3205133365,0.00030000000000000003,23.51079615400095,0.0011755398077000477,7.8361484364868375,mart_add,0.0,2357.66507497294,97
949,2026-08-26 00:00:00+00:00,BTC_USDT,long,long,funding,78529.9,0.0005,39.26495,0.0,0.0,funding,-0.003926495,2357.8238484779404,97
950,2026-08-26 08:00:00+00:00,BTC_USDT,long,long,funding,78929.7,0.0005,39.46485,0.0,0.0,funding,-0.0039464850000000004,2358.0198019929403,97
951,2026-08-26 16:00:00+00:00,BTC_USDT,long,long,funding,78009.2,0.0005,39.004599999999996,0.0,0.0,funding,-0.0039004599999999997,2357.5556515329404,97
952,2026-08-27 00:00:00+00:00,BTC_USDT,long,long,funding,79027.3,0.0005,39.513650000000005,0.0,0.0,funding,-0.003951365000000001,2358.0607501679406,97
953,2026-08-27 08:00:00+00:00,BTC_USDT,long,long,funding,79083.0,0.0005,39.5415,0.0,0.0,funding,-0.00395415,2358.08464601794,97
954,2026-08-27 08:00:00+00:00,BTC_USDT,long,long,sell,79304.32927084822,0.0005,39.65216463542411,0.0019826082317712054,7.931226049695397,mart_tp,0.3087829711913902,2358.1933280451326,98
955,2026-08-27 09:00:00+00:00,BTC_USDT,long,long,buy,79996.39884,0.0002,15.999279768,0.0007999639884,7.9988400000002,mart_open,0.0,2358.1909283131445,98
956,2026-08-27 11:00:00+00:00,BTC_USDT,long,long,buy,79204.35449508515,0.00030000000000000003,23.761306348525547,0.0011880653174262774,7.9196434851619415,mart_add,0.0,2358.1710038993015,98
957,2026-08-27 14:00:00+00:00,BTC_USDT,long,long,sell,80149.3258767544,0.0005,40.0746629383772,0.00200373314691886,8.015734161090222,mart_tp,0.31207308870474165,2358.5034131045313,99
958,2026-08-27 15:00:00+00:00,BTC_USDT,long,long,buy,80310.13021,0.0002,16.062026042000003,0.0008031013021000001,8.030209999997169,mart_open,0.0,2358.5010039612293,99
959,2026-08-27 16:00:00+00:00,BTC_USDT,long,long,funding,80302.1,0.0002,16.06042,0.0,0.0,funding,-0.0016060420000000002,2358.4993979192295,99
960,2026-08-28 00:00:00+00:00,BTC_USDT,long,long,funding,80256.4,0.0002,16.05128,0.0,0.0,funding,-0.001605128,2358.4886527912295,99
961,2026-08-28 01:00:00+00:00,BTC_USDT,long,long,sell,80944.51599055485,0.0002,16.18890319811097,0.0008094451599055485,8.09526112517051,mart_tp,0.12606771095106092,2358.62546654418,100
962,2026-08-28 02:00:00+00:00,BTC_USDT,long,long,buy,79937.993,0.0002,15.987598600000002,0.0007993799300000001,7.993000000002212,mart_open,0.0,2358.6230685642504,100
963,2026-08-28 08:00:00+00:00,BTC_USDT,long,long,funding,79667.0,0.0002,15.9334,0.0,0.0,funding,-0.0015933400000000002,2358.5688752242504,100
964,2026-08-28 10:00:00+00:00,BTC_USDT,long,long,buy,79146.526931307,0.00030000000000000003,23.743958079392105,0.0011871979039696052,7.913861306995386,mart_add,0.0,2358.6713299469543,100
965,2026-08-28 15:00:00+00:00,BTC_USDT,long,long,buy,78362.89716816013,0.0005,39.181448584080066,0.0019590724292040036,7.835506166200503,mart_add,0.0,2358.032422290445,100
966,2026-08-28 16:00:00+00:00,BTC_USDT,long,long,funding,78325.5,0.001,78.3255,0.0,0.0,funding,-0.00783255,2358.024589740445,100
967,2026-08-28 16:00:00+00:00,BTC_USDT,long,long,buy,77587.02612329817,0.0008,62.06962089863854,0.003103481044931927,7.757926819642307,mart_add,0.0,2357.6521453607616,100
968,2026-08-29 00:00:00+00:00,BTC_USDT,long,long,funding,77845.5,0.0018,140.12189999999998,0.0,0.0,funding,-0.014012189999999999,2357.734253170762,100
969,2026-08-29 08:00:00+00:00,BTC_USDT,long,long,funding,77626.0,0.0018,139.7268,0.0,0.0,funding,-0.013972680000000001,2357.3251804907613,100
970,2026-08-29 16:00:00+00:00,BTC_USDT,long,long,funding,77861.4,0.0018,140.15051999999997,0.0,0.0,funding,-0.014015051999999998,2357.7348854387615,100
971,2026-08-30 00:00:00+00:00,BTC_USDT,long,long,funding,78230.8,0.0018,140.81544,0.0,0.0,funding,-0.014081544,2358.3857238947617,100
972,2026-08-30 08:00:00+00:00,BTC_USDT,long,long,funding,78110.5,0.0018,140.5989,0.0,0.0,funding,-0.014059889999999998,2358.1551240047615,100
973,2026-08-30 13:00:00+00:00,BTC_USDT,long,long,sell,78942.37562371691,0.0018,142.09627612269045,0.0071048138061345235,7.895027065082104,mart_tp,1.106545146773606,2359.645395313646,101
974,2026-08-30 14:00:00+00:00,BTC_USDT,long,long,buy,78787.97801,0.0002,15.757595602000002,0.0007878797801000001,7.878010000000359,mart_open,0.0,2359.6430318318658,101
975,2026-08-30 16:00:00+00:00,BTC_USDT,long,long,funding,78824.2,0.0002,15.76484,0.0,0.0,funding,-0.001576484,2359.6502753478658,101
976,2026-08-30 23:00:00+00:00,BTC_USDT,long,long,buy,78007.89823972298,0.00030000000000000003,23.4023694719169,0.001170118473595845,7.800009822982247,mart_add,0.0,2359.3235957574752,101
977,2026-08-31 00:00:00+00:00,BTC_USDT,long,long,funding,77683.3,0.0005,38.84165,0.0,0.0,funding,-0.003884165,2359.3196615924753,101
978,2026-08-31 08:00:00+00:00,BTC_USDT,long,long,funding,78191.0,0.0005,39.0955,0.0,0.0,funding,-0.00390955,2359.5696020424753,101
979,2026-08-31 16:00:00+00:00,BTC_USDT,long,long,funding,78577.8,0.0005,39.288900000000005,0.0,0.0,funding,-0.003928890000000001,2359.759073152475,101
980,2026-08-31 17:00:00+00:00,BTC_USDT,long,long,sell,78938.59494005758,0.0005,39.46929747002879,0.00197346487350144,7.894648958899779,mart_tp,0.30735893123838626,2359.937497157631,102
981,2026-08-31 18:00:00+00:00,BTC_USDT,long,long,buy,79024.50166000001,0.0002,15.804900332000003,0.0007902450166000002,7.901660000003176,mart_open,0.0,2359.935126580614,102
982,2026-09-01 00:00:00+00:00,BTC_USDT,long,long,funding,78583.2,0.0002,15.71664,0.0,0.0,funding,-0.0015716640000000002,2359.846874916614,102
983,2026-09-01 02:00:00+00:00,BTC_USDT,long,long,buy,78242.08006906434,0.00030000000000000003,23.472624020719305,0.0011736312010359653,7.823425664333627,mart_add,0.0,2359.881437264694,102
984,2026-09-01 05:00:00+00:00,BTC_USDT,long,long,sell,79175.57074617263,0.0005,39.58778537308631,0.0019793892686543156,7.918348909501219,mart_tp,0.3082816310983504,2360.242243248511,103
985,2026-09-01 06:00:00+00:00,BTC_USDT,long,long,buy,78750.57427,0.0002,15.750114854,0.0007875057427,7.8742700000002515,mart_open,0.0,2360.2398808887683,103
986,2026-09-01 08:00:00+00:00,BTC_USDT,long,long,funding,78634.4,0.0002,15.72688,0.0,0.0,funding,-0.001572688,2360.2166482007683,103
987,2026-09-01 08:00:00+00:00,BTC_USDT,long,long,buy,77970.86483415273,0.00030000000000000003,23.391259450245823,0.0011695629725122913,7.7963068527315045,mart_add,0.0,2360.03733918755,103
988,2026-09-01 16:00:00+00:00,BTC_USDT,long,long,funding,77918.3,0.0005,38.95915,0.0,0.0,funding,-0.0038959150000000002,2360.05259327255,103
989,2026-09-01 18:00:00+00:00,BTC_USDT,long,long,buy,77198.87530142978,0.0005,38.59943765071489,0.0019299718825357445,7.719115618587239,mart_add,0.0,2359.6415756499528,103
990,2026-09-02 00:00:00+00:00,BTC_USDT,long,long,funding,77437.5,0.001,77.4375,0.0,0.0,funding,-0.007743750000000001,2359.921831899953,103
991,2026-09-02 08:00:00+00:00,BTC_USDT,long,long,funding,77474.1,0.001,77.4741,0.0,0.0,funding,-0.0077474100000000014,2359.9506844899524,103
992,2026-09-02 10:00:00+00:00,BTC_USDT,long,long,buy,76434.52923707032,0.0008,61.14762338965626,0.0030573811694828133,7.642688654843369,mart_add,0.0,2359.346843719127,103
993,2026-09-02 16:00:00+00:00,BTC_USDT,long,long,funding,77291.9,0.0018,139.12542,0.0,0.0,funding,-0.013912542,2360.4374111771267,103
994,2026-09-03 00:00:00+00:00,BTC_USDT,long,long,funding,77335.7,0.0018,139.20426,0.0,0.0,funding,-0.013920426000000001,2360.502330751127,103
995,2026-09-03 02:00:00+00:00,BTC_USDT,long,long,sell,77769.74604060622,0.0018,139.9855428730912,0.0069992771436545595,7.777752379304729,mart_tp,1.090108251330533,2361.2766143470744,104
996,2026-09-03 03:00:00+00:00,BTC_USDT,long,long,buy,77709.07013000001,0.0002,15.541814026000003,0.0007770907013000002,7.770130000004428,mart_open,0.0,2361.274283230373,104
997,2026-09-03 08:00:00+00:00,BTC_USDT,long,long,funding,77665.3,0.0002,15.53306,0.0,0.0,funding,-0.0015533060000000002,2361.2655299243734,104
998,2026-09-03 12:00:00+00:00,BTC_USDT,long,long,sell,78322.9096167709,0.0002,15.664581923354183,0.0007832290961677092,7.833074269103236,mart_tp,0.12198466825801217,2361.3962686186314,105
999,2026-09-03 13:00:00+00:00,BTC_USDT,long,long,buy,78850.08421999999,0.0002,15.770016843999999,0.0007885008422,7.884219999992638,mart_open,0.0,2361.393903273789,105
1000,2026-09-03 14:00:00+00:00,BTC_USDT,long,long,sell,79472.93680527061,0.0002,15.894587361054123,0.0007947293680527061,7.948088489371003,mart_tp,0.1237757876860718,2361.519255905475,106
1001,2026-09-03 15:00:00+00:00,BTC_USDT,long,long,buy,81353.1345,0.0002,16.2706269,0.0008135313450000001,8.134500000000116,mart_open,0.0,2361.51681547413,106
1002,2026-09-03 16:00:00+00:00,BTC_USDT,long,long,funding,81345.0,0.0002,16.269000000000002,0.0,0.0,funding,-0.0016269000000000004,2361.5151885741298,106
1003,2026-09-03 21:00:00+00:00,BTC_USDT,long,long,sell,81995.7591800424,0.0002,16.399151836008482,0.0008199575918004242,8.200395957595902,mart_tp,0.12770497841667913,2361.644520452547,107
1004,2026-09-03 22:00:00+00:00,BTC_USDT,long,long,buy,81150.01418999999,0.0002,16.230002837999997,0.0008115001418999999,8.11418999999296,mart_open,0.0,2361.642086114405,107
1005,2026-09-04 00:00:00+00:00,BTC_USDT,long,long,funding,81262.5,0.0002,16.2525,0.0,0.0,funding,-0.0016252500000000002,2361.6645808644053,107
1006,2026-09-04 08:00:00+00:00,BTC_USDT,long,long,funding,80662.0,0.0002,16.1324,0.0,0.0,funding,-0.0016132400000000002,2361.542867624405,107
1007,2026-09-04 12:00:00+00:00,BTC_USDT,long,long,buy,80346.54789950479,0.00030000000000000003,24.10396436985144,0.0012051982184925721,8.033851404805318,mart_add,0.0,2361.0352980563353,107
1008,2026-09-04 13:00:00+00:00,BTC_USDT,long,long,buy,79551.0367287518,0.0005,39.775518364375905,0.001988775918218795,7.954308242056868,mart_add,0.0,2360.901890916041,107
1009,2026-09-04 14:00:00+00:00,BTC_USDT,long,long,buy,78763.40191410044,0.0008,63.01072153128035,0.003150536076564018,7.875552636149223,mart_add,0.0,2360.549758848684,107
1010,2026-09-04 16:00:00+00:00,BTC_USDT,long,long,funding,79422.8,0.0018,142.96104,0.0,0.0,funding,-0.014296104,2361.4606627446838,107
1011,2026-09-05 00:00:00+00:00,BTC_USDT,long,long,funding,79656.7,0.0018,143.38206,0.0,0.0,funding,-0.014338206000000001,2361.867344538684,107
1012,2026-09-05 08:00:00+00:00,BTC_USDT,long,long,funding,79715.2,0.0018,143.48736,0.0,0.0,funding,-0.014348736,2361.958295802684,107
1013,2026-09-05 16:00:00+00:00,BTC_USDT,long,long,funding,79802.2,0.0018,143.64396,0.0,0.0,funding,-0.014364396,2362.1005314066842,107
1014,2026-09-05 16:00:00+00:00,BTC_USDT,long,long,sell,80139.30124636652,0.0018,144.25074224345974,0.007212537112172988,8.014731597795617,mart_tp,1.1233226028398566,2362.7001011130315,108
1015,2026-09-05 17:00:00+00:00,BTC_USDT,long,long,buy,80072.70646999999,0.0002,16.014541293999997,0.0008007270646999999,8.006469999992987,mart_open,0.0,2362.6976990919666,108
