pair,name,market,symbol,initial_capital,final_equity,total_return,net_profit,max_dd,max_dd_pct,worst_day,best_day,turnover,net_profit_per_1m_turnover,capital_efficiency,avg_capital_tied,time_to_recovery_bars,longest_underwater_bars,time_underwater_frac,sharpe,sortino,calmar,liquidated,liquidation_count,num_trades,days,fees,score,lens,side,gross_grid_profit,spot_trading_fee,rebate,spread_cost,slippage,inventory_pnl,directional_pnl,funding_paid,funding_received,net_funding,liquidation_loss,x_dir_frac,x_grid_mode,x_fill,x_rebate,x_final_qty,x_avg_cost,etf_grid_value_add,futures_fee,x_min_liquidation_buffer,x_min_margin_ratio,x_forced_deleveraging_count,x_reserve_left,x_target_notional,x_margin_mode,x_reserve_plan,x_leverage_hint,x_add_trigger,perp_grid_value_add,exante_beta,matched_notional,etf_vol,und_vol
BTC,A0_cash,cash,USDT,1000.0,1000.0,0.0,0.0,0.0,0.0,0.0,0.0,0.0,0.0,0.0,0.0,1,0,0.0,0.0,0.0,0.0,False,0,0,374.958,0.0,0.35,benchmark,long,,,,,,,,,,,,,,,,,,,,,,,,,,,,,,,,,
BTC,A1_etf_hold,spot,BTC3L_USDT,1000.0,123.4068,-0.876593,-876.5932,955.0506,0.955051,-0.394462,0.42863,999.745,-876816.7468,-2.640874,331.933,1905,8187,0.909667,-0.8288,-1.1906,-0.9105,False,0,1,374.958,0.255,-0.519694,benchmark,long,0.0,0.255,0.595,0.0,0.0,-876.338159,-876.593159,0.0,0.0,0.0,0.0,0.0,native_atr,base,0.7,74.79202513653026,13.367,,,,,,,,,,,,,,,,
BTC,B1_spot_hold,spot,BTC_USDT,1000.0,689.4466,-0.310553,-310.5534,537.3608,0.537361,-0.14017,0.12195,999.745,-310632.6552,-0.422612,734.843,1905,8187,0.909667,-0.5934,-0.8318,-0.5652,False,0,1,374.958,0.255,-0.229336,benchmark,long,0.0,0.255,0.595,0.0,0.0,-310.298444,-310.553444,0.0,0.0,0.0,0.0,0.0,native_atr,base,0.7,0.00892737070986235,111986.5,,,,,,,,,,,,,,,,
BTC,B2_spot_grid,spot,BTC_USDT,1000.0,648.3243,-0.351676,-351.6757,517.8718,0.517872,-0.087806,0.054977,325628.336992,-1079.9909,-0.959893,366.3696,1905,8187,0.909667,-1.5217,-1.6706,-0.6646,False,0,5829,374.958,78.1508,-0.200511,benchmark,long,-310.626541,78.150801,182.351869,0.0,0.0,-1.887115,-41.049111,0.0,0.0,0.0,0.0,0.0,native_atr,base,0.7,0.005802324267147893,77553.63436793274,,,,,,,,,,,,,,,,
BTC,A2_etf_native_atr_d0.0_reb_base,spot,BTC3L_USDT,1000.0,136.6109,-0.863389,-863.3891,923.6574,0.923657,-0.314121,0.155875,140610.383574,-6140.2941,-4.846003,178.1652,1905,8619,0.957667,-1.9403,-2.0076,-0.9267,False,0,5299,374.958,33.7465,-0.507304,same_wallet,long,-844.207589,33.746492,78.741815,0.0,0.0,-2.194801,-19.181517,0.0,0.0,0.0,0.0,0.0,native_atr,base,0.7,70.26653773532749,1.6812353608245356,13.20405334242514,,,,,,,,,,,,,,,
BTC,A2_etf_underlying_equiv_d0.0_reb_base,spot,BTC3L_USDT,1000.0,330.5098,-0.66949,-669.4902,827.2704,0.82727,-0.338493,0.189302,39534.754667,-16934.2196,-2.947562,227.1336,1905,7695,0.855,-0.8503,-0.9861,-0.7974,False,0,2815,374.958,9.4883,-0.457399,same_wallet,long,-780.709089,9.488341,22.139463,0.0,0.0,116.075262,111.218872,0.0,0.0,0.0,0.0,0.0,underlying_equiv,base,0.7,166.76668687939082,0.9539661300993175,207.10294172182068,,,,,,,,,,,,,,,
BTC,A2_etf_static_pct_d0.0_reb_base,spot,BTC3L_USDT,1000.0,115.7154,-0.884285,-884.2846,924.0707,0.924071,-0.312953,0.207939,86391.168898,-10235.8217,-5.321712,166.1654,1905,8187,0.909667,-2.0189,-2.2021,-0.9496,False,0,5283,374.958,20.7339,-0.509277,same_wallet,long,-871.614647,20.733881,48.379055,0.0,0.0,-2.189235,-12.669953,0.0,0.0,0.0,0.0,0.0,static_pct,base,0.7,51.27390817121557,1.692696856082581,-7.691441604981975,,,,,,,,,,,,,,,
BTC,A2_etf_native_atr_d0.5_reb_base,spot,BTC3L_USDT,1000.0,130.0089,-0.869991,-869.9911,940.9427,0.940943,-0.353378,0.280683,70805.064287,-12287.1314,-3.411073,255.0491,1905,8187,0.909667,-1.3741,-1.7131,-0.9169,False,0,5300,374.958,17.0007,-0.514384,same_wallet,long,-857.706548,17.000746,39.668407,0.0,0.0,-3.663726,-12.284584,0.0,0.0,0.0,0.0,0.5,native_atr,base,0.7,72.52928143592898,1.7005137477212184,6.602026671212741,,,,,,,,,,,,,,,
BTC,A2_etf_underlying_equiv_d0.5_reb_base,spot,BTC3L_USDT,1000.0,226.9583,-0.773042,-773.0417,896.4497,0.89645,-0.356218,0.260595,20267.249834,-38142.4068,-2.765473,279.5333,1905,8187,0.909667,-0.9375,-1.2145,-0.8522,False,0,2816,374.958,4.8717,-0.492037,same_wallet,long,-848.768845,4.871671,11.367231,0.0,0.0,78.282853,75.727158,0.0,0.0,0.0,0.0,0.5,underlying_equiv,base,0.7,120.77935600796062,1.0018523727163686,103.55147086091048,,,,,,,,,,,,,,,
BTC,A2_etf_static_pct_d0.5_reb_base,spot,BTC3L_USDT,1000.0,119.5611,-0.880439,-880.4389,941.387,0.941387,-0.348613,0.297694,43695.456949,-20149.4375,-3.5352,249.0492,1905,8187,0.909667,-1.4109,-1.7875,-0.9279,False,0,5284,374.958,10.4944,-0.515135,same_wallet,long,-870.28893,10.49444,24.487027,0.0,0.0,-4.78209,-10.149949,0.0,0.0,0.0,0.0,0.5,static_pct,base,0.7,63.03296665387285,1.7258664886059396,-3.8457208024910585,,,,,,,,,,,,,,,
BTC,A2_etf_native_atr_d0.0_noreb_base,spot,BTC3L_USDT,1000.0,108.973,-0.891027,-891.027,935.2263,0.935226,-0.315494,0.154934,132279.157945,-6735.9588,-5.349002,166.5782,1905,8619,0.957667,-2.2016,-2.2606,-0.9457,False,0,5264,374.958,105.8233,-0.513202,same_wallet,long,-836.012342,105.823326,0.0,0.0,0.0,-1.751871,-55.014618,0.0,0.0,0.0,0.0,0.0,native_atr,base,0.0,56.064327371304906,1.6812475176414927,-14.43380205430006,,,,,,,,,,,,,,,
BTC,A2_etf_underlying_equiv_d0.0_noreb_base,spot,BTC3L_USDT,1000.0,317.4951,-0.682505,-682.5049,833.4972,0.833497,-0.339006,0.188696,38885.929983,-17551.4613,-3.068772,222.4033,1905,8087,0.898556,-0.8937,-1.0375,-0.8071,False,0,2815,374.958,31.1087,-0.46111,same_wallet,long,-778.200769,31.108744,0.0,0.0,0.0,111.616686,95.695874,0.0,0.0,0.0,0.0,0.0,underlying_equiv,base,0.0,160.4265204161462,0.9542504083992396,194.08826360380215,,,,,,,,,,,,,,,
BTC,A2_etf_static_pct_d0.0_noreb_base,spot,BTC3L_USDT,1000.0,100.1509,-0.899849,-899.8491,932.6067,0.932607,-0.314412,0.206841,82649.356335,-10887.5516,-5.695884,157.9823,1905,8187,0.909667,-2.173,-2.3686,-0.9581,False,0,5278,374.958,66.1195,-0.513101,same_wallet,long,-864.526993,66.119485,0.0,0.0,0.0,-1.899595,-35.322139,0.0,0.0,0.0,0.0,0.0,static_pct,base,0.0,44.40869157022993,1.6927752928466244,-23.255973626057653,,,,,,,,,,,,,,,
BTC,A2_etf_native_atr_d0.5_noreb_base,spot,BTC3L_USDT,1000.0,116.6419,-0.883358,-883.3581,945.5517,0.945552,-0.356346,0.287931,66588.065973,-13266.0126,-3.541693,249.4169,1905,8187,0.909667,-1.4359,-1.8083,-0.927,False,0,5300,374.958,53.2958,-0.516755,same_wallet,long,-852.730455,53.295793,0.0,0.0,0.0,-3.591743,-30.627668,0.0,0.0,0.0,0.0,0.5,native_atr,base,0.0,65.6573248986443,1.7047043704675044,-6.76496451458091,,,,,,,,,,,,,,,
BTC,A2_etf_underlying_equiv_d0.5_noreb_base,spot,BTC3L_USDT,1000.0,220.4143,-0.779586,-779.5857,899.3918,0.899392,-0.356857,0.261414,19942.539991,-39091.5977,-2.813685,277.0693,1905,8187,0.909667,-0.9594,-1.2441,-0.8567,False,0,2816,374.958,15.9794,-0.493605,same_wallet,long,-847.114961,15.979372,0.0,0.0,0.0,75.914617,67.529211,0.0,0.0,0.0,0.0,0.5,underlying_equiv,base,0.0,117.58701647350293,1.0043962639851194,97.00740890222283,,,,,,,,,,,,,,,
BTC,A2_etf_static_pct_d0.5_noreb_base,spot,BTC3L_USDT,1000.0,111.7249,-0.888275,-888.2751,945.1827,0.945183,-0.350625,0.300399,41834.786895,-21232.9304,-3.627726,244.8573,1905,8187,0.909667,-1.4485,-1.8447,-0.9327,False,0,5284,374.958,33.4932,-0.516895,same_wallet,long,-866.587205,33.49317,0.0,0.0,0.0,-4.547431,-21.687915,0.0,0.0,0.0,0.0,0.5,static_pct,base,0.0,59.57045456623735,1.7263370254305574,-11.681961828911568,,,,,,,,,,,,,,,
BTC,B_perp_1.5x_iso_P1_d0.0_reb_base,perp,BTC_USDT,1000.0,449.834,-0.550166,-550.166,687.1178,0.687118,-0.202107,0.058535,573141.324253,-959.9134,-1.82402,301.6228,1905,8187,0.909667,-1.67,-1.5025,-0.7866,False,0,5691,374.958,11.4628,-0.307374,same_wallet,long,-528.161463,,34.388479,0.0,0.0,-6.307777,-12.051116,12.012894,2.059453,-9.953441,0.0,,,base,0.75,,,,11.462826,0.9953102834330251,10.0,0.0,0.0,1500.0,isolated,P1,1.5,0.15,,,,,
BTC,B_perp_1.5x_iso_P1_d0.5_reb_base,perp,BTC_USDT,1000.0,522.3068,-0.477693,-477.6932,674.6113,0.674611,-0.206562,0.154963,266822.918705,-1790.3006,-0.953969,500.7431,1905,8187,0.909667,-0.8658,-1.0709,-0.6946,False,0,4844,374.958,5.359,-0.322293,same_wallet,long,-447.673429,,16.076862,0.0,0.0,-13.537638,-16.240821,16.842938,3.063967,-13.77897,0.0,,,base,0.75,,,,5.358954,0.9952018170021274,10.0,0.0,0.0,1500.0,isolated,P1,1.5,0.15,,,,,
BTC,B_perp_1.5x_iso_P1_d0.0_noreb_base,perp,BTC_USDT,1000.0,417.7724,-0.582228,-582.2276,700.4782,0.700478,-0.20324,0.061498,563340.232913,-1033.5274,-1.980839,293.9298,1469,8187,0.909667,-1.8409,-1.6587,-0.8172,False,0,5647,374.958,45.0672,-0.32196,same_wallet,long,-542.67124,,0.0,0.0,0.0,-7.088851,-29.668559,11.913421,2.025628,-9.887793,0.0,,,base,0.0,,,,45.067219,0.9953100243724012,10.0,0.0,0.0,1500.0,isolated,P1,1.5,0.15,,,,,
BTC,B_perp_1.5x_iso_P1_d0.5_noreb_base,perp,BTC_USDT,1000.0,510.7039,-0.489296,-489.2961,680.8978,0.680898,-0.206771,0.155988,260146.10997,-1880.8513,-0.983314,497.5992,1905,8187,0.909667,-0.8974,-1.1136,-0.7051,False,0,4792,374.958,20.9017,-0.33098,same_wallet,long,-451.160213,,0.0,0.0,0.0,-13.83951,-24.384395,16.794941,3.043402,-13.751539,0.0,,,base,0.0,,,,20.901671,0.9951967060725104,10.0,0.0,0.0,1500.0,isolated,P1,1.5,0.15,,,,,
BTC,B_perp_2.0x_iso_P1_d0.0_reb_base,perp,BTC_USDT,1000.0,325.3614,-0.674639,-674.6386,783.1742,0.783174,-0.256233,0.09772,692367.836097,-974.3933,-2.534101,266.2241,1469,8187,0.909667,-1.706,-1.5757,-0.8488,False,0,5299,374.958,13.8474,-0.360368,same_wallet,long,-644.97195,,41.54207,0.0,0.0,-9.888294,-16.825012,15.280248,2.438624,-12.841624,0.0,,,base,0.75,,,,13.847357,0.9934933684706192,10.0,0.0,0.0,2000.0,isolated,P1,2.0,0.15,,,,,
BTC,B_perp_2.0x_iso_P1_d0.5_reb_base,perp,BTC_USDT,1000.0,424.7844,-0.575216,-575.2156,782.1696,0.78217,-0.280661,0.256745,245085.129635,-2347.0033,-1.237616,464.7772,1905,8187,0.909667,-0.6254,-0.8319,-0.7229,False,0,3810,374.958,4.9316,-0.399933,same_wallet,long,-552.430217,,14.794754,0.0,0.0,-2.321083,-4.81583,21.70805,3.738482,-17.969568,0.0,,,base,0.75,,,,4.931585,0.9929054750481593,10.0,0.0,0.0,2000.0,isolated,P1,2.0,0.15,,,,,
BTC,B_perp_2.0x_iso_P1_d0.0_noreb_base,perp,BTC_USDT,1000.0,293.8045,-0.706195,-706.1955,795.7884,0.795788,-0.263415,0.106795,678322.208805,-1041.0915,-2.724075,259.2423,1383,8187,0.909667,-1.8564,-1.7165,-0.8752,False,0,5197,374.958,54.2658,-0.372239,same_wallet,long,-656.756613,,0.0,0.0,0.0,-9.50346,-36.685688,15.120619,2.367436,-12.753184,0.0,,,base,0.0,,,,54.265777,0.9934916968416253,10.0,0.0,0.0,2000.0,isolated,P1,2.0,0.15,,,,,
BTC,B_perp_2.0x_iso_P1_d0.5_noreb_base,perp,BTC_USDT,1000.0,417.3471,-0.582653,-582.6529,786.8734,0.786873,-0.280844,0.257754,238947.58492,-2438.413,-1.260444,462.26,1905,8187,0.909667,-0.6402,-0.8562,-0.728,False,0,3732,374.958,19.2353,-0.405083,same_wallet,long,-566.9855,,0.0,0.0,0.0,11.992222,2.260245,21.636996,3.709351,-17.927645,0.0,,,base,0.0,,,,19.235335,0.992892866989232,10.0,0.0,0.0,2000.0,isolated,P1,2.0,0.15,,,,,
BTC,B_perp_2.5x_iso_P1_d0.0_reb_base,perp,BTC_USDT,1000.0,235.3099,-0.76469,-764.6901,847.6809,0.847681,-0.327526,0.156767,782915.89107,-976.7206,-3.252042,235.1415,1905,8187,0.909667,-1.6104,-1.5181,-0.8912,False,0,4876,374.958,15.6583,-0.392204,same_wallet,long,-730.956518,,46.974953,0.0,0.0,-10.691256,-18.533774,17.848218,2.648428,-15.199791,0.0,,,base,0.75,,,,15.658318,0.9915608986284776,10.0,0.0,0.0,2500.0,isolated,P1,2.5,0.15,,,,,
BTC,B_perp_2.5x_iso_P1_d0.5_reb_base,perp,BTC_USDT,1000.0,362.5622,-0.637438,-637.4378,873.5584,0.873558,-0.380302,0.441562,205372.614144,-3103.8112,-1.5371,414.7015,1905,8187,0.909667,-0.2177,-0.318,-0.7184,False,0,2736,374.958,4.1447,-0.455999,same_wallet,long,-643.835043,,12.434163,0.0,0.0,30.379274,28.273597,26.089568,4.213183,-21.876384,0.0,,,base,0.75,,,,4.144721,0.9870711382140543,10.0,0.0,0.0,2500.0,isolated,P1,2.5,0.15,,,,,
BTC,B_perp_2.5x_iso_P1_d0.0_noreb_base,perp,BTC_USDT,1000.0,215.6279,-0.784372,-784.3721,856.3522,0.856352,-0.316148,0.141596,766074.522931,-1023.8848,-3.424758,229.03,1905,8187,0.909667,-1.7501,-1.659,-0.9055,False,0,4797,374.958,61.286,-0.399648,same_wallet,long,-728.541325,,0.0,0.0,0.0,-10.128239,-40.821463,17.58614,2.576872,-15.009268,0.0,,,base,0.0,,,,61.285962,0.9915307681665826,10.0,0.0,0.0,2500.0,isolated,P1,2.5,0.15,,,,,
BTC,B_perp_2.5x_iso_P1_d0.5_noreb_base,perp,BTC_USDT,1000.0,356.8135,-0.643187,-643.1865,877.7201,0.87772,-0.384018,0.449644,198424.656021,-3241.4646,-1.565221,410.9237,1905,8187,0.909667,-0.2076,-0.305,-0.7215,False,0,2680,374.958,16.023,-0.459883,same_wallet,long,-633.675125,,0.0,0.0,0.0,20.473009,12.328466,26.063809,4.223962,-21.839848,0.0,,,base,0.0,,,,16.023047,0.9866309707345183,10.0,0.0,0.0,2500.0,isolated,P1,2.5,0.15,,,,,
BTC,B_perp_3.0x_iso_P1_d0.0_reb_base,perp,BTC_USDT,1000.0,162.3423,-0.837658,-837.6577,898.0246,0.898025,-0.380438,0.205084,840875.024714,-996.1738,-3.975151,210.7235,1905,8187,0.909667,-1.5755,-1.5237,-0.9238,False,0,4478,374.958,16.8175,-0.416463,same_wallet,long,-801.74382,,50.452501,0.0,0.0,-9.975231,-18.397032,20.327907,2.81105,-17.516858,0.0,,,base,0.75,,,,16.8175,0.9894977497224082,10.0,0.0,0.0,3000.0,isolated,P1,3.0,0.15,162.34229044962115,,,,
BTC,B_perp_3.0x_iso_P1_d0.5_reb_base,perp,BTC_USDT,1000.0,273.1001,-0.7269,-726.8999,984.0369,0.984037,-0.625976,1.245302,197645.251976,-3677.801,-2.126251,341.8694,1905,8187,0.909667,0.8114,1.3981,-0.729,False,0,2330,374.958,3.9979,-0.511066,same_wallet,long,-592.392914,,11.993688,0.0,0.0,-107.108754,-109.147515,30.13644,4.77696,-25.35948,0.0,,,base,0.75,,,,3.997896,0.8805462798966993,8.371442924801535,0.0,0.0,3000.0,isolated,P1,3.0,0.15,273.1000907957981,,,,
BTC,B_perp_3.0x_iso_P1_d0.0_noreb_base,perp,BTC_USDT,1000.0,128.2907,-0.871709,-871.7093,911.8673,0.911867,-0.376415,0.206522,799084.227308,-1090.8854,-4.349768,200.4036,1383,8187,0.909667,-1.8381,-1.7841,-0.9481,False,0,4341,374.958,63.9267,-0.428873,same_wallet,long,-814.331272,,0.0,0.0,0.0,-8.218378,-40.229118,19.83254,2.683623,-17.148917,0.0,,,base,0.0,,,,63.926738,0.989310288758335,10.0,0.0,0.0,3000.0,isolated,P1,3.0,0.15,,,,,
BTC,B_perp_3.0x_iso_P1_d0.5_noreb_base,perp,BTC_USDT,1000.0,268.3552,-0.731645,-731.6448,987.8163,0.987816,-0.639897,1.329011,191781.851533,-3814.9845,-2.170297,337.1174,1905,8187,0.909667,0.8992,1.5809,-0.731,False,0,2322,374.958,15.5225,-0.513788,same_wallet,long,-581.932898,,0.0,0.0,0.0,-116.561041,-124.481284,29.986166,4.755553,-25.230613,0.0,,,base,0.0,,,,15.522512,0.8294307832291905,5.862722588119053,0.0,0.0,3000.0,isolated,P1,3.0,0.15,,,,,
BTC,B_perp_3x_iso_P2_reb_base,perp,BTC_USDT,1000.0,416.6471,-0.583353,-583.3529,649.5515,0.649551,-0.158489,0.072136,589300.412483,-989.9074,-3.936139,148.2043,1905,8187,0.909667,-1.9573,-1.7825,-0.883,False,0,4488,374.958,11.786,-0.301867,same_wallet,long,-558.065773,,35.358025,0.0,0.0,-7.115925,-13.01815,14.24,1.971072,-12.268927,0.0,,,base,0.75,,,,11.786008,0.9895006384821446,10.0,0.0,300.0,2100.0,isolated,P2,3.0,0.15,,,,,
BTC,B_perp_3x_iso_P3_reb_base,perp,BTC_USDT,1000.0,579.5783,-0.420422,-420.4217,475.073,0.475073,-0.088154,0.049304,412230.582227,-1019.8702,-4.058785,103.5831,1905,8187,0.909667,-2.0817,-1.849,-0.8672,False,0,4456,374.958,8.2446,-0.208324,same_wallet,long,-402.795009,,24.733835,0.0,0.0,-4.883188,-9.011999,9.995733,1.381042,-8.614691,0.0,,,base,0.75,,,,8.244612,0.9894957828058175,10.0,0.0,500.0,1500.0,isolated,P3,3.0,0.15,,,,,
BTC,B_perp_3x_cross_P1_reb_base,perp,BTC_USDT,1000.0,162.3423,-0.837658,-837.6577,898.0246,0.898025,-0.380438,0.205084,840875.024714,-996.1738,-3.975151,210.7235,1905,8187,0.909667,-1.5755,-1.5237,-0.9238,False,0,4478,374.958,16.8175,-0.416463,same_wallet,long,-801.74382,,50.452501,0.0,0.0,-9.975231,-18.397032,20.327907,2.81105,-17.516858,0.0,,,base,0.75,,,,16.8175,0.9895868196231415,10.0,0.0,0.0,3000.0,cross,P1,3.0,0.15,,,,,
BTC,B_perp_3x_iso_P2_trig0.2_base,perp,BTC_USDT,1000.0,416.6471,-0.583353,-583.3529,649.5515,0.649551,-0.158489,0.072136,589300.412483,-989.9074,-3.936139,148.2043,1905,8187,0.909667,-1.9573,-1.7825,-0.883,False,0,4488,374.958,11.786,-0.301867,same_wallet,long,-558.065773,,35.358025,0.0,0.0,-7.115925,-13.01815,14.24,1.971072,-12.268927,0.0,,,base,0.75,,,,11.786008,0.9895006384821446,10.0,0.0,300.0,2100.0,isolated,P2,3.0,0.2,,,,,
BTC,B_perp_3x_iso_P2_trig0.1_base,perp,BTC_USDT,1000.0,416.6471,-0.583353,-583.3529,649.5515,0.649551,-0.158489,0.072136,589300.412483,-989.9074,-3.936139,148.2043,1905,8187,0.909667,-1.9573,-1.7825,-0.883,False,0,4488,374.958,11.786,-0.301867,same_wallet,long,-558.065773,,35.358025,0.0,0.0,-7.115925,-13.01815,14.24,1.971072,-12.268927,0.0,,,base,0.75,,,,11.786008,0.9895006384821446,10.0,0.0,300.0,2100.0,isolated,P2,3.0,0.1,,,,,
BTC,B6_perp_3x_static_base,perp,BTC_USDT,1000.0,420.2238,-0.579776,-579.7762,786.7641,0.786764,-0.428573,0.2295,299490.778687,-1935.8734,-2.621325,221.1768,2380,8018,0.890889,-0.5429,-0.479,-0.7245,False,0,3865,374.958,5.9898,-0.392752,same_wallet,long,-567.211006,,17.969447,0.0,0.0,2.355229,-0.646995,15.777956,3.859726,-11.91823,0.0,,,base,0.75,,,,5.989816,0.9869660556759452,10.0,0.0,0.0,3000.0,isolated,P1,3.0,0.15,,,,,
BTC,B6_hold_3x_dir,perp,BTC_USDT,1000.0,0.0,-1.0,-1000.0,1000.0,1.0,-1.0,0.468836,2999.39704,-333400.3424,-3.685935,271.3016,5380,8187,0.909667,-1.6148,-1.6557,-1.0,True,1,403,374.958,0.15,-1.278507,same_wallet,long,0.0,,0.44991,0.0,0.0,0.0,-964.214751,41.15678,5.37153,-35.785249,0.0,,,base,0.75,,,,0.14997,0.9186484991041476,10.0,0.0,0.0,3000.0,isolated,P1,3.0,0.15,,,,,
BTC,A2_same_expo_base,spot,BTC3L_USDT,1000.0,136.6109,-0.863389,-863.3891,923.6574,0.923657,-0.314121,0.155875,140610.383574,-6140.2941,-4.846003,178.1652,1905,8619,0.957667,-1.9403,-2.0076,-0.9267,False,0,5299,374.958,33.7465,-0.507304,same_exposure,long,-844.207589,33.746492,78.741815,0.0,0.0,-2.194801,-19.181517,0.0,0.0,0.0,0.0,0.0,native_atr,base,0.7,70.26653773532749,1.6812353608245356,,,,,,,,,,,,,3.2807289907171797,3280.72899071718,,
BTC,B_same_expo_base,perp,BTC_USDT,1000.0,114.9223,-0.885078,-885.0777,923.9231,0.923923,-0.409657,0.241341,853280.908836,-1037.2641,-4.521286,195.758,495,8187,0.909667,-1.686,-1.6653,-0.9506,False,0,4305,374.958,17.0656,-0.430776,same_exposure,long,-849.64112,,51.196855,0.0,0.0,-8.318673,-16.863913,21.42868,2.856051,-18.572629,0.0,,,base,0.75,,,,17.065618,0.9879731158452858,10.0,0.0,0.0,3280.72899071718,isolated,P1,3.2807289907171797,0.15,,3.2807289907171797,3280.72899071718,,
BTC,A2_same_risk_base,spot,BTC3L_USDT,1000.0,136.6109,-0.863389,-863.3891,923.6574,0.923657,-0.314121,0.155875,140610.383574,-6140.2941,-4.846003,178.1652,1905,8619,0.957667,-1.9403,-2.0076,-0.9267,False,0,5299,374.958,33.7465,-0.507304,same_risk,long,-844.207589,33.746492,78.741815,0.0,0.0,-2.194801,-19.181517,0.0,0.0,0.0,0.0,0.0,native_atr,base,0.7,70.26653773532749,1.6812353608245356,,,,,,,,,,,,,,3260.203428822327,0.008541937472751867,0.002620062722845931
BTC,B_same_risk_base,perp,BTC_USDT,1000.0,117.2497,-0.88275,-882.7503,922.275,0.922275,-0.410074,0.235218,856921.402733,-1030.1415,-4.448699,198.4289,495,8187,0.909667,-1.6895,-1.6504,-0.9497,False,0,4304,374.958,17.1384,-0.429658,same_risk,long,-847.215136,,51.415284,0.0,0.0,-8.285242,-16.866861,21.550151,2.881884,-18.668267,0.0,,,base,0.75,,,,17.138428,0.9880663142712708,10.0,0.0,0.0,3260.203428822327,isolated,P1,3.260203428822327,0.15,,,3260.203428822327,0.008541937472751867,0.002620062722845931
BTC,A0_cash,cash,USDT,1000.0,1000.0,0.0,0.0,0.0,0.0,0.0,0.0,0.0,0.0,0.0,0.0,1,0,0.0,0.0,0.0,0.0,False,0,0,374.958,0.0,0.35,benchmark,long,,,,,,,,,,,,,,,,,,,,,,,,,,,,,,,,,
BTC,A1_etf_hold,spot,BTC3L_USDT,1000.0,123.4068,-0.876593,-876.5932,955.0506,0.955051,-0.394462,0.42863,999.745,-876816.7468,-2.640874,331.933,1905,8187,0.909667,-0.8288,-1.1906,-0.9105,False,0,1,374.958,0.255,-0.519694,benchmark,long,0.0,0.255,0.595,0.0,0.0,-876.338159,-876.593159,0.0,0.0,0.0,0.0,0.0,native_atr,conservative,0.7,74.79202513653026,13.367,,,,,,,,,,,,,,,,
BTC,B1_spot_hold,spot,BTC_USDT,1000.0,689.4466,-0.310553,-310.5534,537.3608,0.537361,-0.14017,0.12195,999.745,-310632.6552,-0.422612,734.843,1905,8187,0.909667,-0.5934,-0.8318,-0.5652,False,0,1,374.958,0.255,-0.229336,benchmark,long,0.0,0.255,0.595,0.0,0.0,-310.298444,-310.553444,0.0,0.0,0.0,0.0,0.0,native_atr,conservative,0.7,0.00892737070986235,111986.5,,,,,,,,,,,,,,,,
BTC,B2_spot_grid,spot,BTC_USDT,1000.0,569.5449,-0.430455,-430.4551,561.0476,0.561048,-0.088832,0.05425,309016.658727,-1392.9836,-1.249185,344.5887,1905,8187,0.909667,-1.9843,-2.1778,-0.7519,False,0,5857,374.958,74.164,-0.258854,benchmark,long,-391.505005,74.163998,173.049329,0.0,0.0,-1.778128,-38.95014,0.0,0.0,0.0,0.0,0.0,native_atr,conservative,0.7,0.0050994005429206455,77577.09344453819,,,,,,,,,,,,,,,,
BTC,A2_etf_native_atr_d0.0_reb_conservative,spot,BTC3L_USDT,1000.0,112.5331,-0.887467,-887.4669,931.6454,0.931645,-0.314839,0.155131,134449.699606,-6600.7356,-5.194452,170.849,1905,8619,0.957667,-2.179,-2.2282,-0.9454,False,0,5275,374.958,32.2679,-0.511705,same_wallet,long,-869.394304,32.267928,75.291832,0.0,0.0,-1.824562,-18.07261,0.0,0.0,0.0,0.0,0.0,native_atr,conservative,0.7,57.88274455739887,1.681521684228175,-10.873755685074286,,,,,,,,,,,,,,,
BTC,A2_etf_underlying_equiv_d0.0_reb_conservative,spot,BTC3L_USDT,1000.0,322.7799,-0.67722,-677.2201,830.8542,0.830854,-0.338748,0.18898,38970.769768,-17377.6424,-3.044449,222.4442,1905,8087,0.898556,-0.8809,-1.0192,-0.8032,False,0,2801,374.958,9.353,-0.459572,same_wallet,long,-785.507378,9.352985,21.823631,0.0,0.0,113.076212,108.287275,0.0,0.0,0.0,0.0,0.0,underlying_equiv,conservative,0.7,163.13576052250968,0.9568582153993267,199.3730556197974,,,,,,,,,,,,,,,
BTC,A2_etf_static_pct_d0.0_reb_conservative,spot,BTC3L_USDT,1000.0,105.1981,-0.894802,-894.8019,930.8082,0.930808,-0.313712,0.207338,83199.146699,-10754.9409,-5.594106,159.9544,1905,8187,0.909667,-2.1144,-2.3076,-0.9544,False,0,5260,374.958,19.9678,-0.512206,same_wallet,long,-882.687715,19.967795,46.591522,0.0,0.0,-2.016083,-12.114193,0.0,0.0,0.0,0.0,0.0,static_pct,conservative,0.7,46.62619268558686,1.6932392867687764,-18.20874973352356,,,,,,,,,,,,,,,
BTC,A2_etf_native_atr_d0.5_reb_conservative,spot,BTC3L_USDT,1000.0,118.1327,-0.881867,-881.8673,944.2518,0.944252,-0.354999,0.284639,68056.222863,-12957.923,-3.506818,251.4722,1905,8187,0.909667,-1.4447,-1.8042,-0.9266,False,0,5278,374.958,16.341,-0.516217,same_wallet,long,-869.946124,16.341024,38.129056,0.0,0.0,-3.629881,-11.921172,0.0,0.0,0.0,0.0,0.5,native_atr,conservative,0.7,66.42109207297558,1.7046495167910942,-5.274137935886529,,,,,,,,,,,,,,,
BTC,A2_etf_underlying_equiv_d0.5_reb_conservative,spot,BTC3L_USDT,1000.0,223.0934,-0.776907,-776.9066,898.2022,0.898202,-0.356566,0.261109,19985.257384,-38873.9867,-2.802809,277.1886,1905,8187,0.909667,-0.9543,-1.2356,-0.8549,False,0,2802,374.958,4.804,-0.49297,same_wallet,long,-850.907463,4.803992,11.209316,0.0,0.0,76.522801,74.000832,0.0,0.0,0.0,0.0,0.5,underlying_equiv,conservative,0.7,118.96389282952,1.0067560790876853,99.68652780989882,,,,,,,,,,,,,,,
BTC,A2_etf_static_pct_d0.5_reb_conservative,spot,BTC3L_USDT,1000.0,114.3408,-0.885659,-885.6592,944.3503,0.94435,-0.349916,0.299755,42197.140349,-20988.6064,-3.600441,245.9863,1905,8187,0.909667,-1.4329,-1.824,-0.9307,False,0,5263,374.958,10.1348,-0.516461,same_wallet,long,-875.860789,10.134844,23.64797,0.0,0.0,-4.610106,-9.798381,0.0,0.0,0.0,0.0,0.5,static_pct,conservative,0.7,60.72611245119865,1.725916377311065,-9.06601145185347,,,,,,,,,,,,,,,
BTC,A2_etf_native_atr_d0.0_noreb_conservative,spot,BTC3L_USDT,1000.0,89.0371,-0.910963,-910.9629,942.5046,0.942505,-0.316209,0.153788,126259.904454,-7214.9818,-5.701035,159.789,1905,8619,0.957667,-2.4513,-2.5024,-0.9603,False,0,5240,374.958,101.0079,-0.516914,same_wallet,long,-858.659903,101.007924,0.0,0.0,0.0,-1.444832,-52.30301,0.0,0.0,0.0,0.0,0.0,native_atr,conservative,0.0,45.80875617070679,1.6815405207062795,-34.36975387987201,,,,,,,,,,,,,,,
BTC,A2_etf_underlying_equiv_d0.0_noreb_conservative,spot,BTC3L_USDT,1000.0,310.1512,-0.689849,-689.8488,837.1517,0.837152,-0.33926,0.188374,38338.643413,-17993.5643,-3.166077,217.8876,1905,8087,0.898556,-0.9242,-1.0713,-0.8123,False,0,2801,374.958,30.6709,-0.463223,same_wallet,long,-782.901563,30.670915,0.0,0.0,0.0,108.75544,93.052716,0.0,0.0,0.0,0.0,0.0,underlying_equiv,conservative,0.0,156.9629032674094,0.9571264744486598,186.74431121947822,,,,,,,,,,,,,,,
BTC,A2_etf_static_pct_d0.0_noreb_conservative,spot,BTC3L_USDT,1000.0,91.1441,-0.908856,-908.8559,938.5339,0.938534,-0.315168,0.206241,79715.239813,-11401.2821,-5.967522,152.3004,1905,8187,0.909667,-2.2664,-2.4771,-0.962,False,0,5255,374.958,63.7722,-0.515636,same_wallet,long,-874.853982,63.772192,0.0,0.0,0.0,-1.751143,-34.001954,0.0,0.0,0.0,0.0,0.0,static_pct,conservative,0.0,40.42580194508578,1.6933174694447681,-32.262777642132335,,,,,,,,,,,,,,,
BTC,A2_etf_native_atr_d0.5_noreb_conservative,spot,BTC3L_USDT,1000.0,107.1352,-0.892865,-892.8648,948.3469,0.948347,-0.357915,0.291932,64152.25822,-13917.9014,-3.625713,246.2591,1905,8187,0.909667,-1.4944,-1.8847,-0.9346,False,0,5278,374.958,51.3471,-0.518248,same_wallet,long,-863.200717,51.347147,0.0,0.0,0.0,-3.601133,-29.66409,0.0,0.0,0.0,0.0,0.5,native_atr,conservative,0.0,60.76687563717499,1.7092614478413155,-16.27164825032004,,,,,,,,,,,,,,,
BTC,A2_etf_underlying_equiv_d0.5_noreb_conservative,spot,BTC3L_USDT,1000.0,216.7423,-0.783258,-783.2577,901.0602,0.90106,-0.357201,0.261932,19668.896706,-39822.1485,-2.850164,274.8115,1905,8187,0.909667,-0.9758,-1.2647,-0.8593,False,0,2802,374.958,15.7605,-0.494485,same_wallet,long,-849.207696,15.760457,0.0,0.0,0.0,74.226332,65.94997,0.0,0.0,0.0,0.0,0.5,underlying_equiv,conservative,0.0,115.85520789913447,1.0093181231974415,93.33543271006079,,,,,,,,,,,,,,,
BTC,A2_etf_static_pct_d0.5_noreb_conservative,spot,BTC3L_USDT,1000.0,107.2499,-0.89275,-892.7501,947.7841,0.947784,-0.3519,0.302494,40454.098013,-22068.2234,-3.688324,242.0476,1905,8187,0.909667,-1.4667,-1.8766,-0.935,False,0,5263,374.958,32.3886,-0.518045,same_wallet,long,-871.819933,32.388618,0.0,0.0,0.0,-4.341003,-20.930138,0.0,0.0,0.0,0.0,0.5,static_pct,conservative,0.0,57.59162631312131,1.725375599124799,-16.15691203859474,,,,,,,,,,,,,,,
BTC,B_perp_1.5x_iso_P1_d0.0_reb_conservative,perp,BTC_USDT,1000.0,334.3775,-0.665623,-665.6225,748.0671,0.748067,-0.202239,0.067229,531398.287056,-1252.5868,-2.41455,275.6714,1383,8187,0.909667,-2.329,-2.1456,-0.8766,False,0,5396,374.958,10.628,-0.362517,same_wallet,long,-643.024918,,31.883897,0.0,0.0,-7.586075,-12.911528,11.613586,1.927528,-9.686058,0.0,,,conservative,0.75,,,,10.627966,0.9953100183420013,10.0,0.0,0.0,1500.0,isolated,P1,1.5,0.15,,,,,
BTC,B_perp_1.5x_iso_P1_d0.5_reb_conservative,perp,BTC_USDT,1000.0,474.6204,-0.52538,-525.3796,703.0623,0.703062,-0.207753,0.160473,235949.15511,-2226.6644,-1.079697,486.5992,1905,8187,0.909667,-0.9891,-1.2518,-0.7338,False,0,4493,374.958,4.7415,-0.35844,same_wallet,long,-494.750786,,14.224436,0.0,0.0,-14.635374,-17.029609,16.580359,2.981181,-13.599178,0.0,,,conservative,0.75,,,,4.741479,0.9951917728414148,10.0,0.0,0.0,1500.0,isolated,P1,1.5,0.15,,,,,
BTC,B_perp_1.5x_iso_P1_d0.0_noreb_conservative,perp,BTC_USDT,1000.0,315.5379,-0.684462,-684.4621,757.0685,0.757069,-0.197832,0.065837,525464.16035,-1302.5857,-2.53108,270.4229,1383,8187,0.909667,-2.4799,-2.2891,-0.8911,False,0,5364,374.958,42.0371,-0.370455,same_wallet,long,-646.311396,,0.0,0.0,0.0,-7.486046,-28.548758,11.494587,1.892659,-9.601929,0.0,,,conservative,0.0,,,,42.037133,0.9953153254259576,10.0,0.0,0.0,1500.0,isolated,P1,1.5,0.15,,,,,
BTC,B_perp_1.5x_iso_P1_d0.5_noreb_conservative,perp,BTC_USDT,1000.0,465.5149,-0.534485,-534.4851,707.7355,0.707736,-0.208058,0.161477,231883.047711,-2304.9771,-1.105683,483.3982,1905,8187,0.909667,-1.0161,-1.2878,-0.7417,False,0,4413,374.958,18.6406,-0.364205,same_wallet,long,-497.044338,,0.0,0.0,0.0,-14.481983,-23.895474,16.507492,2.962194,-13.545298,0.0,,,conservative,0.0,,,,18.640626,0.9951892659119513,10.0,0.0,0.0,1500.0,isolated,P1,1.5,0.15,,,,,
BTC,B_perp_2.0x_iso_P1_d0.0_reb_conservative,perp,BTC_USDT,1000.0,226.8353,-0.773165,-773.1647,837.1162,0.837116,-0.267573,0.113367,625236.292866,-1236.596,-3.308268,233.7068,1383,8187,0.909667,-2.2464,-2.1129,-0.9127,False,0,4849,374.958,12.5047,-0.403776,same_wallet,long,-746.500524,,37.514178,0.0,0.0,-8.39484,-14.659243,14.151695,2.146767,-12.004927,0.0,,,conservative,0.75,,,,12.504726,0.9935099745449176,10.0,0.0,0.0,2000.0,isolated,P1,2.0,0.15,,,,,
BTC,B_perp_2.0x_iso_P1_d0.5_reb_conservative,perp,BTC_USDT,1000.0,396.8662,-0.603134,-603.1338,801.8478,0.801848,-0.282457,0.26603,214503.52623,-2811.7663,-1.339207,450.3663,1905,8187,0.909667,-0.6623,-0.9002,-0.7399,False,0,3340,374.958,4.32,-0.42112,same_wallet,long,-684.163907,,12.959858,0.0,0.0,100.916429,98.728831,21.300848,3.60213,-17.698718,0.0,,,conservative,0.75,,,,4.319953,0.992735287017187,10.0,0.0,0.0,2000.0,isolated,P1,2.0,0.15,,,,,
BTC,B_perp_2.0x_iso_P1_d0.0_noreb_conservative,perp,BTC_USDT,1000.0,208.9563,-0.791044,-791.0437,846.5604,0.84656,-0.268475,0.115568,611485.879171,-1293.6418,-3.48294,227.1195,1383,8187,0.909667,-2.3683,-2.2224,-0.9239,False,0,4784,374.958,48.9189,-0.411456,same_wallet,long,-746.684208,,0.0,0.0,0.0,-8.016387,-32.522014,13.921484,2.084016,-11.837469,0.0,,,conservative,0.0,,,,48.91887,0.9935158049709419,10.0,0.0,0.0,2000.0,isolated,P1,2.0,0.15,,,,,
BTC,B_perp_2.0x_iso_P1_d0.5_noreb_conservative,perp,BTC_USDT,1000.0,392.0473,-0.607953,-607.9527,805.523,0.805523,-0.28376,0.270116,208890.338665,-2910.3915,-1.360897,446.7295,1905,8187,0.909667,-0.6639,-0.9059,-0.7425,False,0,3288,374.958,16.8308,-0.424759,same_wallet,long,-673.33209,,0.0,0.0,0.0,91.532048,83.006489,21.192705,3.565642,-17.627063,0.0,,,conservative,0.0,,,,16.830755,0.9926768452639732,10.0,0.0,0.0,2000.0,isolated,P1,2.0,0.15,,,,,
BTC,B_perp_2.5x_iso_P1_d0.0_reb_conservative,perp,BTC_USDT,1000.0,137.9308,-0.862069,-862.0692,903.3363,0.903336,-0.322931,0.159708,673974.260076,-1279.0833,-4.295371,200.6972,1383,8187,0.909667,-2.294,-2.2086,-0.9461,False,0,4406,374.958,13.4795,-0.435446,same_wallet,long,-833.737458,,40.438456,0.0,0.0,-7.449263,-14.2009,16.391855,2.26101,-14.130845,0.0,,,conservative,0.75,,,,13.479485,0.9913189762087403,10.0,0.0,0.0,2500.0,isolated,P1,2.5,0.15,,,,,
BTC,B_perp_2.5x_iso_P1_d0.5_reb_conservative,perp,BTC_USDT,1000.0,331.6867,-0.668313,-668.3133,897.6669,0.897667,-0.406176,0.502465,186996.266465,-3573.9391,-1.712653,390.2212,1905,8187,0.909667,-0.1422,-0.2134,-0.7335,False,0,2564,374.958,3.7772,-0.473397,same_wallet,long,-623.971482,,11.331582,0.0,0.0,-21.013055,-22.935285,25.481683,4.075179,-21.406505,0.0,,,conservative,0.75,,,,3.777194,0.9838642442441774,10.0,0.0,0.0,2500.0,isolated,P1,2.5,0.15,,,,,
BTC,B_perp_2.5x_iso_P1_d0.0_noreb_conservative,perp,BTC_USDT,1000.0,121.8642,-0.878136,-878.1358,911.367,0.911367,-0.32281,0.158898,659014.242112,-1332.499,-4.473539,196.2956,704,8187,0.909667,-2.4528,-2.3639,-0.9558,False,0,4297,374.958,52.7211,-0.441876,same_wallet,long,-831.079711,,0.0,0.0,0.0,-6.582307,-32.98768,16.281823,2.21341,-14.068413,0.0,,,conservative,0.0,,,,52.721139,0.991307885504506,10.0,0.0,0.0,2500.0,isolated,P1,2.5,0.15,,,,,
BTC,B_perp_2.5x_iso_P1_d0.5_noreb_conservative,perp,BTC_USDT,1000.0,325.1759,-0.674824,-674.8241,902.8773,0.902877,-0.413849,0.518052,183082.68362,-3685.8982,-1.753145,384.9219,1905,8187,0.909667,-0.1205,-0.1818,-0.7365,False,0,2506,374.958,14.7957,-0.476891,same_wallet,long,-613.691162,,0.0,0.0,0.0,-32.284675,-39.816875,25.368619,4.052526,-21.316092,0.0,,,conservative,0.0,,,,14.795689,0.9828977932474632,10.0,0.0,0.0,2500.0,isolated,P1,2.5,0.15,,,,,
BTC,B_perp_3.0x_iso_P1_d0.0_reb_conservative,perp,BTC_USDT,1000.0,81.0301,-0.91897,-918.9699,942.8894,0.942889,-0.380894,0.210746,721894.414653,-1272.9976,-5.148771,178.4833,704,8187,0.909667,-2.3134,-2.3114,-0.9687,False,0,3926,374.958,14.4379,-0.452037,same_wallet,long,-889.863361,,43.313665,0.0,0.0,-5.593574,-12.82387,18.632232,2.349592,-16.28264,0.0,,,conservative,0.75,,,,14.437888,0.9889421192646257,10.0,0.0,0.0,3000.0,isolated,P1,3.0,0.15,81.03012933563642,,,,
BTC,B_perp_3.0x_iso_P1_d0.5_reb_conservative,perp,BTC_USDT,1000.0,1.3769,-0.998623,-998.6231,998.8765,0.998876,-0.95959,1.735169,170353.98931,-5862.0469,-3.391157,294.4786,1905,8187,0.909667,-0.1579,-0.2166,-0.9995,True,1,2104,374.958,3.4521,-1.277213,same_wallet,long,-579.558601,,10.356212,0.0,0.0,0.0,-394.437297,29.297441,4.670258,-24.627184,0.0,,,conservative,0.75,,,,3.452071,0.7653056331495935,4.260860682000933,0.0,0.0,3000.0,isolated,P1,3.0,0.15,1.376919052283173,,,,
BTC,B_perp_3.0x_iso_P1_d0.0_noreb_conservative,perp,BTC_USDT,1000.0,70.5963,-0.929404,-929.4037,949.1196,0.94912,-0.380024,0.21288,704430.198102,-1319.3695,-5.334201,174.2349,704,8187,0.909667,-2.4587,-2.4555,-0.9738,False,0,3839,374.958,56.3544,-0.457057,same_wallet,long,-880.04373,,0.0,0.0,0.0,-4.982161,-33.20229,18.444843,2.287161,-16.157682,0.0,,,conservative,0.0,,,,56.354416,0.9889350623231397,10.0,0.0,0.0,3000.0,isolated,P1,3.0,0.15,,,,,
BTC,B_perp_3.0x_iso_P1_d0.5_noreb_conservative,perp,BTC_USDT,1000.0,1.0912,-0.998909,-998.9088,999.1069,0.999107,-0.964171,1.848098,166258.802768,-6008.1558,-3.418962,292.1673,1905,8187,0.909667,-0.0768,-0.1084,-0.9996,True,1,2102,374.958,13.4807,-1.27742,same_wallet,long,-573.21555,,0.0,0.0,0.0,0.0,-401.165084,29.181637,4.653484,-24.528153,0.0,,,conservative,0.0,,,,13.480668,0.6509082738269457,2.8645766285055774,0.0,0.0,3000.0,isolated,P1,3.0,0.15,,,,,
BTC,A2_same_expo_conservative,spot,BTC3L_USDT,1000.0,112.5331,-0.887467,-887.4669,931.6454,0.931645,-0.314839,0.155131,134449.699606,-6600.7356,-5.194452,170.849,1905,8619,0.957667,-2.179,-2.2282,-0.9454,False,0,5275,374.958,32.2679,-0.511705,same_exposure,long,-869.394304,32.267928,75.291832,0.0,0.0,-1.824562,-18.07261,0.0,0.0,0.0,0.0,0.0,native_atr,conservative,0.7,57.88274455739887,1.681521684228175,,,,,,,,,,,,,3.2807289907171797,3280.72899071718,,
BTC,B_same_expo_conservative,perp,BTC_USDT,1000.0,64.8879,-0.935112,-935.1121,955.4753,0.955475,-0.407698,0.241663,752455.304487,-1242.7477,-5.491828,170.2734,704,8187,0.909667,-2.2363,-2.2653,-0.9736,False,0,3782,374.958,15.0491,-0.455632,same_exposure,long,-904.913061,,45.147318,0.0,0.0,-5.160096,-12.695913,19.928448,2.425339,-17.503109,0.0,,,conservative,0.75,,,,15.049106,0.987417945729102,10.0,0.0,0.0,3280.72899071718,isolated,P1,3.2807289907171797,0.15,,3.2807289907171797,3280.72899071718,,
BTC,A2_same_risk_conservative,spot,BTC3L_USDT,1000.0,112.5331,-0.887467,-887.4669,931.6454,0.931645,-0.314839,0.155131,134449.699606,-6600.7356,-5.194452,170.849,1905,8619,0.957667,-2.179,-2.2282,-0.9454,False,0,5275,374.958,32.2679,-0.511705,same_risk,long,-869.394304,32.267928,75.291832,0.0,0.0,-1.824562,-18.07261,0.0,0.0,0.0,0.0,0.0,native_atr,conservative,0.7,57.88274455739887,1.681521684228175,,,,,,,,,,,,,,3260.203428822327,0.008541937472751867,0.002620062722845931
BTC,B_same_risk_conservative,perp,BTC_USDT,1000.0,64.4431,-0.935557,-935.5569,955.6553,0.955655,-0.406314,0.239384,746353.870424,-1253.5032,-5.474146,170.9047,704,8187,0.909667,-2.2628,-2.2963,-0.9739,False,0,3798,374.958,14.9271,-0.456275,same_risk,long,-905.642883,,44.781232,0.0,0.0,-4.982161,-12.456893,19.888201,2.431041,-17.45716,0.0,,,conservative,0.75,,,,14.927077,0.9875596456060002,10.0,0.0,0.0,3260.203428822327,isolated,P1,3.260203428822327,0.15,,,3260.203428822327,0.008541937472751867,0.002620062722845931
ETH,A0_cash,cash,USDT,1000.0,1000.0,0.0,0.0,0.0,0.0,0.0,0.0,0.0,0.0,0.0,0.0,1,0,0.0,0.0,0.0,0.0,False,0,0,374.958,0.0,0.35,benchmark,long,,,,,,,,,,,,,,,,,,,,,,,,,,,,,,,,,
ETH,A1_etf_hold,spot,ETH3L_USDT,1000.0,38.5917,-0.961408,-961.4083,991.0632,0.991063,-0.414599,0.566473,999.745,-961653.5203,-4.931289,194.9608,1892,8754,0.972667,-0.6144,-0.9141,-0.9666,False,0,1,374.958,0.255,-0.536409,benchmark,long,0.0,0.255,0.595,0.0,0.0,-961.153299,-961.408299,0.0,0.0,0.0,0.0,0.0,native_atr,base,0.7,254.84845394988403,3.9229,,,,,,,,,,,,,,,,
ETH,B1_spot_hold,spot,ETH_USDT,1000.0,565.4587,-0.434541,-434.5413,679.9211,0.679921,-0.149614,0.174976,999.745,-434652.097,-0.730952,594.4865,2370,8754,0.972667,-0.5101,-0.7375,-0.6264,False,0,1,374.958,0.255,-0.347902,benchmark,long,0.0,0.255,0.595,0.0,0.0,-434.286261,-434.541261,0.0,0.0,0.0,0.0,0.0,native_atr,base,0.7,0.22411535918042524,4460.85,,,,,,,,,,,,,,,,
ETH,B2_spot_grid,spot,ETH_USDT,1000.0,459.5112,-0.540489,-540.4888,664.5944,0.664594,-0.116242,0.049913,285951.040393,-1890.1445,-1.739141,310.7792,1892,8754,0.972667,-1.7958,-1.8058,-0.7988,False,0,6289,374.958,68.6282,-0.341344,benchmark,long,-507.081012,68.62825,160.132583,0.0,0.0,0.975845,-33.407777,0.0,0.0,0.0,0.0,0.0,native_atr,base,0.7,0.04252238121573501,2500.12102412164,,,,,,,,,,,,,,,,
ETH,A2_etf_native_atr_d0.0_reb_base,spot,ETH3L_USDT,1000.0,48.3558,-0.951644,-951.6442,979.6767,0.979677,-0.360798,0.261347,78940.045586,-12055.2783,-6.973023,136.4751,1892,8754,0.972667,-1.75,-1.9318,-0.9673,False,0,4357,374.958,18.9456,-0.532015,same_wallet,long,-943.475141,18.945611,44.206426,0.0,0.0,1.418012,-8.169081,0.0,0.0,0.0,0.0,0.0,native_atr,base,0.7,130.0450019911141,0.14052599082783007,9.764077088886665,,,,,,,,,,,,,,,
ETH,A2_etf_underlying_equiv_d0.0_reb_base,spot,ETH3L_USDT,1000.0,234.1426,-0.765857,-765.8574,937.2504,0.93725,-0.293125,0.517106,62578.356264,-12238.3755,-4.52581,169.22,1892,8169,0.907667,-0.4325,-0.5772,-0.8073,False,0,5865,374.958,15.0188,-0.505715,same_wallet,long,-793.360619,15.018806,35.04388,0.0,0.0,35.127097,27.503197,0.0,0.0,0.0,0.0,0.0,underlying_equiv,base,0.7,1342.5445030728627,0.12526543205180077,195.5508765248505,,,,,,,,,,,,,,,
ETH,A2_etf_static_pct_d0.0_reb_base,spot,ETH3L_USDT,1000.0,16.2016,-0.983798,-983.7984,985.2981,0.985298,-0.369776,0.189157,67436.388027,-14588.5389,-8.434196,116.644,2383,8621,0.957889,-3.019,-2.8173,-0.9966,False,0,5936,374.958,16.1847,-0.53527,same_wallet,long,-975.589892,16.184733,37.764377,0.0,0.0,0.0,-8.20848,0.0,0.0,0.0,0.0,0.0,static_pct,base,0.7,1.2789769243681803e-13,0.07973611637326912,-22.39007404737694,,,,,,,,,,,,,,,
ETH,A2_etf_native_atr_d0.5_reb_base,spot,ETH3L_USDT,1000.0,43.0912,-0.956909,-956.9088,984.6116,0.984612,-0.383853,0.328649,39882.824451,-23993.0055,-5.778194,165.6069,1892,8754,0.972667,-1.2514,-1.5848,-0.9681,False,0,4288,374.958,9.5794,-0.533965,same_wallet,long,-953.82563,9.579408,22.351953,0.0,0.0,1.827431,-3.083197,0.0,0.0,0.0,0.0,0.5,native_atr,base,0.7,191.41945510586044,0.14188326625518,4.499471246567218,,,,,,,,,,,,,,,
ETH,A2_etf_underlying_equiv_d0.5_reb_base,spot,ETH3L_USDT,1000.0,134.5326,-0.865467,-865.4674,964.0922,0.964092,-0.319172,0.525415,31681.669369,-27317.6069,-4.755732,181.984,1892,8169,0.907667,-0.5763,-0.7981,-0.8901,False,0,5786,374.958,7.6111,-0.522224,same_wallet,long,-888.480886,7.611131,17.759306,0.0,0.0,26.940231,23.013495,0.0,0.0,0.0,0.0,0.5,underlying_equiv,base,0.7,795.8853351458711,0.11758061215991393,95.9409077384785,,,,,,,,,,,,,,,
ETH,A2_etf_static_pct_d0.5_reb_base,spot,ETH3L_USDT,1000.0,39.2654,-0.960735,-960.7346,977.7635,0.977763,-0.376001,0.268224,33023.920524,-29092.0811,-6.248956,153.7432,1892,8754,0.972667,-1.5934,-1.8567,-0.979,False,0,4563,374.958,7.9333,-0.531727,same_wallet,long,-957.228714,7.933272,18.510967,0.0,0.0,0.581191,-3.505862,0.0,0.0,0.0,0.0,0.5,static_pct,base,0.7,127.42422697494192,0.1468689282495272,0.6737230648993915,,,,,,,,,,,,,,,
ETH,A2_etf_native_atr_d0.0_noreb_base,spot,ETH3L_USDT,1000.0,40.9731,-0.959027,-959.0269,981.9902,0.98199,-0.3616,0.261285,75897.712351,-12635.7819,-7.244735,132.3757,1892,8754,0.972667,-1.8701,-2.0688,-0.9729,False,0,4354,374.958,60.7182,-0.533135,same_wallet,long,-929.508641,60.71817,0.0,0.0,0.0,1.20682,-29.518301,0.0,0.0,0.0,0.0,0.0,native_atr,base,0.0,110.81543767831903,0.1405396432028834,2.381356787887796,,,,,,,,,,,,,,,
ETH,A2_etf_underlying_equiv_d0.0_noreb_base,spot,ETH3L_USDT,1000.0,214.8351,-0.785165,-785.1649,942.0042,0.942004,-0.293966,0.51728,60833.93924,-12906.6918,-4.824093,162.7591,1892,8169,0.907667,-0.4933,-0.6583,-0.824,False,0,5865,374.958,48.6672,-0.50897,same_wallet,long,-792.964992,48.667151,0.0,0.0,0.0,32.502999,7.800086,0.0,0.0,0.0,0.0,0.0,underlying_equiv,base,0.0,1233.8662053232763,0.12508759880983958,176.2433924568019,,,,,,,,,,,,,,,
ETH,A2_etf_static_pct_d0.0_noreb_base,spot,ETH3L_USDT,1000.0,17.4991,-0.982501,-982.5009,983.9575,0.983958,-0.370122,0.189547,64886.454493,-15141.8494,-8.679214,113.2016,2426,8621,0.957889,-2.984,-2.7835,-0.9965,False,0,5864,374.958,51.9092,-0.534753,same_wallet,long,-956.174105,51.909164,0.0,0.0,0.0,0.0,-26.326819,0.0,0.0,0.0,0.0,0.0,static_pct,base,0.0,1.1368683772161603e-13,0.10114506685436808,-21.09262517540913,,,,,,,,,,,,,,,
ETH,A2_etf_native_atr_d0.5_noreb_base,spot,ETH3L_USDT,1000.0,39.8464,-0.960154,-960.1536,985.5083,0.985508,-0.385687,0.334182,38372.506074,-25021.9165,-5.884431,163.1685,1892,8754,0.972667,-1.2974,-1.6525,-0.9707,False,0,4212,374.958,30.7233,-0.534413,same_wallet,long,-946.14529,30.723345,0.0,0.0,0.0,1.748848,-14.008351,0.0,0.0,0.0,0.0,0.5,native_atr,base,0.0,183.00682229346074,0.14187380848201317,1.2546572889743715,,,,,,,,,,,,,,,
ETH,A2_etf_underlying_equiv_d0.5_noreb_base,spot,ETH3L_USDT,1000.0,123.6161,-0.876384,-876.3839,967.5476,0.967548,-0.320851,0.530416,30708.36126,-28538.9355,-4.904473,178.6907,1892,8169,0.907667,-0.6163,-0.8572,-0.8985,False,0,5696,374.958,24.592,-0.524064,same_wallet,long,-894.536913,24.592029,0.0,0.0,0.0,30.847127,18.152973,0.0,0.0,0.0,0.0,0.5,underlying_equiv,base,0.0,738.8468403654336,0.10967963236741235,85.02435764538595,,,,,,,,,,,,,,,
ETH,A2_etf_static_pct_d0.5_noreb_base,spot,ETH3L_USDT,1000.0,37.8169,-0.962183,-962.1831,978.9691,0.978969,-0.376217,0.269027,31480.282822,-30564.6259,-6.363917,151.1935,1892,8754,0.972667,-1.6777,-1.9287,-0.9793,False,0,4075,374.958,25.2096,-0.532208,same_wallet,long,-949.837511,25.209566,0.0,0.0,0.0,0.654399,-12.345557,0.0,0.0,0.0,0.0,0.5,static_pct,base,0.0,127.3483902215199,0.14629134888887918,-0.7747695882875831,,,,,,,,,,,,,,,
ETH,B_perp_1.5x_iso_P1_d0.0_reb_base,perp,ETH_USDT,1000.0,448.5179,-0.551482,-551.4821,666.6745,0.666674,-0.211164,0.168232,550105.02359,-1002.5034,-1.607664,343.0331,5255,8754,0.972667,-0.8898,-0.9219,-0.8127,False,0,5831,374.958,11.0021,-0.302709,same_wallet,long,-532.224893,,33.006301,0.0,0.0,-9.513611,-15.025824,9.538603,5.30718,-4.231423,0.0,,,base,0.75,,,,11.0021,0.9951681822239283,10.0,0.0,0.0,1500.0,isolated,P1,1.5,0.15,,,,,
ETH,B_perp_1.5x_iso_P1_d0.5_reb_base,perp,ETH_USDT,1000.0,409.6763,-0.590324,-590.3237,780.0612,0.780061,-0.229886,0.217661,238148.555757,-2478.8044,-1.431037,412.5147,1892,8754,0.972667,-0.6331,-0.8087,-0.7442,False,0,4280,374.958,4.7844,-0.405751,same_wallet,long,-588.762372,,14.353105,0.0,0.0,6.448593,4.034615,11.846644,6.250707,-5.595937,0.0,,,base,0.75,,,,4.784368,0.9948723135214419,10.0,0.0,0.0,1500.0,isolated,P1,1.5,0.15,,,,,
ETH,B_perp_1.5x_iso_P1_d0.0_noreb_base,perp,ETH_USDT,1000.0,422.0534,-0.577947,-577.9466,673.6144,0.673614,-0.208779,0.166672,543507.503462,-1063.3646,-1.729092,334.2487,1892,8754,0.972667,-0.9802,-1.0109,-0.8435,False,0,5805,374.958,43.4806,-0.313392,same_wallet,long,-540.318657,,0.0,0.0,0.0,-11.670447,-33.454152,9.381448,5.207608,-4.17384,0.0,,,base,0.0,,,,43.4806,0.9951643569003534,10.0,0.0,0.0,1500.0,isolated,P1,1.5,0.15,,,,,
ETH,B_perp_1.5x_iso_P1_d0.5_noreb_base,perp,ETH_USDT,1000.0,402.3449,-0.597655,-597.6551,784.1148,0.784115,-0.228081,0.212607,232623.626488,-2569.1935,-1.459531,409.4843,1892,8754,0.972667,-0.6532,-0.838,-0.7496,False,0,4238,374.958,18.6955,-0.410279,same_wallet,long,-589.723566,,0.0,0.0,0.0,7.097851,-2.335793,11.807149,6.211399,-5.59575,0.0,,,base,0.0,,,,18.695479,0.9948515971083952,10.0,0.0,0.0,1500.0,isolated,P1,1.5,0.15,,,,,
ETH,B_perp_2.0x_iso_P1_d0.0_reb_base,perp,ETH_USDT,1000.0,314.9009,-0.685099,-685.0991,788.1043,0.788104,-0.29484,0.27181,685474.913449,-999.4517,-2.389921,286.6619,5255,8754,0.972667,-0.8101,-0.8378,-0.8568,False,0,5424,374.958,13.7095,-0.364785,same_wallet,long,-661.167408,,41.128495,0.0,0.0,-11.956273,-18.822981,11.110162,6.001497,-5.108665,0.0,,,base,0.75,,,,13.709498,0.9927347142523488,10.0,0.0,0.0,2000.0,isolated,P1,2.0,0.15,,,,,
ETH,B_perp_2.0x_iso_P1_d0.5_reb_base,perp,ETH_USDT,1000.0,308.2596,-0.69174,-691.7404,921.4984,0.921498,-0.356884,0.421163,141807.158768,-4878.0357,-2.05397,336.7821,2370,8754,0.972667,-0.1103,-0.1614,-0.74,False,0,2412,374.958,2.8656,-0.490609,same_wallet,long,-735.367287,,8.596693,0.0,0.0,52.35075,50.890893,14.474103,7.210107,-7.263995,0.0,,,base,0.75,,,,2.865564,0.9879746778267767,10.0,0.0,0.0,2000.0,isolated,P1,2.0,0.15,,,,,
ETH,B_perp_2.0x_iso_P1_d0.0_noreb_base,perp,ETH_USDT,1000.0,275.5456,-0.724454,-724.4544,796.2138,0.796214,-0.296199,0.274519,666794.629408,-1086.4731,-2.644231,273.9754,5255,8754,0.972667,-0.9498,-0.9824,-0.8978,False,0,5296,374.958,53.3436,-0.376852,same_wallet,long,-683.127124,,0.0,0.0,0.0,-9.625407,-36.341995,10.827637,5.842312,-4.985325,0.0,,,base,0.0,,,,53.34357,0.9926990055004101,10.0,0.0,0.0,2000.0,isolated,P1,2.0,0.15,,,,,
ETH,B_perp_2.0x_iso_P1_d0.5_noreb_base,perp,ETH_USDT,1000.0,303.4588,-0.696541,-696.5412,925.743,0.925743,-0.363762,0.433034,138929.950805,-5013.6146,-2.101161,331.503,2370,8754,0.972667,-0.0917,-0.1348,-0.7419,False,0,2404,374.958,11.2321,-0.492924,same_wallet,long,-720.948589,,0.0,0.0,0.0,37.306342,31.58214,14.327054,7.152275,-7.174779,0.0,,,base,0.0,,,,11.232081,0.9867842917232476,10.0,0.0,0.0,2000.0,isolated,P1,2.0,0.15,,,,,
ETH,B_perp_2.5x_iso_P1_d0.0_reb_base,perp,ETH_USDT,1000.0,151.2911,-0.848709,-848.7089,892.8072,0.892807,-0.380437,0.429042,693937.618191,-1223.0335,-3.816926,222.354,1892,8754,0.972667,-0.929,-0.9875,-0.9419,False,0,4596,374.958,13.8788,-0.428033,same_wallet,long,-835.47063,,41.636257,0.0,0.0,-0.466137,-7.416073,12.063608,6.241372,-5.822237,0.0,,,base,0.75,,,,13.878752,0.9891144220465964,10.0,0.0,0.0,2500.0,isolated,P1,2.5,0.15,,,,,
ETH,B_perp_2.5x_iso_P1_d0.5_reb_base,perp,ETH_USDT,1000.0,4.0698,-0.99593,-995.9302,996.444,0.996444,-0.864145,0.295848,104189.0958,-9558.8715,-4.877925,204.1709,5254,8754,0.972667,-2.0182,-1.241,-0.9988,True,1,1684,374.958,2.1212,-1.277096,same_wallet,long,-652.176868,,6.363681,0.0,0.0,0.0,-335.067003,16.047357,7.361049,-8.686307,0.0,,,base,0.75,,,,2.121227,0.8488513580576128,6.616003869761308,0.0,0.0,2500.0,isolated,P1,2.5,0.15,,,,,
ETH,B_perp_2.5x_iso_P1_d0.0_noreb_base,perp,ETH_USDT,1000.0,128.8629,-0.871137,-871.1371,907.2212,0.907221,-0.389303,0.446166,655835.863002,-1328.2853,-4.093131,212.829,1892,8754,0.972667,-1.0235,-1.0915,-0.9523,False,0,4366,374.958,52.4669,-0.439817,same_wallet,long,-839.461434,,0.0,0.0,0.0,0.4732,-25.799808,11.853364,5.977467,-5.875897,0.0,,,base,0.0,,,,52.466869,0.9887990423966172,10.0,0.0,0.0,2500.0,isolated,P1,2.5,0.15,,,,,
ETH,B_perp_2.5x_iso_P1_d0.5_noreb_base,perp,ETH_USDT,1000.0,6.0294,-0.993971,-993.9706,994.729,0.994729,-0.939592,0.292277,103729.977147,-9582.2893,-4.89662,202.9912,5256,8754,0.972667,-1.7633,-1.1081,-0.9984,True,1,1663,374.958,8.4482,-1.276426,same_wallet,long,-642.662007,,0.0,0.0,0.0,0.0,-342.621564,15.954191,7.267116,-8.687075,0.393577,,,base,0.0,,,,8.448179,0.8500139264483719,6.667285677398448,0.0,0.0,2500.0,isolated,P1,2.5,0.15,,,,,
ETH,B_perp_3.0x_iso_P1_d0.0_reb_base,perp,ETH_USDT,1000.0,85.9648,-0.914035,-914.0352,943.6586,0.943659,-0.515078,0.793751,695951.404792,-1313.3606,-4.971906,183.84,1892,8754,0.972667,-0.6635,-0.761,-0.9625,False,0,3962,374.958,13.919,-0.454112,same_wallet,long,-900.991392,,41.757084,0.0,0.0,0.6084,-6.362318,12.899319,6.217848,-6.681471,0.0,,,base,0.75,,,,13.919028,0.9816352339584529,10.0,0.0,0.0,3000.0,isolated,P1,3.0,0.15,85.71904899986912,,,,
ETH,B_perp_3.0x_iso_P1_d0.5_reb_base,perp,ETH_USDT,1000.0,6.4841,-0.993516,-993.5159,994.4987,0.994499,-0.919855,0.394419,97504.95505,-10189.389,-5.522764,179.8947,5351,8754,0.972667,-1.3109,-0.8905,-0.9981,True,1,1315,374.958,1.9942,-1.276338,same_wallet,long,-615.35312,,5.982692,0.0,0.0,0.0,-368.055089,18.151055,8.043349,-10.107706,0.0,,,base,0.75,,,,1.994231,0.8943593878945557,9.466056472693094,0.0,0.0,3000.0,isolated,P1,3.0,0.15,6.238315106210879,,,,
ETH,B_perp_3.0x_iso_P1_d0.0_noreb_base,perp,ETH_USDT,1000.0,74.3206,-0.925679,-925.6794,948.5433,0.948543,-0.496728,0.742357,673925.62908,-1373.5632,-5.137182,180.1921,1892,8754,0.972667,-0.7772,-0.8837,-0.9703,False,0,3832,374.958,53.9141,-0.459345,same_wallet,long,-892.574597,,0.0,0.0,0.0,0.5408,-26.4589,12.788239,6.142297,-6.645943,0.0,,,base,0.0,,,,53.91405,0.9818840231281951,10.0,0.0,0.0,3000.0,isolated,P1,3.0,0.15,,,,,
ETH,B_perp_3.0x_iso_P1_d0.5_noreb_base,perp,ETH_USDT,1000.0,5.7002,-0.9943,-994.2998,995.1609,0.995161,-0.964842,0.395511,95533.950994,-10407.8164,-5.548052,179.216,5380,8754,0.972667,-1.0715,-0.7318,-0.9983,True,1,1296,374.958,7.8192,-1.276601,same_wallet,long,-611.616987,,0.0,0.0,0.0,0.0,-372.316689,18.164947,7.798803,-10.366144,1.768802,,,base,0.0,,,,7.819243,0.9576566002990978,10.0,0.0,0.0,3000.0,isolated,P1,3.0,0.15,,,,,
ETH,B_perp_3x_iso_P2_reb_base,perp,ETH_USDT,1000.0,366.0202,-0.63398,-633.9798,687.3123,0.687312,-0.205848,0.114977,488274.511629,-1298.4085,-4.755303,133.3206,1892,8754,0.972667,-1.3576,-1.3015,-0.908,False,0,4082,374.958,9.7655,-0.33954,same_wallet,long,-624.577929,,29.296471,0.0,0.0,0.4056,-4.484851,9.405366,4.488394,-4.916972,0.0,,,base,0.75,,,,9.76549,0.9817170147184605,10.0,0.0,300.0,2100.0,isolated,P2,3.0,0.15,,,,,
ETH,B_perp_3x_iso_P3_reb_base,perp,ETH_USDT,1000.0,545.5539,-0.454446,-454.4461,505.6191,0.505619,-0.143556,0.069245,339625.552687,-1338.0798,-4.782593,95.0209,1892,8754,0.972667,-1.4558,-1.3352,-0.8813,False,0,4008,374.958,6.7925,-0.244769,same_wallet,long,-447.815996,,20.377533,0.0,0.0,0.2704,-3.131306,6.720259,3.221461,-3.498797,0.0,,,base,0.75,,,,6.792511,0.9817849889397602,10.0,0.0,500.0,1500.0,isolated,P3,3.0,0.15,,,,,
ETH,B_perp_3x_cross_P1_reb_base,perp,ETH_USDT,1000.0,85.9648,-0.914035,-914.0352,943.6586,0.943659,-0.515078,0.793751,695951.404792,-1313.3606,-4.971906,183.84,1892,8754,0.972667,-0.6635,-0.761,-0.9625,False,0,3962,374.958,13.919,-0.454112,same_wallet,long,-900.991392,,41.757084,0.0,0.0,0.6084,-6.362318,12.899319,6.217848,-6.681471,0.0,,,base,0.75,,,,13.919028,0.9819183043187293,10.0,0.0,0.0,3000.0,cross,P1,3.0,0.15,,,,,
ETH,B_perp_3x_iso_P2_trig0.2_base,perp,ETH_USDT,1000.0,366.0202,-0.63398,-633.9798,687.3123,0.687312,-0.205848,0.114977,488274.511629,-1298.4085,-4.755303,133.3206,1892,8754,0.972667,-1.3576,-1.3015,-0.908,False,0,4082,374.958,9.7655,-0.33954,same_wallet,long,-624.577929,,29.296471,0.0,0.0,0.4056,-4.484851,9.405366,4.488394,-4.916972,0.0,,,base,0.75,,,,9.76549,0.9817170147184605,10.0,0.0,300.0,2100.0,isolated,P2,3.0,0.2,,,,,
ETH,B_perp_3x_iso_P2_trig0.1_base,perp,ETH_USDT,1000.0,366.0202,-0.63398,-633.9798,687.3123,0.687312,-0.205848,0.114977,488274.511629,-1298.4085,-4.755303,133.3206,1892,8754,0.972667,-1.3576,-1.3015,-0.908,False,0,4082,374.958,9.7655,-0.33954,same_wallet,long,-624.577929,,29.296471,0.0,0.0,0.4056,-4.484851,9.405366,4.488394,-4.916972,0.0,,,base,0.75,,,,9.76549,0.9817170147184605,10.0,0.0,300.0,2100.0,isolated,P2,3.0,0.1,,,,,
ETH,B6_perp_3x_static_base,perp,ETH_USDT,1000.0,73.609,-0.926391,-926.391,963.2907,0.963291,-0.455209,0.237719,236034.708218,-3924.8083,-5.396802,171.6555,1892,7695,0.855,-1.3292,-1.1394,-0.9562,False,0,3364,374.958,4.7207,-0.519345,same_wallet,long,-922.01836,,14.162082,0.0,0.0,2.316,-0.054277,12.987247,8.668914,-4.318333,0.0,,,base,0.75,,,,4.720694,0.9851850968438222,10.0,0.0,0.0,3000.0,isolated,P1,3.0,0.15,,,,,
ETH,B6_hold_3x_dir,perp,ETH_USDT,1000.0,0.2458,-0.999754,-999.7542,999.7948,0.999795,-0.996737,0.525892,2986.6925,-334736.2442,-6.885439,145.1983,7179,8754,0.972667,-1.0394,-0.5333,-0.9999,True,1,183,374.958,0.1493,-1.278426,same_wallet,long,0.0,,0.448004,0.0,0.0,0.0,-989.295925,17.466376,7.00807,-10.458305,0.0,,,base,0.75,,,,0.149335,0.7855933062256494,4.664033488863161,0.0,0.0,3000.0,isolated,P1,3.0,0.15,,,,,
ETH,A2_same_expo_base,spot,ETH3L_USDT,1000.0,48.3558,-0.951644,-951.6442,979.6767,0.979677,-0.360798,0.261347,78940.045586,-12055.2783,-6.973023,136.4751,1892,8754,0.972667,-1.75,-1.9318,-0.9673,False,0,4357,374.958,18.9456,-0.532015,same_exposure,long,-943.475141,18.945611,44.206426,0.0,0.0,1.418012,-8.169081,0.0,0.0,0.0,0.0,0.0,native_atr,base,0.7,130.0450019911141,0.14052599082783007,,,,,,,,,,,,,3.285611721369102,3285.6117213691023,,
ETH,B_same_expo_base,perp,ETH_USDT,1000.0,59.0338,-0.940966,-940.9662,961.6106,0.961611,-0.559014,1.002809,680274.846915,-1383.2148,-5.511768,170.7195,1892,8754,0.972667,-0.5397,-0.658,-0.9737,False,0,3661,374.958,13.6055,-0.465082,same_exposure,long,-927.518964,,40.816491,0.0,0.0,0.4732,-6.340516,13.687932,6.581177,-7.106754,0.0,,,base,0.75,,,,13.605497,0.9766244946525235,10.0,0.0,0.0,3285.6117213691023,isolated,P1,3.285611721369102,0.15,,3.285611721369102,3285.6117213691023,,
ETH,A2_same_risk_base,spot,ETH3L_USDT,1000.0,48.3558,-0.951644,-951.6442,979.6767,0.979677,-0.360798,0.261347,78940.045586,-12055.2783,-6.973023,136.4751,1892,8754,0.972667,-1.75,-1.9318,-0.9673,False,0,4357,374.958,18.9456,-0.532015,same_risk,long,-943.475141,18.945611,44.206426,0.0,0.0,1.418012,-8.169081,0.0,0.0,0.0,0.0,0.0,native_atr,base,0.7,130.0450019911141,0.14052599082783007,,,,,,,,,,,,,,3322.335012581095,0.01567153044927058,0.004717022934148804
ETH,B_same_risk_base,perp,ETH_USDT,1000.0,55.9825,-0.944017,-944.0175,962.4947,0.962495,-0.572595,1.056539,685339.754884,-1377.4445,-5.581474,169.1341,1892,8754,0.972667,-0.5141,-0.6358,-0.9762,False,0,3620,374.958,13.7068,-0.465248,same_risk,long,-930.520998,,41.120385,0.0,0.0,0.4732,-6.391195,13.744323,6.639058,-7.105265,0.0,,,base,0.75,,,,13.706795,0.9744793498488863,10.0,0.0,0.0,3322.335012581095,isolated,P1,3.3223350125810946,0.15,,,3322.335012581095,0.01567153044927058,0.004717022934148804
ETH,A0_cash,cash,USDT,1000.0,1000.0,0.0,0.0,0.0,0.0,0.0,0.0,0.0,0.0,0.0,0.0,1,0,0.0,0.0,0.0,0.0,False,0,0,374.958,0.0,0.35,benchmark,long,,,,,,,,,,,,,,,,,,,,,,,,,,,,,,,,,
ETH,A1_etf_hold,spot,ETH3L_USDT,1000.0,38.5917,-0.961408,-961.4083,991.0632,0.991063,-0.414599,0.566473,999.745,-961653.5203,-4.931289,194.9608,1892,8754,0.972667,-0.6144,-0.9141,-0.9666,False,0,1,374.958,0.255,-0.536409,benchmark,long,0.0,0.255,0.595,0.0,0.0,-961.153299,-961.408299,0.0,0.0,0.0,0.0,0.0,native_atr,conservative,0.7,254.84845394988403,3.9229,,,,,,,,,,,,,,,,
ETH,B1_spot_hold,spot,ETH_USDT,1000.0,565.4587,-0.434541,-434.5413,679.9211,0.679921,-0.149614,0.174976,999.745,-434652.097,-0.730952,594.4865,2370,8754,0.972667,-0.5101,-0.7375,-0.6264,False,0,1,374.958,0.255,-0.347902,benchmark,long,0.0,0.255,0.595,0.0,0.0,-434.286261,-434.541261,0.0,0.0,0.0,0.0,0.0,native_atr,conservative,0.7,0.22411535918042524,4460.85,,,,,,,,,,,,,,,,
ETH,B2_spot_grid,spot,ETH_USDT,1000.0,402.7885,-0.597211,-597.2115,699.0613,0.699061,-0.116967,0.049623,270359.808534,-2208.9506,-1.997624,298.9609,1892,8754,0.972667,-2.114,-2.1528,-0.8402,False,0,6259,374.958,64.8864,-0.372871,benchmark,long,-565.520382,64.886354,151.401493,0.0,0.0,0.827271,-31.691068,0.0,0.0,0.0,0.0,0.0,native_atr,conservative,0.7,0.03726477895803321,2500.8701995378788,,,,,,,,,,,,,,,,
ETH,A2_etf_native_atr_d0.0_reb_conservative,spot,ETH3L_USDT,1000.0,36.8736,-0.963126,-963.1264,982.8248,0.982825,-0.373214,0.262011,77183.243771,-12478.4391,-7.210378,133.575,1892,8754,0.972667,-1.9135,-2.1043,-0.9765,False,0,4190,374.958,18.524,-0.533595,same_wallet,long,-954.631048,18.523979,43.222617,0.0,0.0,0.881507,-8.495362,0.0,0.0,0.0,0.0,0.0,native_atr,conservative,0.7,84.01637071517166,0.14093791862735314,-1.7181113912239496,,,,,,,,,,,,,,,
ETH,A2_etf_underlying_equiv_d0.0_reb_conservative,spot,ETH3L_USDT,1000.0,197.7666,-0.802233,-802.2334,945.7924,0.945792,-0.30331,0.511895,59518.786673,-13478.659,-5.016475,159.9197,1892,8169,0.907667,-0.5369,-0.7074,-0.839,False,0,5682,374.958,14.2845,-0.511611,same_wallet,long,-827.215638,14.284509,33.330521,0.0,0.0,32.239546,24.982209,0.0,0.0,0.0,0.0,0.0,underlying_equiv,conservative,0.7,1129.7114495368958,0.12289214087547787,159.17487031403593,,,,,,,,,,,,,,,
ETH,A2_etf_static_pct_d0.0_reb_conservative,spot,ETH3L_USDT,1000.0,17.0492,-0.982951,-982.9508,984.4565,0.984456,-0.369947,0.18937,65456.780275,-15016.7907,-8.610831,114.1528,2426,8621,0.957889,-3.0012,-2.7829,-0.9965,False,0,5712,374.958,15.7096,-0.534944,same_wallet,long,-974.979887,15.709627,36.655797,0.0,0.0,0.0,-7.970883,0.0,0.0,0.0,0.0,0.0,static_pct,conservative,0.7,0.0,0.0,-21.54247092520297,,,,,,,,,,,,,,,
ETH,A2_etf_native_atr_d0.5_reb_conservative,spot,ETH3L_USDT,1000.0,32.1146,-0.967885,-967.8854,985.7433,0.985743,-0.391611,0.346772,37847.183775,-25573.5118,-5.963418,162.3038,1892,8754,0.972667,-1.5264,-1.8654,-0.9788,False,0,3197,374.958,9.0909,-0.534809,same_wallet,long,-974.412187,9.090855,21.211994,0.0,0.0,11.193351,6.526787,0.0,0.0,0.0,0.0,0.5,native_atr,conservative,0.7,127.4242269749422,0.06358680942550073,-6.477101126835535,,,,,,,,,,,,,,,
ETH,A2_etf_underlying_equiv_d0.5_reb_conservative,spot,ETH3L_USDT,1000.0,83.4347,-0.916565,-916.5653,964.5015,0.964501,-0.328391,0.347652,29814.635849,-30742.1247,-5.360744,170.9772,2370,8169,0.907667,-1.0431,-1.3157,-0.9444,False,0,5269,374.958,7.163,-0.525108,same_wallet,long,-948.701836,7.163043,16.713767,0.0,0.0,35.838273,32.136584,0.0,0.0,0.0,0.0,0.5,underlying_equiv,conservative,0.7,400.27904994305095,0.06189677799419517,44.843046733749816,,,,,,,,,,,,,,,
ETH,A2_etf_static_pct_d0.5_reb_conservative,spot,ETH3L_USDT,1000.0,38.1967,-0.961803,-961.8033,978.6788,0.978679,-0.376108,0.268629,31980.505906,-30074.674,-6.338684,151.7355,1892,8754,0.972667,-1.6761,-1.9236,-0.9792,False,0,4195,374.958,7.6829,-0.532091,same_wallet,long,-958.490323,7.682852,17.926655,0.0,0.0,0.649034,-3.312967,0.0,0.0,0.0,0.0,0.5,static_pct,conservative,0.7,127.42422697494194,0.14633650757099412,-0.39499097117040094,,,,,,,,,,,,,,,
ETH,A2_etf_native_atr_d0.0_noreb_conservative,spot,ETH3L_USDT,1000.0,31.0446,-0.968955,-968.9554,984.9511,0.984951,-0.373979,0.261913,74364.659795,-13029.7831,-7.525619,128.7542,1892,8754,0.972667,-2.0384,-2.2476,-0.9807,False,0,4180,374.958,59.4917,-0.534574,same_wallet,long,-939.587495,59.491728,0.0,0.0,0.0,0.746071,-29.367893,0.0,0.0,0.0,0.0,0.0,native_atr,conservative,0.0,71.21986788202597,0.14095440067446094,-7.547088428005111,,,,,,,,,,,,,,,
ETH,A2_etf_underlying_equiv_d0.0_noreb_conservative,spot,ETH3L_USDT,1000.0,182.0383,-0.817962,-817.9617,949.7513,0.949751,-0.304148,0.511962,57954.190369,-14113.9355,-5.304216,154.2097,1892,8169,0.907667,-0.5949,-0.7831,-0.8524,False,0,5682,374.958,46.3634,-0.514138,same_wallet,long,-824.251841,46.363352,0.0,0.0,0.0,29.84352,6.290137,0.0,0.0,0.0,0.0,0.0,underlying_equiv,conservative,0.0,1041.2106609471027,0.12276767296790114,143.44659433417064,,,,,,,,,,,,,,,
ETH,A2_etf_static_pct_d0.0_noreb_conservative,spot,ETH3L_USDT,1000.0,16.1877,-0.983812,-983.8123,985.0678,0.985068,-0.370293,0.189758,62991.491776,-15618.1776,-8.87366,110.8688,2421,8621,0.957889,-3.0773,-2.8888,-0.9968,False,0,5544,374.958,50.3932,-0.535191,same_wallet,long,-958.24234,50.393193,0.0,0.0,0.0,0.0,-25.569964,0.0,0.0,0.0,0.0,0.0,static_pct,conservative,0.0,1.7053025658242404e-13,0.1202384140810705,-22.404006117186515,,,,,,,,,,,,,,,
ETH,A2_etf_native_atr_d0.5_noreb_conservative,spot,ETH3L_USDT,1000.0,32.0632,-0.967937,-967.9368,984.2163,0.984216,-0.393094,0.351784,36724.765342,-26356.515,-6.029706,160.528,1892,8754,0.972667,-1.488,-1.8374,-0.9803,False,0,3292,374.958,29.4052,-0.534277,same_wallet,long,-963.34913,29.405152,0.0,0.0,0.0,10.511471,-4.587698,0.0,0.0,0.0,0.0,0.5,native_atr,conservative,0.0,140.5030003425027,0.07661685573702676,-6.528529504685025,,,,,,,,,,,,,,,
ETH,A2_etf_underlying_equiv_d0.5_noreb_conservative,spot,ETH3L_USDT,1000.0,55.0621,-0.944938,-944.9379,966.6489,0.966649,-0.329995,0.348651,29007.557869,-32575.5751,-5.774854,163.6298,2370,8169,0.907667,-1.4712,-1.7262,-0.973,False,0,5205,374.958,23.2314,-0.527168,same_wallet,long,-941.292952,23.231386,0.0,0.0,0.0,8.359831,-3.644928,0.0,0.0,0.0,0.0,0.5,underlying_equiv,conservative,0.0,127.34839022151982,0.08578463750788463,16.47041821185644,,,,,,,,,,,,,,,
ETH,A2_etf_static_pct_d0.5_noreb_conservative,spot,ETH3L_USDT,1000.0,38.0866,-0.961913,-961.9134,978.7041,0.978704,-0.376323,0.269433,30530.23544,-31506.911,-6.41304,149.9934,1892,8754,0.972667,-1.7184,-1.9529,-0.9793,False,0,3711,374.958,24.4495,-0.532104,same_wallet,long,-947.022154,24.449528,0.0,0.0,0.0,-2.271123,-14.891256,0.0,0.0,0.0,0.0,0.5,static_pct,conservative,0.0,127.34839022151988,0.16926393539844434,-0.5051121863083026,,,,,,,,,,,,,,,
ETH,B_perp_1.5x_iso_P1_d0.0_reb_conservative,perp,ETH_USDT,1000.0,334.9066,-0.665093,-665.0934,724.5855,0.724585,-0.20156,0.164854,515844.126658,-1289.3301,-2.144249,310.1754,1892,8754,0.972667,-1.3222,-1.3775,-0.9043,False,0,5537,374.958,10.3169,-0.356082,same_wallet,long,-646.135004,,30.950648,0.0,0.0,-9.633408,-14.802391,9.180851,5.024874,-4.155977,0.0,,,conservative,0.75,,,,10.316883,0.9951501472266823,10.0,0.0,0.0,1500.0,isolated,P1,1.5,0.15,,,,,
ETH,B_perp_1.5x_iso_P1_d0.5_reb_conservative,perp,ETH_USDT,1000.0,373.8214,-0.626179,-626.1786,808.318,0.808318,-0.222185,0.209747,205420.708117,-3048.2738,-1.586927,394.5857,1892,8754,0.972667,-0.7098,-0.9331,-0.7624,False,0,3953,374.958,4.1298,-0.431035,same_wallet,long,-627.650512,,12.389434,0.0,0.0,9.10943,7.022869,11.547275,5.99635,-5.550925,0.0,,,conservative,0.75,,,,4.129811,0.9948958838997961,10.0,0.0,0.0,1500.0,isolated,P1,1.5,0.15,,,,,
ETH,B_perp_1.5x_iso_P1_d0.0_noreb_conservative,perp,ETH_USDT,1000.0,296.3333,-0.703667,-703.6667,751.1195,0.751119,-0.203275,0.163859,502941.103514,-1399.1036,-2.404346,292.6645,1892,8754,0.972667,-1.5058,-1.5494,-0.9239,False,0,5448,374.958,40.2353,-0.375216,same_wallet,long,-672.065673,,0.0,0.0,0.0,-7.437863,-27.596008,8.788048,4.783016,-4.005032,0.0,,,conservative,0.0,,,,40.235288,0.9951468520686896,10.0,0.0,0.0,1500.0,isolated,P1,1.5,0.15,,,,,
ETH,B_perp_1.5x_iso_P1_d0.5_noreb_conservative,perp,ETH_USDT,1000.0,373.3346,-0.626665,-626.6654,807.3189,0.807319,-0.222996,0.213364,204523.804425,-3064.0217,-1.573474,398.2687,1892,8754,0.972667,-0.7127,-0.9383,-0.764,False,0,3937,374.958,16.4475,-0.430927,same_wallet,long,-621.880488,,0.0,0.0,0.0,9.109409,0.799516,11.645882,6.06147,-5.584412,0.0,,,conservative,0.0,,,,16.447493,0.9949351369388246,10.0,0.0,0.0,1500.0,isolated,P1,1.5,0.15,,,,,
ETH,B_perp_2.0x_iso_P1_d0.0_reb_conservative,perp,ETH_USDT,1000.0,160.7422,-0.839258,-839.2578,871.8048,0.871805,-0.273631,0.262275,570296.816616,-1471.6157,-3.612758,232.3039,1892,8754,0.972667,-1.5081,-1.5841,-0.9535,False,0,4760,374.958,11.4059,-0.43229,same_wallet,long,-826.206706,,34.217809,0.0,0.0,-2.616309,-8.329778,9.990148,5.268874,-4.721274,0.0,,,conservative,0.75,,,,11.405936,0.9929727933986121,10.0,0.0,0.0,2000.0,isolated,P1,2.0,0.15,,,,,
ETH,B_perp_2.0x_iso_P1_d0.5_reb_conservative,perp,ETH_USDT,1000.0,289.158,-0.710842,-710.842,939.3999,0.9394,-0.362905,0.472726,128209.687862,-5544.3707,-2.204162,322.4999,2370,8754,0.972667,-0.0321,-0.0484,-0.7464,False,0,2278,374.958,2.5936,-0.500065,same_wallet,long,-717.39302,,7.780845,0.0,0.0,15.154211,13.830135,14.347662,7.068506,-7.279156,0.0,,,conservative,0.75,,,,2.593615,0.984529184425153,10.0,0.0,0.0,2000.0,isolated,P1,2.0,0.15,,,,,
ETH,B_perp_2.0x_iso_P1_d0.0_noreb_conservative,perp,ETH_USDT,1000.0,145.7207,-0.854279,-854.2793,885.4768,0.885477,-0.2775,0.267757,549542.160366,-1554.5292,-3.839016,222.5256,1892,8754,0.972667,-1.5951,-1.6908,-0.9561,False,0,4557,374.958,43.9634,-0.441705,same_wallet,long,-826.195002,,0.0,0.0,0.0,-1.536175,-23.559172,9.627326,5.102176,-4.525149,0.0,,,conservative,0.0,,,,43.963373,0.9929811760446731,10.0,0.0,0.0,2000.0,isolated,P1,2.0,0.15,,,,,
ETH,B_perp_2.0x_iso_P1_d0.5_noreb_conservative,perp,ETH_USDT,1000.0,286.3884,-0.713612,-713.6116,940.7761,0.940776,-0.363248,0.481269,127128.865363,-5613.2932,-2.23363,319.4852,2370,8754,0.972667,-0.0243,-0.0366,-0.7483,False,0,2264,374.958,10.288,-0.500915,same_wallet,long,-705.838627,,0.0,0.0,0.0,4.705769,-0.547107,14.272416,7.046559,-7.225858,0.0,,,conservative,0.0,,,,10.287994,0.9831752716587188,10.0,0.0,0.0,2000.0,isolated,P1,2.0,0.15,,,,,
ETH,B_perp_2.5x_iso_P1_d0.0_reb_conservative,perp,ETH_USDT,1000.0,91.69,-0.90831,-908.31,936.8781,0.936878,-0.357664,0.400523,574853.891271,-1580.0711,-4.918714,184.6641,1892,8754,0.972667,-1.3298,-1.4587,-0.9631,False,0,3994,374.958,11.4971,-0.463797,same_wallet,long,-897.539976,,34.491233,0.0,0.0,0.420381,-5.338837,10.782868,5.351666,-5.431202,0.0,,,conservative,0.75,,,,11.497078,0.9899833416960377,10.0,0.0,0.0,2500.0,isolated,P1,2.5,0.15,,,,,
ETH,B_perp_2.5x_iso_P1_d0.5_reb_conservative,perp,ETH_USDT,1000.0,0.0579,-0.999942,-999.9421,999.9491,0.999949,-0.991201,0.293456,88711.603155,-11271.8295,-5.021064,199.1494,5254,8754,0.972667,-2.0201,-1.1855,-1.0,True,1,1443,374.958,1.8117,-1.278483,same_wallet,long,-642.079802,,5.435031,0.0,0.0,0.0,-349.456506,15.581633,7.175875,-8.405758,0.0,,,conservative,0.75,,,,1.811677,0.7587276090961991,4.144693042805366,0.0,0.0,2500.0,isolated,P1,2.5,0.15,,,,,
ETH,B_perp_2.5x_iso_P1_d0.0_noreb_conservative,perp,ETH_USDT,1000.0,83.6122,-0.916388,-916.3878,940.6664,0.940666,-0.359993,0.403817,568583.676219,-1611.7027,-4.903312,186.8916,1892,8754,0.972667,-1.3857,-1.5252,-0.9681,False,0,3972,374.958,45.4867,-0.466852,same_wallet,long,-888.268458,,0.0,0.0,0.0,0.420381,-22.364634,11.238331,5.483575,-5.754756,0.0,,,conservative,0.0,,,,45.486694,0.9899833416960377,10.0,0.0,0.0,2500.0,isolated,P1,2.5,0.15,,,,,
ETH,B_perp_2.5x_iso_P1_d0.5_noreb_conservative,perp,ETH_USDT,1000.0,3.9962,-0.996004,-996.0038,996.4898,0.99649,-0.95888,0.294383,87243.034365,-11416.4278,-5.013086,198.6808,5256,8754,0.972667,-1.7644,-1.1092,-0.9989,True,1,1431,374.958,7.1292,-1.277133,same_wallet,long,-645.180126,,0.0,0.0,0.0,0.0,-342.358623,15.580578,7.115524,-8.465053,0.0,,,conservative,0.0,,,,7.129223,0.8408784635360808,6.2845044248724315,0.0,0.0,2500.0,isolated,P1,2.5,0.15,,,,,
ETH,B_perp_3.0x_iso_P1_d0.0_reb_conservative,perp,ETH_USDT,1000.0,48.9996,-0.951,-951.0004,967.7033,0.967703,-0.442227,0.61754,581379.134464,-1635.7664,-5.895669,161.3049,1892,8754,0.972667,-1.1209,-1.3229,-0.9785,False,0,3469,374.958,11.6276,-0.478886,same_wallet,long,-938.802714,,34.882748,0.0,0.0,0.300272,-5.524107,12.326529,5.652917,-6.673613,0.0,,,conservative,0.75,,,,11.627583,0.9854420833797917,10.0,0.0,0.0,3000.0,isolated,P1,3.0,0.15,48.75379646354916,,,,
ETH,B_perp_3.0x_iso_P1_d0.5_reb_conservative,perp,ETH_USDT,1000.0,5.1301,-0.99487,-994.8699,995.6264,0.995626,-0.964789,0.396117,92968.896176,-10701.1048,-5.698438,174.5864,5380,8754,0.972667,-1.0539,-0.7329,-0.9985,True,1,1262,374.958,1.9035,-1.276786,same_wallet,long,-607.396679,,5.710529,0.0,0.0,0.0,-377.172647,18.041118,7.740549,-10.30057,0.0,,,conservative,0.75,,,,1.90351,0.9409887280606168,10.0,0.0,0.0,3000.0,isolated,P1,3.0,0.15,4.884333331202859,,,,
ETH,B_perp_3.0x_iso_P1_d0.0_noreb_conservative,perp,ETH_USDT,1000.0,41.7605,-0.95824,-958.2395,972.265,0.972265,-0.44507,0.626717,558132.20909,-1716.8683,-6.06909,157.8885,1892,8754,0.972667,-1.1817,-1.4038,-0.9818,False,0,3401,374.958,44.6506,-0.484017,same_wallet,long,-929.706718,,0.0,0.0,0.0,0.240218,-22.125393,12.225891,5.818497,-6.407394,0.0,,,conservative,0.0,,,,44.650577,0.985135934103721,10.0,0.0,0.0,3000.0,isolated,P1,3.0,0.15,,,,,
ETH,B_perp_3.0x_iso_P1_d0.5_noreb_conservative,perp,ETH_USDT,1000.0,5.5253,-0.994475,-994.4747,995.2866,0.995287,-0.961134,0.392272,91240.426377,-10899.4967,-5.74086,173.2275,5380,8754,0.972667,-1.0487,-0.7331,-0.9984,True,1,1256,374.958,7.4758,-1.276655,same_wallet,long,-602.165492,,0.0,0.0,0.0,0.0,-382.041284,17.995208,7.727257,-10.267951,0.0,,,conservative,0.0,,,,7.475761,0.9346140475318776,10.0,0.0,0.0,3000.0,isolated,P1,3.0,0.15,,,,,
ETH,A2_same_expo_conservative,spot,ETH3L_USDT,1000.0,36.8736,-0.963126,-963.1264,982.8248,0.982825,-0.373214,0.262011,77183.243771,-12478.4391,-7.210378,133.575,1892,8754,0.972667,-1.9135,-2.1043,-0.9765,False,0,4190,374.958,18.524,-0.533595,same_exposure,long,-954.631048,18.523979,43.222617,0.0,0.0,0.881507,-8.495362,0.0,0.0,0.0,0.0,0.0,native_atr,conservative,0.7,84.01637071517166,0.14093791862735314,,,,,,,,,,,,,3.285611721369102,3285.6117213691023,,
ETH,B_same_expo_conservative,perp,ETH_USDT,1000.0,31.7754,-0.968225,-968.2246,979.7209,0.979721,-0.516027,0.857933,552467.210522,-1752.5467,-6.582293,147.0953,1892,8754,0.972667,-0.9786,-1.2141,-0.9852,False,0,3211,374.958,11.0493,-0.488397,same_exposure,long,-955.890519,,33.148033,0.0,0.0,0.240218,-5.294965,12.927939,5.888833,-7.039106,0.0,,,conservative,0.75,,,,11.049344,0.9795785379761712,10.0,0.0,0.0,3285.6117213691023,isolated,P1,3.285611721369102,0.15,,3.285611721369102,3285.6117213691023,,
ETH,A2_same_risk_conservative,spot,ETH3L_USDT,1000.0,36.8736,-0.963126,-963.1264,982.8248,0.982825,-0.373214,0.262011,77183.243771,-12478.4391,-7.210378,133.575,1892,8754,0.972667,-1.9135,-2.1043,-0.9765,False,0,4190,374.958,18.524,-0.533595,same_risk,long,-954.631048,18.523979,43.222617,0.0,0.0,0.881507,-8.495362,0.0,0.0,0.0,0.0,0.0,native_atr,conservative,0.7,84.01637071517166,0.14093791862735314,,,,,,,,,,,,,,3322.335012581095,0.01567153044927058,0.004717022934148804
ETH,B_same_risk_conservative,perp,ETH_USDT,1000.0,30.5844,-0.969416,-969.4156,980.4165,0.980417,-0.537705,0.953398,545667.292651,-1776.569,-6.824158,142.0564,1892,8754,0.972667,-0.9089,-1.1609,-0.9858,False,0,3131,374.958,10.9133,-0.489588,same_risk,long,-957.283775,,32.740038,0.0,0.0,0.240218,-5.22698,12.670947,5.76609,-6.904857,0.0,,,conservative,0.75,,,,10.913346,0.9789452220922966,10.0,0.0,0.0,3322.335012581095,isolated,P1,3.3223350125810946,0.15,,,3322.335012581095,0.01567153044927058,0.004717022934148804
SOL,A0_cash,cash,USDT,1000.0,1000.0,0.0,0.0,0.0,0.0,0.0,0.0,0.0,0.0,0.0,0.0,1,0,0.0,0.0,0.0,0.0,False,0,0,374.958,0.0,0.35,benchmark,long,,,,,,,,,,,,,,,,,,,,,,,,,,,,,,,,,
SOL,A1_etf_hold,spot,SOL3L_USDT,1000.0,18.0031,-0.981997,-981.9969,996.6849,0.996685,-0.493243,0.358579,999.745,-982247.4022,-5.054594,194.2781,2370,8620,0.957778,-0.8792,-1.3194,-0.9832,False,0,1,374.958,0.255,-0.539188,benchmark,long,0.0,0.255,0.595,0.0,0.0,-981.741929,-981.996929,0.0,0.0,0.0,0.0,0.0,native_atr,base,0.7,95.7610153256705,10.44,,,,,,,,,,,,,,,,
SOL,B1_spot_hold,spot,SOL_USDT,1000.0,486.0649,-0.513935,-513.9351,757.7879,0.757788,-0.149571,0.116401,999.745,-514066.1618,-0.920974,558.0344,2370,8620,0.957778,-0.712,-1.0608,-0.6658,False,0,1,374.958,0.255,-0.401136,benchmark,long,0.0,0.255,0.595,0.0,0.0,-513.680075,-513.935075,0.0,0.0,0.0,0.0,0.0,native_atr,base,0.7,4.78598784049021,208.89,,,,,,,,,,,,,,,,
SOL,B2_spot_grid,spot,SOL_USDT,1000.0,386.425,-0.613575,-613.575,704.1782,0.704178,-0.111153,0.076372,253419.737767,-2421.1806,-2.321004,264.3575,1905,8620,0.957778,-2.0553,-2.3283,-0.8573,False,0,6521,374.958,60.8207,-0.382401,benchmark,long,-582.22783,60.820737,141.915053,0.0,0.0,-0.834969,-31.34712,0.0,0.0,0.0,0.0,0.0,native_atr,base,0.7,2.909021208892819,101.84702732533685,,,,,,,,,,,,,,,,
SOL,A2_etf_native_atr_d0.0_reb_base,spot,SOL3L_USDT,1000.0,21.9062,-0.978094,-978.0938,987.5555,0.987555,-0.452043,0.358579,69444.02807,-14084.635,-7.137743,137.0312,2370,8620,0.957778,-1.7497,-2.0309,-0.988,False,0,1983,374.958,16.6666,-0.535843,same_wallet,long,-966.696566,16.666567,38.888656,0.0,0.0,-2.94797,-11.39722,0.0,0.0,0.0,0.0,0.0,native_atr,base,0.7,26.383287474713953,0.2997362610906614,3.9031434169490247,,,,,,,,,,,,,,,
SOL,A2_etf_underlying_equiv_d0.0_reb_base,spot,SOL3L_USDT,1000.0,33.063,-0.966937,-966.937,976.6637,0.976664,-0.426401,0.234283,43557.116269,-22199.2882,-8.286777,116.6843,2370,8187,0.909667,-1.8194,-1.9477,-0.9868,False,0,5398,374.958,10.4537,-0.531594,same_wallet,long,-961.595345,10.453708,24.391985,0.0,0.0,0.0,-5.341632,0.0,0.0,0.0,0.0,0.0,underlying_equiv,base,0.7,0.0,0.0,15.059952427899685,,,,,,,,,,,,,,,
SOL,A2_etf_static_pct_d0.0_reb_base,spot,SOL3L_USDT,1000.0,19.8333,-0.980167,-980.1667,984.5495,0.98455,-0.424953,0.195322,72209.123938,-13574.0007,-13.367983,73.322,4720,8620,0.957778,-2.9413,-2.3375,-0.9933,False,0,4784,374.958,17.3302,-0.534871,same_wallet,long,-971.386064,17.33019,40.437109,0.0,0.0,-0.0,-8.780635,0.0,0.0,0.0,0.0,0.0,static_pct,base,0.7,1.5631940186722204e-13,0.23584330934626957,1.8302296353263223,,,,,,,,,,,,,,,
SOL,A2_etf_native_atr_d0.5_reb_base,spot,SOL3L_USDT,1000.0,19.9088,-0.980091,-980.0912,992.3996,0.9924,-0.473681,0.358579,35249.585904,-27804.3325,-5.915916,165.6702,2370,8620,0.957778,-1.4422,-1.8567,-0.9854,False,0,1991,374.958,8.4674,-0.537616,same_wallet,long,-966.085335,8.467431,19.75734,0.0,0.0,-9.650421,-14.005873,0.0,0.0,0.0,0.0,0.5,native_atr,base,0.7,61.0162541925327,0.3461614715933919,1.9057211719265652,,,,,,,,,,,,,,,
SOL,A2_etf_underlying_equiv_d0.5_reb_base,spot,SOL3L_USDT,1000.0,35.9752,-0.964025,-964.0248,977.9294,0.977929,-0.460606,0.261285,20854.377157,-46226.4969,-6.401333,150.5975,2370,8620,0.957778,-1.6942,-1.8997,-0.9824,False,0,3653,374.958,5.0126,-0.531919,same_wallet,long,-947.748788,5.012581,11.696023,0.0,0.0,-13.649795,-16.276013,0.0,0.0,0.0,0.0,0.5,underlying_equiv,base,0.7,47.88050766283523,0.4730804156019705,17.972129023832974,,,,,,,,,,,,,,,
SOL,A2_etf_static_pct_d0.5_reb_base,spot,SOL3L_USDT,1000.0,27.7192,-0.972281,-972.2808,984.7859,0.984786,-0.462551,0.278634,36119.324831,-26918.5767,-7.290797,133.3573,2370,8620,0.957778,-1.986,-2.1918,-0.9845,False,0,4061,374.958,8.6762,-0.534649,same_wallet,long,-953.506124,8.676169,20.244393,0.0,0.0,-14.316131,-18.774693,0.0,0.0,0.0,0.0,0.5,static_pct,base,0.7,47.880507662835186,0.4869970498300971,9.71611232400172,,,,,,,,,,,,,,,
SOL,A2_etf_native_atr_d0.0_noreb_base,spot,SOL3L_USDT,1000.0,20.1975,-0.979802,-979.8025,988.4202,0.98842,-0.453334,0.358579,68030.199986,-14402.4633,-7.346062,133.3779,2370,8620,0.957778,-1.7991,-2.0869,-0.989,False,0,1992,374.958,54.4242,-0.536212,same_wallet,long,-949.499068,54.42416,0.0,0.0,0.0,-2.719332,-30.303392,0.0,0.0,0.0,0.0,0.0,native_atr,base,0.0,24.322785436234184,0.2998018249115933,2.1944691746923404,,,,,,,,,,,,,,,
SOL,A2_etf_underlying_equiv_d0.0_noreb_base,spot,SOL3L_USDT,1000.0,34.6873,-0.965313,-965.3127,971.1214,0.971121,-0.426908,0.233554,42482.69321,-22722.4929,-8.581233,112.4911,2370,8187,0.909667,-1.876,-1.9085,-0.9907,False,0,5288,374.958,33.9862,-0.529588,same_wallet,long,-947.947088,33.986155,0.0,0.0,0.0,0.0,-17.365608,0.0,0.0,0.0,0.0,0.0,underlying_equiv,base,0.0,1.1368683772161603e-13,0.14392589549173943,16.684233334031912,,,,,,,,,,,,,,,
SOL,A2_etf_static_pct_d0.0_noreb_base,spot,SOL3L_USDT,1000.0,18.8034,-0.981197,-981.1966,985.6374,0.985637,-0.425868,0.194628,69979.213683,-14021.2578,-13.784861,71.1793,4816,8620,0.957778,-3.0003,-2.2305,-0.9934,False,0,4747,374.958,55.9834,-0.535291,same_wallet,long,-952.834826,55.983371,0.0,0.0,0.0,0.0,-28.361771,0.0,0.0,0.0,0.0,0.0,static_pct,base,0.0,0.0,0.0,0.8003318573775253,,,,,,,,,,,,,,,
SOL,A2_etf_native_atr_d0.5_noreb_base,spot,SOL3L_USDT,1000.0,19.0906,-0.980909,-980.9094,992.8033,0.992803,-0.474574,0.358579,34510.511527,-28423.4959,-5.989801,163.7633,2370,8620,0.957778,-1.4515,-1.8752,-0.9859,False,0,1991,374.958,27.6337,-0.537788,same_wallet,long,-956.990334,27.633749,0.0,0.0,0.0,-9.703682,-23.91905,0.0,0.0,0.0,0.0,0.5,native_atr,base,0.0,60.00818783520805,0.34970597293219213,1.087545649712002,,,,,,,,,,,,,,,
SOL,A2_etf_underlying_equiv_d0.5_noreb_base,spot,SOL3L_USDT,1000.0,36.5386,-0.963461,-963.4614,977.4835,0.977483,-0.460945,0.261078,20426.508887,-47167.2088,-6.448634,149.4055,2370,8620,0.957778,-1.7047,-1.9132,-0.9822,False,0,3605,374.958,16.3665,-0.53174,same_wallet,long,-938.086305,16.366547,0.0,0.0,0.0,-16.796726,-25.375106,0.0,0.0,0.0,0.0,0.5,underlying_equiv,base,0.0,47.85201149425289,0.5390139958134994,18.535518463798308,,,,,,,,,,,,,,,
SOL,A2_etf_static_pct_d0.5_noreb_base,spot,SOL3L_USDT,1000.0,26.009,-0.973991,-973.991,985.9479,0.985948,-0.4633,0.279267,35071.510118,-27771.5729,-7.362432,132.292,2370,8620,0.957778,-1.9912,-2.2181,-0.9852,False,0,4055,374.958,28.0825,-0.535122,same_wallet,long,-944.703531,28.082548,0.0,0.0,0.0,-14.851563,-29.287469,0.0,0.0,0.0,0.0,0.5,static_pct,base,0.0,47.85201149425292,0.4983644420118873,8.005929316148482,,,,,,,,,,,,,,,
SOL,B_perp_1.5x_iso_P1_d0.0_reb_base,perp,SOL_USDT,1000.0,724.2695,-0.27573,-275.7305,516.1368,0.516137,-0.170929,0.121854,349876.853201,-788.0787,-1.246995,221.1159,2370,5392,0.599111,-0.4684,-0.4383,-0.5221,False,0,3961,374.958,6.9975,-0.160245,same_wallet,long,-277.225394,,20.992611,0.0,0.0,-0.398385,-3.904972,1.404397,6.804276,5.39988,0.0,,,base,0.75,,,,6.997537,0.9919932451828289,10.0,0.0,0.0,1500.0,isolated,P1,1.5,0.15,,,,,
SOL,B_perp_1.5x_iso_P1_d0.5_reb_base,perp,SOL_USDT,1000.0,673.4166,-0.326583,-326.5834,627.2282,0.627228,-0.160451,0.147172,210141.696318,-1554.1104,-0.978409,333.7901,2370,8620,0.957778,-0.4121,-0.5867,-0.5093,False,0,3149,374.958,4.2216,-0.254758,same_wallet,long,-362.130628,,12.66488,0.0,0.0,32.121705,29.99517,8.716613,14.268679,5.552067,0.0,,,base,0.75,,,,4.221627,0.9765441046491072,10.0,0.0,0.0,1500.0,isolated,P1,1.5,0.15,,,,,
SOL,B_perp_1.5x_iso_P1_d0.0_noreb_base,perp,SOL_USDT,1000.0,683.6641,-0.316336,-316.3359,520.2409,0.520241,-0.171371,0.116122,349186.013738,-905.9237,-1.472577,214.8179,2370,5392,0.599111,-0.5976,-0.5556,-0.5947,False,0,3965,374.958,27.9349,-0.184879,same_wallet,long,-307.337894,,0.0,0.0,0.0,-0.398385,-14.397884,1.404397,6.804276,5.39988,0.0,,,base,0.0,,,,27.934881,0.9919932451828289,10.0,0.0,0.0,1500.0,isolated,P1,1.5,0.15,,,,,
SOL,B_perp_1.5x_iso_P1_d0.5_noreb_base,perp,SOL_USDT,1000.0,667.9244,-0.332076,-332.0756,630.8404,0.63084,-0.160651,0.147105,208992.361252,-1588.9364,-0.998723,332.5002,2370,8620,0.957778,-0.4258,-0.6065,-0.515,False,0,3133,374.958,16.7946,-0.259791,same_wallet,long,-361.246887,,0.0,0.0,0.0,32.079141,23.619258,8.716613,14.268679,5.552067,0.0,,,base,0.0,,,,16.794561,0.9765441046491072,10.0,0.0,0.0,1500.0,isolated,P1,1.5,0.15,,,,,
SOL,B_perp_2.0x_iso_P1_d0.0_reb_base,perp,SOL_USDT,1000.0,389.0612,-0.610939,-610.9388,809.106,0.809106,-0.260175,0.144583,513132.010428,-1190.6075,-3.232832,188.9795,2370,7147,0.794111,-0.9091,-0.9614,-0.7429,False,0,4620,374.958,10.2626,-0.373293,same_wallet,long,-610.122247,,30.787921,0.0,0.0,-0.396095,-5.537531,5.567052,10.288009,4.720957,0.0,,,base,0.75,,,,10.26264,0.9884196456815709,10.0,0.0,0.0,2000.0,isolated,P1,2.0,0.15,,,,,
SOL,B_perp_2.0x_iso_P1_d0.5_reb_base,perp,SOL_USDT,1000.0,403.8175,-0.596183,-596.1825,831.643,0.831643,-0.26819,0.206362,163468.781349,-3647.0727,-2.298159,259.4175,2370,8620,0.957778,-0.5731,-0.7877,-0.705,False,0,2430,374.958,3.2944,-0.441251,same_wallet,long,-599.844646,,9.883298,0.0,0.0,-1.045007,-2.717852,10.792698,17.172672,6.379974,0.0,,,base,0.75,,,,3.294433,0.9643737166324435,10.0,0.0,0.0,2000.0,isolated,P1,2.0,0.15,,,,,
SOL,B_perp_2.0x_iso_P1_d0.0_noreb_base,perp,SOL_USDT,1000.0,389.2901,-0.61071,-610.7099,801.8944,0.801894,-0.242038,0.145261,522117.655769,-1169.6787,-3.203064,190.6643,2370,7147,0.794111,-0.9331,-0.9992,-0.7493,False,0,4676,374.958,41.7694,-0.369606,same_wallet,long,-594.043863,,0.0,0.0,0.0,-0.396095,-21.31999,5.56239,10.216337,4.653946,0.0,,,base,0.0,,,,41.769412,0.988522304486352,10.0,0.0,0.0,2000.0,isolated,P1,2.0,0.15,,,,,
SOL,B_perp_2.0x_iso_P1_d0.5_noreb_base,perp,SOL_USDT,1000.0,393.4347,-0.606565,-606.5653,832.9081,0.832908,-0.27557,0.21183,158714.793283,-3821.7311,-2.357912,257.2467,2370,8620,0.957778,-0.5941,-0.8148,-0.7164,False,0,2374,374.958,12.7974,-0.444471,same_wallet,long,-605.143622,,0.0,0.0,0.0,-1.300361,-7.801616,10.792698,17.172672,6.379974,0.0,,,base,0.0,,,,12.797412,0.9643737166324435,10.0,0.0,0.0,2000.0,isolated,P1,2.0,0.15,,,,,
SOL,B_perp_2.5x_iso_P1_d0.0_reb_base,perp,SOL_USDT,1000.0,207.271,-0.792729,-792.729,903.9117,0.903912,-0.316826,0.178091,453040.066024,-1749.7988,-5.322663,148.9347,2370,7338,0.815333,-1.0466,-1.1803,-0.8672,False,0,3534,374.958,9.0608,-0.45181,same_wallet,long,-792.185166,,27.182404,0.0,0.0,-0.594357,-5.137716,6.954062,11.547985,4.593923,0.0,,,base,0.75,,,,9.060801,0.9844825799830469,10.0,0.0,0.0,2500.0,isolated,P1,2.5,0.15,,,,,
SOL,B_perp_2.5x_iso_P1_d0.5_reb_base,perp,SOL_USDT,1000.0,287.4097,-0.71259,-712.5903,930.822,0.930822,-0.372887,0.374263,124829.057376,-5708.529,-2.706388,263.2994,2370,8620,0.957778,-0.1854,-0.2834,-0.7552,False,0,1529,374.958,2.5279,-0.497458,same_wallet,long,-832.306525,,7.583708,0.0,0.0,114.508809,113.216955,15.424272,21.923543,6.499271,0.0,,,base,0.75,,,,2.527903,0.9014191813564383,10.0,0.0,0.0,2500.0,isolated,P1,2.5,0.15,,,,,
SOL,B_perp_2.5x_iso_P1_d0.0_noreb_base,perp,SOL_USDT,1000.0,198.361,-0.801639,-801.639,906.133,0.906133,-0.315439,0.170355,447849.691698,-1789.9733,-5.447835,147.1482,2370,7338,0.815333,-1.1129,-1.2495,-0.8751,False,0,3487,374.958,35.828,-0.454764,same_wallet,long,-788.258823,,0.0,0.0,0.0,-0.044857,-18.005907,6.929629,11.55538,4.625751,0.0,,,base,0.0,,,,35.827975,0.9844843154128786,10.0,0.0,0.0,2500.0,isolated,P1,2.5,0.15,,,,,
SOL,B_perp_2.5x_iso_P1_d0.5_noreb_base,perp,SOL_USDT,1000.0,279.5,-0.7205,-720.5,937.3389,0.937339,-0.376849,0.331629,118607.664709,-6074.6499,-2.810883,256.3251,2370,8620,0.957778,-0.2182,-0.3323,-0.7584,False,0,1459,374.958,9.6139,-0.500851,same_wallet,long,-819.642652,,0.0,0.0,0.0,97.981344,93.062767,15.259026,21.338876,6.07985,0.0,,,base,0.0,,,,9.613899,0.9014191813564383,10.0,0.0,0.0,2500.0,isolated,P1,2.5,0.15,,,,,
SOL,B_perp_3.0x_iso_P1_d0.0_reb_base,perp,SOL_USDT,1000.0,43.3785,-0.956621,-956.6215,959.161,0.959161,-0.95008,0.090285,128345.1333,-7453.5081,-40.694597,23.5073,8089,8537,0.948556,-1.0566,-0.203,-0.9934,True,1,654,374.958,2.5669,-1.262372,same_wallet,long,-159.779275,,7.700708,0.0,0.0,0.0,-792.964654,4.35051,0.472949,-3.877561,0.0,,,base,0.75,,,,2.566903,0.981287120468594,10.0,0.0,0.0,3000.0,isolated,P1,3.0,0.15,9.670663759396177,,,,
SOL,B_perp_3.0x_iso_P1_d0.5_reb_base,perp,SOL_USDT,1000.0,15.3359,-0.984664,-984.6641,988.177,0.988177,-0.787294,0.241995,57403.748871,-17153.3065,-6.090753,161.6654,5263,8620,0.957778,-1.9383,-1.3184,-0.9946,True,1,835,374.958,1.1919,-1.273811,same_wallet,long,-694.237045,,3.575775,0.0,0.0,0.0,-294.603849,18.173705,22.350499,4.176794,0.0,,,base,0.75,,,,1.191925,0.7928606001936109,4.82766678350275,0.0,0.0,3000.0,isolated,P1,3.0,0.15,-18.371945653234064,,,,
SOL,B_perp_3.0x_iso_P1_d0.0_noreb_base,perp,SOL_USDT,1000.0,35.6778,-0.964322,-964.3222,966.351,0.966351,-0.958597,0.090545,128345.1333,-7513.5081,-41.022184,23.5073,8089,8537,0.948556,-1.0638,-0.2043,-0.9945,True,1,654,374.958,10.2676,-1.265215,same_wallet,long,-163.553624,,0.0,0.0,0.0,0.0,-796.891013,4.35051,0.472949,-3.877561,0.0,,,base,0.0,,,,10.267611,0.981287120468594,10.0,0.0,0.0,3000.0,isolated,P1,3.0,0.15,,,,,
SOL,B_perp_3.0x_iso_P1_d0.5_noreb_base,perp,SOL_USDT,1000.0,20.4995,-0.979501,-979.5005,984.1935,0.984194,-0.77278,0.241325,37431.923231,-26167.5173,-6.126445,159.8807,5261,8620,0.957778,-1.911,-1.3159,-0.993,True,1,688,374.958,3.17,-1.272221,same_wallet,long,-694.715905,,0.0,0.0,0.0,0.0,-289.24449,17.67739,22.137286,4.459896,1.430839,,,base,0.0,,,,3.169954,0.7928606001936109,4.82766678350275,0.0,0.0,3000.0,isolated,P1,3.0,0.15,,,,,
SOL,B_perp_3x_iso_P2_reb_base,perp,SOL_USDT,1000.0,431.0458,-0.568954,-568.9542,648.8582,0.648858,-0.136568,0.094195,387850.235322,-1466.943,-5.905424,96.3443,2370,7147,0.794111,-1.5563,-1.4742,-0.8618,False,0,3575,374.958,7.757,-0.324305,same_wallet,long,-567.760974,,23.271014,0.0,0.0,-0.230599,-4.117788,5.559913,8.484469,2.924556,0.0,,,base,0.75,,,,7.757005,0.9789095803125893,10.0,0.0,300.0,2100.0,isolated,P2,3.0,0.15,,,,,
SOL,B_perp_3x_iso_P3_reb_base,perp,SOL_USDT,1000.0,736.4881,-0.263512,-263.5119,413.1323,0.413132,-0.136463,0.067164,269654.205998,-977.2216,-3.91018,67.3912,2370,5392,0.599111,-0.8514,-0.6923,-0.6233,False,0,3294,374.958,5.3931,-0.133339,same_wallet,long,-264.55248,,16.179252,0.0,0.0,-0.395638,-3.098863,0.858442,4.997871,4.139429,0.0,,,base,0.75,,,,5.393084,0.9800800677955409,10.0,0.0,500.0,1500.0,isolated,P3,3.0,0.15,,,,,
SOL,B_perp_3x_cross_P1_reb_base,perp,SOL_USDT,1000.0,52.2857,-0.947714,-947.7143,970.1612,0.970161,-0.405722,0.277303,294712.575932,-3215.7239,-10.921818,86.7726,2370,8537,0.948556,-1.6105,-1.8003,-0.9725,False,0,2352,374.958,5.8943,-0.516944,same_wallet,long,-949.286865,,17.682755,0.0,0.0,-0.52,-3.47761,9.352705,14.402919,5.050213,0.0,,,base,0.75,,,,5.894252,0.978556765055606,10.0,0.0,0.0,3000.0,cross,P1,3.0,0.15,,,,,
SOL,B_perp_3x_iso_P2_trig0.2_base,perp,SOL_USDT,1000.0,431.0458,-0.568954,-568.9542,648.8582,0.648858,-0.136568,0.094195,387850.235322,-1466.943,-5.905424,96.3443,2370,7147,0.794111,-1.5563,-1.4742,-0.8618,False,0,3575,374.958,7.757,-0.324305,same_wallet,long,-567.760974,,23.271014,0.0,0.0,-0.230599,-4.117788,5.559913,8.484469,2.924556,0.0,,,base,0.75,,,,7.757005,0.9789095803125893,10.0,0.0,300.0,2100.0,isolated,P2,3.0,0.2,,,,,
SOL,B_perp_3x_iso_P2_trig0.1_base,perp,SOL_USDT,1000.0,431.0458,-0.568954,-568.9542,648.8582,0.648858,-0.136568,0.094195,387850.235322,-1466.943,-5.905424,96.3443,2370,7147,0.794111,-1.5563,-1.4742,-0.8618,False,0,3575,374.958,7.757,-0.324305,same_wallet,long,-567.760974,,23.271014,0.0,0.0,-0.230599,-4.117788,5.559913,8.484469,2.924556,0.0,,,base,0.75,,,,7.757005,0.9789095803125893,10.0,0.0,300.0,2100.0,isolated,P2,3.0,0.1,,,,,
SOL,B6_perp_3x_static_base,perp,SOL_USDT,1000.0,892.0983,-0.107902,-107.9017,655.251,0.655251,-0.202723,0.230717,193503.574684,-557.6215,-0.38417,280.8701,2370,2978,0.330889,0.2091,0.2245,-0.1605,False,0,2551,374.958,3.8701,-0.070132,same_wallet,long,-145.828611,,11.610214,0.0,0.0,31.966931,30.028745,3.707826,11.605943,7.898118,0.0,,,base,0.75,,,,3.870071,0.9811277802353849,10.0,0.0,0.0,3000.0,isolated,P1,3.0,0.15,,,,,
SOL,B6_hold_3x_dir,perp,SOL_USDT,1000.0,33.7078,-0.966292,-966.2922,978.8566,0.978857,-0.6915,0.497875,2923.34,-330543.8827,-5.666018,170.5417,7266,8620,0.957778,-0.9321,-0.4976,-0.9839,True,1,172,374.958,0.1462,-1.269835,same_wallet,long,0.0,,0.438501,0.0,0.0,0.0,-974.592834,20.609613,28.910292,8.30068,0.0,,,base,0.75,,,,0.146167,0.7449281437125758,3.920463882433049,0.0,0.0,3000.0,isolated,P1,3.0,0.15,,,,,
SOL,A2_same_expo_base,spot,SOL3L_USDT,1000.0,21.9062,-0.978094,-978.0938,987.5555,0.987555,-0.452043,0.358579,69444.02807,-14084.635,-7.137743,137.0312,2370,8620,0.957778,-1.7497,-2.0309,-0.988,False,0,1983,374.958,16.6666,-0.535843,same_exposure,long,-966.696566,16.666567,38.888656,0.0,0.0,-2.94797,-11.39722,0.0,0.0,0.0,0.0,0.0,native_atr,base,0.7,26.383287474713953,0.2997362610906614,,,,,,,,,,,,,2.9849699050564844,2984.9699050564845,,
SOL,B_same_expo_base,perp,SOL_USDT,1000.0,57.6653,-0.942335,-942.3347,945.7106,0.945711,-0.935196,0.091588,125056.341705,-7535.281,-40.843497,23.0718,8089,8537,0.948556,-1.0387,-0.1914,-0.9916,True,1,640,374.958,2.5011,-1.257065,same_exposure,long,-138.285887,,7.503381,0.0,0.0,0.0,-800.339477,4.182262,0.472949,-3.709313,0.0,,,base,0.75,,,,2.501127,0.981195734152085,10.0,0.0,0.0,2984.9699050564845,isolated,P1,2.9849699050564844,0.15,,2.9849699050564844,2984.9699050564845,,
SOL,A2_same_risk_base,spot,SOL3L_USDT,1000.0,21.9062,-0.978094,-978.0938,987.5555,0.987555,-0.452043,0.358579,69444.02807,-14084.635,-7.137743,137.0312,2370,8620,0.957778,-1.7497,-2.0309,-0.988,False,0,1983,374.958,16.6666,-0.535843,same_risk,long,-966.696566,16.666567,38.888656,0.0,0.0,-2.94797,-11.39722,0.0,0.0,0.0,0.0,0.0,native_atr,base,0.7,26.383287474713953,0.2997362610906614,,,,,,,,,,,,,,2989.5236151638237,0.016966681255244465,0.005675379571910391
SOL,B_same_risk_base,perp,SOL_USDT,1000.0,50.9055,-0.949095,-949.0945,952.0747,0.952075,-0.942273,0.091403,125081.063803,-7587.8354,-41.195632,23.0387,8089,8537,0.948556,-1.0457,-0.1929,-0.9925,True,1,639,374.958,2.5016,-1.259595,same_risk,long,-147.805816,,7.504864,0.0,0.0,0.0,-797.596322,4.165335,0.472949,-3.692386,0.0,,,base,0.75,,,,2.501621,0.9812550995288069,10.0,0.0,0.0,2989.5236151638237,isolated,P1,2.9895236151638236,0.15,,,2989.5236151638237,0.016966681255244465,0.005675379571910391
SOL,A0_cash,cash,USDT,1000.0,1000.0,0.0,0.0,0.0,0.0,0.0,0.0,0.0,0.0,0.0,0.0,1,0,0.0,0.0,0.0,0.0,False,0,0,374.958,0.0,0.35,benchmark,long,,,,,,,,,,,,,,,,,,,,,,,,,,,,,,,,,
SOL,A1_etf_hold,spot,SOL3L_USDT,1000.0,18.0031,-0.981997,-981.9969,996.6849,0.996685,-0.493243,0.358579,999.745,-982247.4022,-5.054594,194.2781,2370,8620,0.957778,-0.8792,-1.3194,-0.9832,False,0,1,374.958,0.255,-0.539188,benchmark,long,0.0,0.255,0.595,0.0,0.0,-981.741929,-981.996929,0.0,0.0,0.0,0.0,0.0,native_atr,conservative,0.7,95.7610153256705,10.44,,,,,,,,,,,,,,,,
SOL,B1_spot_hold,spot,SOL_USDT,1000.0,486.0649,-0.513935,-513.9351,757.7879,0.757788,-0.149571,0.116401,999.745,-514066.1618,-0.920974,558.0344,2370,8620,0.957778,-0.712,-1.0608,-0.6658,False,0,1,374.958,0.255,-0.401136,benchmark,long,0.0,0.255,0.595,0.0,0.0,-513.680075,-513.935075,0.0,0.0,0.0,0.0,0.0,native_atr,conservative,0.7,4.78598784049021,208.89,,,,,,,,,,,,,,,,
SOL,B2_spot_grid,spot,SOL_USDT,1000.0,311.8297,-0.68817,-688.1703,751.8722,0.751872,-0.109489,0.076014,226569.735165,-3037.3444,-2.858504,240.7449,1905,8620,0.957778,-2.5758,-2.9157,-0.9022,False,0,6342,374.958,54.3767,-0.419454,benchmark,long,-660.086342,54.376736,126.879052,0.0,0.0,-0.790913,-28.083965,0.0,0.0,0.0,0.0,0.0,native_atr,conservative,0.7,2.349115439496429,101.89668533302982,,,,,,,,,,,,,,,,
SOL,A2_etf_native_atr_d0.0_reb_conservative,spot,SOL3L_USDT,1000.0,22.753,-0.977247,-977.247,986.8075,0.986807,-0.452735,0.358579,68605.292753,-14244.4837,-7.313954,133.614,2370,8620,0.957778,-1.8254,-2.0808,-0.9879,False,0,1987,374.958,16.4653,-0.535549,same_wallet,long,-965.956166,16.46527,38.418964,0.0,0.0,-2.942319,-11.290809,0.0,0.0,0.0,0.0,0.0,native_atr,conservative,0.7,24.88924295381068,0.3062164859669438,4.749954339254149,,,,,,,,,,,,,,,
SOL,A2_etf_underlying_equiv_d0.0_reb_conservative,spot,SOL3L_USDT,1000.0,34.7723,-0.965228,-965.2277,970.77,0.97077,-0.427153,0.227527,42663.300493,-22624.3095,-8.60202,112.2094,2379,8187,0.909667,-1.9044,-1.902,-0.9909,False,0,5208,374.958,10.2392,-0.529462,same_wallet,long,-959.993519,10.239192,23.891448,0.0,0.0,0.0,-5.234195,0.0,0.0,0.0,0.0,0.0,underlying_equiv,conservative,0.7,0.0,0.0,16.76921516382627,,,,,,,,,,,,,,,
SOL,A2_etf_static_pct_d0.0_reb_conservative,spot,SOL3L_USDT,1000.0,17.5477,-0.982452,-982.4523,985.5164,0.985516,-0.425408,0.194905,70883.480699,-13860.1023,-13.696218,71.7316,4816,8620,0.957778,-3.0639,-2.2889,-0.9949,False,0,4877,374.958,17.012,-0.535296,same_wallet,long,-973.830421,17.012035,39.694749,0.0,0.0,0.0,-8.621871,0.0,0.0,0.0,0.0,0.0,static_pct,conservative,0.7,0.0,0.0,-0.45536246251252166,,,,,,,,,,,,,,,
SOL,A2_etf_native_atr_d0.5_reb_conservative,spot,SOL3L_USDT,1000.0,20.3571,-0.979643,-979.6429,992.0367,0.992037,-0.474172,0.358579,34714.829614,-28219.7228,-5.979174,163.8425,2370,8620,0.957778,-1.4852,-1.8914,-0.9853,False,0,1985,374.958,8.3391,-0.537472,same_wallet,long,-965.312308,8.33909,19.457876,0.0,0.0,-10.039334,-14.330561,0.0,0.0,0.0,0.0,0.5,native_atr,conservative,0.7,60.302248383768074,0.3544835811631717,2.3540602450475596,,,,,,,,,,,,,,,
SOL,A2_etf_underlying_equiv_d0.5_reb_conservative,spot,SOL3L_USDT,1000.0,37.8375,-0.962163,-962.1625,976.5341,0.976534,-0.460783,0.261184,20516.55543,-46896.8849,-6.427212,149.7014,2370,8620,0.957778,-1.7017,-1.899,-0.9818,False,0,3595,374.958,4.9315,-0.531355,same_wallet,long,-942.971246,4.931504,11.506842,0.0,0.0,-16.605828,-19.191293,0.0,0.0,0.0,0.0,0.5,underlying_equiv,conservative,0.7,47.88050766283516,0.5348181275508355,19.834390084975386,,,,,,,,,,,,,,,
SOL,A2_etf_static_pct_d0.5_reb_conservative,spot,SOL3L_USDT,1000.0,26.1736,-0.973826,-973.8264,985.8557,0.985856,-0.46295,0.278978,35450.50223,-27470.0309,-7.343446,132.6116,2370,8620,0.957778,-1.9961,-2.2184,-0.9851,False,0,4047,374.958,8.5157,-0.535084,same_wallet,long,-954.565503,8.515651,19.869853,0.0,0.0,-14.882381,-19.260889,0.0,0.0,0.0,0.0,0.5,static_pct,conservative,0.7,47.880507662835264,0.4988233778555897,8.170536168545176,,,,,,,,,,,,,,,
SOL,A2_etf_native_atr_d0.0_noreb_conservative,spot,SOL3L_USDT,1000.0,21.1472,-0.978853,-978.8528,987.6255,0.987625,-0.45402,0.358579,67090.499987,-14590.0357,-7.526907,130.0472,2370,8620,0.957778,-1.8707,-2.1317,-0.9888,False,0,1975,374.958,53.6724,-0.535897,same_wallet,long,-948.908818,53.6724,0.0,0.0,0.0,-2.735957,-29.943969,0.0,0.0,0.0,0.0,0.0,native_atr,conservative,0.0,23.132558782785424,0.30627298829240235,3.1441422105693775,,,,,,,,,,,,,,,
SOL,A2_etf_underlying_equiv_d0.0_noreb_conservative,spot,SOL3L_USDT,1000.0,33.7471,-0.966253,-966.2529,971.8193,0.971819,-0.427148,0.226789,41726.993948,-23156.5412,-8.741941,110.5307,2380,8187,0.909667,-1.9277,-1.949,-0.991,False,0,5193,374.958,33.3816,-0.529871,same_wallet,long,-949.18891,33.381595,0.0,0.0,0.0,0.0,-17.063946,0.0,0.0,0.0,0.0,0.0,underlying_equiv,conservative,0.0,1.9895196601282805e-13,0.14914014203276593,15.744073293511885,,,,,,,,,,,,,,,
SOL,A2_etf_static_pct_d0.0_noreb_conservative,spot,SOL3L_USDT,1000.0,18.149,-0.981851,-981.851,984.2123,0.984212,-0.426322,0.194213,68572.650461,-14318.4048,-14.149007,69.3936,4512,8620,0.957778,-3.1787,-2.2837,-0.9955,False,0,4657,374.958,54.8581,-0.534817,same_wallet,long,-954.051111,54.85812,0.0,0.0,0.0,0.0,-27.799857,0.0,0.0,0.0,0.0,0.0,static_pct,conservative,0.0,0.0,0.0,0.1459609493135936,,,,,,,,,,,,,,,
SOL,A2_etf_native_atr_d0.5_noreb_conservative,spot,SOL3L_USDT,1000.0,19.4957,-0.980504,-980.5043,992.4712,0.992471,-0.475052,0.358579,33994.630349,-28842.9169,-6.051677,162.0219,2370,8620,0.957778,-1.4938,-1.9087,-0.9858,False,0,1983,374.958,27.221,-0.537657,same_wallet,long,-956.318659,27.221044,0.0,0.0,0.0,-10.176672,-24.18564,0.0,0.0,0.0,0.0,0.5,native_atr,conservative,0.0,59.338099041779415,0.3595031706052078,1.4926301650890181,,,,,,,,,,,,,,,
SOL,A2_etf_underlying_equiv_d0.5_noreb_conservative,spot,SOL3L_USDT,1000.0,36.3436,-0.963656,-963.6564,977.6167,0.977617,-0.461121,0.260978,20144.720172,-47836.6739,-6.486533,148.5626,2370,8620,0.957778,-1.7173,-1.9212,-0.9823,False,0,3595,374.958,16.1411,-0.531795,same_wallet,long,-938.447522,16.141116,0.0,0.0,0.0,-16.743055,-25.208888,0.0,0.0,0.0,0.0,0.5,underlying_equiv,conservative,0.0,47.85201149425279,0.5378924028927989,18.34051945264852,,,,,,,,,,,,,,,
SOL,A2_etf_static_pct_d0.5_noreb_conservative,spot,SOL3L_USDT,1000.0,27.7183,-0.972282,-972.2817,984.7053,0.984705,-0.463691,0.279613,34319.620612,-28330.1984,-7.391562,131.5394,2370,8620,0.957778,-1.9825,-2.1982,-0.9846,False,0,3913,374.958,27.481,-0.53462,same_wallet,long,-933.861589,27.481036,0.0,0.0,0.0,-24.285364,-38.420071,0.0,0.0,0.0,0.0,0.5,static_pct,conservative,0.0,47.85201149425285,0.6955097739384587,9.715269680636926,,,,,,,,,,,,,,,
SOL,B_perp_1.5x_iso_P1_d0.0_reb_conservative,perp,SOL_USDT,1000.0,605.2088,-0.394791,-394.7912,558.3136,0.558314,-0.170812,0.114472,332355.327616,-1187.8589,-1.918222,205.811,2370,5392,0.599111,-0.876,-0.8131,-0.6926,False,0,3802,374.958,6.6471,-0.239721,same_wallet,long,-396.299801,,19.94132,0.0,0.0,-0.517831,-3.849381,1.381691,6.739643,5.357952,0.0,,,conservative,0.75,,,,6.647107,0.9919924742356246,10.0,0.0,0.0,1500.0,isolated,P1,1.5,0.15,,,,,
SOL,B_perp_1.5x_iso_P1_d0.5_reb_conservative,perp,SOL_USDT,1000.0,573.5514,-0.426449,-426.4486,657.5289,0.657529,-0.161334,0.146712,190413.004287,-2239.5979,-1.308584,325.8854,2370,8620,0.957778,-0.6901,-0.9716,-0.6356,False,0,2899,374.958,3.8271,-0.322814,same_wallet,long,-462.712018,,11.481159,0.0,0.0,32.629541,30.699291,8.692407,14.256564,5.564157,0.0,,,conservative,0.75,,,,3.827053,0.9765441046491072,10.0,0.0,0.0,1500.0,isolated,P1,1.5,0.15,,,,,
SOL,B_perp_1.5x_iso_P1_d0.0_noreb_conservative,perp,SOL_USDT,1000.0,570.4394,-0.429561,-429.5606,560.0676,0.560068,-0.171286,0.114558,329763.346301,-1302.6328,-2.163956,198.5071,2370,5392,0.599111,-1.0154,-0.9293,-0.7517,False,0,3772,374.958,26.3811,-0.255806,same_wallet,long,-421.17645,,0.0,0.0,0.0,-0.518944,-13.742064,1.381691,6.739643,5.357952,0.0,,,conservative,0.0,,,,26.381068,0.9919924742356246,10.0,0.0,0.0,1500.0,isolated,P1,1.5,0.15,,,,,
SOL,B_perp_1.5x_iso_P1_d0.5_noreb_conservative,perp,SOL_USDT,1000.0,566.5994,-0.433401,-433.4006,659.5327,0.659533,-0.161534,0.146646,186747.464134,-2320.7845,-1.332155,325.3379,2370,8620,0.957778,-0.7119,-1.0106,-0.6441,False,0,2853,374.958,15.015,-0.3275,same_wallet,long,-464.024029,,0.0,0.0,0.0,32.629541,25.055329,8.68849,14.256564,5.568074,0.0,,,conservative,0.0,,,,15.014969,0.9765441046491072,10.0,0.0,0.0,1500.0,isolated,P1,1.5,0.15,,,,,
SOL,B_perp_2.0x_iso_P1_d0.0_reb_conservative,perp,SOL_USDT,1000.0,251.1182,-0.748882,-748.8818,837.8767,0.837877,-0.250458,0.142551,460558.373872,-1626.0301,-4.347654,172.2496,2370,7147,0.794111,-1.5147,-1.5777,-0.8826,False,0,4156,374.958,9.2112,-0.42013,same_wallet,long,-747.914689,,27.633502,0.0,0.0,-0.322045,-4.938111,5.497403,9.468402,3.970998,0.0,,,conservative,0.75,,,,9.211167,0.9886542036213772,10.0,0.0,0.0,2000.0,isolated,P1,2.0,0.15,,,,,
SOL,B_perp_2.0x_iso_P1_d0.5_reb_conservative,perp,SOL_USDT,1000.0,346.4377,-0.653562,-653.5623,851.152,0.851152,-0.263673,0.207848,135640.810436,-4818.3309,-2.598219,251.5424,2370,8620,0.957778,-0.7136,-0.9741,-0.7562,False,0,2097,374.958,2.7379,-0.461376,same_wallet,long,-655.830844,,8.21362,0.0,0.0,-2.553753,-3.947881,10.76094,16.977353,6.216413,0.0,,,conservative,0.75,,,,2.737873,0.9643737166324435,10.0,0.0,0.0,2000.0,isolated,P1,2.0,0.15,,,,,
SOL,B_perp_2.0x_iso_P1_d0.0_noreb_conservative,perp,SOL_USDT,1000.0,219.5019,-0.780498,-780.4981,846.9607,0.846961,-0.259672,0.143176,439989.007996,-1773.9036,-4.708825,165.7522,2370,7147,0.794111,-1.6876,-1.7208,-0.9109,False,0,4048,374.958,35.1991,-0.431814,same_wallet,long,-766.452407,,0.0,0.0,0.0,-0.322045,-17.963757,5.508777,9.426869,3.918093,0.0,,,conservative,0.0,,,,35.199121,0.9886520655732153,10.0,0.0,0.0,2000.0,isolated,P1,2.0,0.15,,,,,
SOL,B_perp_2.0x_iso_P1_d0.5_noreb_conservative,perp,SOL_USDT,1000.0,344.1748,-0.655825,-655.8252,856.372,0.856372,-0.26667,0.209068,132278.556068,-4957.9101,-2.612561,251.0277,2370,8620,0.957778,-0.7024,-0.9629,-0.7543,False,0,2061,374.958,10.6825,-0.463801,same_wallet,long,-654.31261,,0.0,0.0,0.0,-2.287198,-7.728991,10.76094,16.977353,6.216413,0.0,,,conservative,0.0,,,,10.682513,0.9643737166324435,10.0,0.0,0.0,2000.0,isolated,P1,2.0,0.15,,,,,
SOL,B_perp_2.5x_iso_P1_d0.0_reb_conservative,perp,SOL_USDT,1000.0,91.9513,-0.908049,-908.0487,933.2378,0.933238,-0.332174,0.186473,350100.949069,-2593.6768,-7.384693,122.9636,2370,7339,0.815444,-1.9265,-2.1439,-0.9666,False,0,2880,374.958,7.002,-0.492881,same_wallet,long,-908.440939,,21.006057,0.0,0.0,-0.518889,-4.030983,6.401886,10.825086,4.4232,0.0,,,conservative,0.75,,,,7.002019,0.9826608986253794,10.0,0.0,0.0,2500.0,isolated,P1,2.5,0.15,,,,,
SOL,B_perp_2.5x_iso_P1_d0.5_reb_conservative,perp,SOL_USDT,1000.0,288.1567,-0.711843,-711.8433,931.4482,0.931448,-0.336078,0.319997,118971.833555,-5983.2926,-2.7509,258.7675,2370,8620,0.957778,-0.2442,-0.3804,-0.7538,False,0,1495,374.958,2.4108,-0.497839,same_wallet,long,-832.693573,,7.232275,0.0,0.0,116.233005,114.999736,15.129782,20.980325,5.850544,0.0,,,conservative,0.75,,,,2.410758,0.9014191813564383,10.0,0.0,0.0,2500.0,isolated,P1,2.5,0.15,,,,,
SOL,B_perp_2.5x_iso_P1_d0.0_noreb_conservative,perp,SOL_USDT,1000.0,89.8449,-0.910155,-910.1551,935.7823,0.935782,-0.297797,0.223246,348070.676591,-2614.8573,-7.377831,123.3635,2370,7339,0.815444,-1.8917,-2.2071,-0.9663,False,0,2872,374.958,27.8457,-0.494285,same_wallet,long,-900.223168,,0.0,0.0,0.0,-0.518889,-14.485313,6.404541,10.957875,4.553334,0.0,,,conservative,0.0,,,,27.845654,0.983688840163012,10.0,0.0,0.0,2500.0,isolated,P1,2.5,0.15,,,,,
SOL,B_perp_2.5x_iso_P1_d0.5_noreb_conservative,perp,SOL_USDT,1000.0,274.4335,-0.725567,-725.5665,941.5189,0.941519,-0.352784,0.338844,107510.083849,-6748.8229,-2.903767,249.8708,2370,8620,0.957778,-0.2002,-0.3131,-0.7605,False,0,1373,374.958,8.7261,-0.503157,same_wallet,long,-822.666718,,0.0,0.0,0.0,95.865293,91.390395,15.083403,20.793214,5.709811,0.0,,,conservative,0.0,,,,8.726093,0.9014191813564383,10.0,0.0,0.0,2500.0,isolated,P1,2.5,0.15,,,,,
SOL,B_perp_3.0x_iso_P1_d0.0_reb_conservative,perp,SOL_USDT,1000.0,9.3123,-0.990688,-990.6877,991.1365,0.991137,-0.98887,0.088957,125397.855237,-7900.3564,-41.945349,23.6185,8089,8537,0.948556,-1.086,-0.2088,-0.9983,True,1,640,374.958,2.508,-1.274959,same_wallet,long,-193.68632,,7.523871,0.0,0.0,0.0,-793.168718,4.357533,0.524821,-3.832712,0.0,,,conservative,0.75,,,,2.507957,0.981271990948726,10.0,0.0,0.0,3000.0,isolated,P1,3.0,0.15,-24.395595514268138,,,,
SOL,B_perp_3.0x_iso_P1_d0.5_reb_conservative,perp,SOL_USDT,1000.0,22.2686,-0.977731,-977.7314,982.8323,0.982832,-0.753174,0.243705,37446.206662,-26110.2916,-6.115715,159.872,5261,8620,0.957778,-1.9161,-1.3304,-0.9924,True,1,688,374.958,0.7928,-1.271677,same_wallet,long,-693.360277,,2.378323,0.0,0.0,0.0,-288.827348,17.676706,22.132956,4.45625,0.0,,,conservative,0.75,,,,0.792774,0.7928606001936109,4.82766678350275,0.0,0.0,3000.0,isolated,P1,3.0,0.15,-11.439220405426799,,,,
SOL,B_perp_3.0x_iso_P1_d0.0_noreb_conservative,perp,SOL_USDT,1000.0,1.7884,-0.998212,-998.2116,998.2949,0.998295,-0.997844,0.089267,125397.855237,-7960.3564,-42.263907,23.6185,8089,8537,0.948556,-1.0926,-0.2101,-0.9996,True,1,640,374.958,10.0318,-1.277742,same_wallet,long,-197.371212,,0.0,0.0,0.0,0.0,-797.007698,4.357533,0.524821,-3.832712,0.0,,,conservative,0.0,,,,10.031828,0.981271990948726,10.0,0.0,0.0,3000.0,isolated,P1,3.0,0.15,,,,,
SOL,B_perp_3.0x_iso_P1_d0.5_noreb_conservative,perp,SOL_USDT,1000.0,12.1696,-0.98783,-987.8304,990.6164,0.990616,-0.826497,0.245766,36930.737471,-26748.1899,-6.228346,158.6024,5263,8620,0.957778,-1.9465,-1.3016,-0.9957,True,1,683,374.958,3.1299,-1.274782,same_wallet,long,-697.395663,,0.0,0.0,0.0,0.0,-295.081804,17.443874,22.090961,4.647087,0.0,,,conservative,0.0,,,,3.129859,0.7928606001936109,4.82766678350275,0.0,0.0,3000.0,isolated,P1,3.0,0.15,,,,,
SOL,A2_same_expo_conservative,spot,SOL3L_USDT,1000.0,22.753,-0.977247,-977.247,986.8075,0.986807,-0.452735,0.358579,68605.292753,-14244.4837,-7.313954,133.614,2370,8620,0.957778,-1.8254,-2.0808,-0.9879,False,0,1987,374.958,16.4653,-0.535549,same_exposure,long,-965.956166,16.46527,38.418964,0.0,0.0,-2.942319,-11.290809,0.0,0.0,0.0,0.0,0.0,native_atr,conservative,0.7,24.88924295381068,0.3062164859669438,,,,,,,,,,,,,2.9849699050564844,2984.9699050564845,,
SOL,B_same_expo_conservative,perp,SOL_USDT,1000.0,33.1504,-0.96685,-966.8496,968.4472,0.968447,-0.961613,0.091132,118427.675742,-8164.0509,-42.144445,22.9413,8089,8537,0.948556,-1.0634,-0.2037,-0.9951,True,1,610,374.958,2.3686,-1.266129,same_exposure,long,-167.223324,,7.105661,0.0,0.0,0.0,-796.03488,4.116188,0.524821,-3.591366,0.0,,,conservative,0.75,,,,2.368554,0.9814671367283294,10.0,0.0,0.0,2984.9699050564845,isolated,P1,2.9849699050564844,0.15,,2.9849699050564844,2984.9699050564845,,
SOL,A2_same_risk_conservative,spot,SOL3L_USDT,1000.0,22.753,-0.977247,-977.247,986.8075,0.986807,-0.452735,0.358579,68605.292753,-14244.4837,-7.313954,133.614,2370,8620,0.957778,-1.8254,-2.0808,-0.9879,False,0,1987,374.958,16.4653,-0.535549,same_risk,long,-965.956166,16.46527,38.418964,0.0,0.0,-2.942319,-11.290809,0.0,0.0,0.0,0.0,0.0,native_atr,conservative,0.7,24.88924295381068,0.3062164859669438,,,,,,,,,,,,,,2989.5236151638237,0.016966681255244465,0.005675379571910391
SOL,B_same_risk_conservative,perp,SOL_USDT,1000.0,20.3427,-0.979657,-979.6573,980.6377,0.980638,-0.976083,0.090021,122127.46492,-8021.5969,-42.336899,23.1396,8089,8537,0.948556,-1.0746,-0.2061,-0.9967,True,1,625,374.958,2.4425,-1.270884,same_risk,long,-180.132118,,7.327648,0.0,0.0,0.0,-795.888588,4.161408,0.524821,-3.636586,0.0,,,conservative,0.75,,,,2.442549,0.9813630865842681,10.0,0.0,0.0,2989.5236151638237,isolated,P1,2.9895236151638236,0.15,,,2989.5236151638237,0.016966681255244465,0.005675379571910391
SOL,A2_etf_arithmetic,spot,SOL3L_USDT,1000.0,32.7324,-0.967268,-967.2676,991.1111,0.991111,-0.448432,0.250555,61326.12838,-15772.5204,-7.810099,123.8483,2370,8620,0.957778,-1.3915,-1.7196,-0.9728,False,0,1691,374.958,14.7183,-0.536663,same_wallet,long,-959.794168,14.718271,34.342632,0.0,0.0,0.0,-7.473441,0.0,0.0,0.0,0.0,0.0,native_atr,base,0.7,5.684341886080802e-14,0.18332916666666618,14.729320169394217,,,,,,,,,,,,,,,
SOL,A2_etf_voladj_boost15,spot,SOL3L_USDT,1000.0,17.0553,-0.982945,-982.9447,992.3521,0.992352,-0.414804,0.335958,75035.914372,-13099.656,-6.900327,142.449,1905,8620,0.957778,-1.542,-1.9722,-0.9886,False,0,2063,374.958,18.0086,-0.537707,same_wallet,long,-974.71885,18.008619,42.020112,0.0,0.0,0.894809,-8.225819,0.0,0.0,0.0,0.0,0.0,native_atr,base,0.7,23.343724889775473,0.14966809844752263,-0.9477402815063023,,,,,,,,,,,,,,,
PENGU,A0_cash,cash,USDT,1000.0,1000.0,0.0,0.0,0.0,0.0,0.0,0.0,0.0,0.0,0.0,0.0,1,0,0.0,0.0,0.0,0.0,False,0,0,374.958,0.0,0.35,benchmark,long,,,,,,,,,,,,,,,,,,,,,,,,,,,,,,,,,
PENGU,A1_etf_hold,spot,PENGU3L_USDT,1000.0,81.6099,-0.91839,-918.3901,999.2371,0.999237,-0.895295,866.432013,999.745,-918624.3394,-2.138879,429.3792,247,5994,0.666,0.9832,447.0659,-0.9135,False,0,1,374.958,0.255,-0.537296,benchmark,long,0.0,0.255,0.595,0.0,0.0,-918.13509,-918.39009,0.0,0.0,0.0,0.0,0.0,native_atr,base,0.7,1573.6581142767197,0.6353,,,,,,,,,,,,,,,,
PENGU,B1_spot_hold,spot,PENGU_USDT,1000.0,234.5532,-0.765447,-765.4468,857.6997,0.8577,-0.210963,0.253455,999.745,-765642.0439,-2.037007,375.7703,1905,8622,0.958,-0.8169,-1.4707,-0.8817,False,0,1,374.958,0.255,-0.477753,benchmark,long,0.0,0.255,0.595,0.0,0.0,-765.191805,-765.446805,0.0,0.0,0.0,0.0,0.0,native_atr,base,0.7,32334.325172224202,0.030919,,,,,,,,,,,,,,,,
PENGU,B2_spot_grid,spot,PENGU_USDT,1000.0,259.2843,-0.740716,-740.7157,793.3829,0.793383,-0.179831,0.143174,201583.722687,-3674.4818,-2.743341,270.005,2370,8622,0.958,-1.5489,-2.1002,-0.9217,False,0,7145,374.958,48.3801,-0.445692,benchmark,long,-713.471734,48.380093,112.886885,0.0,0.0,-2.946818,-27.243985,0.0,0.0,0.0,0.0,0.0,native_atr,base,0.7,27617.2735832871,0.0073607019960703155,,,,,,,,,,,,,,,,
PENGU,A2_etf_native_atr_d0.0_reb_base,spot,PENGU3L_USDT,1000.0,269.2932,-0.730707,-730.7068,988.5692,0.988569,-0.764477,412.490368,802129.371534,-910.9587,-0.511038,1429.8472,28,5802,0.644667,0.9756,246.1098,-0.7295,False,0,6124,374.958,192.511,-0.400046,same_wallet,long,-610.389078,192.511049,449.192448,0.0,0.0,-23.972222,-120.317677,0.0,0.0,0.0,0.0,0.0,native_atr,base,0.7,4072.9734210947363,0.05774568088202259,187.6833358861262,,,,,,,,,,,,,,,
PENGU,A2_etf_underlying_equiv_d0.0_reb_base,spot,PENGU3L_USDT,1000.0,17.373,-0.982627,-982.627,984.8597,0.98486,-0.757904,0.35175,33626.588714,-29221.7279,-26.737571,36.7508,5272,8622,0.958,-1.8525,-1.3085,-0.9957,False,0,3299,374.958,8.0704,-0.535073,same_wallet,long,-978.474888,8.070381,18.83089,0.0,0.0,-0.0,-4.152137,0.0,0.0,0.0,0.0,0.0,underlying_equiv,base,0.7,2.6645352591003757e-15,0.9654991346947687,-64.23693521260302,,,,,,,,,,,,,,,
PENGU,A2_etf_static_pct_d0.0_reb_base,spot,PENGU3L_USDT,1000.0,16.0453,-0.983955,-983.9547,988.5094,0.988509,-0.60367,0.321136,71175.206348,-13824.4027,-15.778509,62.3604,6845,8622,0.958,-2.3323,-1.4917,-0.9935,False,0,4318,374.958,17.082,-0.5364,same_wallet,long,-975.297665,17.08205,39.858116,0.0,0.0,0.0,-8.657049,0.0,0.0,0.0,0.0,0.0,static_pct,base,0.7,0.0,0.0,-65.56462458199765,,,,,,,,,,,,,,,
PENGU,A2_etf_native_atr_d0.5_reb_base,spot,PENGU3L_USDT,1000.0,165.2218,-0.834778,-834.7782,991.9543,0.991954,-0.819608,419.416407,440332.506068,-1895.7906,-0.881056,947.4748,247,5802,0.644667,0.9761,238.6376,-0.8334,False,0,6068,374.958,105.6873,-0.482292,same_wallet,long,-757.26305,105.687332,246.603775,0.0,0.0,-24.563843,-77.515181,0.0,0.0,0.0,0.0,0.5,native_atr,base,0.7,2637.721067283045,0.061172524990956295,83.61185968956649,,,,,,,,,,,,,,,
PENGU,A2_etf_underlying_equiv_d0.5_reb_base,spot,PENGU3L_USDT,1000.0,54.8811,-0.945119,-945.1189,982.8539,0.982854,-0.819447,29.677308,17010.338233,-55561.4405,-4.052346,233.2276,382,5994,0.666,0.9006,15.1967,-0.9571,False,0,2677,374.958,4.09,-0.532847,same_wallet,long,-807.735881,4.090012,9.543361,0.0,0.0,-135.216424,-137.383015,0.0,0.0,0.0,0.0,0.5,underlying_equiv,base,0.7,786.82905713836,0.22370980965230913,-26.728805681478335,,,,,,,,,,,,,,,
PENGU,A2_etf_static_pct_d0.5_reb_base,spot,PENGU3L_USDT,1000.0,58.8579,-0.941142,-941.1421,987.6212,0.987621,-0.759187,38.354285,35452.560169,-26546.5198,-3.832844,245.5467,386,5994,0.666,0.9124,20.2583,-0.9483,False,0,3349,374.958,8.5161,-0.534341,same_wallet,long,-973.874613,8.516145,19.871005,0.0,0.0,37.111171,32.732522,0.0,0.0,0.0,0.0,0.5,static_pct,base,0.7,786.8290571383627,0.0046945182990346425,-22.752000790584972,,,,,,,,,,,,,,,
PENGU,A2_etf_native_atr_d0.0_noreb_base,spot,PENGU3L_USDT,1000.0,240.6881,-0.759312,-759.3119,988.9539,0.988954,-0.764838,414.255893,761456.989296,-997.1829,-0.575313,1319.8237,28,5802,0.644667,0.9754,247.0398,-0.7584,False,0,6124,374.958,609.1656,-0.415094,same_wallet,long,-434.61888,609.165591,0.0,0.0,0.0,-19.976376,-324.692983,0.0,0.0,0.0,0.0,0.0,native_atr,base,0.0,3555.4022251050887,0.05747859799906833,159.07822641611835,,,,,,,,,,,,,,,
PENGU,A2_etf_underlying_equiv_d0.0_noreb_base,spot,PENGU3L_USDT,1000.0,16.3348,-0.983665,-983.6652,985.6925,0.985693,-0.758199,0.351808,33157.309013,-29666.6161,-27.202996,36.1602,3930,8622,0.958,-1.8909,-1.7689,-0.996,False,0,3288,374.958,26.5258,-0.535404,same_wallet,long,-970.019378,26.525847,0.0,0.0,0.0,-0.0,-13.645779,0.0,0.0,0.0,0.0,0.0,underlying_equiv,base,0.0,1.8172130467064562e-12,0.965498002761558,-65.27506736690171,,,,,,,,,,,,,,,
PENGU,A2_etf_static_pct_d0.0_noreb_base,spot,PENGU3L_USDT,1000.0,14.364,-0.985636,-985.636,989.6465,0.989646,-0.604625,0.32063,69368.575607,-14208.6818,-16.144718,61.0501,6845,8844,0.982667,-2.404,-1.5332,-0.9942,False,0,4190,374.958,55.4949,-0.536861,same_wallet,long,-957.516528,55.49486,0.0,0.0,0.0,0.0,-28.119487,0.0,0.0,0.0,0.0,0.0,static_pct,base,0.0,0.0,0.0,-67.24592496077669,,,,,,,,,,,,,,,
PENGU,A2_etf_native_atr_d0.5_noreb_base,spot,PENGU3L_USDT,1000.0,54.6753,-0.945325,-945.3247,990.6815,0.990682,-0.820632,49.153654,24551.994365,-38502.9703,-3.787765,249.5732,388,5994,0.666,0.9332,26.2285,-0.9498,False,0,1633,374.958,19.6669,-0.535596,same_wallet,long,-973.726611,19.666935,0.0,0.0,0.0,38.634615,28.401902,0.0,0.0,0.0,0.0,0.5,native_atr,base,0.0,786.3607744372775,0.0027290963108135696,-26.93461869058595,,,,,,,,,,,,,,,
PENGU,A2_etf_underlying_equiv_d0.5_noreb_base,spot,PENGU3L_USDT,1000.0,55.882,-0.944118,-944.118,981.4138,0.981414,-0.820215,27.428151,16821.15402,-56126.8256,-4.05306,232.9395,382,5994,0.666,0.8947,13.9879,-0.9575,False,0,2645,374.958,13.4823,-0.5323,same_wallet,long,-789.737896,13.482263,0.0,0.0,0.0,-147.237714,-154.380082,0.0,0.0,0.0,0.0,0.5,underlying_equiv,base,0.0,786.3607744372734,0.23909939254470255,-25.727887942616206,,,,,,,,,,,,,,,
PENGU,A2_etf_static_pct_d0.5_noreb_base,spot,PENGU3L_USDT,1000.0,59.6093,-0.940391,-940.3907,987.0231,0.987023,-0.762163,36.820459,34454.681623,-27293.5544,-3.842675,244.7229,386,5994,0.666,0.91,19.3357,-0.9481,False,0,3127,374.958,27.5891,-0.534098,same_wallet,long,-961.677732,27.589085,0.0,0.0,0.0,35.475652,21.287006,0.0,0.0,0.0,0.0,0.5,static_pct,base,0.0,786.360774437273,0.006746290439358642,-22.00063623819169,,,,,,,,,,,,,,,
PENGU,B_perp_1.5x_iso_P1_d0.0_reb_base,perp,PENGU_USDT,1000.0,1.449,-0.998551,-998.551,998.839,0.998839,-0.998436,0.097062,71072.049872,-14049.8404,-16.008511,62.3763,8089,8622,0.958,-0.9644,-0.2351,-0.9994,True,1,819,374.958,1.4214,-1.278049,same_wallet,long,-64.643487,,4.264323,0.0,0.0,0.0,-929.478535,5.007604,0.578666,-4.428938,0.0,,,base,0.75,,,,1.421441,0.9863309185349473,10.0,0.0,0.0,1500.0,isolated,P1,1.5,0.15,,,,,
PENGU,B_perp_1.5x_iso_P1_d0.5_reb_base,perp,PENGU_USDT,1000.0,1.3256,-0.998674,-998.6744,998.9944,0.998994,-0.998599,0.132529,34828.00582,-28674.465,-12.015652,83.1145,8089,8622,0.958,-0.8927,-0.226,-0.9994,True,1,815,374.958,0.719,-1.278108,same_wallet,long,-32.468652,,2.156965,0.0,0.0,0.0,-960.140436,6.900236,0.834889,-6.065348,0.0,,,base,0.75,,,,0.718988,0.9861893083950829,10.0,0.0,0.0,1500.0,isolated,P1,1.5,0.15,,,,,
PENGU,B_perp_1.5x_iso_P1_d0.0_noreb_base,perp,PENGU_USDT,1000.0,1.0485,-0.998951,-998.9515,999.159,0.999159,-0.998863,0.097228,71020.261492,-14065.7254,-16.016885,62.3686,8089,8622,0.958,-0.9682,-0.2361,-0.9996,True,1,817,374.958,5.6816,-1.278175,same_wallet,long,-66.802241,,0.0,0.0,0.0,0.0,-927.722024,5.005896,0.578666,-4.42723,0.0,,,base,0.0,,,,5.681621,0.9863305498607992,10.0,0.0,0.0,1500.0,isolated,P1,1.5,0.15,,,,,
PENGU,B_perp_1.5x_iso_P1_d0.5_noreb_base,perp,PENGU_USDT,1000.0,1.6369,-0.998363,-998.3631,998.7575,0.998757,-0.998263,0.133398,34718.588584,-28755.8659,-12.025526,83.0203,8089,8622,0.958,-0.8958,-0.2268,-0.9993,True,1,811,374.958,2.8672,-1.278014,same_wallet,long,-34.950029,,0.0,0.0,0.0,0.0,-957.355816,6.890894,0.83366,-6.057233,0.0,,,base,0.0,,,,2.8672,0.9861883959576676,10.0,0.0,0.0,1500.0,isolated,P1,1.5,0.15,,,,,
PENGU,B_perp_2.0x_iso_P1_d0.0_reb_base,perp,PENGU_USDT,1000.0,0.4915,-0.999509,-999.5085,999.63,0.99963,-0.999455,0.138124,94912.035382,-10530.8933,-16.082036,62.1506,8089,8622,0.958,-0.919,-0.2333,-0.9998,True,1,817,374.958,1.8982,-1.278352,same_wallet,long,-87.186688,,5.694722,0.0,0.0,0.0,-906.473949,6.61732,0.769437,-5.847882,0.0,,,base,0.75,,,,1.898241,0.9798753457536744,10.0,0.0,0.0,2000.0,isolated,P1,2.0,0.15,,,,,
PENGU,B_perp_2.0x_iso_P1_d0.5_reb_base,perp,PENGU_USDT,1000.0,1.2598,-0.99874,-998.7402,999.1082,0.999108,-0.998626,0.184294,44893.848058,-22246.705,-12.054296,82.8535,8089,8622,0.958,-0.8177,-0.2198,-0.9994,True,1,807,374.958,0.9278,-1.27815,same_wallet,long,-54.413513,,2.783437,0.0,0.0,0.0,-936.350733,9.094803,1.118855,-7.975948,0.0,,,base,0.75,,,,0.927812,0.9793855476419593,10.0,0.0,0.0,2000.0,isolated,P1,2.0,0.15,,,,,
PENGU,B_perp_2.0x_iso_P1_d0.0_noreb_base,perp,PENGU_USDT,1000.0,0.3363,-0.999664,-999.6637,999.7463,0.999746,-0.999622,0.131717,94847.420403,-10539.7031,-16.155509,61.8776,8089,8622,0.958,-0.9316,-0.2364,-0.9998,True,1,813,374.958,7.5878,-1.278398,same_wallet,long,-96.17061,,0.0,0.0,0.0,0.0,-897.675136,6.584179,0.766272,-5.817907,0.0,,,base,0.0,,,,7.587794,0.9798685002576792,10.0,0.0,0.0,2000.0,isolated,P1,2.0,0.15,,,,,
PENGU,B_perp_2.0x_iso_P1_d0.5_noreb_base,perp,PENGU_USDT,1000.0,1.0928,-0.998907,-998.9072,999.2255,0.999226,-0.998804,0.185242,44873.9432,-22260.2947,-12.061176,82.8201,8089,8622,0.958,-0.8198,-0.2205,-0.9995,True,1,805,374.958,3.7097,-1.278197,same_wallet,long,-56.087483,,0.0,0.0,0.0,0.0,-934.848375,9.08991,1.118568,-7.971341,0.0,,,base,0.0,,,,3.709657,0.9793844980670376,10.0,0.0,0.0,2000.0,isolated,P1,2.0,0.15,,,,,
PENGU,B_perp_2.5x_iso_P1_d0.0_reb_base,perp,PENGU_USDT,1000.0,0.0525,-0.999948,-999.9475,999.9629,0.999963,-0.99994,0.174425,116693.032208,-8569.0422,-16.225002,61.63,8089,8622,0.958,-0.8656,-0.2295,-1.0,True,1,811,374.958,2.3339,-1.278435,same_wallet,long,-116.070479,,7.001582,0.0,0.0,0.0,-876.643437,8.196042,0.962443,-7.233599,0.0,,,base,0.75,,,,2.333861,0.9718611882602567,10.0,0.0,0.0,2500.0,isolated,P1,2.5,0.15,,,,,
PENGU,B_perp_2.5x_iso_P1_d0.5_reb_base,perp,PENGU_USDT,1000.0,0.0334,-0.999967,-999.9666,999.9781,0.999978,-0.999963,0.259991,56850.939665,-17589.2711,-12.05796,82.93,8089,8622,0.958,-0.7116,-0.2049,-1.0,True,1,789,374.958,1.1745,-1.278498,same_wallet,long,-68.240471,,3.523383,0.0,0.0,0.0,-921.762395,11.333127,1.369401,-9.963726,0.0,,,base,0.75,,,,1.174461,0.9708319006953796,10.0,0.0,0.0,2500.0,isolated,P1,2.5,0.15,,,,,
PENGU,B_perp_2.5x_iso_P1_d0.0_noreb_base,perp,PENGU_USDT,1000.0,0.4579,-0.999542,-999.5421,999.6756,0.999676,-0.999469,0.174304,116595.526411,-8572.7313,-16.255834,61.4882,8089,8622,0.958,-0.8733,-0.2317,-0.9998,True,1,813,374.958,9.3276,-1.278321,same_wallet,long,-121.375283,,0.0,0.0,0.0,0.0,-870.969665,8.162407,0.965241,-7.197166,0.0,,,base,0.0,,,,9.327642,0.971837781044157,10.0,0.0,0.0,2500.0,isolated,P1,2.5,0.15,,,,,
PENGU,B_perp_2.5x_iso_P1_d0.5_noreb_base,perp,PENGU_USDT,1000.0,0.0211,-0.999979,-999.9789,999.9861,0.999986,-0.999976,0.260229,56753.059432,-17619.8231,-12.062614,82.899,8089,8622,0.958,-0.7135,-0.2056,-1.0,True,1,789,374.958,4.69,-1.278501,same_wallet,long,-69.944068,,0.0,0.0,0.0,0.0,-920.079324,11.325933,1.370459,-9.955474,0.0,,,base,0.0,,,,4.690014,0.9708268524833593,10.0,0.0,0.0,2500.0,isolated,P1,2.5,0.15,,,,,
PENGU,B_perp_3.0x_iso_P1_d0.0_reb_base,perp,PENGU_USDT,1000.0,0.497,-0.999503,-999.503,999.6668,0.999667,-0.999408,0.223478,136107.162383,-7343.5003,-16.188218,61.7426,8089,8622,0.958,-0.7836,-0.2199,-0.9997,True,1,800,374.958,2.7221,-1.278179,same_wallet,long,-144.93599,,8.16643,0.0,0.0,0.0,-845.801178,9.904613,1.138798,-8.765815,0.0,,,base,0.75,,,,2.722143,0.9616616007419316,10.0,0.0,0.0,3000.0,isolated,P1,3.0,0.15,0.4970167376719701,,,,
PENGU,B_perp_3.0x_iso_P1_d0.5_reb_base,perp,PENGU_USDT,1000.0,0.0874,-0.999913,-999.9126,999.9456,0.999946,-0.999899,0.337734,65734.671933,-15211.3418,-12.144964,82.3315,8089,8622,0.958,-0.6005,-0.186,-0.9999,True,1,774,374.958,1.3596,-1.278485,same_wallet,long,-94.286746,,4.078928,0.0,0.0,0.0,-893.869069,13.383245,1.626499,-11.756746,0.0,,,base,0.75,,,,1.359643,0.9595327345850669,10.0,0.0,0.0,3000.0,isolated,P1,3.0,0.15,0.0874390780853318,,,,
PENGU,B_perp_3.0x_iso_P1_d0.0_noreb_base,perp,PENGU_USDT,1000.0,0.7536,-0.999246,-999.2464,999.4935,0.999493,-0.999079,0.21384,139052.082417,-7186.1305,-16.521957,60.4799,8089,8622,0.958,-0.8181,-0.2277,-0.9996,True,1,808,374.958,11.1242,-1.278076,same_wallet,long,-161.643409,,0.0,0.0,0.0,0.0,-829.245558,9.520894,1.163447,-8.357447,0.0,,,base,0.0,,,,11.124167,0.9614946513862287,10.0,0.0,0.0,3000.0,isolated,P1,3.0,0.15,,,,,
PENGU,B_perp_3.0x_iso_P1_d0.5_noreb_base,perp,PENGU_USDT,1000.0,0.8424,-0.999158,-999.1576,999.4756,0.999476,-0.999023,0.33828,65726.146811,-15201.8277,-12.14453,82.2722,8089,8622,0.958,-0.6022,-0.1867,-0.9995,True,1,774,374.958,5.4379,-1.278294,same_wallet,long,-96.201555,,0.0,0.0,0.0,0.0,-891.213862,13.366728,1.624587,-11.742141,0.0,,,base,0.0,,,,5.437889,0.959497295125116,10.0,0.0,0.0,3000.0,isolated,P1,3.0,0.15,,,,,
PENGU,B_perp_3x_iso_P2_reb_base,perp,PENGU_USDT,1000.0,0.6476,-0.999352,-999.3524,999.5185,0.999518,-0.999268,0.136897,97487.81041,-10251.0498,-23.458062,42.6017,8089,8622,0.958,-0.9281,-0.2366,-0.9997,True,1,810,374.958,1.9498,-1.278305,same_wallet,long,-104.227711,,5.849269,0.0,0.0,0.0,-889.229609,6.710193,0.815117,-5.895076,0.0,,,base,0.75,,,,1.949756,0.9615700149663838,10.0,0.0,0.0,2100.0,isolated,P2,3.0,0.15,,,,,
PENGU,B_perp_3x_iso_P3_reb_base,perp,PENGU_USDT,1000.0,0.454,-0.999546,-999.546,999.6359,0.999636,-0.999506,0.097446,69458.416788,-14390.5672,-32.843327,30.4338,8089,8622,0.958,-0.9791,-0.2379,-0.9998,True,1,810,374.958,1.3892,-1.278363,same_wallet,long,-73.673102,,4.167505,0.0,0.0,0.0,-921.66191,4.793001,0.582,-4.211001,0.0,,,base,0.75,,,,1.389168,0.9615923457904286,10.0,0.0,0.0,1500.0,isolated,P3,3.0,0.15,,,,,
PENGU,B_perp_3x_cross_P1_reb_base,perp,PENGU_USDT,1000.0,0.0,-1.0,-1000.0,1000.0,1.0,-1.0,0.223478,136107.162383,-7347.1519,-16.196267,61.7426,8089,8622,0.958,-2.451,-2.1704,-1.0,True,1,800,374.958,2.7221,-1.278314,same_wallet,long,-144.93599,,8.16643,0.0,0.0,0.0,-846.298195,9.904613,1.138798,-8.765815,0.0,,,base,0.75,,,,2.722143,0.9617021822863016,10.0,0.0,0.0,3000.0,cross,P1,3.0,0.15,,,,,
PENGU,B_perp_3x_iso_P2_trig0.2_base,perp,PENGU_USDT,1000.0,0.6476,-0.999352,-999.3524,999.5185,0.999518,-0.999268,0.136897,97487.81041,-10251.0498,-23.458062,42.6017,8089,8622,0.958,-0.9281,-0.2366,-0.9997,True,1,810,374.958,1.9498,-1.278305,same_wallet,long,-104.227711,,5.849269,0.0,0.0,0.0,-889.229609,6.710193,0.815117,-5.895076,0.0,,,base,0.75,,,,1.949756,0.9615700149663838,10.0,0.0,0.0,2100.0,isolated,P2,3.0,0.2,,,,,
PENGU,B_perp_3x_iso_P2_trig0.1_base,perp,PENGU_USDT,1000.0,0.6476,-0.999352,-999.3524,999.5185,0.999518,-0.999268,0.136897,97487.81041,-10251.0498,-23.458062,42.6017,8089,8622,0.958,-0.9281,-0.2366,-0.9997,True,1,810,374.958,1.9498,-1.278305,same_wallet,long,-104.227711,,5.849269,0.0,0.0,0.0,-889.229609,6.710193,0.815117,-5.895076,0.0,,,base,0.75,,,,1.949756,0.9615700149663838,10.0,0.0,0.0,2100.0,isolated,P2,3.0,0.1,,,,,
PENGU,B6_perp_3x_static_base,perp,PENGU_USDT,1000.0,0.3095,-0.99969,-999.6905,999.728,0.999728,-0.999636,0.175527,96522.972621,-10357.021,-38.837864,25.7401,8089,8622,0.958,-0.9737,-0.2379,-0.9999,True,1,1189,374.958,1.9305,-1.278391,same_wallet,long,-148.419262,,5.791378,0.0,0.0,0.0,-846.943449,5.176015,0.848269,-4.327746,0.0,,,base,0.75,,,,1.930459,0.9675894253235257,10.0,0.0,0.0,3000.0,isolated,P1,3.0,0.15,,,,,
PENGU,B6_hold_3x_dir,perp,PENGU_USDT,1000.0,0.0,-1.0,-1000.0,1000.0,1.0,-1.0,0.493786,2996.621,-333709.2011,-9.216676,108.499,8089,8622,0.958,-1.2043,-1.3206,-1.0,True,1,139,374.958,0.1498,-1.278507,same_wallet,long,0.0,,0.449493,0.0,0.0,0.0,-984.560473,17.594471,2.154945,-15.439527,0.0,,,base,0.75,,,,0.149831,0.9546795069664322,10.0,0.0,0.0,3000.0,isolated,P1,3.0,0.15,,,,,
PENGU,A2_same_expo_base,spot,PENGU3L_USDT,1000.0,269.2932,-0.730707,-730.7068,988.5692,0.988569,-0.764477,412.490368,802129.371534,-910.9587,-0.511038,1429.8472,28,5802,0.644667,0.9756,246.1098,-0.7295,False,0,6124,374.958,192.511,-0.400046,same_exposure,long,-610.389078,192.511049,449.192448,0.0,0.0,-23.972222,-120.317677,0.0,0.0,0.0,0.0,0.0,native_atr,base,0.7,4072.9734210947363,0.05774568088202259,,,,,,,,,,,,,3.0353459762766017,3035.345976276602,,
PENGU,B_same_expo_base,perp,PENGU_USDT,1000.0,0.0565,-0.999944,-999.9435,999.9623,0.999962,-0.999932,0.227247,137744.489307,-7259.4084,-16.222376,61.6398,8089,8622,0.958,-0.779,-0.2193,-1.0,True,1,800,374.958,2.7549,-1.278281,same_exposure,long,-147.334955,,8.264669,0.0,0.0,0.0,-843.768141,9.991109,1.150697,-8.840412,0.0,,,base,0.75,,,,2.75489,0.9608643024829602,10.0,0.0,0.0,3035.345976276602,isolated,P1,3.0353459762766017,0.15,,3.0353459762766017,3035.345976276602,,
PENGU,A2_same_risk_base,spot,PENGU3L_USDT,1000.0,269.2932,-0.730707,-730.7068,988.5692,0.988569,-0.764477,412.490368,802129.371534,-910.9587,-0.511038,1429.8472,28,5802,0.644667,0.9756,246.1098,-0.7295,False,0,6124,374.958,192.511,-0.400046,same_risk,long,-610.389078,192.511049,449.192448,0.0,0.0,-23.972222,-120.317677,0.0,0.0,0.0,0.0,0.0,native_atr,base,0.7,4072.9734210947363,0.05774568088202259,,,,,,,,,,,,,,3140.9590947605893,0.024659145630258984,0.00785083310107181
PENGU,B_same_risk_base,perp,PENGU_USDT,1000.0,0.6074,-0.999393,-999.3926,999.5985,0.999598,-0.999262,0.227638,141952.08184,-7040.3516,-16.332875,61.189,8089,8622,0.958,-0.7712,-0.2192,-0.9997,True,1,794,374.958,2.839,-1.278082,same_risk,long,-161.187592,,8.517125,0.0,0.0,0.0,-829.146255,10.236553,1.17783,-9.058724,0.0,,,base,0.75,,,,2.839042,0.9582460041998916,10.0,0.0,0.0,3140.9590947605893,isolated,P1,3.140959094760589,0.15,,,3140.9590947605893,0.024659145630258984,0.00785083310107181
PENGU,A0_cash,cash,USDT,1000.0,1000.0,0.0,0.0,0.0,0.0,0.0,0.0,0.0,0.0,0.0,0.0,1,0,0.0,0.0,0.0,0.0,False,0,0,374.958,0.0,0.35,benchmark,long,,,,,,,,,,,,,,,,,,,,,,,,,,,,,,,,,
PENGU,A1_etf_hold,spot,PENGU3L_USDT,1000.0,81.6099,-0.91839,-918.3901,999.2371,0.999237,-0.895295,866.432013,999.745,-918624.3394,-2.138879,429.3792,247,5994,0.666,0.9832,447.0659,-0.9135,False,0,1,374.958,0.255,-0.537296,benchmark,long,0.0,0.255,0.595,0.0,0.0,-918.13509,-918.39009,0.0,0.0,0.0,0.0,0.0,native_atr,conservative,0.7,1573.6581142767197,0.6353,,,,,,,,,,,,,,,,
PENGU,B1_spot_hold,spot,PENGU_USDT,1000.0,234.5532,-0.765447,-765.4468,857.6997,0.8577,-0.210963,0.253455,999.745,-765642.0439,-2.037007,375.7703,1905,8622,0.958,-0.8169,-1.4707,-0.8817,False,0,1,374.958,0.255,-0.477753,benchmark,long,0.0,0.255,0.595,0.0,0.0,-765.191805,-765.446805,0.0,0.0,0.0,0.0,0.0,native_atr,conservative,0.7,32334.325172224202,0.030919,,,,,,,,,,,,,,,,
PENGU,B2_spot_grid,spot,PENGU_USDT,1000.0,211.4662,-0.788534,-788.5338,820.9602,0.82096,-0.180516,0.143284,186924.634736,-4218.4584,-3.062274,257.4994,646,8622,0.958,-1.8541,-2.4961,-0.9497,False,0,7022,374.958,44.8619,-0.462518,benchmark,long,-763.62636,44.861912,104.677795,0.0,0.0,-2.367643,-24.90744,0.0,0.0,0.0,0.0,0.0,native_atr,conservative,0.7,22516.511742324095,0.007359151428638593,,,,,,,,,,,,,,,,
PENGU,A2_etf_native_atr_d0.0_reb_conservative,spot,PENGU3L_USDT,1000.0,12.2954,-0.987705,-987.7046,991.9511,0.991951,-0.803333,0.474925,45894.768733,-21521.0714,-14.443001,68.3864,6124,8745,0.971667,-1.7593,-1.1786,-0.9942,False,0,1640,374.958,11.0147,-0.537745,same_wallet,long,-982.080022,11.014744,25.70107,0.0,0.0,0.0,-5.624575,0.0,0.0,0.0,0.0,0.0,native_atr,conservative,0.7,0.0,0.0,-69.31450670281671,,,,,,,,,,,,,,,
PENGU,A2_etf_underlying_equiv_d0.0_reb_conservative,spot,PENGU3L_USDT,1000.0,18.0323,-0.981968,-981.9677,984.2396,0.98424,-0.82782,0.351756,31101.193063,-31573.3143,-29.178284,33.6541,3855,8622,0.958,-1.7076,-1.4638,-0.9956,False,0,2650,374.958,7.4643,-0.534831,same_wallet,long,-978.118661,7.464286,17.416668,0.0,0.0,-0.0,-3.849084,0.0,0.0,0.0,0.0,0.0,underlying_equiv,conservative,0.7,1.8181012251261564e-12,0.9657893104913186,-63.577654336096785,,,,,,,,,,,,,,,
PENGU,A2_etf_static_pct_d0.0_reb_conservative,spot,PENGU3L_USDT,1000.0,16.1653,-0.983835,-983.8347,987.9689,0.987969,-0.80403,0.286846,60450.957508,-16274.9232,-17.474202,56.3021,7178,8844,0.982667,-2.0661,-1.0419,-0.9939,False,0,3033,374.958,14.5082,-0.536207,same_wallet,long,-976.464256,14.50823,33.852536,0.0,0.0,0.0,-7.370434,0.0,0.0,0.0,0.0,0.0,static_pct,conservative,0.7,0.0,0.0,-65.44459940183833,,,,,,,,,,,,,,,
PENGU,A2_etf_native_atr_d0.5_reb_conservative,spot,PENGU3L_USDT,1000.0,53.3228,-0.946677,-946.6772,991.5763,0.991576,-0.820179,54.251747,24438.457662,-38737.1907,-3.789046,249.8458,388,5994,0.666,0.9369,29.0122,-0.9504,False,0,1532,374.958,5.8728,-0.535968,same_wallet,long,-982.283468,5.87276,13.703108,0.0,0.0,38.664212,35.606273,0.0,0.0,0.0,0.0,0.5,native_atr,conservative,0.7,786.8290571383591,0.00272072177878497,-28.287104007243627,,,,,,,,,,,,,,,
PENGU,A2_etf_underlying_equiv_d0.5_reb_conservative,spot,PENGU3L_USDT,1000.0,54.9043,-0.945096,-945.0957,982.7092,0.982709,-0.828347,29.458275,16658.330776,-56734.1171,-4.059602,232.805,382,5994,0.666,0.9008,15.0494,-0.9572,False,0,2629,374.958,4.0055,-0.532796,same_wallet,long,-808.293694,4.00553,9.346237,0.0,0.0,-134.677638,-136.801996,0.0,0.0,0.0,0.0,0.5,underlying_equiv,conservative,0.7,786.8290571383613,0.22302505437090867,-26.705599442298933,,,,,,,,,,,,,,,
PENGU,A2_etf_static_pct_d0.5_reb_conservative,spot,PENGU3L_USDT,1000.0,59.5611,-0.940439,-940.4389,987.1057,0.987106,-0.816456,36.977731,32227.753003,-29181.0265,-3.861693,243.5302,386,5994,0.666,0.9135,19.0937,-0.948,False,0,2518,374.958,7.7422,-0.53413,same_wallet,long,-969.294158,7.742191,18.065113,0.0,0.0,32.846925,28.855244,0.0,0.0,0.0,0.0,0.5,static_pct,conservative,0.7,786.8290571383616,0.010114052093828851,-22.04882371554939,,,,,,,,,,,,,,,
PENGU,A2_etf_native_atr_d0.0_noreb_conservative,spot,PENGU3L_USDT,1000.0,12.4706,-0.987529,-987.5294,991.7378,0.991738,-0.803404,0.475345,45709.003236,-21604.703,-14.541754,67.9099,6428,8745,0.971667,-1.7454,-1.6621,-0.9942,False,0,1605,374.958,36.5672,-0.537664,same_wallet,long,-968.865454,36.567203,0.0,0.0,0.0,0.0,-18.663986,0.0,0.0,0.0,0.0,0.0,native_atr,conservative,0.0,2.7284841053187847e-12,0.0018485008839504561,-69.1393504346961,,,,,,,,,,,,,,,
PENGU,A2_etf_underlying_equiv_d0.0_noreb_conservative,spot,PENGU3L_USDT,1000.0,17.671,-0.982329,-982.329,984.4888,0.984489,-0.826325,0.337091,30816.364578,-31876.8616,-29.609203,33.1765,5272,8622,0.958,-1.7757,-1.0504,-0.9958,False,0,2652,374.958,24.6531,-0.534932,same_wallet,long,-969.619372,24.653092,0.0,0.0,0.0,0.0,-12.709616,0.0,0.0,0.0,0.0,0.0,underlying_equiv,conservative,0.0,0.0,0.0,-63.93889848853935,,,,,,,,,,,,,,,
PENGU,A2_etf_static_pct_d0.0_noreb_conservative,spot,PENGU3L_USDT,1000.0,14.3822,-0.985618,-985.6178,989.2688,0.989269,-0.802667,0.27689,59383.431381,-16597.5224,-17.812138,55.3341,7178,8844,0.982667,-2.2155,-1.1015,-0.9946,False,0,3013,374.958,47.5067,-0.536729,same_wallet,long,-961.489215,47.506745,0.0,0.0,0.0,0.0,-24.128617,0.0,0.0,0.0,0.0,0.0,static_pct,conservative,0.0,0.0,0.0,-67.22774197609601,,,,,,,,,,,,,,,
PENGU,A2_etf_native_atr_d0.5_noreb_conservative,spot,PENGU3L_USDT,1000.0,52.2817,-0.947718,-947.7183,990.6709,0.990671,-0.8212,47.097406,24367.619049,-38892.5262,-3.788263,250.1722,804,5994,0.666,0.932,24.9921,-0.9523,False,0,1724,374.958,19.5194,-0.535696,same_wallet,long,-779.674422,19.519435,0.0,0.0,0.0,-157.883861,-168.04384,0.0,0.0,0.0,0.0,0.5,native_atr,conservative,0.0,786.3607744372748,0.25263789494596517,-29.328171936804168,,,,,,,,,,,,,,,
PENGU,A2_etf_underlying_equiv_d0.5_noreb_conservative,spot,PENGU3L_USDT,1000.0,56.9505,-0.94305,-943.0495,980.4925,0.980492,-0.827498,25.516239,16528.570631,-57055.7209,-4.050971,232.7959,1082,5994,0.666,0.8901,13.0089,-0.9572,False,0,2594,374.958,13.2482,-0.53193,same_wallet,long,-779.394143,13.248197,0.0,0.0,0.0,-156.630368,-163.655369,0.0,0.0,0.0,0.0,0.5,underlying_equiv,conservative,0.0,786.3607744372744,0.2510438517505739,-24.659421867074506,,,,,,,,,,,,,,,
PENGU,A2_etf_static_pct_d0.5_noreb_conservative,spot,PENGU3L_USDT,1000.0,58.9476,-0.941052,-941.0524,987.417,0.987417,-0.816656,38.102571,31633.344756,-29748.7482,-3.873655,242.9366,386,5994,0.666,0.9152,19.6876,-0.9484,False,0,2485,374.958,25.332,-0.534266,same_wallet,long,-959.460823,25.332016,0.0,0.0,0.0,31.469693,18.408415,0.0,0.0,0.0,0.0,0.5,static_pct,conservative,0.0,786.3607744372723,0.011840591580815213,-22.662318484096538,,,,,,,,,,,,,,,
PENGU,B_perp_1.5x_iso_P1_d0.0_reb_conservative,perp,PENGU_USDT,1000.0,1.3476,-0.998652,-998.6524,998.9132,0.998913,-0.998511,0.097536,70808.426001,-14103.5811,-16.025164,62.3178,8089,8622,0.958,-0.9845,-0.2405,-0.9995,True,1,815,374.958,1.4162,-1.278078,same_wallet,long,-90.564705,,4.248506,0.0,0.0,0.0,-903.678179,4.986132,0.576639,-4.409494,0.0,,,conservative,0.75,,,,1.416169,0.9863500762429834,10.0,0.0,0.0,1500.0,isolated,P1,1.5,0.15,,,,,
PENGU,B_perp_1.5x_iso_P1_d0.5_reb_conservative,perp,PENGU_USDT,1000.0,1.0344,-0.998966,-998.9656,999.213,0.999213,-0.998891,0.135295,34108.151481,-29288.1782,-12.011346,83.1685,8089,8622,0.958,-0.9026,-0.2289,-0.9995,True,1,809,374.958,0.7046,-1.278195,same_wallet,long,-47.369276,,2.113774,0.0,0.0,0.0,-945.522078,6.91237,0.838105,-6.074265,0.0,,,conservative,0.75,,,,0.704591,0.9861940803357087,10.0,0.0,0.0,1500.0,isolated,P1,1.5,0.15,,,,,
PENGU,B_perp_1.5x_iso_P1_d0.0_noreb_conservative,perp,PENGU_USDT,1000.0,0.2844,-0.999716,-999.7156,999.7702,0.99977,-0.999684,0.097664,70845.895198,-14111.1293,-16.063782,62.2341,8089,8622,0.958,-0.9892,-0.2417,-0.9999,True,1,815,374.958,5.6677,-1.278416,same_wallet,long,-93.446972,,0.0,0.0,0.0,0.0,-901.863568,4.981636,0.576586,-4.40505,0.0,,,conservative,0.0,,,,5.667672,0.9863503005440428,10.0,0.0,0.0,1500.0,isolated,P1,1.5,0.15,,,,,
PENGU,B_perp_1.5x_iso_P1_d0.5_noreb_conservative,perp,PENGU_USDT,1000.0,1.4485,-0.998551,-998.5515,998.8972,0.998897,-0.998445,0.134177,34446.169191,-28988.752,-12.029959,83.0054,8089,8622,0.958,-0.9047,-0.2294,-0.9994,True,1,807,374.958,2.8454,-1.27807,same_wallet,long,-48.103827,,0.0,0.0,0.0,0.0,-944.393997,6.886997,0.833366,-6.053631,0.0,,,conservative,0.0,,,,2.845407,0.9861965862481024,10.0,0.0,0.0,1500.0,isolated,P1,1.5,0.15,,,,,
PENGU,B_perp_2.0x_iso_P1_d0.0_reb_conservative,perp,PENGU_USDT,1000.0,0.4016,-0.999598,-999.5984,999.6949,0.999695,-0.999536,0.131058,93379.195399,-10704.7227,-16.10265,62.0766,8089,8622,0.958,-0.9514,-0.2424,-0.9998,True,1,810,374.958,1.8676,-1.278379,same_wallet,long,-128.548889,,5.602752,0.0,0.0,0.0,-865.18876,6.633905,0.773159,-5.860746,0.0,,,conservative,0.75,,,,1.867584,0.9799100999542805,10.0,0.0,0.0,2000.0,isolated,P1,2.0,0.15,,,,,
PENGU,B_perp_2.0x_iso_P1_d0.5_reb_conservative,perp,PENGU_USDT,1000.0,0.3186,-0.999681,-999.6814,999.7737,0.999774,-0.999649,0.204959,43239.744863,-23119.5022,-12.002633,83.2885,8089,8622,0.958,-0.8184,-0.2211,-0.9998,True,1,792,374.958,0.8947,-1.278417,same_wallet,long,-67.113843,,2.684191,0.0,0.0,0.0,-924.471033,9.203059,1.106556,-8.096502,0.0,,,conservative,0.75,,,,0.89473,0.9794256931989094,10.0,0.0,0.0,2000.0,isolated,P1,2.0,0.15,,,,,
PENGU,B_perp_2.0x_iso_P1_d0.0_noreb_conservative,perp,PENGU_USDT,1000.0,0.4951,-0.999505,-999.5049,999.6233,0.999623,-0.999424,0.131307,93340.150165,-10708.1994,-16.111387,62.0372,8089,8622,0.958,-0.9564,-0.2438,-0.9998,True,1,810,374.958,7.4672,-1.278351,same_wallet,long,-131.419799,,0.0,0.0,0.0,0.0,-862.235242,6.624232,0.77433,-5.849902,0.0,,,conservative,0.0,,,,7.467212,0.9799054279876163,10.0,0.0,0.0,2000.0,isolated,P1,2.0,0.15,,,,,
PENGU,B_perp_2.0x_iso_P1_d0.5_noreb_conservative,perp,PENGU_USDT,1000.0,0.4895,-0.99951,-999.5105,999.6517,0.999652,-0.999458,0.204595,43429.474258,-23014.5653,-12.033654,83.0596,8089,8622,0.958,-0.822,-0.2222,-0.9997,True,1,788,374.958,3.5941,-1.278368,same_wallet,long,-70.037296,,0.0,0.0,0.0,0.0,-921.400738,9.178249,1.105812,-8.072437,0.0,,,conservative,0.0,,,,3.594099,0.9794264641247877,10.0,0.0,0.0,2000.0,isolated,P1,2.0,0.15,,,,,
PENGU,B_perp_2.5x_iso_P1_d0.0_reb_conservative,perp,PENGU_USDT,1000.0,0.3792,-0.999621,-999.6208,999.7291,0.999729,-0.999543,0.175371,115930.362551,-8622.5972,-16.345274,61.1566,8089,8622,0.958,-0.9003,-0.2398,-0.9998,True,1,808,374.958,2.3186,-1.278345,same_wallet,long,-163.968477,,6.955822,0.0,0.0,0.0,-828.556266,8.062551,0.96647,-7.096081,0.0,,,conservative,0.75,,,,2.318607,0.9719774647222001,10.0,0.0,0.0,2500.0,isolated,P1,2.5,0.15,,,,,
PENGU,B_perp_2.5x_iso_P1_d0.5_reb_conservative,perp,PENGU_USDT,1000.0,0.3573,-0.999643,-999.6427,999.7644,0.999764,-0.999594,0.265114,56464.883629,-17703.7941,-12.083543,82.7276,8089,8622,0.958,-0.7217,-0.2084,-0.9998,True,1,784,374.958,1.1667,-1.278412,same_wallet,long,-89.669535,,3.50022,0.0,0.0,0.0,-900.043464,11.291377,1.361702,-9.929675,0.0,,,conservative,0.75,,,,1.16674,0.9709127369347519,10.0,0.0,0.0,2500.0,isolated,P1,2.5,0.15,,,,,
PENGU,B_perp_2.5x_iso_P1_d0.0_noreb_conservative,perp,PENGU_USDT,1000.0,0.2116,-0.999788,-999.7884,999.8485,0.999848,-0.999743,0.175445,115905.512607,-8625.8916,-16.384495,61.0204,8089,8622,0.958,-0.9073,-0.2418,-0.9999,True,1,808,374.958,9.2724,-1.278392,same_wallet,long,-168.757504,,0.0,0.0,0.0,0.0,-823.961307,8.036864,0.967283,-7.069581,0.0,,,conservative,0.0,,,,9.272441,0.9719709455664499,10.0,0.0,0.0,2500.0,isolated,P1,2.5,0.15,,,,,
PENGU,B_perp_2.5x_iso_P1_d0.5_noreb_conservative,perp,PENGU_USDT,1000.0,0.6744,-0.999326,-999.3256,999.555,0.999555,-0.999232,0.2657,56388.863281,-17722.0389,-12.083139,82.7041,8089,8622,0.958,-0.7233,-0.209,-0.9996,True,1,782,374.958,4.6609,-1.278327,same_wallet,long,-90.915694,,0.0,0.0,0.0,0.0,-898.487275,11.283611,1.360952,-9.922659,0.0,,,conservative,0.0,,,,4.660878,0.9709040625513803,10.0,0.0,0.0,2500.0,isolated,P1,2.5,0.15,,,,,
PENGU,B_perp_3.0x_iso_P1_d0.0_reb_conservative,perp,PENGU_USDT,1000.0,0.3666,-0.999633,-999.6334,999.7512,0.999751,-0.999537,0.213771,134997.820164,-7404.8113,-16.431976,60.8346,8089,8622,0.958,-0.8245,-0.2321,-0.9998,True,1,789,374.958,2.7,-1.278224,same_wallet,long,-203.03271,,8.099869,0.0,0.0,0.0,-788.047536,9.663772,1.110628,-8.553144,0.0,,,conservative,0.75,,,,2.699956,0.9620251952715508,10.0,0.0,0.0,3000.0,isolated,P1,3.0,0.15,0.36660950685077154,,,,
PENGU,B_perp_3.0x_iso_P1_d0.5_reb_conservative,perp,PENGU_USDT,1000.0,0.7805,-0.999219,-999.2195,999.5138,0.999514,-0.999084,0.343819,64953.489162,-15383.615,-12.103889,82.5536,8089,8622,0.958,-0.6048,-0.1881,-0.9995,True,1,773,374.958,1.344,-1.278309,same_wallet,long,-113.328668,,4.032057,0.0,0.0,0.0,-874.112678,13.397862,1.619736,-11.778125,0.0,,,conservative,0.75,,,,1.344019,0.9596349019090955,10.0,0.0,0.0,3000.0,isolated,P1,3.0,0.15,0.7805288092177385,,,,
PENGU,B_perp_3.0x_iso_P1_d0.0_noreb_conservative,perp,PENGU_USDT,1000.0,0.8723,-0.999128,-999.1277,999.4069,0.999407,-0.998887,0.213729,134819.410106,-7410.8593,-16.459582,60.7019,8089,8622,0.958,-0.8309,-0.2341,-0.9995,True,1,789,374.958,10.7856,-1.278087,same_wallet,long,-207.396054,,0.0,0.0,0.0,0.0,-783.211618,9.626663,1.106658,-8.520005,0.0,,,conservative,0.0,,,,10.785553,0.9620168269857636,10.0,0.0,0.0,3000.0,isolated,P1,3.0,0.15,,,,,
PENGU,B_perp_3.0x_iso_P1_d0.5_noreb_conservative,perp,PENGU_USDT,1000.0,0.1362,-0.999864,-999.8638,999.9151,0.999915,-0.999839,0.344692,65066.584,-15366.779,-12.139569,82.364,8089,8622,0.958,-0.6078,-0.1891,-0.9999,True,1,774,374.958,5.3851,-1.278472,same_wallet,long,-116.049993,,0.0,0.0,0.0,0.0,-872.058895,13.371548,1.616623,-11.754926,0.0,,,conservative,0.0,,,,5.385124,0.9596580737274869,10.0,0.0,0.0,3000.0,isolated,P1,3.0,0.15,,,,,
PENGU,A2_same_expo_conservative,spot,PENGU3L_USDT,1000.0,12.2954,-0.987705,-987.7046,991.9511,0.991951,-0.803333,0.474925,45894.768733,-21521.0714,-14.443001,68.3864,6124,8745,0.971667,-1.7593,-1.1786,-0.9942,False,0,1640,374.958,11.0147,-0.537745,same_exposure,long,-982.080022,11.014744,25.70107,0.0,0.0,0.0,-5.624575,0.0,0.0,0.0,0.0,0.0,native_atr,conservative,0.7,0.0,0.0,,,,,,,,,,,,,3.0353459762766017,3035.345976276602,,
PENGU,B_same_expo_conservative,perp,PENGU_USDT,1000.0,0.5718,-0.999428,-999.4282,999.6134,0.999613,-0.999275,0.217106,136500.356155,-7321.7991,-16.451113,60.7514,8089,8622,0.958,-0.8197,-0.2315,-0.9997,True,1,789,374.958,2.73,-1.278153,same_exposure,long,-206.067656,,8.190021,0.0,0.0,0.0,-784.733286,9.748437,1.121195,-8.627243,0.0,,,conservative,0.75,,,,2.730007,0.9612313982729747,10.0,0.0,0.0,3035.345976276602,isolated,P1,3.0353459762766017,0.15,,3.0353459762766017,3035.345976276602,,
PENGU,A2_same_risk_conservative,spot,PENGU3L_USDT,1000.0,12.2954,-0.987705,-987.7046,991.9511,0.991951,-0.803333,0.474925,45894.768733,-21521.0714,-14.443001,68.3864,6124,8745,0.971667,-1.7593,-1.1786,-0.9942,False,0,1640,374.958,11.0147,-0.537745,same_risk,long,-982.080022,11.014744,25.70107,0.0,0.0,0.0,-5.624575,0.0,0.0,0.0,0.0,0.0,native_atr,conservative,0.7,0.0,0.0,,,,,,,,,,,,,,3140.9590947605893,0.024659145630258984,0.00785083310107181
PENGU,B_same_risk_conservative,perp,PENGU_USDT,1000.0,0.6196,-0.99938,-999.3804,999.5855,0.999585,-0.999206,0.22794,141151.211233,-7080.2112,-16.521741,60.4888,8089,8622,0.958,-0.8036,-0.2294,-0.9997,True,1,789,374.958,2.823,-1.278087,same_risk,long,-214.069722,,8.469073,0.0,0.0,0.0,-776.450086,10.013434,1.152855,-8.860579,0.0,,,conservative,0.75,,,,2.823024,0.9587402867497445,10.0,0.0,0.0,3140.9590947605893,isolated,P1,3.140959094760589,0.15,,,3140.9590947605893,0.024659145630258984,0.00785083310107181
PUMP,A0_cash,cash,USDT,1000.0,1000.0,0.0,0.0,0.0,0.0,0.0,0.0,0.0,0.0,0.0,0.0,1,0,0.0,0.0,0.0,0.0,False,0,0,374.958,0.0,0.35,benchmark,long,,,,,,,,,,,,,,,,,,,,,,,,,,,,,,,,,
PUMP,A1_etf_hold,spot,PUMP3L_USDT,1000.0,2532.2553,1.532255,1532.2553,999.5018,0.999502,-0.861009,880.181917,999.745,1532646.0983,0.664824,2304.7538,214,5460,0.606667,0.9896,403.5799,1.4713,False,0,1,374.958,0.255,0.529462,benchmark,long,0.0,0.255,0.595,0.0,0.0,1532.510274,1532.255274,0.0,0.0,0.0,0.0,0.0,native_atr,base,0.7,4438.970784122192,0.22522,,,,,,,,,,,,,,,,
PUMP,B1_spot_hold,spot,PUMP_USDT,1000.0,920.9302,-0.07907,-79.0698,866.3289,0.866329,-0.273861,0.276042,999.745,-79090.0165,-0.115761,683.0411,1902,8716,0.968444,0.6181,1.1128,-0.0889,False,0,1,374.958,0.255,-0.176545,benchmark,long,0.0,0.255,0.595,0.0,0.0,-78.814849,-79.069849,0.0,0.0,0.0,0.0,0.0,native_atr,base,0.7,242656.55339805823,0.00412,,,,,,,,,,,,,,,,
PUMP,B2_spot_grid,spot,PUMP_USDT,1000.0,463.572,-0.536428,-536.428,804.9483,0.804948,-0.243613,0.135573,200050.826425,-2681.4583,-2.297154,233.5185,1902,8636,0.959556,-0.5331,-0.6831,-0.6545,False,0,6212,374.958,48.0122,-0.410112,benchmark,long,-521.085017,48.012198,112.028463,0.0,0.0,8.753853,-15.342938,0.0,0.0,0.0,0.0,0.0,native_atr,base,0.7,70443.49611994126,0.0036709322735113134,,,,,,,,,,,,,,,,
PUMP,A2_etf_native_atr_d0.0_reb_base,spot,PUMP3L_USDT,1000.0,10.1456,-0.989854,-989.8544,995.0747,0.995075,-0.845556,0.423122,80313.914858,-12324.8185,-18.299716,54.0912,6305,8636,0.959556,-1.4461,-0.9712,-0.9934,False,0,1852,374.958,19.2753,-0.538916,same_wallet,long,-980.100285,19.27534,44.975792,0.0,0.0,0.0,-9.754139,0.0,0.0,0.0,0.0,0.0,native_atr,base,0.7,0.0,0.0,-2522.109697625665,,,,,,,,,,,,,,,
PUMP,A2_etf_underlying_equiv_d0.0_reb_base,spot,PUMP3L_USDT,1000.0,33.3249,-0.966675,-966.6751,974.3331,0.974333,-0.83322,0.386453,34163.094219,-28295.8893,-28.361176,34.0845,7489,8636,0.959556,-1.3315,-0.6114,-0.9889,False,0,2518,374.958,8.1991,-0.530767,same_wallet,long,-962.460545,8.199143,19.131333,0.0,0.0,0.0,-4.214588,0.0,0.0,0.0,0.0,0.0,underlying_equiv,base,0.7,0.0,0.0,-2498.9304072609543,,,,,,,,,,,,,,,
PUMP,A2_etf_static_pct_d0.0_reb_base,spot,PUMP3L_USDT,1000.0,19.0707,-0.980929,-980.9293,993.8657,0.993866,-0.842062,0.304969,151964.44086,-6454.9923,-13.191232,74.3622,7490,8727,0.969667,-1.3777,-1.1437,-0.9849,False,0,4142,374.958,36.4715,-0.53769,same_wallet,long,-962.580226,36.471466,85.100087,0.0,0.0,0.0,-18.349068,0.0,0.0,0.0,0.0,0.0,static_pct,base,0.7,5.115907697472721e-13,0.021312332881056835,-2513.1845675365753,,,,,,,,,,,,,,,
PUMP,A2_etf_native_atr_d0.5_reb_base,spot,PUMP3L_USDT,1000.0,1276.9684,0.276968,276.9684,997.1945,0.997195,-0.855681,161.980744,40730.26496,6800.0632,0.234869,1179.244,257,5460,0.606667,1.0,79.3327,0.2695,False,0,1723,374.958,9.7828,0.342212,same_wallet,long,-976.065049,9.782794,22.82652,0.0,0.0,1258.046114,1253.033426,0.0,0.0,0.0,0.0,0.5,native_atr,base,0.7,2219.4853920610967,0.0036411697844275885,-1255.286896488644,,,,,,,,,,,,,,,
PUMP,A2_etf_underlying_equiv_d0.5_reb_base,spot,PUMP3L_USDT,1000.0,1292.8111,0.292811,292.8111,993.1607,0.993161,-0.853793,73.88078,17130.676293,17092.7921,0.25054,1168.7191,233,5460,0.606667,1.0186,37.3633,0.286,False,0,1751,374.958,4.1189,0.353523,same_wallet,long,-196.079771,4.118893,9.61075,0.0,0.0,491.070375,488.89086,0.0,0.0,0.0,0.0,0.5,underlying_equiv,base,0.7,2219.485392061096,0.34920584034005653,-1239.4441845545446,,,,,,,,,,,,,,,
PUMP,A2_etf_static_pct_d0.5_reb_base,spot,PUMP3L_USDT,1000.0,1284.1257,0.284126,284.1257,996.0129,0.996013,-0.856073,105.269649,74085.161134,3835.1228,0.239127,1188.181,303,5460,0.606667,1.0083,52.3894,0.2767,False,0,2799,374.958,17.788,0.340298,same_wallet,long,-860.691789,17.787969,41.505262,0.0,0.0,1153.830937,1144.817481,0.0,0.0,0.0,0.0,0.5,static_pct,base,0.7,2219.485392061096,0.050595827565226306,-1248.1295815808667,,,,,,,,,,,,,,,
PUMP,A2_etf_native_atr_d0.0_noreb_base,spot,PUMP3L_USDT,1000.0,9.4316,-0.990568,-990.5684,995.3418,0.995342,-0.845661,0.422553,78925.213331,-12550.7219,-18.741748,52.8536,6305,8636,0.959556,-1.4862,-1.0016,-0.994,False,0,1846,374.958,63.1402,-0.539036,same_wallet,long,-958.627346,63.140171,0.0,0.0,0.0,0.0,-31.941057,0.0,0.0,0.0,0.0,0.0,native_atr,base,0.0,0.0,0.0,-2522.823676401021,,,,,,,,,,,,,,,
PUMP,A2_etf_underlying_equiv_d0.0_noreb_base,spot,PUMP3L_USDT,1000.0,31.8066,-0.968193,-968.1934,975.3444,0.975344,-0.833454,0.38634,33692.051927,-28736.5518,-28.817961,33.5969,7489,8636,0.959556,-1.361,-1.121,-0.9895,False,0,2431,374.958,26.9536,-0.531182,same_wallet,long,-954.340079,26.953642,0.0,0.0,0.0,0.0,-13.853317,0.0,0.0,0.0,0.0,0.0,underlying_equiv,base,0.0,9.094947017729282e-13,0.033431751731288255,-2500.4486688548686,,,,,,,,,,,,,,,
PUMP,A2_etf_static_pct_d0.0_noreb_base,spot,PUMP3L_USDT,1000.0,17.7517,-0.982248,-982.2483,994.1118,0.994112,-0.842374,0.305188,147871.582508,-6642.5765,-13.553466,72.4721,7490,8727,0.969667,-1.4964,-0.7644,-0.986,False,0,3968,374.958,118.2973,-0.537906,same_wallet,long,-922.75408,118.297266,0.0,0.0,0.0,0.0,-59.494213,0.0,0.0,0.0,0.0,0.0,static_pct,base,0.0,0.0,0.0,-2514.503566794783,,,,,,,,,,,,,,,
PUMP,A2_etf_native_atr_d0.5_noreb_base,spot,PUMP3L_USDT,1000.0,1275.0194,0.275019,275.0194,997.4559,0.997456,-0.855836,177.912892,39740.983312,6920.2957,0.233546,1177.5805,257,5460,0.606667,0.9982,86.2131,0.2675,False,0,1481,374.958,31.8181,0.341109,same_wallet,long,-966.241122,31.818127,0.0,0.0,0.0,1257.565625,1241.260477,0.0,0.0,0.0,0.0,0.5,native_atr,base,0.0,2218.1644614155043,0.003520241264009672,-1257.235918734493,,,,,,,,,,,,,,,
PUMP,A2_etf_underlying_equiv_d0.5_noreb_base,spot,PUMP3L_USDT,1000.0,1291.3864,0.291386,291.3864,993.317,0.993317,-0.853975,75.582199,16955.81094,17185.0439,0.249514,1167.817,233,5460,0.606667,1.0179,38.1713,0.2845,False,0,1751,374.958,13.59,0.352711,same_wallet,long,-188.575711,13.589989,0.0,0.0,0.0,487.153889,479.962066,0.0,0.0,0.0,0.0,0.5,underlying_equiv,base,0.0,2218.164461415505,0.3508397248188422,-1240.8689185011663,,,,,,,,,,,,,,,
PUMP,A2_etf_static_pct_d0.5_noreb_base,spot,PUMP3L_USDT,1000.0,1284.94,0.28494,284.94,995.6798,0.99568,-0.856375,97.719581,72173.157195,3948.005,0.240129,1186.6134,303,5460,0.606667,1.0101,48.8218,0.2776,False,0,2719,374.958,57.7639,0.341619,same_wallet,long,-800.677452,57.763866,0.0,0.0,0.0,1114.881108,1085.617437,0.0,0.0,0.0,0.0,0.5,static_pct,base,0.0,2218.164461415505,0.06784573179665437,-1247.3152889153123,,,,,,,,,,,,,,,
PUMP,B_perp_1.5x_iso_P1_d0.0_reb_base,perp,PUMP_USDT,1000.0,0.1735,-0.999826,-999.8265,999.8608,0.999861,-0.999814,0.185913,84111.766234,-11886.88,-21.737734,45.995,8089,8282,0.920222,-0.9167,-0.2213,-0.9999,True,1,962,374.958,1.6822,-1.27845,same_wallet,long,-83.871374,,5.046706,0.0,0.0,0.0,-911.849643,5.469113,1.363656,-4.105457,0.0,,,base,0.75,,,,1.682235,0.9862246052668743,10.0,0.0,0.0,1500.0,isolated,P1,1.5,0.15,,,,,
PUMP,B_perp_1.5x_iso_P1_d0.5_reb_base,perp,PUMP_USDT,1000.0,116.4188,-0.883581,-883.5812,937.8035,0.937804,-0.908963,0.184729,18987.31176,-46535.3487,-9.522347,92.7903,8089,8716,0.968444,-0.5009,-0.1323,-0.9349,True,1,761,374.958,0.4022,-1.251556,same_wallet,long,296.147417,,1.206675,0.0,0.0,0.0,-1174.253278,7.417483,1.942171,-5.475312,0.0,,,base,0.75,,,,0.402225,0.9860816258999467,10.0,0.0,0.0,1500.0,isolated,P1,1.5,0.15,,,,,
PUMP,B_perp_1.5x_iso_P1_d0.0_noreb_base,perp,PUMP_USDT,1000.0,0.1719,-0.999828,-999.8281,999.8618,0.999862,-0.999815,0.186298,84370.585168,-11850.4347,-21.823007,45.8153,8089,8282,0.920222,-0.9204,-0.2219,-0.9999,True,1,962,374.958,6.7496,-1.27845,same_wallet,long,-85.316079,,0.0,0.0,0.0,0.0,-910.436033,5.438303,1.362301,-4.076002,0.0,,,base,0.0,,,,6.749647,0.9862284686287823,10.0,0.0,0.0,1500.0,isolated,P1,1.5,0.15,,,,,
PUMP,B_perp_1.5x_iso_P1_d0.5_noreb_base,perp,PUMP_USDT,1000.0,115.2122,-0.884788,-884.7878,938.4361,0.938436,-0.909827,0.184845,18987.31176,-46598.9004,-9.535352,92.7903,8089,8716,0.968444,-0.502,-0.1326,-0.9356,True,1,761,374.958,1.6089,-1.251843,same_wallet,long,295.621739,,0.0,0.0,0.0,0.0,-1174.934275,7.417483,1.942171,-5.475312,0.0,,,base,0.0,,,,1.6089,0.9860816258999467,10.0,0.0,0.0,1500.0,isolated,P1,1.5,0.15,,,,,
PUMP,B_perp_2.0x_iso_P1_d0.0_reb_base,perp,PUMP_USDT,1000.0,1.422,-0.998578,-998.578,998.9298,0.99893,-0.998438,0.246731,112665.430653,-8863.2159,-21.74145,45.9297,8089,8262,0.918,-0.8468,-0.2091,-0.9994,True,1,962,374.958,2.2533,-1.27804,same_wallet,long,-112.7644,,6.759926,0.0,0.0,0.0,-880.38298,7.236627,1.805974,-5.430653,0.0,,,base,0.75,,,,2.253309,0.9794921232554374,10.0,0.0,0.0,2000.0,isolated,P1,2.0,0.15,,,,,
PUMP,B_perp_2.0x_iso_P1_d0.5_reb_base,perp,PUMP_USDT,1000.0,214.3132,-0.785687,-785.6868,900.8678,0.900868,-0.843938,0.234051,25989.317868,-30231.1434,-7.976718,98.4975,8089,8716,0.968444,-0.3049,-0.0873,-0.8622,True,1,801,374.958,0.5497,-1.232115,same_wallet,long,396.157311,,1.649027,0.0,0.0,0.0,-1174.52437,9.919325,2.599588,-7.319737,0.0,,,base,0.75,,,,0.549676,0.9790607457825414,10.0,0.0,0.0,2000.0,isolated,P1,2.0,0.15,,,,,
PUMP,B_perp_2.0x_iso_P1_d0.0_noreb_base,perp,PUMP_USDT,1000.0,0.0175,-0.999983,-999.9825,999.9868,0.999987,-0.999981,0.247275,112864.637369,-8860.0162,-21.826482,45.8151,8089,8262,0.918,-0.8528,-0.2105,-1.0,True,1,963,374.958,9.0292,-1.278459,same_wallet,long,-115.965933,,0.0,0.0,0.0,0.0,-878.596422,7.219503,1.799342,-5.420162,0.0,,,base,0.0,,,,9.029171,0.9794859313617471,10.0,0.0,0.0,2000.0,isolated,P1,2.0,0.15,,,,,
PUMP,B_perp_2.0x_iso_P1_d0.5_noreb_base,perp,PUMP_USDT,1000.0,212.6642,-0.787336,-787.3358,901.608,0.901608,-0.844965,0.234249,25989.317868,-30294.5936,-7.99346,98.4975,8089,8716,0.968444,-0.3063,-0.0877,-0.8634,True,1,801,374.958,2.1987,-1.232504,same_wallet,long,395.436192,,0.0,0.0,0.0,0.0,-1175.452279,9.919325,2.599588,-7.319737,0.0,,,base,0.0,,,,2.198703,0.9790607457825414,10.0,0.0,0.0,2000.0,isolated,P1,2.0,0.15,,,,,
PUMP,B_perp_2.5x_iso_P1_d0.0_reb_base,perp,PUMP_USDT,1000.0,1.67,-0.99833,-998.33,998.8142,0.998814,-0.998118,0.308352,140835.441701,-7088.6277,-21.744009,45.9129,8089,8262,0.918,-0.7609,-0.198,-0.9992,True,1,962,374.958,2.8167,-1.277782,same_wallet,long,-142.925199,,8.450127,0.0,0.0,0.0,-848.639131,9.009863,2.24418,-6.765683,0.0,,,base,0.75,,,,2.816709,0.9709425334855719,10.0,0.0,0.0,2500.0,isolated,P1,2.5,0.15,,,,,
PUMP,B_perp_2.5x_iso_P1_d0.5_reb_base,perp,PUMP_USDT,1000.0,308.0152,-0.691985,-691.9848,874.5009,0.874501,-0.789833,0.279439,32886.455956,-21041.6341,-6.639568,104.2214,8089,8716,0.968444,-0.1205,-0.0376,-0.7801,True,1,819,374.958,0.6952,-1.214035,same_wallet,long,493.419713,,2.085458,0.0,0.0,0.0,-1176.227499,12.43645,3.259463,-9.176987,0.0,,,base,0.75,,,,0.695153,0.9700149092509897,10.0,0.0,0.0,2500.0,isolated,P1,2.5,0.15,,,,,
PUMP,B_perp_2.5x_iso_P1_d0.0_noreb_base,perp,PUMP_USDT,1000.0,0.2354,-0.999765,-999.7646,999.8317,0.999832,-0.999732,0.309856,140803.144219,-7100.4422,-21.818614,45.8216,8089,8262,0.918,-0.7681,-0.1999,-0.9999,True,1,962,374.958,11.2643,-1.278193,same_wallet,long,-148.584079,,0.0,0.0,0.0,0.0,-844.42294,8.995053,2.237482,-6.757571,0.0,,,base,0.0,,,,11.264252,0.9709270522592226,10.0,0.0,0.0,2500.0,isolated,P1,2.5,0.15,,,,,
PUMP,B_perp_2.5x_iso_P1_d0.5_noreb_base,perp,PUMP_USDT,1000.0,305.9298,-0.69407,-694.0702,875.3187,0.875319,-0.790978,0.279732,32886.455956,-21105.048,-6.659578,104.2214,8089,8716,0.968444,-0.1222,-0.0381,-0.7818,True,1,819,374.958,2.7806,-1.214552,same_wallet,long,492.506496,,0.0,0.0,0.0,0.0,-1177.399739,12.43645,3.259463,-9.176987,0.0,,,base,0.0,,,,2.780611,0.9700149092509897,10.0,0.0,0.0,2500.0,isolated,P1,2.5,0.15,,,,,
PUMP,B_perp_3.0x_iso_P1_d0.0_reb_base,perp,PUMP_USDT,1000.0,1.5077,-0.998492,-998.4923,998.975,0.998975,-0.998226,0.372208,167716.384128,-5953.457,-21.842429,45.7134,8089,8262,0.918,-0.6735,-0.1852,-0.9992,True,1,954,374.958,3.3543,-1.277318,same_wallet,long,-186.872359,,10.062983,0.0,0.0,0.0,-803.543271,10.742768,2.666108,-8.07666,0.0,,,base,0.75,,,,3.354328,0.9594713475767057,10.0,0.0,0.0,3000.0,isolated,P1,3.0,0.15,1.5077105321124087,,,,
PUMP,B_perp_3.0x_iso_P1_d0.5_reb_base,perp,PUMP_USDT,1000.0,405.2358,-0.594764,-594.7642,852.4708,0.852471,-0.740046,0.322565,39249.6776,-15153.3525,-5.406393,110.0113,8089,8716,0.968444,0.0515,0.0175,-0.6862,True,1,839,374.958,0.83,-1.193473,same_wallet,long,592.294308,,2.489854,0.0,0.0,0.0,-1176.023406,14.951981,3.916879,-11.035102,0.0,,,base,0.75,,,,0.829951,0.9578318560865504,10.0,0.0,0.0,3000.0,isolated,P1,3.0,0.15,405.2357998283963,,,,
PUMP,B_perp_3.0x_iso_P1_d0.0_noreb_base,perp,PUMP_USDT,1000.0,0.133,-0.999867,-999.867,999.9089,0.999909,-0.999841,0.37475,167568.032444,-5966.9315,-21.936016,45.5811,8089,8262,0.918,-0.6822,-0.1876,-0.9999,True,1,953,374.958,13.4054,-1.277704,same_wallet,long,-192.218731,,0.0,0.0,0.0,0.0,-799.591843,10.712056,2.655653,-8.056403,0.0,,,base,0.0,,,,13.405443,0.9594720433587847,10.0,0.0,0.0,3000.0,isolated,P1,3.0,0.15,,,,,
PUMP,B_perp_3.0x_iso_P1_d0.5_noreb_base,perp,PUMP_USDT,1000.0,402.7459,-0.597254,-597.2541,853.3371,0.853337,-0.741257,0.322958,39249.6776,-15216.7888,-5.429025,110.0113,8089,8716,0.968444,0.0496,0.0169,-0.6884,True,1,839,374.958,3.3198,-1.194161,same_wallet,long,591.204838,,0.0,0.0,0.0,0.0,-1177.42379,14.951981,3.916879,-11.035102,0.0,,,base,0.0,,,,3.319805,0.9578318560865504,10.0,0.0,0.0,3000.0,isolated,P1,3.0,0.15,,,,,
PUMP,B_perp_3x_iso_P2_reb_base,perp,PUMP_USDT,1000.0,1.1617,-0.998838,-998.8383,999.1249,0.999125,-0.9987,0.259832,116851.456254,-8547.9316,-31.257417,31.9552,8089,8262,0.918,-0.8465,-0.2155,-0.9995,True,1,954,374.958,2.337,-1.278101,same_wallet,long,-132.744977,,7.011087,0.0,0.0,0.0,-860.44418,7.511593,1.862495,-5.649098,0.0,,,base,0.75,,,,2.337029,0.9594809047843492,10.0,0.0,0.0,2100.0,isolated,P2,3.0,0.15,,,,,
PUMP,B_perp_3x_iso_P3_reb_base,perp,PUMP_USDT,1000.0,27.5011,-0.972499,-972.4989,981.6785,0.981678,-0.506811,0.420851,147714.338247,-6583.6458,-10.559612,92.0961,1902,8262,0.918,-0.9592,-1.1584,-0.9878,False,0,2925,374.958,2.9543,-0.533155,same_wallet,long,-967.306883,,8.86286,0.0,0.0,-0.13,-1.616993,18.245891,14.670888,-3.575003,0.0,,,base,0.75,,,,2.954287,0.9238832986595517,10.0,0.0,20.45109251512889,1500.0,isolated,P3,3.0,0.15,,,,,
PUMP,B_perp_3x_cross_P1_reb_base,perp,PUMP_USDT,1000.0,0.0,-1.0,-1000.0,1000.0,1.0,-1.0,0.372208,167716.384128,-5962.4467,-21.875411,45.7134,8089,8262,0.918,-2.1043,-1.8281,-1.0,True,1,954,374.958,3.3543,-1.277737,same_wallet,long,-186.872359,,10.062983,0.0,0.0,0.0,-805.050982,10.742768,2.666108,-8.07666,0.0,,,base,0.75,,,,3.354328,0.9596180318244206,10.0,0.0,0.0,3000.0,cross,P1,3.0,0.15,,,,,
PUMP,B_perp_3x_iso_P2_trig0.2_base,perp,PUMP_USDT,1000.0,1.1617,-0.998838,-998.8383,999.1249,0.999125,-0.9987,0.259832,116851.456254,-8547.9316,-31.257417,31.9552,8089,8262,0.918,-0.8465,-0.2155,-0.9995,True,1,954,374.958,2.337,-1.278101,same_wallet,long,-132.744977,,7.011087,0.0,0.0,0.0,-860.44418,7.511593,1.862495,-5.649098,0.0,,,base,0.75,,,,2.337029,0.9594809047843492,10.0,0.0,0.0,2100.0,isolated,P2,3.0,0.2,,,,,
PUMP,B_perp_3x_iso_P2_trig0.1_base,perp,PUMP_USDT,1000.0,1.1617,-0.998838,-998.8383,999.1249,0.999125,-0.9987,0.259832,116851.456254,-8547.9316,-31.257417,31.9552,8089,8262,0.918,-0.8465,-0.2155,-0.9995,True,1,954,374.958,2.337,-1.278101,same_wallet,long,-132.744977,,7.011087,0.0,0.0,0.0,-860.44418,7.511593,1.862495,-5.649098,0.0,,,base,0.75,,,,2.337029,0.9594809047843492,10.0,0.0,0.0,2100.0,isolated,P2,3.0,0.1,,,,,
PUMP,B6_perp_3x_static_base,perp,PUMP_USDT,1000.0,1.3071,-0.998693,-998.6929,999.1482,0.999148,-0.997071,0.406669,192681.241244,-5183.1351,-26.625437,37.509,8089,8636,0.959556,-1.1539,-0.3355,-0.9993,True,1,2282,374.958,3.8536,-1.276489,same_wallet,long,-549.615669,,11.560874,0.0,0.0,0.0,-441.93354,8.376833,1.233131,-7.143702,0.0,,,base,0.75,,,,3.853625,0.9580697835984103,10.0,0.0,0.0,3000.0,isolated,P1,3.0,0.15,,,,,
PUMP,B6_hold_3x_dir,perp,PUMP_USDT,1000.0,0.0,-1.0,-1000.0,1000.0,1.0,-1.0,0.4282,2997.176,-333647.4068,-4.095558,244.167,8089,8716,0.968444,0.675,0.7222,-1.0,True,1,137,374.958,0.1499,-1.278507,same_wallet,long,0.0,,0.449576,0.0,0.0,0.0,-982.171936,23.774964,5.9469,-17.828064,0.0,,,base,0.75,,,,0.149859,0.9689847117355372,10.0,0.0,0.0,3000.0,isolated,P1,3.0,0.15,,,,,
PUMP,A2_same_expo_base,spot,PUMP3L_USDT,1000.0,10.1456,-0.989854,-989.8544,995.0747,0.995075,-0.845556,0.423122,80313.914858,-12324.8185,-18.299716,54.0912,6305,8636,0.959556,-1.4461,-0.9712,-0.9934,False,0,1852,374.958,19.2753,-0.538916,same_exposure,long,-980.100285,19.27534,44.975792,0.0,0.0,0.0,-9.754139,0.0,0.0,0.0,0.0,0.0,native_atr,base,0.7,0.0,0.0,,,,,,,,,,,,,2.445936080769657,2445.9360807696567,,
PUMP,B_same_expo_base,perp,PUMP_USDT,1000.0,0.0846,-0.999915,-999.9154,999.9393,0.999939,-0.999905,0.300877,138079.702833,-7241.5812,-21.838925,45.7859,8089,8262,0.918,-0.773,-0.1998,-1.0,True,1,962,374.958,2.7616,-1.278268,same_exposure,long,-141.60836,,8.284782,0.0,0.0,0.0,-851.695202,8.799835,2.188016,-6.611819,0.0,,,base,0.75,,,,2.761594,0.9719806662018049,10.0,0.0,0.0,2445.9360807696567,isolated,P1,2.445936080769657,0.15,,2.445936080769657,2445.9360807696567,,
PUMP,A2_same_risk_base,spot,PUMP3L_USDT,1000.0,10.1456,-0.989854,-989.8544,995.0747,0.995075,-0.845556,0.423122,80313.914858,-12324.8185,-18.299716,54.0912,6305,8636,0.959556,-1.4461,-0.9712,-0.9934,False,0,1852,374.958,19.2753,-0.538916,same_risk,long,-980.100285,19.27534,44.975792,0.0,0.0,0.0,-9.754139,0.0,0.0,0.0,0.0,0.0,native_atr,base,0.7,0.0,0.0,,,,,,,,,,,,,,2595.924471747043,0.03654189189077722,0.014076639088881014
PUMP,B_same_risk_base,perp,PUMP_USDT,1000.0,1.5109,-0.998489,-998.4891,998.9344,0.998934,-0.99828,0.319833,146000.972814,-6838.9207,-21.776754,45.8511,8089,8262,0.918,-0.7458,-0.1961,-0.9993,True,1,958,374.958,2.92,-1.277759,same_risk,long,-152.593963,,8.760058,0.0,0.0,0.0,-838.876091,9.341628,2.32261,-7.019018,0.0,,,base,0.75,,,,2.920019,0.9689833259643822,10.0,0.0,0.0,2595.924471747043,isolated,P1,2.595924471747043,0.15,,,2595.924471747043,0.03654189189077722,0.014076639088881014
PUMP,A0_cash,cash,USDT,1000.0,1000.0,0.0,0.0,0.0,0.0,0.0,0.0,0.0,0.0,0.0,0.0,1,0,0.0,0.0,0.0,0.0,False,0,0,374.958,0.0,0.35,benchmark,long,,,,,,,,,,,,,,,,,,,,,,,,,,,,,,,,,
PUMP,A1_etf_hold,spot,PUMP3L_USDT,1000.0,2532.2553,1.532255,1532.2553,999.5018,0.999502,-0.861009,880.181917,999.745,1532646.0983,0.664824,2304.7538,214,5460,0.606667,0.9896,403.5799,1.4713,False,0,1,374.958,0.255,0.529462,benchmark,long,0.0,0.255,0.595,0.0,0.0,1532.510274,1532.255274,0.0,0.0,0.0,0.0,0.0,native_atr,conservative,0.7,4438.970784122192,0.22522,,,,,,,,,,,,,,,,
PUMP,B1_spot_hold,spot,PUMP_USDT,1000.0,920.9302,-0.07907,-79.0698,866.3289,0.866329,-0.273861,0.276042,999.745,-79090.0165,-0.115761,683.0411,1902,8716,0.968444,0.6181,1.1128,-0.0889,False,0,1,374.958,0.255,-0.176545,benchmark,long,0.0,0.255,0.595,0.0,0.0,-78.814849,-79.069849,0.0,0.0,0.0,0.0,0.0,native_atr,conservative,0.7,242656.55339805823,0.00412,,,,,,,,,,,,,,,,
PUMP,B2_spot_grid,spot,PUMP_USDT,1000.0,348.5603,-0.65144,-651.4397,849.9569,0.849957,-0.243995,0.143322,177746.307326,-3664.9974,-3.065398,212.5139,1902,8636,0.959556,-0.8851,-1.1278,-0.7548,False,0,5929,374.958,42.6591,-0.45561,benchmark,long,-635.166827,42.659114,99.537932,0.0,0.0,5.157741,-16.272922,0.0,0.0,0.0,0.0,0.0,native_atr,conservative,0.7,61595.29619097803,0.0037114640447923203,,,,,,,,,,,,,,,,
PUMP,A2_etf_native_atr_d0.0_reb_conservative,spot,PUMP3L_USDT,1000.0,11.6223,-0.988378,-988.3777,994.265,0.994265,-0.845606,0.422764,79192.622904,-12480.6785,-18.482977,53.475,6320,8636,0.959556,-1.3692,-0.9104,-0.9926,False,0,1796,374.958,19.0062,-0.538579,same_wallet,long,-978.758226,19.006229,44.347869,0.0,0.0,0.0,-9.619439,0.0,0.0,0.0,0.0,0.0,native_atr,conservative,0.7,0.0,0.0,-2520.632938862681,,,,,,,,,,,,,,,
PUMP,A2_etf_underlying_equiv_d0.0_reb_conservative,spot,PUMP3L_USDT,1000.0,33.0928,-0.966907,-966.9072,974.4233,0.974423,-0.83333,0.386359,33956.77156,-28474.6491,-28.505972,33.9195,7489,8636,0.959556,-1.3397,-0.6117,-0.9891,False,0,2514,374.958,8.1496,-0.530808,same_wallet,long,-962.71729,8.149625,19.015792,0.0,0.0,0.0,-4.189863,0.0,0.0,0.0,0.0,0.0,underlying_equiv,conservative,0.7,0.0,0.0,-2499.1624271767464,,,,,,,,,,,,,,,
PUMP,A2_etf_static_pct_d0.0_reb_conservative,spot,PUMP3L_USDT,1000.0,18.8295,-0.98117,-981.1705,993.9774,0.993977,-0.842241,0.313314,144872.814566,-6772.6336,-12.839349,76.419,7490,8636,0.959556,-1.4474,-0.7442,-0.985,False,0,3886,374.958,34.7695,-0.537866,same_wallet,long,-963.672188,34.769475,81.128776,0.0,0.0,0.0,-17.498306,0.0,0.0,0.0,0.0,0.0,static_pct,conservative,0.7,0.0,0.0,-2513.4257676980515,,,,,,,,,,,,,,,
PUMP,A2_etf_native_atr_d0.5_reb_conservative,spot,PUMP3L_USDT,1000.0,1277.6145,0.277615,277.6145,997.0464,0.997046,-0.855764,154.468139,39953.701511,6948.4058,0.235535,1178.6537,257,5460,0.606667,1.0006,75.3384,0.2701,False,0,1451,374.958,9.5964,0.342713,same_wallet,long,-971.0072,9.596419,22.391644,0.0,0.0,1253.541177,1248.621732,0.0,0.0,0.0,0.0,0.5,native_atr,conservative,0.7,2219.485392061096,0.005670890901408493,-1254.640741158396,,,,,,,,,,,,,,,
PUMP,A2_etf_underlying_equiv_d0.5_reb_conservative,spot,PUMP3L_USDT,1000.0,1292.4534,0.292453,292.4534,993.2456,0.993246,-0.853889,74.799374,17033.971609,17168.8304,0.25025,1168.6463,233,5460,0.606667,1.0182,37.7984,0.2856,False,0,1751,374.958,4.0957,0.353296,same_wallet,long,-194.274797,4.095684,9.556596,0.0,0.0,488.896123,486.728166,0.0,0.0,0.0,0.0,0.5,underlying_equiv,conservative,0.7,2219.485392061096,0.35018546047377286,-1239.801904144082,,,,,,,,,,,,,,,
PUMP,A2_etf_static_pct_d0.5_reb_conservative,spot,PUMP3L_USDT,1000.0,1286.0489,0.286049,286.0489,995.6167,0.995617,-0.856282,96.217778,72972.849961,3919.9361,0.240818,1187.8202,303,5460,0.606667,1.0105,48.1067,0.2787,False,0,2714,374.958,17.521,0.342055,same_wallet,long,-819.700262,17.521015,40.882367,0.0,0.0,1114.628952,1105.749172,0.0,0.0,0.0,0.0,0.5,static_pct,conservative,0.7,2219.485392061096,0.06825847360067207,-1246.2063635626876,,,,,,,,,,,,,,,
PUMP,A2_etf_native_atr_d0.0_noreb_conservative,spot,PUMP3L_USDT,1000.0,10.5673,-0.989433,-989.4327,994.7289,0.994729,-0.845711,0.422195,77766.22253,-12723.1684,-19.024882,52.0073,6320,8636,0.959556,-1.49,-1.3774,-0.9933,False,0,1639,374.958,62.213,-0.53878,same_wallet,long,-957.95537,62.212978,0.0,0.0,0.0,0.0,-31.477377,0.0,0.0,0.0,0.0,0.0,native_atr,conservative,0.0,1.5916157281026244e-12,0.0025330619559256295,-2521.6880204673184,,,,,,,,,,,,,,,
PUMP,A2_etf_underlying_equiv_d0.0_noreb_conservative,spot,PUMP3L_USDT,1000.0,31.6079,-0.968392,-968.3921,975.4135,0.975413,-0.833564,0.386246,33492.723549,-28913.5061,-28.965322,33.4328,7489,8636,0.959556,-1.3687,-0.6252,-0.9897,False,0,2430,374.958,26.7942,-0.531214,same_wallet,long,-954.618338,26.794179,0.0,0.0,0.0,0.0,-13.773729,0.0,0.0,0.0,0.0,0.0,underlying_equiv,conservative,0.0,0.0,0.0,-2500.64733968933,,,,,,,,,,,,,,,
PUMP,A2_etf_static_pct_d0.0_noreb_conservative,spot,PUMP3L_USDT,1000.0,17.0697,-0.98293,-982.9303,994.4724,0.994472,-0.842553,0.317091,141951.853687,-6924.3924,-13.06948,75.2081,7490,8636,0.959556,-1.5031,-0.7754,-0.9864,False,0,3887,374.958,113.5615,-0.538154,same_wallet,long,-925.801848,113.561483,0.0,0.0,0.0,0.0,-57.128489,0.0,0.0,0.0,0.0,0.0,static_pct,conservative,0.0,0.0,0.0,-2515.1856109240484,,,,,,,,,,,,,,,
PUMP,A2_etf_native_atr_d0.5_noreb_conservative,spot,PUMP3L_USDT,1000.0,1276.265,0.276265,276.265,997.1723,0.997172,-0.855917,161.293286,39290.302258,7031.3783,0.234641,1177.3925,257,5460,0.606667,0.9999,78.5629,0.2688,False,0,1451,374.958,31.4576,0.341971,same_wallet,long,-959.792873,31.457582,0.0,0.0,0.0,1252.182374,1236.057852,0.0,0.0,0.0,0.0,0.5,native_atr,conservative,0.0,2218.1644614155052,0.0059471355767466315,-1255.9902943083255,,,,,,,,,,,,,,,
PUMP,A2_etf_underlying_equiv_d0.5_noreb_conservative,spot,PUMP3L_USDT,1000.0,1291.0382,0.291038,291.0382,993.3997,0.9934,-0.854068,76.518264,16860.70416,17261.3342,0.249231,1167.746,233,5460,0.606667,1.0175,38.6145,0.2842,False,0,1751,374.958,13.5139,0.352489,same_wallet,long,-186.776203,13.513903,0.0,0.0,0.0,484.968402,477.814452,0.0,0.0,0.0,0.0,0.5,underlying_equiv,conservative,0.0,2218.164461415505,0.3518249930942738,-1241.2170246578332,,,,,,,,,,,,,,,
PUMP,A2_etf_static_pct_d0.5_noreb_conservative,spot,PUMP3L_USDT,1000.0,1283.8513,0.283851,283.8513,995.8922,0.995892,-0.856573,102.80457,71163.615987,3988.7144,0.239279,1186.2764,303,5460,0.606667,1.0089,51.239,0.2765,False,0,2711,374.958,56.9562,0.341162,same_wallet,long,-789.379561,56.956233,0.0,0.0,0.0,1102.091514,1073.230901,0.0,0.0,0.0,0.0,0.5,static_pct,conservative,0.0,2218.164461415505,0.07361157749356464,-1248.4039336528353,,,,,,,,,,,,,,,
PUMP,B_perp_1.5x_iso_P1_d0.0_reb_conservative,perp,PUMP_USDT,1000.0,0.6734,-0.999327,-999.3266,999.4409,0.999441,-0.999246,0.188871,83549.477606,-11960.8955,-22.016818,45.3892,8089,8282,0.920222,-0.9544,-0.2309,-0.9997,True,1,946,374.958,1.671,-1.278286,same_wallet,long,-127.737922,,5.012969,0.0,0.0,0.0,-867.532178,5.406462,1.349992,-4.056469,0.0,,,conservative,0.75,,,,1.67099,0.9862360252333747,10.0,0.0,0.0,1500.0,isolated,P1,1.5,0.15,,,,,
PUMP,B_perp_1.5x_iso_P1_d0.5_reb_conservative,perp,PUMP_USDT,1000.0,110.2173,-0.889783,-889.7827,940.9407,0.940941,-0.913584,0.185866,18588.428094,-47867.5595,-9.522955,93.4356,8089,8716,0.968444,-0.5031,-0.1331,-0.9386,True,1,719,374.958,0.3942,-1.252991,same_wallet,long,285.86868,,1.182742,0.0,0.0,0.0,-1170.15881,7.471028,1.97847,-5.492558,0.0,,,conservative,0.75,,,,0.394247,0.9861140544228499,10.0,0.0,0.0,1500.0,isolated,P1,1.5,0.15,,,,,
PUMP,B_perp_1.5x_iso_P1_d0.0_noreb_conservative,perp,PUMP_USDT,1000.0,0.3772,-0.999623,-999.6228,999.686,0.999686,-0.999576,0.189405,83543.670362,-11965.2722,-22.049224,45.336,8089,8282,0.920222,-0.9576,-0.2317,-0.9998,True,1,946,374.958,6.6835,-1.278382,same_wallet,long,-129.216257,,0.0,0.0,0.0,0.0,-866.356287,5.399097,1.348883,-4.050214,0.0,,,conservative,0.0,,,,6.683494,0.9862373606301299,10.0,0.0,0.0,1500.0,isolated,P1,1.5,0.15,,,,,
PUMP,B_perp_1.5x_iso_P1_d0.5_noreb_conservative,perp,PUMP_USDT,1000.0,109.0346,-0.890965,-890.9654,941.5632,0.941563,-0.914437,0.185984,18588.428094,-47931.1874,-9.535613,93.4356,8089,8716,0.968444,-0.5041,-0.1333,-0.9392,True,1,719,374.958,1.577,-1.253273,same_wallet,long,285.355093,,0.0,0.0,0.0,0.0,-1170.827965,7.471028,1.97847,-5.492558,0.0,,,conservative,0.0,,,,1.57699,0.9861140544228499,10.0,0.0,0.0,1500.0,isolated,P1,1.5,0.15,,,,,
PUMP,B_perp_2.0x_iso_P1_d0.0_reb_conservative,perp,PUMP_USDT,1000.0,0.0201,-0.99998,-999.9799,999.9841,0.999984,-0.999976,0.254082,111551.029191,-8964.327,-22.094829,45.2585,8089,8282,0.920222,-0.8948,-0.2223,-1.0,True,1,944,374.958,2.231,-1.278462,same_wallet,long,-173.762139,,6.693062,0.0,0.0,0.0,-820.838744,7.158685,1.779666,-5.379019,0.0,,,conservative,0.75,,,,2.231021,0.9793929773183603,10.0,0.0,0.0,2000.0,isolated,P1,2.0,0.15,,,,,
PUMP,B_perp_2.0x_iso_P1_d0.5_reb_conservative,perp,PUMP_USDT,1000.0,205.7638,-0.794236,-794.2362,904.491,0.904491,-0.849668,0.236021,25411.769806,-31254.6576,-8.004715,99.221,8089,8716,0.968444,-0.3085,-0.0885,-0.8683,True,1,759,374.958,0.5381,-1.234051,same_wallet,long,384.149638,,1.614374,0.0,0.0,0.0,-1171.039497,9.987378,2.641073,-7.346305,0.0,,,conservative,0.75,,,,0.538125,0.9791541849309263,10.0,0.0,0.0,2000.0,isolated,P1,2.0,0.15,,,,,
PUMP,B_perp_2.0x_iso_P1_d0.0_noreb_conservative,perp,PUMP_USDT,1000.0,0.6025,-0.999397,-999.3975,999.522,0.999522,-0.999288,0.25466,111642.558961,-8951.7609,-22.148566,45.1224,8089,8636,0.959556,-0.9011,-0.224,-0.9997,True,1,943,374.958,8.9314,-1.278279,same_wallet,long,-178.065166,,0.0,0.0,0.0,0.0,-815.969152,7.13676,1.773585,-5.363175,0.0,,,conservative,0.0,,,,8.931405,0.9793978665913609,10.0,0.0,0.0,2000.0,isolated,P1,2.0,0.15,,,,,
PUMP,B_perp_2.0x_iso_P1_d0.5_noreb_conservative,perp,PUMP_USDT,1000.0,204.1495,-0.795851,-795.8505,905.2189,0.905219,-0.850682,0.236221,25411.769806,-31318.1862,-8.020986,99.221,8089,8716,0.968444,-0.3099,-0.0889,-0.8695,True,1,759,374.958,2.1525,-1.234429,same_wallet,long,383.445998,,0.0,0.0,0.0,0.0,-1171.950231,9.987378,2.641073,-7.346305,0.0,,,conservative,0.0,,,,2.152499,0.9791541849309263,10.0,0.0,0.0,2000.0,isolated,P1,2.0,0.15,,,,,
PUMP,B_perp_2.5x_iso_P1_d0.0_reb_conservative,perp,PUMP_USDT,1000.0,1.4734,-0.998527,-998.5266,998.892,0.998892,-0.99818,0.322416,138557.065881,-7206.6092,-22.137001,45.1067,8089,8636,0.959556,-0.817,-0.2149,-0.9994,True,1,935,374.958,2.7711,-1.277845,same_wallet,long,-224.201732,,8.313424,0.0,0.0,0.0,-767.638179,8.888605,2.201888,-6.686717,0.0,,,conservative,0.75,,,,2.771141,0.970604440771314,10.0,0.0,0.0,2500.0,isolated,P1,2.5,0.15,,,,,
PUMP,B_perp_2.5x_iso_P1_d0.5_reb_conservative,perp,PUMP_USDT,1000.0,297.1982,-0.702802,-702.8018,878.4389,0.878439,-0.796113,0.282562,32152.055395,-21858.6903,-6.68416,105.1444,8089,8716,0.968444,-0.1264,-0.0395,-0.789,True,1,779,374.958,0.6805,-1.216593,same_wallet,long,478.137121,,2.041394,0.0,0.0,0.0,-1171.726609,12.523651,3.311319,-9.212332,0.0,,,conservative,0.75,,,,0.680465,0.9701668112994271,10.0,0.0,0.0,2500.0,isolated,P1,2.5,0.15,,,,,
PUMP,B_perp_2.5x_iso_P1_d0.0_noreb_conservative,perp,PUMP_USDT,1000.0,0.9939,-0.999006,-999.0061,999.2511,0.999251,-0.998759,0.32412,138515.924192,-7212.2113,-22.217752,44.9643,8089,8636,0.959556,-0.8234,-0.2168,-0.9996,True,1,931,374.958,11.0813,-1.277988,same_wallet,long,-229.492967,,0.0,0.0,0.0,0.0,-762.847774,8.860427,2.195057,-6.66537,0.0,,,conservative,0.0,,,,11.081274,0.9706312255234182,10.0,0.0,0.0,2500.0,isolated,P1,2.5,0.15,,,,,
PUMP,B_perp_2.5x_iso_P1_d0.5_noreb_conservative,perp,PUMP_USDT,1000.0,295.1568,-0.704843,-704.8432,879.2433,0.879243,-0.797248,0.28286,32152.055395,-21922.1821,-6.703575,105.1444,8089,8716,0.968444,-0.1281,-0.04,-0.7906,True,1,779,374.958,2.7219,-1.217092,same_wallet,long,477.246057,,0.0,0.0,0.0,0.0,-1172.876939,12.523651,3.311319,-9.212332,0.0,,,conservative,0.0,,,,2.721859,0.9701668112994271,10.0,0.0,0.0,2500.0,isolated,P1,2.5,0.15,,,,,
PUMP,B_perp_3.0x_iso_P1_d0.0_reb_conservative,perp,PUMP_USDT,1000.0,0.1567,-0.999843,-999.8433,999.8878,0.999888,-0.999793,0.395485,163825.141342,-6103.1126,-22.477955,44.4811,8089,8636,0.959556,-0.7357,-0.2088,-0.9999,True,1,930,374.958,3.2765,-1.277793,same_wallet,long,-283.01696,,9.829508,0.0,0.0,0.0,-708.914569,10.499897,2.588146,-7.911751,0.0,,,conservative,0.75,,,,3.276503,0.9587577157904918,10.0,0.0,0.0,3000.0,isolated,P1,3.0,0.15,0.156719713957159,,,,
PUMP,B_perp_3.0x_iso_P1_d0.5_reb_conservative,perp,PUMP_USDT,1000.0,392.2935,-0.607706,-607.7065,856.5933,0.856593,-0.747258,0.327043,38365.293523,-15840.0054,-5.475405,110.9884,8089,8716,0.968444,0.0453,0.0155,-0.6979,True,1,799,374.958,0.8123,-1.196881,same_wallet,long,577.01421,,2.436791,0.0,0.0,0.0,-1173.638416,15.058273,3.976023,-11.08225,0.0,,,conservative,0.75,,,,0.812264,0.9581751340005605,10.0,0.0,0.0,3000.0,isolated,P1,3.0,0.15,392.29354492344504,,,,
PUMP,B_perp_3.0x_iso_P1_d0.0_noreb_conservative,perp,PUMP_USDT,1000.0,0.9951,-0.999005,-999.0049,999.2863,0.999286,-0.998662,0.39395,164236.504533,-6082.7217,-22.712171,43.9854,8089,8636,0.959556,-0.7479,-0.2121,-0.9995,True,1,928,374.958,13.1389,-1.277539,same_wallet,long,-292.291246,,0.0,0.0,0.0,0.0,-698.842353,10.420585,2.549242,-7.871343,0.0,,,conservative,0.0,,,,13.13892,0.9588816917844203,10.0,0.0,0.0,3000.0,isolated,P1,3.0,0.15,,,,,
PUMP,B_perp_3.0x_iso_P1_d0.5_noreb_conservative,perp,PUMP_USDT,1000.0,389.8568,-0.610143,-610.1432,857.4455,0.857445,-0.748458,0.327445,38365.293523,-15903.5209,-5.49736,110.9884,8089,8716,0.968444,0.0434,0.0148,-0.7001,True,1,799,374.958,3.2491,-1.19754,same_wallet,long,575.951517,,0.0,0.0,0.0,0.0,-1175.012513,15.058273,3.976023,-11.08225,0.0,,,conservative,0.0,,,,3.249054,0.9581751340005605,10.0,0.0,0.0,3000.0,isolated,P1,3.0,0.15,,,,,
PUMP,A2_same_expo_conservative,spot,PUMP3L_USDT,1000.0,11.6223,-0.988378,-988.3777,994.265,0.994265,-0.845606,0.422764,79192.622904,-12480.6785,-18.482977,53.475,6320,8636,0.959556,-1.3692,-0.9104,-0.9926,False,0,1796,374.958,19.0062,-0.538579,same_exposure,long,-978.758226,19.006229,44.347869,0.0,0.0,0.0,-9.619439,0.0,0.0,0.0,0.0,0.0,native_atr,conservative,0.7,0.0,0.0,,,,,,,,,,,,,2.445936080769657,2445.9360807696567,,
PUMP,B_same_expo_conservative,perp,PUMP_USDT,1000.0,0.1831,-0.999817,-999.8169,999.8616,0.999862,-0.999775,0.314041,135774.544657,-7363.8024,-22.190066,45.057,8089,8636,0.959556,-0.8284,-0.2164,-0.9999,True,1,939,374.958,2.7155,-1.278262,same_exposure,long,-220.210678,,8.146473,0.0,0.0,0.0,-773.061113,8.695863,2.150738,-6.545124,0.0,,,conservative,0.75,,,,2.715491,0.9716917606732579,10.0,0.0,0.0,2445.9360807696567,isolated,P1,2.445936080769657,0.15,,2.445936080769657,2445.9360807696567,,
PUMP,A2_same_risk_conservative,spot,PUMP3L_USDT,1000.0,11.6223,-0.988378,-988.3777,994.265,0.994265,-0.845606,0.422764,79192.622904,-12480.6785,-18.482977,53.475,6320,8636,0.959556,-1.3692,-0.9104,-0.9926,False,0,1796,374.958,19.0062,-0.538579,same_risk,long,-978.758226,19.006229,44.347869,0.0,0.0,0.0,-9.619439,0.0,0.0,0.0,0.0,0.0,native_atr,conservative,0.7,0.0,0.0,,,,,,,,,,,,,,2595.924471747043,0.03654189189077722,0.014076639088881014
PUMP,B_same_risk_conservative,perp,PUMP_USDT,1000.0,0.6125,-0.999387,-999.3875,999.5436,0.999544,-0.999234,0.335643,143649.918073,-6957.1043,-22.212556,44.992,8089,8636,0.959556,-0.8023,-0.2134,-0.9997,True,1,931,374.958,2.873,-1.27804,same_risk,long,-236.166946,,8.618995,0.0,0.0,0.0,-756.294864,9.204646,2.278994,-6.925652,0.0,,,conservative,0.75,,,,2.872998,0.9686355404339198,10.0,0.0,0.0,2595.924471747043,isolated,P1,2.595924471747043,0.15,,,2595.924471747043,0.03654189189077722,0.014076639088881014
SOXL,A0_cash,cash,USDT,1000.0,1000.0,0.0,0.0,0.0,0.0,0.0,0.0,0.0,0.0,0.0,0.0,1,0,0.0,0.0,0.0,0.0,False,0,0,79.5,0.0,0.35,benchmark,long,,,,,,,,,,,,,,,,,,,,,,,,,,,,,,,,,
SOXL,A1_etf_hold,spot,SOXL3L_USDT,1000.0,29.1756,-0.970824,-970.8244,989.8234,0.989823,-0.495272,1.201854,999.745,-971072.0596,-5.16784,187.8588,225,1905,0.997905,-0.8638,-1.3701,-1.0103,False,0,1,79.5,0.255,-0.536354,benchmark,long,0.0,0.255,0.595,0.0,0.0,-970.569436,-970.824436,0.0,0.0,0.0,0.0,0.0,native_atr,base,0.7,1619.9646757623877,0.61714,,,,,,,,,,,,,,,,
SOXL,B1_spot_hold,spot,SOXL_USDT,1000.0,526.5789,-0.473421,-473.4211,673.0441,0.673044,-0.186816,0.345156,999.745,-473541.8147,-0.742322,637.7566,1081,1905,0.997905,-1.1436,-1.6375,-1.4076,False,0,1,79.5,0.255,-0.355503,benchmark,long,0.0,0.255,0.595,0.0,0.0,-473.166062,-473.421062,0.0,0.0,0.0,0.0,0.0,native_atr,base,0.7,4.3389826830432705,230.41,,,,,,,,,,,,,,,,
SOXL,B2_spot_grid,spot,SOXL_USDT,1000.0,705.7514,-0.294249,-294.2486,501.1939,0.501194,-0.141555,0.264788,58735.707502,-5009.7063,-0.661045,445.1264,1081,1774,0.929282,-0.9681,-1.382,-1.5924,False,0,1106,79.5,14.0966,-0.235728,benchmark,long,-291.369075,14.09657,32.891996,0.0,0.0,4.268891,-2.879569,0.0,0.0,0.0,0.0,0.0,native_atr,base,0.7,4.570216864003038,120.4259324479333,,,,,,,,,,,,,,,,
SOXL,A2_etf_native_atr_d0.0_reb_base,spot,SOXL3L_USDT,1000.0,119.0265,-0.880973,-880.9735,947.553,0.947553,-0.43884,0.574193,22381.691493,-39361.3451,-3.72487,236.5112,1081,1779,0.931902,-1.0752,-1.3995,-1.0553,False,0,850,79.5,5.3716,-0.517323,same_wallet,long,-883.110169,5.371606,12.533747,0.0,0.0,4.934524,2.136686,0.0,0.0,0.0,0.0,0.0,native_atr,base,0.7,3221.8122771167186,0.016478400995301463,89.85095367924859,,,,,,,,,,,,,,,
SOXL,A2_etf_underlying_equiv_d0.0_reb_base,spot,SOXL3L_USDT,1000.0,44.5473,-0.955453,-955.4527,977.1839,0.977184,-0.431705,0.271585,14701.227074,-64991.3599,-7.78558,122.7208,225,1779,0.931902,-3.0018,-3.296,-1.0233,False,0,2461,79.5,3.5283,-0.531305,same_wallet,long,-953.827767,3.528294,8.232687,0.0,0.0,0.254726,-1.624973,0.0,0.0,0.0,0.0,0.0,underlying_equiv,base,0.7,610.9621200792383,0.017593074072175665,15.37169615829784,,,,,,,,,,,,,,,
SOXL,A2_etf_static_pct_d0.0_reb_base,spot,SOXL3L_USDT,1000.0,15.3944,-0.984606,-984.6056,984.9418,0.984942,-0.477419,0.650952,24819.511197,-39670.6287,-13.223875,74.4567,521,1779,0.931902,-3.992,-4.342,-1.0153,False,0,2418,79.5,5.9567,-0.535176,same_wallet,long,-981.509834,5.956683,13.898926,0.0,0.0,-0.0,-3.095779,0.0,0.0,0.0,0.0,0.0,static_pct,base,0.7,7.389644451905042e-13,0.04023761077770676,-13.781176767370441,,,,,,,,,,,,,,,
SOXL,A2_etf_native_atr_d0.5_reb_base,spot,SOXL3L_USDT,1000.0,72.8605,-0.927139,-927.1395,966.5905,0.96659,-0.432977,0.66232,11644.22337,-79622.2662,-4.375796,211.879,1081,1779,0.931902,-1.3191,-1.8148,-1.0346,False,0,831,79.5,2.8021,-0.526343,same_wallet,long,-929.461409,2.802144,6.538336,0.0,0.0,3.842888,2.321956,0.0,0.0,0.0,0.0,0.5,native_atr,base,0.7,2394.0100322172616,0.016404790361601196,43.68498289647337,,,,,,,,,,,,,,,
SOXL,A2_etf_underlying_equiv_d0.5_reb_base,spot,SOXL3L_USDT,1000.0,46.3546,-0.953645,-953.6454,971.5663,0.971566,-0.463345,0.376557,7116.972466,-133995.9318,-6.467242,147.4578,225,1779,0.931902,-2.6407,-3.0115,-1.0293,False,0,1271,79.5,1.7156,-0.529262,same_wallet,long,-928.857011,1.715604,4.003076,0.0,0.0,-23.810796,-24.788346,0.0,0.0,0.0,0.0,0.5,underlying_equiv,base,0.7,809.9823378811941,0.04740668581192315,17.179079246306205,,,,,,,,,,,,,,,
SOXL,A2_etf_static_pct_d0.5_reb_base,spot,SOXL3L_USDT,1000.0,32.1863,-0.967814,-967.8137,980.7755,0.980776,-0.465488,0.471367,12682.375657,-76311.7015,-7.488931,129.2326,225,1905,0.997905,-2.7438,-3.2999,-1.0196,False,0,1687,79.5,3.0513,-0.533068,same_wallet,long,-949.347292,3.051301,7.119702,0.0,0.0,-16.819436,-18.466374,0.0,0.0,0.0,0.0,0.5,static_pct,base,0.7,809.982337881193,0.03877518866921155,3.0107706960176124,,,,,,,,,,,,,,,
SOXL,A2_etf_native_atr_d0.0_noreb_base,spot,SOXL3L_USDT,1000.0,115.9276,-0.884072,-884.0724,948.5106,0.948511,-0.439379,0.573627,22193.682171,-39834.4195,-3.773522,234.2831,1081,1779,0.931902,-1.1053,-1.4383,-1.0542,False,0,850,79.5,17.7549,-0.51783,same_wallet,long,-879.655251,17.754946,0.0,0.0,0.0,4.829482,-4.417194,0.0,0.0,0.0,0.0,0.0,native_atr,base,0.0,3147.6822685295238,0.01647570225346479,86.75199099930606,,,,,,,,,,,,,,,
SOXL,A2_etf_underlying_equiv_d0.0_noreb_base,spot,SOXL3L_USDT,1000.0,40.8233,-0.959177,-959.1767,974.9272,0.974927,-0.432138,0.271414,14187.340678,-67607.9293,-8.07331,118.8084,464,1779,0.931902,-3.2539,-3.4176,-1.0257,False,0,2076,79.5,11.3499,-0.53067,same_wallet,long,-953.122658,11.349873,0.0,0.0,0.0,-0.0,-6.054067,0.0,0.0,0.0,0.0,0.0,underlying_equiv,base,0.0,6.821210263296962e-13,0.019759964255401406,11.64771084175936,,,,,,,,,,,,,,,
SOXL,A2_etf_static_pct_d0.0_noreb_base,spot,SOXL3L_USDT,1000.0,14.5449,-0.985455,-985.4551,985.8373,0.985837,-0.479062,0.649036,24540.283,-40156.6325,-13.298638,74.102,521,1779,0.931902,-4.058,-4.3846,-1.0144,False,0,2417,79.5,19.6322,-0.535521,same_wallet,long,-975.252683,19.632226,0.0,0.0,0.0,-0.0,-10.202442,0.0,0.0,0.0,0.0,0.0,static_pct,base,0.0,2.8421709430404007e-13,0.040239914139989695,-14.630689502940344,,,,,,,,,,,,,,,
SOXL,A2_etf_native_atr_d0.5_noreb_base,spot,SOXL3L_USDT,1000.0,71.3616,-0.928638,-928.6384,967.073,0.967073,-0.433494,0.664125,11551.277644,-80392.7005,-4.406959,210.7209,1081,1779,0.931902,-1.3347,-1.8376,-1.034,False,0,831,79.5,9.2664,-0.526582,same_wallet,long,-927.379407,9.266362,0.0,0.0,0.0,3.771587,-1.258997,0.0,0.0,0.0,0.0,0.5,native_atr,base,0.0,2357.6792666110855,0.016410296699370382,42.18603239558955,,,,,,,,,,,,,,,
SOXL,A2_etf_underlying_equiv_d0.5_noreb_base,spot,SOXL3L_USDT,1000.0,45.7719,-0.954228,-954.2281,971.9243,0.971924,-0.463597,0.37757,7077.618489,-134823.3369,-6.486643,147.1066,225,1779,0.931902,-2.6414,-3.0167,-1.0289,False,0,1271,79.5,5.6874,-0.529412,same_wallet,long,-927.048148,5.687435,0.0,0.0,0.0,-23.938359,-27.179994,0.0,0.0,0.0,0.0,0.5,underlying_equiv,base,0.0,809.5002754642383,0.04758177323849167,16.596293964490908,,,,,,,,,,,,,,,
SOXL,A2_etf_static_pct_d0.5_noreb_base,spot,SOXL3L_USDT,1000.0,31.348,-0.968652,-968.652,981.3723,0.981372,-0.466212,0.485099,12520.655979,-77364.3159,-7.525195,128.7212,225,1905,0.997905,-2.729,-3.3003,-1.019,False,0,1687,79.5,10.0419,-0.53331,same_wallet,long,-946.044148,10.041865,0.0,0.0,0.0,-17.184959,-22.607837,0.0,0.0,0.0,0.0,0.5,static_pct,base,0.0,809.5002754642383,0.03923909540623882,2.1724514883687043,,,,,,,,,,,,,,,
SOXL,B_perp_1.5x_iso_P1_d0.0_reb_base,perp,SOXL_USDT,1000.0,513.3481,-0.486652,-486.6519,710.8081,0.710808,-0.229765,0.536204,97056.066505,-5014.1321,-1.266869,384.1376,1081,1774,0.929282,-0.7472,-1.0874,-1.341,False,0,943,79.5,1.9411,-0.382463,same_wallet,long,-492.849417,,5.823364,0.0,0.0,7.177595,6.197478,0.0,0.0,0.0,0.0,,,base,0.75,,,,1.941121,0.9830990648663075,10.0,0.0,0.0,1500.0,isolated,P1,1.5,0.15,,,,,
SOXL,B_perp_1.5x_iso_P1_d0.5_reb_base,perp,SOXL_USDT,1000.0,387.7326,-0.612267,-612.2674,797.7918,0.797792,-0.25062,0.575366,38523.575697,-15893.3175,-1.334245,458.8869,1081,1774,0.929282,-0.9058,-1.344,-1.2373,False,0,603,79.5,0.7929,-0.438038,same_wallet,long,-615.03637,,2.378809,0.0,0.0,3.186709,2.768949,0.0,0.0,0.0,0.0,,,base,0.75,,,,0.792936,0.9822486839941199,10.0,0.0,0.0,1500.0,isolated,P1,1.5,0.15,,,,,
SOXL,B_perp_1.5x_iso_P1_d0.0_noreb_base,perp,SOXL_USDT,1000.0,503.9198,-0.49608,-496.0802,713.3399,0.71334,-0.229974,0.534317,96656.477549,-5132.4053,-1.300098,381.5714,1081,1774,0.929282,-0.7892,-1.1437,-1.3416,False,0,947,79.5,7.7325,-0.385834,same_wallet,long,-499.322362,,0.0,0.0,0.0,7.146191,3.242146,0.0,0.0,0.0,0.0,,,base,0.0,,,,7.732518,0.9830979650242593,10.0,0.0,0.0,1500.0,isolated,P1,1.5,0.15,,,,,
SOXL,B_perp_1.5x_iso_P1_d0.5_noreb_base,perp,SOXL_USDT,1000.0,389.6086,-0.610391,-610.3914,796.0864,0.796086,-0.249565,0.574294,39298.924512,-15532.0137,-1.32784,459.6874,1081,1774,0.929282,-0.9038,-1.3384,-1.2396,False,0,601,79.5,3.2338,-0.437128,same_wallet,long,-611.743909,,0.0,0.0,0.0,3.054355,1.352475,0.0,0.0,0.0,0.0,,,base,0.0,,,,3.233774,0.9822657950828741,10.0,0.0,0.0,1500.0,isolated,P1,1.5,0.15,,,,,
SOXL,B_perp_2.0x_iso_P1_d0.0_reb_base,perp,SOXL_USDT,1000.0,326.7256,-0.673274,-673.2744,830.8952,0.830895,-0.308492,0.767111,113586.320492,-5927.4248,-2.030178,331.6333,1081,1774,0.929282,-0.7394,-1.1185,-1.1964,False,0,862,79.5,2.2717,-0.458236,same_wallet,long,-678.83382,,6.815179,0.0,0.0,6.704731,5.559452,0.0,0.0,0.0,0.0,,,base,0.75,,,,2.271726,0.9740547299716619,10.0,0.0,0.0,2000.0,isolated,P1,2.0,0.15,,,,,
SOXL,B_perp_2.0x_iso_P1_d0.5_reb_base,perp,SOXL_USDT,1000.0,253.3886,-0.746611,-746.6114,925.9928,0.925993,-0.451483,1.293293,17569.977964,-42493.585,-1.927061,387.4353,1081,1774,0.929282,0.1165,0.2108,-1.0779,False,0,323,79.5,0.3814,-0.499942,same_wallet,long,-723.101714,,1.144197,0.0,0.0,-23.291209,-23.509638,0.0,0.0,0.0,0.0,,,base,0.75,,,,0.381399,0.9560337127277443,10.0,0.0,0.0,2000.0,isolated,P1,2.0,0.15,,,,,
SOXL,B_perp_2.0x_iso_P1_d0.0_noreb_base,perp,SOXL_USDT,1000.0,338.8038,-0.661196,-661.1962,831.5282,0.831528,-0.308796,0.766176,113484.280859,-5826.324,-1.994827,331.4555,1081,1774,0.929282,-0.68,-1.0261,-1.1942,False,0,865,79.5,9.0787,-0.456894,same_wallet,long,-663.890414,,0.0,0.0,0.0,7.271574,2.694225,0.0,0.0,0.0,0.0,,,base,0.0,,,,9.078742,0.9740512453277321,10.0,0.0,0.0,2000.0,isolated,P1,2.0,0.15,,,,,
SOXL,B_perp_2.0x_iso_P1_d0.5_noreb_base,perp,SOXL_USDT,1000.0,253.3607,-0.746639,-746.6393,926.064,0.926064,-0.449668,1.294578,17547.032808,-42550.7422,-1.928611,387.1384,1081,1774,0.929282,0.1165,0.2109,-1.0779,False,0,301,79.5,1.5238,-0.49997,same_wallet,long,-722.31074,,0.0,0.0,0.0,-23.455777,-24.328529,0.0,0.0,0.0,0.0,,,base,0.0,,,,1.52376,0.9559949081932115,10.0,0.0,0.0,2000.0,isolated,P1,2.0,0.15,,,,,
SOXL,B_perp_2.5x_iso_P1_d0.0_reb_base,perp,SOXL_USDT,1000.0,174.2065,-0.825793,-825.7935,916.1201,0.91612,-0.388848,1.053244,108633.341632,-7601.6576,-2.951332,279.8037,1081,1774,0.929282,-0.6923,-1.0729,-1.0912,False,0,708,79.5,2.1727,-0.502759,same_wallet,long,-824.698895,,6.518,0.0,0.0,0.0,-1.09457,0.0,0.0,0.0,0.0,,,base,0.75,,,,2.172667,0.9610031551249643,10.0,0.0,0.0,2500.0,isolated,P1,2.5,0.15,,,,,
SOXL,B_perp_2.5x_iso_P1_d0.5_reb_base,perp,SOXL_USDT,1000.0,0.322,-0.999678,-999.678,999.7646,0.999765,-0.995744,0.675318,14723.937477,-67894.7467,-4.728234,211.4274,1098,1774,0.929282,-2.4951,-2.1902,-1.0002,True,1,187,79.5,0.3319,-1.278413,same_wallet,long,-644.447888,,0.99583,0.0,0.0,0.0,-355.230117,0.0,0.0,0.0,0.0,,,base,0.75,,,,0.331943,0.5057737776784604,2.0233649184025047,0.0,0.0,2500.0,isolated,P1,2.5,0.15,,,,,
SOXL,B_perp_2.5x_iso_P1_d0.0_noreb_base,perp,SOXL_USDT,1000.0,172.7181,-0.827282,-827.2819,915.0735,0.915073,-0.389321,1.056214,108561.003432,-7620.4331,-2.958139,279.663,1081,1774,0.929282,-0.7055,-1.0996,-1.0925,False,0,712,79.5,8.6849,-0.502497,same_wallet,long,-822.906675,,0.0,0.0,0.0,0.0,-4.375184,0.0,0.0,0.0,0.0,,,base,0.0,,,,8.68488,0.9609676733695997,10.0,0.0,0.0,2500.0,isolated,P1,2.5,0.15,,,,,
SOXL,B_perp_2.5x_iso_P1_d0.5_noreb_base,perp,SOXL_USDT,1000.0,0.0065,-0.999993,-999.9935,999.9952,0.999995,-0.999913,0.675645,14715.116768,-67956.8826,-4.734358,211.2205,1098,1774,0.929282,-2.4989,-2.1891,-1.0,True,1,189,79.5,1.3271,-1.278505,same_wallet,long,-644.129604,,0.0,0.0,0.0,0.0,-355.863859,0.0,0.0,0.0,0.0,,,base,0.0,,,,1.327068,0.5034678000317293,2.0139680771235016,0.0,0.0,2500.0,isolated,P1,2.5,0.15,,,,,
SOXL,B_perp_3.0x_iso_P1_d0.0_reb_base,perp,SOXL_USDT,1000.0,100.4085,-0.899592,-899.5915,962.7611,0.962761,-0.47046,1.398756,99706.984915,-9022.352,-3.79448,237.079,1081,1774,0.929282,-0.3278,-0.5219,-1.0387,False,0,538,79.5,1.9941,-0.52361,same_wallet,long,-898.585474,,5.982419,0.0,0.0,0.0,-1.006046,0.0,0.0,0.0,0.0,,,base,0.75,,,,1.99414,0.9379918382162682,10.0,0.0,0.0,3000.0,isolated,P1,3.0,0.15,99.76972892620759,,,,
SOXL,B_perp_3.0x_iso_P1_d0.5_reb_base,perp,SOXL_USDT,1000.0,0.4374,-0.999563,-999.5626,999.697,0.999697,-0.995518,0.707121,14618.193735,-68377.9834,-6.058339,164.9895,1385,1774,0.929282,-1.904,-1.4803,-1.0003,True,1,134,79.5,0.3374,-1.278385,same_wallet,long,-520.569342,,1.012089,0.0,0.0,0.0,-478.993267,0.0,0.0,0.0,5.549765,,,base,0.75,,,,0.337363,0.6990667495155508,3.3229960411160193,0.0,0.0,3000.0,isolated,P1,3.0,0.15,-0.20135996931464817,,,,
SOXL,B_perp_3.0x_iso_P1_d0.0_noreb_base,perp,SOXL_USDT,1000.0,96.534,-0.903466,-903.466,963.4673,0.963467,-0.471327,1.398972,97991.674202,-9219.824,-3.838353,235.3786,1081,1774,0.929282,-0.356,-0.5649,-1.0379,False,0,542,79.5,7.8393,-0.524063,same_wallet,long,-899.510494,,0.0,0.0,0.0,0.0,-3.955492,0.0,0.0,0.0,0.0,,,base,0.0,,,,7.839334,0.9379001885430488,10.0,0.0,0.0,3000.0,isolated,P1,3.0,0.15,,,,,
SOXL,B_perp_3.0x_iso_P1_d0.5_noreb_base,perp,SOXL_USDT,1000.0,0.2983,-0.999702,-999.7017,999.7933,0.999793,-0.996937,0.706696,14605.052805,-68449.0333,-6.064504,164.8448,1385,1774,0.929282,-1.9066,-1.4814,-1.0002,True,1,134,79.5,1.3484,-1.278424,same_wallet,long,-520.731572,,0.0,0.0,0.0,0.0,-478.970174,0.0,0.0,0.0,5.588619,,,base,0.0,,,,1.348401,0.6994889024639163,3.327664130207123,0.0,0.0,3000.0,isolated,P1,3.0,0.15,,,,,
SOXL,B_perp_3x_iso_P2_reb_base,perp,SOXL_USDT,1000.0,369.8439,-0.630156,-630.1561,732.4093,0.732409,-0.325654,0.246531,69439.141895,-9074.9403,-3.802912,165.7036,1081,1774,0.929282,-1.7106,-1.881,-1.3512,False,0,540,79.5,1.3888,-0.419096,same_wallet,long,-629.455385,,4.166349,0.0,0.0,0.0,-0.700679,0.0,0.0,0.0,0.0,,,base,0.75,,,,1.388783,0.9379225256540147,10.0,0.0,300.0,2100.0,isolated,P2,3.0,0.15,,,,,
SOXL,B_perp_3x_iso_P3_reb_base,perp,SOXL_USDT,1000.0,550.2432,-0.449757,-449.7568,554.3802,0.55438,-0.230711,0.153614,49793.46938,-9032.4458,-3.791264,118.6298,1081,1774,0.929282,-1.879,-1.9331,-1.6877,False,0,536,79.5,0.9959,-0.323012,same_wallet,long,-449.25439,,2.987608,0.0,0.0,0.0,-0.502422,0.0,0.0,0.0,0.0,,,base,0.75,,,,0.995869,0.9380528957850066,10.0,0.0,500.0,1500.0,isolated,P3,3.0,0.15,,,,,
SOXL,B_perp_3x_cross_P1_reb_base,perp,SOXL_USDT,1000.0,100.4085,-0.899592,-899.5915,962.7611,0.962761,-0.47046,1.398756,99706.984915,-9022.352,-3.79448,237.079,1081,1774,0.929282,-0.3278,-0.5219,-1.0387,False,0,538,79.5,1.9941,-0.52361,same_wallet,long,-898.585474,,5.982419,0.0,0.0,0.0,-1.006046,0.0,0.0,0.0,0.0,,,base,0.75,,,,1.99414,0.9380323959069621,10.0,0.0,0.0,3000.0,cross,P1,3.0,0.15,,,,,
SOXL,B_perp_3x_iso_P2_trig0.2_base,perp,SOXL_USDT,1000.0,369.8439,-0.630156,-630.1561,732.4093,0.732409,-0.325654,0.246531,69439.141895,-9074.9403,-3.802912,165.7036,1081,1774,0.929282,-1.7106,-1.881,-1.3512,False,0,540,79.5,1.3888,-0.419096,same_wallet,long,-629.455385,,4.166349,0.0,0.0,0.0,-0.700679,0.0,0.0,0.0,0.0,,,base,0.75,,,,1.388783,0.9379225256540147,10.0,0.0,300.0,2100.0,isolated,P2,3.0,0.2,,,,,
SOXL,B_perp_3x_iso_P2_trig0.1_base,perp,SOXL_USDT,1000.0,369.8439,-0.630156,-630.1561,732.4093,0.732409,-0.325654,0.246531,69439.141895,-9074.9403,-3.802912,165.7036,1081,1774,0.929282,-1.7106,-1.881,-1.3512,False,0,540,79.5,1.3888,-0.419096,same_wallet,long,-629.455385,,4.166349,0.0,0.0,0.0,-0.700679,0.0,0.0,0.0,0.0,,,base,0.75,,,,1.388783,0.9379225256540147,10.0,0.0,300.0,2100.0,isolated,P2,3.0,0.1,,,,,
SOXL,B6_perp_3x_static_base,perp,SOXL_USDT,1000.0,41.1389,-0.958861,-958.8611,984.6546,0.984655,-0.480793,0.89153,79619.878205,-12042.9867,-7.527574,127.3798,225,1779,0.931902,-1.441,-1.998,-1.0156,False,0,978,79.5,1.5924,-0.53406,same_wallet,long,-958.055367,,4.777193,0.0,0.0,0.0,-0.805771,0.0,0.0,0.0,0.0,,,base,0.75,,,,1.592398,0.9395784495691034,10.0,0.0,0.0,3000.0,isolated,P1,3.0,0.15,,,,,
SOXL,B6_hold_3x_dir,perp,SOXL_USDT,1000.0,0.6388,-0.999361,-999.3612,999.5773,0.999577,-0.998668,0.368243,2997.6341,-333383.3333,-8.176757,122.2198,1616,1905,0.997905,-1.9961,-1.0636,-1.0004,True,1,2,79.5,0.1499,-1.278336,same_wallet,long,0.0,,0.449645,0.0,0.0,0.0,-999.361248,0.0,0.0,0.0,0.0,,,base,0.75,,,,0.149882,0.8308770718232041,5.912858834578781,0.0,0.0,3000.0,isolated,P1,3.0,0.15,,,,,
SOXL,A2_same_expo_base,spot,SOXL3L_USDT,1000.0,119.0265,-0.880973,-880.9735,947.553,0.947553,-0.43884,0.574193,22381.691493,-39361.3451,-3.72487,236.5112,1081,1779,0.931902,-1.0752,-1.3995,-1.0553,False,0,850,79.5,5.3716,-0.517323,same_exposure,long,-883.110169,5.371606,12.533747,0.0,0.0,4.934524,2.136686,0.0,0.0,0.0,0.0,0.0,native_atr,base,0.7,3221.8122771167186,0.016478400995301463,,,,,,,,,,,,,2.704044597188339,2704.0445971883387,,
SOXL,B_same_expo_base,perp,SOXL_USDT,1000.0,139.1118,-0.860888,-860.8882,938.3537,0.938354,-0.422235,1.195654,105962.350314,-8124.4725,-3.296364,261.163,1081,1774,0.929282,-0.561,-0.8747,-1.0656,False,0,638,79.5,2.1192,-0.512854,same_exposure,long,-859.81999,,6.357741,0.0,0.0,0.0,-1.068211,0.0,0.0,0.0,0.0,,,base,0.75,,,,2.119247,0.953551715682292,10.0,0.0,0.0,2704.0445971883387,isolated,P1,2.704044597188339,0.15,,2.704044597188339,2704.0445971883387,,
SOXL,A2_same_risk_base,spot,SOXL3L_USDT,1000.0,119.0265,-0.880973,-880.9735,947.553,0.947553,-0.43884,0.574193,22381.691493,-39361.3451,-3.72487,236.5112,1081,1779,0.931902,-1.0752,-1.3995,-1.0553,False,0,850,79.5,5.3716,-0.517323,same_risk,long,-883.110169,5.371606,12.533747,0.0,0.0,4.934524,2.136686,0.0,0.0,0.0,0.0,0.0,native_atr,base,0.7,3221.8122771167186,0.016478400995301463,,,,,,,,,,,,,,2634.9964996516355,0.11341378050560906,0.043041340100680635
SOXL,B_same_risk_base,perp,SOXL_USDT,1000.0,148.7233,-0.851277,-851.2767,931.0662,0.931066,-0.41092,1.1464,106382.377015,-8002.046,-3.182039,267.5256,1081,1774,0.929282,-0.6225,-0.967,-1.0739,False,0,652,79.5,2.1276,-0.509704,same_risk,long,-850.20436,,6.382943,0.0,0.0,0.0,-1.072315,0.0,0.0,0.0,0.0,,,base,0.75,,,,2.127648,0.9563093446246937,10.0,0.0,0.0,2634.9964996516355,isolated,P1,2.6349964996516357,0.15,,,2634.9964996516355,0.11341378050560906,0.043041340100680635
SOXL,A0_cash,cash,USDT,1000.0,1000.0,0.0,0.0,0.0,0.0,0.0,0.0,0.0,0.0,0.0,0.0,1,0,0.0,0.0,0.0,0.0,False,0,0,79.5,0.0,0.35,benchmark,long,,,,,,,,,,,,,,,,,,,,,,,,,,,,,,,,,
SOXL,A1_etf_hold,spot,SOXL3L_USDT,1000.0,29.1756,-0.970824,-970.8244,989.8234,0.989823,-0.495272,1.201854,999.745,-971072.0596,-5.16784,187.8588,225,1905,0.997905,-0.8638,-1.3701,-1.0103,False,0,1,79.5,0.255,-0.536354,benchmark,long,0.0,0.255,0.595,0.0,0.0,-970.569436,-970.824436,0.0,0.0,0.0,0.0,0.0,native_atr,conservative,0.7,1619.9646757623877,0.61714,,,,,,,,,,,,,,,,
SOXL,B1_spot_hold,spot,SOXL_USDT,1000.0,526.5789,-0.473421,-473.4211,673.0441,0.673044,-0.186816,0.345156,999.745,-473541.8147,-0.742322,637.7566,1081,1905,0.997905,-1.1436,-1.6375,-1.4076,False,0,1,79.5,0.255,-0.355503,benchmark,long,0.0,0.255,0.595,0.0,0.0,-473.166062,-473.421062,0.0,0.0,0.0,0.0,0.0,native_atr,conservative,0.7,4.3389826830432705,230.41,,,,,,,,,,,,,,,,
SOXL,B2_spot_grid,spot,SOXL_USDT,1000.0,682.8247,-0.317175,-317.1753,511.4937,0.511494,-0.14188,0.264617,57687.403087,-5498.1725,-0.72722,436.1478,1081,1774,0.929282,-1.0944,-1.5355,-1.6159,False,0,1108,79.5,13.845,-0.252545,benchmark,long,-314.175686,13.844977,32.304946,0.0,0.0,4.023687,-2.999608,0.0,0.0,0.0,0.0,0.0,native_atr,conservative,0.7,4.42257236601661,120.4501931408074,,,,,,,,,,,,,,,,
SOXL,A2_etf_native_atr_d0.0_reb_conservative,spot,SOXL3L_USDT,1000.0,106.8181,-0.893182,-893.1819,948.0919,0.948092,-0.438234,0.507744,20982.629477,-42567.6804,-4.050279,220.5235,1081,1779,0.931902,-1.4103,-1.7816,-1.0547,False,0,803,79.5,5.0358,-0.518176,same_wallet,long,-894.947502,5.035831,11.750273,0.0,0.0,4.395833,1.765635,0.0,0.0,0.0,0.0,0.0,native_atr,conservative,0.7,2639.5676781017,0.01634463904137339,77.64256992265197,,,,,,,,,,,,,,,
SOXL,A2_etf_underlying_equiv_d0.0_reb_conservative,spot,SOXL3L_USDT,1000.0,35.6358,-0.964364,-964.3642,976.7724,0.976772,-0.441209,0.312623,13531.550792,-71267.8257,-7.678441,125.5938,273,1779,0.931902,-3.3326,-3.4815,-1.0238,False,0,1879,79.5,3.2476,-0.531528,same_wallet,long,-962.625083,3.247572,7.577668,0.0,0.0,0.0,-1.73912,0.0,0.0,0.0,0.0,0.0,underlying_equiv,conservative,0.7,0.0,0.0,6.460232841808871,,,,,,,,,,,,,,,
SOXL,A2_etf_static_pct_d0.0_reb_conservative,spot,SOXL3L_USDT,1000.0,15.1772,-0.984823,-984.8228,989.0906,0.989091,-0.482391,0.584507,26462.629998,-37215.6043,-10.454772,94.1984,521,1779,0.931902,-3.8805,-4.1789,-1.011,False,0,2411,79.5,6.351,-0.536637,same_wallet,long,-981.529835,6.351031,14.819073,0.0,0.0,-0.0,-3.292932,0.0,0.0,0.0,0.0,0.0,static_pct,conservative,0.7,1.5916157281026244e-12,0.04109687978874245,-13.99833078097596,,,,,,,,,,,,,,,
SOXL,A2_etf_native_atr_d0.5_reb_conservative,spot,SOXL3L_USDT,1000.0,68.6496,-0.93135,-931.3504,968.3476,0.968348,-0.454802,0.685222,11487.067791,-81078.1679,-4.51574,206.2454,1081,1779,0.931902,-1.4314,-1.9508,-1.0327,False,0,796,79.5,2.7644,-0.527154,same_wallet,long,-933.182766,2.764427,6.450329,0.0,0.0,3.334408,1.832355,0.0,0.0,0.0,0.0,0.5,native_atr,conservative,0.7,2148.801904630762,0.016458247961527325,39.47402517439218,,,,,,,,,,,,,,,
SOXL,A2_etf_underlying_equiv_d0.5_reb_conservative,spot,SOXL3L_USDT,1000.0,44.3467,-0.955653,-955.6533,973.2777,0.973278,-0.464709,0.407056,7027.369959,-135990.1859,-6.373763,149.9355,225,1779,0.931902,-2.5652,-2.956,-1.0275,False,0,1256,79.5,1.6941,-0.529946,same_wallet,long,-929.576599,1.694099,3.952899,0.0,0.0,-25.109707,-26.076748,0.0,0.0,0.0,0.0,0.5,underlying_equiv,conservative,0.7,809.9823378811941,0.049010314582457554,15.171088790893055,,,,,,,,,,,,,,,
SOXL,A2_etf_static_pct_d0.5_reb_conservative,spot,SOXL3L_USDT,1000.0,33.1459,-0.966854,-966.8541,980.0816,0.980082,-0.467136,0.456247,12051.780337,-80225.0047,-7.557766,127.9286,225,1905,0.997905,-2.8205,-3.3575,-1.0203,False,0,1655,79.5,2.9,-0.532787,same_wallet,long,-942.502312,2.899958,6.766568,0.0,0.0,-22.780653,-24.351822,0.0,0.0,0.0,0.0,0.5,static_pct,conservative,0.7,809.9823378811948,0.04613487601394208,3.9703022316040553,,,,,,,,,,,,,,,
SOXL,A2_etf_native_atr_d0.0_noreb_conservative,spot,SOXL3L_USDT,1000.0,104.2128,-0.895787,-895.7872,949.0235,0.949024,-0.438788,0.507195,20815.108103,-43035.432,-4.097279,218.6298,1081,1779,0.931902,-1.4389,-1.8172,-1.0537,False,0,803,79.5,16.6521,-0.51864,same_wallet,long,-891.388561,16.652086,0.0,0.0,0.0,4.297686,-4.39861,0.0,0.0,0.0,0.0,0.0,native_atr,conservative,0.0,2581.6528444644036,0.016345296757841694,75.03726598881829,,,,,,,,,,,,,,,
SOXL,A2_etf_underlying_equiv_d0.0_noreb_conservative,spot,SOXL3L_USDT,1000.0,34.7497,-0.96525,-965.2503,977.2956,0.977296,-0.440083,0.312712,13456.294094,-71732.2534,-7.727052,124.9183,273,1779,0.931902,-3.3641,-3.5353,-1.0232,False,0,1879,79.5,10.765,-0.531747,same_wallet,long,-959.485985,10.765035,0.0,0.0,0.0,-0.0,-5.764312,0.0,0.0,0.0,0.0,0.0,underlying_equiv,conservative,0.0,1.3642420526593924e-12,0.0305334700446077,5.574138996395877,,,,,,,,,,,,,,,
SOXL,A2_etf_static_pct_d0.0_noreb_conservative,spot,SOXL3L_USDT,1000.0,14.3441,-0.985656,-985.6559,990.1228,0.990123,-0.484152,0.582726,26388.42153,-37351.8311,-10.210205,96.5363,521,1779,0.931902,-3.8606,-4.133,-1.01,False,0,2406,79.5,21.1107,-0.537029,same_wallet,long,-974.714678,21.110737,0.0,0.0,0.0,-0.0,-10.941187,0.0,0.0,0.0,0.0,0.0,static_pct,conservative,0.0,5.684341886080801e-13,0.04109867002602512,-14.83142878245967,,,,,,,,,,,,,,,
SOXL,A2_etf_native_atr_d0.5_noreb_conservative,spot,SOXL3L_USDT,1000.0,67.3076,-0.932692,-932.6924,968.8004,0.9688,-0.455248,0.686958,11397.801271,-81830.9042,-4.545758,205.1786,1081,1779,0.931902,-1.4456,-1.9715,-1.0322,False,0,796,79.5,9.1436,-0.527373,same_wallet,long,-930.978711,9.143581,0.0,0.0,0.0,3.255469,-1.713673,0.0,0.0,0.0,0.0,0.5,native_atr,conservative,0.0,2118.5203288189596,0.016473329100168597,38.132052260369775,,,,,,,,,,,,,,,
SOXL,A2_etf_underlying_equiv_d0.5_noreb_conservative,spot,SOXL3L_USDT,1000.0,43.8116,-0.956188,-956.1884,973.6015,0.973601,-0.464965,0.407851,6988.494548,-136823.2351,-6.393017,149.5676,225,1779,0.931902,-2.5658,-2.9608,-1.0271,False,0,1256,79.5,5.6161,-0.530081,same_wallet,long,-927.733367,5.616136,0.0,0.0,0.0,-25.248267,-28.455066,0.0,0.0,0.0,0.0,0.5,underlying_equiv,conservative,0.0,809.500275464238,0.04919994273912667,14.636003447672639,,,,,,,,,,,,,,,
SOXL,A2_etf_static_pct_d0.5_noreb_conservative,spot,SOXL3L_USDT,1000.0,32.271,-0.967729,-967.729,980.7046,0.980705,-0.467795,0.469683,11900.290163,-81319.7849,-7.591295,127.4788,225,1905,0.997905,-2.8055,-3.3586,-1.0197,False,0,1651,79.5,9.5456,-0.53304,same_wallet,long,-938.75336,9.545572,0.0,0.0,0.0,-23.801115,-28.975676,0.0,0.0,0.0,0.0,0.5,static_pct,conservative,0.0,809.5002754642371,0.04741223245203033,3.0953997271237235,,,,,,,,,,,,,,,
SOXL,B_perp_1.5x_iso_P1_d0.0_reb_conservative,perp,SOXL_USDT,1000.0,487.8842,-0.512116,-512.1158,715.9179,0.715918,-0.231082,0.535798,96034.106211,-5332.6454,-1.355157,377.9016,1081,1774,0.929282,-0.8635,-1.2583,-1.345,False,0,942,79.5,1.9207,-0.390704,same_wallet,long,-520.430009,,5.762046,0.0,0.0,9.283938,8.314174,0.0,0.0,0.0,0.0,,,conservative,0.75,,,,1.920682,0.9830841031273165,10.0,0.0,0.0,1500.0,isolated,P1,1.5,0.15,,,,,
SOXL,B_perp_1.5x_iso_P1_d0.5_reb_conservative,perp,SOXL_USDT,1000.0,385.7646,-0.614235,-614.2354,797.548,0.797548,-0.250961,0.574939,38761.152311,-15846.6744,-1.340966,458.0544,1081,1774,0.929282,-0.9171,-1.3604,-1.238,False,0,615,79.5,0.7977,-0.438277,same_wallet,long,-619.031773,,2.393064,0.0,0.0,5.216568,4.796412,0.0,0.0,0.0,0.0,,,conservative,0.75,,,,0.797688,0.9822564195889628,10.0,0.0,0.0,1500.0,isolated,P1,1.5,0.15,,,,,
SOXL,B_perp_1.5x_iso_P1_d0.0_noreb_conservative,perp,SOXL_USDT,1000.0,481.1173,-0.518883,-518.8827,717.4872,0.717487,-0.231192,0.536176,95842.676907,-5413.9003,-1.379195,376.2213,1081,1774,0.929282,-0.8936,-1.3031,-1.3453,False,0,944,79.5,7.6674,-0.39284,same_wallet,long,-524.249827,,0.0,0.0,0.0,9.238127,5.367127,0.0,0.0,0.0,0.0,,,conservative,0.0,,,,7.667414,0.9830787055908875,10.0,0.0,0.0,1500.0,isolated,P1,1.5,0.15,,,,,
SOXL,B_perp_1.5x_iso_P1_d0.5_noreb_conservative,perp,SOXL_USDT,1000.0,382.0424,-0.617958,-617.9576,799.6531,0.799653,-0.252417,0.576154,37935.648633,-16289.627,-1.354469,456.2359,1081,1774,0.929282,-0.9268,-1.377,-1.2355,False,0,601,79.5,3.1247,-0.439625,same_wallet,long,-621.705331,,0.0,0.0,0.0,5.395422,3.747766,0.0,0.0,0.0,0.0,,,conservative,0.0,,,,3.124712,0.9822446254827305,10.0,0.0,0.0,1500.0,isolated,P1,1.5,0.15,,,,,
SOXL,B_perp_2.0x_iso_P1_d0.0_reb_conservative,perp,SOXL_USDT,1000.0,324.4959,-0.675504,-675.5041,832.2439,0.832244,-0.31033,0.76728,113560.908772,-5948.3856,-2.053827,328.9002,1081,1774,0.929282,-0.7552,-1.1439,-1.1947,False,0,862,79.5,2.2712,-0.458996,same_wallet,long,-682.529736,,6.813655,0.0,0.0,8.170701,7.025666,0.0,0.0,0.0,0.0,,,conservative,0.75,,,,2.271218,0.9741777743729794,10.0,0.0,0.0,2000.0,isolated,P1,2.0,0.15,,,,,
SOXL,B_perp_2.0x_iso_P1_d0.5_reb_conservative,perp,SOXL_USDT,1000.0,251.5772,-0.748423,-748.4228,926.8532,0.926853,-0.450767,1.30219,17308.786954,-43239.4727,-1.939721,385.8404,1081,1774,0.929282,0.1202,0.2181,-1.077,False,0,307,79.5,0.3762,-0.500415,same_wallet,long,-722.209888,,1.128525,0.0,0.0,-25.997098,-26.212933,0.0,0.0,0.0,0.0,,,conservative,0.75,,,,0.376175,0.9556531727195388,10.0,0.0,0.0,2000.0,isolated,P1,2.0,0.15,,,,,
SOXL,B_perp_2.0x_iso_P1_d0.0_noreb_conservative,perp,SOXL_USDT,1000.0,314.3449,-0.685655,-685.6551,834.1913,0.834191,-0.310633,0.766777,112690.50594,-6084.409,-2.105348,325.673,1081,1774,0.929282,-0.8004,-1.2101,-1.1929,False,0,862,79.5,9.0152,-0.460967,same_wallet,long,-688.89457,,0.0,0.0,0.0,7.784123,3.239437,0.0,0.0,0.0,0.0,,,conservative,0.0,,,,9.01524,0.9741692237099824,10.0,0.0,0.0,2000.0,isolated,P1,2.0,0.15,,,,,
SOXL,B_perp_2.0x_iso_P1_d0.5_noreb_conservative,perp,SOXL_USDT,1000.0,251.4806,-0.748519,-748.5194,927.125,0.927125,-0.451915,1.308453,17319.451948,-43218.423,-1.941472,385.5422,1081,1774,0.929282,0.1247,0.2267,-1.0767,False,0,307,79.5,1.5056,-0.50052,same_wallet,long,-721.496376,,0.0,0.0,0.0,-26.159299,-27.023023,0.0,0.0,0.0,0.0,,,conservative,0.0,,,,1.505554,0.9553647573854472,10.0,0.0,0.0,2000.0,isolated,P1,2.0,0.15,,,,,
SOXL,B_perp_2.5x_iso_P1_d0.0_reb_conservative,perp,SOXL_USDT,1000.0,162.4436,-0.837556,-837.5564,917.4971,0.917497,-0.391306,1.055281,105276.63545,-7955.7668,-3.073125,272.5423,1081,1774,0.929282,-0.7809,-1.1939,-1.0897,False,0,672,79.5,2.1055,-0.504074,same_wallet,long,-836.495239,,6.316598,0.0,0.0,0.0,-1.061121,0.0,0.0,0.0,0.0,,,conservative,0.75,,,,2.105533,0.960839995784977,10.0,0.0,0.0,2500.0,isolated,P1,2.5,0.15,,,,,
SOXL,B_perp_2.5x_iso_P1_d0.5_reb_conservative,perp,SOXL_USDT,1000.0,0.0994,-0.999901,-999.9006,999.9273,0.999927,-0.998645,0.680952,14630.760769,-68342.3503,-4.748496,210.572,1098,1774,0.929282,-2.4978,-2.1932,-1.0001,True,1,189,79.5,0.3301,-1.278478,same_wallet,long,-643.289948,,0.99024,0.0,0.0,0.0,-356.61063,0.0,0.0,0.0,0.0,,,conservative,0.75,,,,0.33008,0.39103779490563134,1.64213803686722,0.0,0.0,2500.0,isolated,P1,2.5,0.15,,,,,
SOXL,B_perp_2.5x_iso_P1_d0.0_noreb_conservative,perp,SOXL_USDT,1000.0,161.2103,-0.83879,-838.7897,918.239,0.918239,-0.391782,1.054875,105252.639992,-7969.2982,-3.095004,271.0141,1081,1774,0.929282,-0.7964,-1.2138,-1.0888,False,0,674,79.5,8.4202,-0.504415,same_wallet,long,-834.546351,,0.0,0.0,0.0,0.0,-4.24332,0.0,0.0,0.0,0.0,,,conservative,0.0,,,,8.420211,0.9607987985506925,10.0,0.0,0.0,2500.0,isolated,P1,2.5,0.15,,,,,
SOXL,B_perp_2.5x_iso_P1_d0.5_noreb_conservative,perp,SOXL_USDT,1000.0,0.0044,-0.999996,-999.9956,999.9968,0.999997,-0.999939,0.680805,14616.003612,-68417.8533,-4.753664,210.3631,1098,1774,0.929282,-2.5019,-2.1954,-1.0,True,1,189,79.5,1.3191,-1.278506,same_wallet,long,-642.464083,,0.0,0.0,0.0,0.0,-357.531509,0.0,0.0,0.0,0.0,,,conservative,0.0,,,,1.319139,0.35595445098163536,1.5526852122868806,0.0,0.0,2500.0,isolated,P1,2.5,0.15,,,,,
SOXL,B_perp_3.0x_iso_P1_d0.0_reb_conservative,perp,SOXL_USDT,1000.0,94.5067,-0.905493,-905.4933,965.341,0.965341,-0.479924,1.390116,95217.918352,-9509.6942,-3.910092,231.5785,1081,1774,0.929282,-0.3507,-0.5539,-1.0359,False,0,540,79.5,1.9044,-0.52483,same_wallet,long,-904.53207,,5.713075,0.0,0.0,0.0,-0.961215,0.0,0.0,0.0,0.0,,,conservative,0.75,,,,1.904358,0.9368663464283531,10.0,0.0,0.0,3000.0,isolated,P1,3.0,0.15,93.86796342382465,,,,
SOXL,B_perp_3.0x_iso_P1_d0.5_reb_conservative,perp,SOXL_USDT,1000.0,0.2495,-0.99975,-999.7505,999.827,0.999827,-0.997395,0.708663,14571.283573,-68611.0089,-6.081797,164.384,1385,1774,0.929282,-1.9091,-1.4838,-1.0002,True,1,136,79.5,0.3364,-1.278438,same_wallet,long,-522.048095,,1.009274,0.0,0.0,0.0,-477.702372,0.0,0.0,0.0,4.318768,,,conservative,0.75,,,,0.336425,0.6875435068200471,3.20044557187061,0.0,0.0,3000.0,isolated,P1,3.0,0.15,-0.3892184315667482,,,,
SOXL,B_perp_3.0x_iso_P1_d0.0_noreb_conservative,perp,SOXL_USDT,1000.0,91.5314,-0.908469,-908.4686,966.2129,0.966213,-0.475796,1.391867,94005.977567,-9663.9448,-3.897836,233.07,1081,1774,0.929282,-0.3473,-0.5452,-1.035,False,0,534,79.5,7.5205,-0.525288,same_wallet,long,-904.672303,,0.0,0.0,0.0,0.0,-3.796277,0.0,0.0,0.0,0.0,,,conservative,0.0,,,,7.520478,0.9384022231060785,10.0,0.0,0.0,3000.0,isolated,P1,3.0,0.15,,,,,
SOXL,B_perp_3.0x_iso_P1_d0.5_noreb_conservative,perp,SOXL_USDT,1000.0,0.3485,-0.999652,-999.6515,999.7583,0.999758,-0.996351,0.709395,14563.064557,-68642.9366,-6.08652,164.2402,1385,1774,0.929282,-1.9072,-1.4839,-1.0002,True,1,136,79.5,1.345,-1.27841,same_wallet,long,-521.834349,,0.0,0.0,0.0,0.0,-477.817167,0.0,0.0,0.0,4.079284,,,conservative,0.0,,,,1.345041,0.6852098278212251,3.1767192510447324,0.0,0.0,3000.0,isolated,P1,3.0,0.15,,,,,
SOXL,A2_same_expo_conservative,spot,SOXL3L_USDT,1000.0,106.8181,-0.893182,-893.1819,948.0919,0.948092,-0.438234,0.507744,20982.629477,-42567.6804,-4.050279,220.5235,1081,1779,0.931902,-1.4103,-1.7816,-1.0547,False,0,803,79.5,5.0358,-0.518176,same_exposure,long,-894.947502,5.035831,11.750273,0.0,0.0,4.395833,1.765635,0.0,0.0,0.0,0.0,0.0,native_atr,conservative,0.7,2639.5676781017,0.01634463904137339,,,,,,,,,,,,,2.704044597188339,2704.0445971883387,,
SOXL,B_same_expo_conservative,perp,SOXL_USDT,1000.0,131.6873,-0.868313,-868.3127,941.2639,0.941264,-0.425099,1.197492,102463.058187,-8474.3981,-3.40459,255.0418,1081,1774,0.929282,-0.6003,-0.9315,-1.0623,False,0,638,79.5,2.0493,-0.514338,same_exposure,long,-867.279454,,6.147783,0.0,0.0,0.0,-1.033293,0.0,0.0,0.0,0.0,,,conservative,0.75,,,,2.049261,0.9530874800544205,10.0,0.0,0.0,2704.0445971883387,isolated,P1,2.704044597188339,0.15,,2.704044597188339,2704.0445971883387,,
SOXL,A2_same_risk_conservative,spot,SOXL3L_USDT,1000.0,106.8181,-0.893182,-893.1819,948.0919,0.948092,-0.438234,0.507744,20982.629477,-42567.6804,-4.050279,220.5235,1081,1779,0.931902,-1.4103,-1.7816,-1.0547,False,0,803,79.5,5.0358,-0.518176,same_risk,long,-894.947502,5.035831,11.750273,0.0,0.0,4.395833,1.765635,0.0,0.0,0.0,0.0,0.0,native_atr,conservative,0.7,2639.5676781017,0.01634463904137339,,,,,,,,,,,,,,2634.9964996516355,0.11341378050560906,0.043041340100680635
SOXL,B_same_risk_conservative,perp,SOXL_USDT,1000.0,141.6428,-0.858357,-858.3572,934.5603,0.93456,-0.413625,1.145321,103727.304888,-8275.1322,-3.288763,260.997,1081,1774,0.929282,-0.6596,-1.0149,-1.0699,False,0,646,79.5,2.0745,-0.511386,same_risk,long,-857.31132,,6.223638,0.0,0.0,0.0,-1.045836,0.0,0.0,0.0,0.0,,,conservative,0.75,,,,2.074546,0.9559977150117268,10.0,0.0,0.0,2634.9964996516355,isolated,P1,2.6349964996516357,0.15,,,2634.9964996516355,0.11341378050560906,0.043041340100680635
SNXX,A0_cash,cash,USDT,1000.0,1000.0,0.0,0.0,0.0,0.0,0.0,0.0,0.0,0.0,0.0,0.0,1,0,0.0,0.0,0.0,0.0,False,0,0,45.583,0.0,0.35,benchmark,long,,,,,,,,,,,,,,,,,,,,,,,,,,,,,,,,,
SNXX,A1_etf_hold,spot,SNXX3L_USDT,1000.0,2029.2074,1.029207,1029.2074,829.4645,0.829464,-0.630629,3.136037,999.745,1029469.9078,0.409304,2514.5326,465,631,0.576256,3.6272,9.1355,347.1807,False,0,1,45.583,0.255,0.552817,benchmark,long,0.0,0.255,0.595,0.0,0.0,1029.462393,1029.207393,0.0,0.0,0.0,0.0,0.0,native_atr,base,0.7,1777.356041885189,0.56249,,,,,,,,,,,,,,,,
SNXX,B1_spot_hold,spot,SNXX_USDT,1000.0,2243.9184,1.243918,1243.9184,394.628,0.394628,-0.256036,0.720844,999.745,1244235.7033,0.620441,2004.8936,465,623,0.56895,3.4955,6.0966,1635.9243,False,0,1,45.583,0.255,0.735308,benchmark,long,0.0,0.255,0.595,0.0,0.0,1244.173423,1243.918423,0.0,0.0,0.0,0.0,0.0,native_atr,base,0.7,148.86018463371053,6.716,,,,,,,,,,,,,,,,
SNXX,B2_spot_grid,spot,SNXX_USDT,1000.0,1310.8297,0.31083,310.8297,283.2754,0.283275,-0.172154,0.135029,58120.472104,5348.024,0.444614,699.1001,465,631,0.576256,2.4623,2.7976,27.3032,False,0,672,45.583,13.9489,0.644156,benchmark,long,404.734626,13.948913,32.547464,0.0,0.0,-86.821746,-93.904944,0.0,0.0,0.0,0.0,0.0,native_atr,base,0.7,81.6607597238206,16.137200323319476,,,,,,,,,,,,,,,,
SNXX,A2_etf_native_atr_d0.0_reb_base,spot,SNXX3L_USDT,1000.0,799.5642,-0.200436,-200.4358,719.7438,0.719744,-0.509198,0.465383,28533.271765,-7024.6353,-0.377151,531.4467,465,623,0.56895,1.6412,1.911,-1.1577,False,0,537,45.583,6.848,-0.242474,same_wallet,long,-164.71352,6.847985,15.978632,0.0,0.0,-32.217644,-35.722309,0.0,0.0,0.0,0.0,0.0,native_atr,base,0.7,419.26950517138897,1.2185423264026758,-1229.6432216839314,,,,,,,,,,,,,,,
SNXX,A2_etf_underlying_equiv_d0.0_reb_base,spot,SNXX3L_USDT,1000.0,946.422,-0.053578,-53.578,731.4577,0.731458,-0.564612,0.994322,42514.151019,-1260.2396,-0.079265,675.9364,92,631,0.576256,2.2161,3.1417,-0.4875,False,0,1737,45.583,10.2034,-0.04,same_wallet,long,92.085873,10.203396,23.807925,0.0,0.0,-140.464276,-145.663892,0.0,0.0,0.0,0.0,0.0,underlying_equiv,base,0.7,676.7111959389216,1.3492690150131639,-1082.785411588418,,,,,,,,,,,,,,,
SNXX,A2_etf_static_pct_d0.0_reb_base,spot,SNXX3L_USDT,1000.0,234.9584,-0.765042,-765.0416,871.2544,0.871254,-0.569232,0.590249,58123.990365,-13162.2353,-2.137819,357.8609,377,1048,0.957078,-0.3004,-0.389,-1.1478,False,0,2089,45.583,13.9498,-0.48249,same_wallet,long,-717.278689,13.949758,32.549435,0.0,0.0,-40.673696,-47.762949,0.0,0.0,0.0,0.0,0.0,static_pct,base,0.7,176.9549677980928,1.3715533699980604,-1794.2490315369978,,,,,,,,,,,,,,,
SNXX,A2_etf_native_atr_d0.5_reb_base,spot,SNXX3L_USDT,1000.0,1432.9512,0.432951,432.9512,809.6978,0.809698,-0.605488,1.63701,15989.941737,27076.4713,0.280806,1541.8161,465,623,0.56895,3.405,6.0108,20.7775,False,0,560,45.583,3.8451,0.467803,same_wallet,long,657.531195,3.845117,8.971939,0.0,0.0,-222.55432,-224.579996,0.0,0.0,0.0,0.0,0.5,native_atr,base,0.7,1107.764761653224,1.3426039535036682,-596.2561943645514,,,,,,,,,,,,,,,
SNXX,A2_etf_underlying_equiv_d0.5_reb_base,spot,SNXX3L_USDT,1000.0,1424.0628,0.424063,424.0628,804.8264,0.804826,-0.613493,1.697583,19604.899239,21630.448,0.2733,1551.6391,465,631,0.576256,3.3919,6.2016,19.827,False,0,1772,45.583,4.7127,0.465528,same_wallet,long,512.349738,4.712706,10.996315,0.0,0.0,-85.816456,-88.286984,0.0,0.0,0.0,0.0,0.5,underlying_equiv,base,0.7,1181.444721314699,1.2143368776339936,-605.144638724925,,,,,,,,,,,,,,,
SNXX,A2_etf_static_pct_d0.5_reb_base,spot,SNXX3L_USDT,1000.0,1131.0471,0.131047,131.0471,823.8516,0.823852,-0.608466,1.914104,32546.159452,4026.5009,0.091682,1429.3591,465,631,0.576256,3.1072,6.0358,2.04,False,0,2193,45.583,7.8186,0.297658,same_wallet,long,413.330226,7.818609,18.243421,0.0,0.0,-278.252914,-282.283088,0.0,0.0,0.0,0.0,0.5,static_pct,base,0.7,976.375455798487,1.4266855685013486,-898.1602541110649,,,,,,,,,,,,,,,
SNXX,A2_etf_native_atr_d0.0_noreb_base,spot,SNXX3L_USDT,1000.0,788.7321,-0.211268,-211.2679,721.3436,0.721344,-0.510332,0.466072,28538.840322,-7402.8204,-0.39992,528.2748,465,638,0.582648,1.6163,1.8809,-1.179,False,0,542,45.583,22.8311,-0.251646,same_wallet,long,-168.034374,22.831072,0.0,0.0,0.0,-31.553389,-43.233535,0.0,0.0,0.0,0.0,0.0,native_atr,base,0.0,414.37157124929064,1.217847572305982,-1240.4753025972104,,,,,,,,,,,,,,,
SNXX,A2_etf_underlying_equiv_d0.0_noreb_base,spot,SNXX3L_USDT,1000.0,923.4244,-0.076576,-76.5756,734.0042,0.734004,-0.565269,0.994342,41937.966663,-1825.9247,-0.11478,667.1509,92,631,0.576256,2.1775,3.0885,-0.6425,False,0,1737,45.583,33.5504,-0.087117,same_wallet,long,77.461339,33.550373,0.0,0.0,0.0,-136.942999,-154.036909,0.0,0.0,0.0,0.0,0.0,underlying_equiv,base,0.0,660.2274037382888,1.3491179267233353,-1105.7829628922868,,,,,,,,,,,,,,,
SNXX,A2_etf_static_pct_d0.0_noreb_base,spot,SNXX3L_USDT,1000.0,224.4016,-0.775598,-775.5984,875.0699,0.87507,-0.571895,0.589347,57073.004917,-13589.5837,-2.208588,351.1738,377,1048,0.957078,-0.3769,-0.4873,-1.1428,False,0,2088,45.583,45.6584,-0.484726,same_wallet,long,-713.498826,45.658404,0.0,0.0,0.0,-38.901173,-62.099554,0.0,0.0,0.0,0.0,0.0,static_pct,base,0.0,169.05267836558872,1.3718127267543683,-1804.8057731525623,,,,,,,,,,,,,,,
SNXX,A2_etf_native_atr_d0.5_noreb_base,spot,SNXX3L_USDT,1000.0,1425.886,0.425886,425.886,809.9958,0.809996,-0.60587,1.636345,15865.823322,26842.9818,0.276775,1538.7452,465,623,0.56895,3.4019,6.0049,19.916,False,0,560,45.583,12.718,0.464976,same_wallet,long,658.333852,12.717999,0.0,0.0,0.0,-225.747311,-232.447846,0.0,0.0,0.0,0.0,0.5,native_atr,base,0.0,1104.2895256804004,1.3461276488094684,-603.3213865995997,,,,,,,,,,,,,,,
SNXX,A2_etf_underlying_equiv_d0.5_noreb_base,spot,SNXX3L_USDT,1000.0,1413.4567,0.413457,413.4567,805.4235,0.805423,-0.613718,1.696932,19350.681072,21366.517,0.267255,1547.0509,465,631,0.576256,3.3863,6.192,18.589,False,0,1772,45.583,15.5059,0.461129,same_wallet,long,504.498453,15.505885,0.0,0.0,0.0,-82.911744,-91.041798,0.0,0.0,0.0,0.0,0.5,underlying_equiv,base,0.0,1173.7467060854335,1.212338531674021,-615.750737788828,,,,,,,,,,,,,,,
SNXX,A2_etf_static_pct_d0.5_noreb_base,spot,SNXX3L_USDT,1000.0,1123.5857,0.123586,123.5857,824.3647,0.824365,-0.609002,1.913148,31842.314356,3881.1779,0.086772,1424.2634,465,631,0.576256,3.1043,6.0285,1.8708,False,0,2193,45.583,25.4992,0.291747,same_wallet,long,405.338241,25.499191,0.0,0.0,0.0,-268.606616,-281.752553,0.0,0.0,0.0,0.0,0.5,static_pct,base,0.0,970.7113481977178,1.418411111839743,-905.6217049167246,,,,,,,,,,,,,,,
SNXX,B_perp_1.5x_iso_P1_d0.0_reb_base,perp,SNXX_USDT,1000.0,1485.1131,0.485113,485.1131,289.1857,0.289186,-0.169041,0.160581,69278.784399,7002.333,0.818932,592.3729,465,631,0.576256,3.0864,3.7258,78.6065,False,0,743,45.583,1.3856,0.724789,same_wallet,long,590.120697,,4.156727,0.0,0.0,-98.205252,-98.907117,6.100465,0.0,-6.100465,0.0,,,base,0.75,,,,1.385576,0.9835099795964899,10.0,0.0,0.0,1500.0,isolated,P1,1.5,0.15,,,,,
SNXX,B_perp_1.5x_iso_P1_d0.5_reb_base,perp,SNXX_USDT,1000.0,2091.8419,1.091842,1091.8419,348.0778,0.348078,-0.235779,0.549287,6512.785678,167645.9161,0.879794,1241.0204,465,623,0.56895,3.5697,5.8072,1056.1331,False,0,358,45.583,0.1527,0.763278,same_wallet,long,522.729473,,0.458223,0.0,0.0,581.285182,581.191787,12.079338,0.0,-12.079338,0.0,,,base,0.75,,,,0.152741,0.9846858456666183,10.0,0.0,0.0,1500.0,isolated,P1,1.5,0.15,,,,,
SNXX,B_perp_1.5x_iso_P1_d0.0_noreb_base,perp,SNXX_USDT,1000.0,1480.9564,0.480956,480.9564,290.1806,0.290181,-0.169358,0.160729,69278.784399,6942.333,0.811915,592.3729,465,631,0.576256,3.0666,3.7004,76.522,False,0,743,45.583,5.5423,0.723206,same_wallet,long,588.069567,,0.0,0.0,0.0,-98.205252,-101.012714,6.100465,0.0,-6.100465,0.0,,,base,0.0,,,,5.542303,0.9835099795964899,10.0,0.0,0.0,1500.0,isolated,P1,1.5,0.15,,,,,
SNXX,B_perp_1.5x_iso_P1_d0.5_noreb_base,perp,SNXX_USDT,1000.0,2091.3837,1.091384,1091.3837,348.1393,0.348139,-0.235833,0.549335,6512.785678,167575.5587,0.879424,1241.0204,465,623,0.56895,3.5691,5.806,1054.0907,False,0,358,45.583,0.611,0.763233,same_wallet,long,522.551435,,0.0,0.0,0.0,581.285182,580.911602,12.079338,0.0,-12.079338,0.0,,,base,0.0,,,,0.610964,0.9846858456666183,10.0,0.0,0.0,1500.0,isolated,P1,1.5,0.15,,,,,
SNXX,B_perp_2.0x_iso_P1_d0.0_reb_base,perp,SNXX_USDT,1000.0,1647.7092,0.647709,647.7092,337.7417,0.337742,-0.197849,0.199263,92387.902915,7010.7573,1.062941,609.3554,465,631,0.576256,3.3066,4.0847,158.492,False,0,743,45.583,1.8478,0.742443,same_wallet,long,787.459863,,5.543274,0.0,0.0,-130.675531,-131.611509,8.139188,0.0,-8.139188,0.0,,,base,0.75,,,,1.847758,0.9755869908124954,10.0,0.0,0.0,2000.0,isolated,P1,2.0,0.15,,,,,
SNXX,B_perp_2.0x_iso_P1_d0.5_reb_base,perp,SNXX_USDT,1000.0,2461.2617,1.461262,1461.2617,384.2949,0.384295,-0.27481,0.732167,8386.704907,174235.494,1.029895,1418.8447,465,623,0.56895,3.7293,6.5196,3524.8253,False,0,346,45.583,0.1977,0.759256,same_wallet,long,668.720387,,0.593143,0.0,0.0,808.765106,808.643604,16.102318,0.0,-16.102318,0.0,,,base,0.75,,,,0.197714,0.9791129504419619,10.0,0.0,0.0,2000.0,isolated,P1,2.0,0.15,,,,,
SNXX,B_perp_2.0x_iso_P1_d0.0_noreb_base,perp,SNXX_USDT,1000.0,1642.1659,0.642166,642.1659,338.9499,0.33895,-0.198247,0.199498,92387.902915,6950.7573,1.053845,609.3554,465,631,0.576256,3.287,4.0589,153.644,False,0,743,45.583,7.391,0.741124,same_wallet,long,784.724525,,0.0,0.0,0.0,-130.675531,-134.419446,8.139188,0.0,-8.139188,0.0,,,base,0.0,,,,7.391032,0.9755869908124954,10.0,0.0,0.0,2000.0,isolated,P1,2.0,0.15,,,,,
SNXX,B_perp_2.0x_iso_P1_d0.5_noreb_base,perp,SNXX_USDT,1000.0,2460.6685,1.460669,1460.6685,384.3693,0.384369,-0.274879,0.732258,8386.704907,174164.7698,1.029477,1418.8447,465,623,0.56895,3.7288,6.5185,3517.3433,False,0,346,45.583,0.7909,0.759219,same_wallet,long,668.491749,,0.0,0.0,0.0,808.765106,808.279098,16.102318,0.0,-16.102318,0.0,,,base,0.0,,,,0.790857,0.9791129504419619,10.0,0.0,0.0,2000.0,isolated,P1,2.0,0.15,,,,,
SNXX,B_perp_2.5x_iso_P1_d0.0_reb_base,perp,SNXX_USDT,1000.0,1809.2576,0.809258,809.2576,375.3764,0.375376,-0.225428,0.232644,115499.126237,7006.6119,1.293,625.876,465,631,0.576256,3.494,4.4025,304.5345,False,0,743,45.583,2.31,0.747757,same_wallet,long,984.639015,,6.929948,0.0,0.0,-164.036533,-165.206671,10.174787,0.0,-10.174787,0.0,,,base,0.75,,,,2.309983,0.965701576216352,10.0,0.0,0.0,2500.0,isolated,P1,2.5,0.15,,,,,
SNXX,B_perp_2.5x_iso_P1_d0.5_reb_base,perp,SNXX_USDT,1000.0,2827.5448,1.827545,1827.5448,410.224,0.410224,-0.305181,0.915395,10470.245801,174546.5002,1.148319,1591.4958,465,623,0.56895,3.8285,7.1603,10033.4498,False,0,346,45.583,0.2469,0.753082,same_wallet,long,834.879195,,0.740701,0.0,0.0,1012.956098,1012.804327,20.138761,0.0,-20.138761,0.0,,,base,0.75,,,,0.2469,0.9733013848508079,10.0,0.0,0.0,2500.0,isolated,P1,2.5,0.15,,,,,
SNXX,B_perp_2.5x_iso_P1_d0.0_noreb_base,perp,SNXX_USDT,1000.0,1802.3276,0.802328,802.3276,376.7601,0.37676,-0.225956,0.23297,115499.126237,6946.6119,1.281927,625.876,465,631,0.576256,3.4746,4.3766,294.1539,False,0,743,45.583,9.2399,0.746669,same_wallet,long,981.219483,,0.0,0.0,0.0,-164.036533,-168.717087,10.174787,0.0,-10.174787,0.0,,,base,0.0,,,,9.23993,0.965701576216352,10.0,0.0,0.0,2500.0,isolated,P1,2.5,0.15,,,,,
SNXX,B_perp_2.5x_iso_P1_d0.5_noreb_base,perp,SNXX_USDT,1000.0,2826.8041,1.826804,1826.8041,410.3082,0.410308,-0.305263,0.915543,10470.245801,174475.7568,1.147854,1591.4958,465,623,0.56895,3.8281,7.1594,10010.364,False,0,346,45.583,0.9876,0.753046,same_wallet,long,834.593807,,0.0,0.0,0.0,1012.956098,1012.349013,20.138761,0.0,-20.138761,0.0,,,base,0.0,,,,0.987601,0.9733013848508079,10.0,0.0,0.0,2500.0,isolated,P1,2.5,0.15,,,,,
SNXX,B_perp_3.0x_iso_P1_d0.0_reb_base,perp,SNXX_USDT,1000.0,1971.1137,0.971114,971.1137,405.6239,0.405624,-0.254572,0.272281,138662.544223,7003.4322,1.512153,642.2058,465,631,0.576256,3.6584,4.694,562.1141,False,0,743,45.583,2.7733,0.74698,same_wallet,long,1181.591453,,8.319753,0.0,0.0,-196.860178,-198.26498,12.212745,0.0,-12.212745,0.0,,,base,0.75,,,,2.773251,0.953023992350608,10.0,0.0,0.0,3000.0,isolated,P1,3.0,0.15,-2718.017254709981,,,,
SNXX,B_perp_3.0x_iso_P1_d0.5_reb_base,perp,SNXX_USDT,1000.0,3192.5366,2.192537,2192.5366,437.2322,0.437232,-0.32923,1.097689,12610.516687,173865.7196,1.244685,1761.5193,75,623,0.56895,3.8904,7.7595,24889.8071,False,0,354,45.583,0.2972,0.74484,same_wallet,long,1004.31623,,0.891602,0.0,0.0,1212.563208,1212.380622,24.160294,0.0,-24.160294,0.0,,,base,0.75,,,,0.297201,0.9672065736687727,10.0,0.0,0.0,3000.0,isolated,P1,3.0,0.15,-1496.5944239756518,,,,
SNXX,B_perp_3.0x_iso_P1_d0.0_noreb_base,perp,SNXX_USDT,1000.0,1962.794,0.962794,962.794,407.1529,0.407153,-0.255187,0.272121,138662.544223,6943.4322,1.499198,642.2058,465,631,0.576256,3.6393,4.668,541.2722,False,0,743,45.583,11.093,0.746057,same_wallet,long,1177.486107,,0.0,0.0,0.0,-196.860178,-202.479387,12.212745,0.0,-12.212745,0.0,,,base,0.0,,,,11.093004,0.953023992350608,10.0,0.0,0.0,3000.0,isolated,P1,3.0,0.15,,,,,
SNXX,B_perp_3.0x_iso_P1_d0.5_noreb_base,perp,SNXX_USDT,1000.0,3191.645,2.191645,2191.645,437.4108,0.437411,-0.329323,1.097909,12610.516687,173795.0165,1.244179,1761.5193,75,623,0.56895,3.89,7.7587,24824.0578,False,0,354,45.583,1.1888,0.744773,same_wallet,long,1003.972385,,0.0,0.0,0.0,1212.563208,1211.832864,24.160294,0.0,-24.160294,0.0,,,base,0.0,,,,1.188803,0.9672065736687727,10.0,0.0,0.0,3000.0,isolated,P1,3.0,0.15,,,,,
SNXX,B_perp_3x_iso_P2_reb_base,perp,SNXX_USDT,1000.0,1679.3295,0.67933,679.3295,345.9793,0.345979,-0.202722,0.205996,96984.462293,7004.519,1.511133,449.5498,465,631,0.576256,3.3445,4.1488,180.6297,False,0,743,45.583,1.9397,0.746946,same_wallet,long,826.656111,,5.819068,0.0,0.0,-137.801877,-138.784449,8.542158,0.0,-8.542158,0.0,,,base,0.75,,,,1.939689,0.9530190201561002,10.0,0.0,300.0,2100.0,isolated,P2,3.0,0.15,,,,,
SNXX,B_perp_3x_iso_P3_reb_base,perp,SNXX_USDT,1000.0,1485.1131,0.485113,485.1131,289.1857,0.289186,-0.169041,0.160581,69278.784399,7002.333,1.51276,320.6808,465,631,0.576256,3.0864,3.7258,78.6065,False,0,743,45.583,1.3856,0.735008,same_wallet,long,590.120697,,4.156727,0.0,0.0,-98.205252,-98.907117,6.100465,0.0,-6.100465,0.0,,,base,0.75,,,,1.385576,0.953019611794894,10.0,0.0,500.0,1500.0,isolated,P3,3.0,0.15,,,,,
SNXX,B_perp_3x_cross_P1_reb_base,perp,SNXX_USDT,1000.0,1971.1137,0.971114,971.1137,405.6239,0.405624,-0.254572,0.272281,138662.544223,7003.4322,1.512153,642.2058,465,631,0.576256,3.6584,4.694,562.1141,False,0,743,45.583,2.7733,0.74698,same_wallet,long,1181.591453,,8.319753,0.0,0.0,-196.860178,-198.26498,12.212745,0.0,-12.212745,0.0,,,base,0.75,,,,2.773251,0.9747273908057157,10.0,0.0,0.0,3000.0,cross,P1,3.0,0.15,,,,,
SNXX,B_perp_3x_iso_P2_trig0.2_base,perp,SNXX_USDT,1000.0,1679.3295,0.67933,679.3295,345.9793,0.345979,-0.202722,0.205996,96984.462293,7004.519,1.511133,449.5498,465,631,0.576256,3.3445,4.1488,180.6297,False,0,743,45.583,1.9397,0.746946,same_wallet,long,826.656111,,5.819068,0.0,0.0,-137.801877,-138.784449,8.542158,0.0,-8.542158,0.0,,,base,0.75,,,,1.939689,0.9530190201561002,10.0,0.0,300.0,2100.0,isolated,P2,3.0,0.2,,,,,
SNXX,B_perp_3x_iso_P2_trig0.1_base,perp,SNXX_USDT,1000.0,1679.3295,0.67933,679.3295,345.9793,0.345979,-0.202722,0.205996,96984.462293,7004.519,1.511133,449.5498,465,631,0.576256,3.3445,4.1488,180.6297,False,0,743,45.583,1.9397,0.746946,same_wallet,long,826.656111,,5.819068,0.0,0.0,-137.801877,-138.784449,8.542158,0.0,-8.542158,0.0,,,base,0.75,,,,1.939689,0.9530190201561002,10.0,0.0,300.0,2100.0,isolated,P2,3.0,0.1,,,,,
SNXX,B6_perp_3x_static_base,perp,SNXX_USDT,1000.0,2671.1846,1.671185,1671.1846,482.0416,0.482042,-0.288903,0.661967,169695.784087,9848.1209,2.169155,770.4311,49,631,0.576256,4.0368,6.4824,5413.7804,False,0,1976,45.583,3.3939,0.730594,same_wallet,long,1884.974501,,10.181747,0.0,0.0,-194.400156,-196.107188,17.682715,0.0,-17.682715,0.0,,,base,0.75,,,,3.393916,0.951706902664514,10.0,0.0,0.0,3000.0,isolated,P1,3.0,0.15,,,,,
SNXX,B6_hold_3x_dir,perp,SNXX_USDT,1000.0,4689.131,3.689131,3689.131,515.4838,0.515484,-0.393892,2.152169,2999.3656,1229970.4251,0.925588,3985.7181,75,623,0.56895,3.7735,10.4469,458595.1807,False,0,72,45.583,0.15,0.712359,same_wallet,long,0.0,,0.449905,0.0,0.0,3732.6828,3732.532832,43.40185,0.0,-43.40185,0.0,,,base,0.75,,,,0.149968,0.967963305189243,10.0,0.0,0.0,3000.0,isolated,P1,3.0,0.15,,,,,
SNXX,A2_same_expo_base,spot,SNXX3L_USDT,1000.0,799.5642,-0.200436,-200.4358,719.7438,0.719744,-0.509198,0.465383,28533.271765,-7024.6353,-0.377151,531.4467,465,623,0.56895,1.6412,1.911,-1.1577,False,0,537,45.583,6.848,-0.242474,same_exposure,long,-164.71352,6.847985,15.978632,0.0,0.0,-32.217644,-35.722309,0.0,0.0,0.0,0.0,0.0,native_atr,base,0.7,419.26950517138897,1.2185423264026758,,,,,,,,,,,,,2.633380300526389,2633.380300526389,,
SNXX,B_same_expo_base,perp,SNXX_USDT,1000.0,1852.2492,0.852249,852.2492,384.0068,0.384007,-0.233419,0.241728,121677.353174,7004.1724,1.352327,630.2094,465,631,0.576256,3.5399,4.483,359.8174,False,0,743,45.583,2.4335,0.747981,same_exposure,long,1037.190558,,7.300641,0.0,0.0,-172.990665,-174.2234,10.717999,0.0,-10.717999,0.0,,,base,0.75,,,,2.433547,0.9626375879914054,10.0,0.0,0.0,2633.380300526389,isolated,P1,2.633380300526389,0.15,,2.633380300526389,2633.380300526389,,
SNXX,A2_same_risk_base,spot,SNXX3L_USDT,1000.0,799.5642,-0.200436,-200.4358,719.7438,0.719744,-0.509198,0.465383,28533.271765,-7024.6353,-0.377151,531.4467,465,623,0.56895,1.6412,1.911,-1.1577,False,0,537,45.583,6.848,-0.242474,same_risk,long,-164.71352,6.847985,15.978632,0.0,0.0,-32.217644,-35.722309,0.0,0.0,0.0,0.0,0.0,native_atr,base,0.7,419.26950517138897,1.2185423264026758,,,,,,,,,,,,,,2596.934395497107,0.1612822089962356,0.06210484534221854
SNXX,B_same_risk_base,perp,SNXX_USDT,1000.0,1841.303,0.841303,841.303,381.6457,0.381646,-0.231239,0.238708,119989.18188,7011.4906,1.337455,629.0327,465,631,0.576256,3.5293,4.4639,345.1404,False,0,743,45.583,2.3998,0.748035,same_risk,long,1023.439042,,7.199351,0.0,0.0,-170.349413,-171.565031,10.570995,0.0,-10.570995,0.0,,,base,0.75,,,,2.399784,0.9634941691048661,10.0,0.0,0.0,2596.934395497107,isolated,P1,2.5969343954971067,0.15,,,2596.934395497107,0.1612822089962356,0.06210484534221854
SNXX,A0_cash,cash,USDT,1000.0,1000.0,0.0,0.0,0.0,0.0,0.0,0.0,0.0,0.0,0.0,0.0,1,0,0.0,0.0,0.0,0.0,False,0,0,45.583,0.0,0.35,benchmark,long,,,,,,,,,,,,,,,,,,,,,,,,,,,,,,,,,
SNXX,A1_etf_hold,spot,SNXX3L_USDT,1000.0,2029.2074,1.029207,1029.2074,829.4645,0.829464,-0.630629,3.136037,999.745,1029469.9078,0.409304,2514.5326,465,631,0.576256,3.6272,9.1355,347.1807,False,0,1,45.583,0.255,0.552817,benchmark,long,0.0,0.255,0.595,0.0,0.0,1029.462393,1029.207393,0.0,0.0,0.0,0.0,0.0,native_atr,conservative,0.7,1777.356041885189,0.56249,,,,,,,,,,,,,,,,
SNXX,B1_spot_hold,spot,SNXX_USDT,1000.0,2243.9184,1.243918,1243.9184,394.628,0.394628,-0.256036,0.720844,999.745,1244235.7033,0.620441,2004.8936,465,623,0.56895,3.4955,6.0966,1635.9243,False,0,1,45.583,0.255,0.735308,benchmark,long,0.0,0.255,0.595,0.0,0.0,1244.173423,1243.918423,0.0,0.0,0.0,0.0,0.0,native_atr,conservative,0.7,148.86018463371053,6.716,,,,,,,,,,,,,,,,
SNXX,B2_spot_grid,spot,SNXX_USDT,1000.0,1296.8417,0.296842,296.8417,286.507,0.286507,-0.173023,0.135078,58110.563002,5108.2229,0.426073,696.6922,465,631,0.576256,2.3862,2.7043,24.4857,False,0,675,45.583,13.9465,0.634883,benchmark,long,390.262088,13.946535,32.541915,0.0,0.0,-86.338251,-93.420379,0.0,0.0,0.0,0.0,0.0,native_atr,conservative,0.7,80.79862251991187,16.142560929223002,,,,,,,,,,,,,,,,
SNXX,A2_etf_native_atr_d0.0_reb_conservative,spot,SNXX3L_USDT,1000.0,753.3126,-0.246687,-246.6874,719.7025,0.719702,-0.467152,0.342613,22044.596408,-11190.38,-0.582566,423.4495,465,623,0.56895,0.9636,1.0375,-1.2457,False,0,480,45.583,5.2907,-0.28952,same_wallet,long,-213.801515,5.290703,12.344974,0.0,0.0,-30.157229,-32.885896,0.0,0.0,0.0,0.0,0.0,native_atr,conservative,0.7,396.68276105359104,1.2177235442100711,-1275.894803250428,,,,,,,,,,,,,,,
SNXX,A2_etf_underlying_equiv_d0.0_reb_conservative,spot,SNXX3L_USDT,1000.0,1298.4915,0.298492,298.4915,755.6992,0.755699,-0.590443,0.994033,48436.227703,6162.5673,0.343774,868.2775,93,631,0.576256,2.7353,3.9536,9.3918,False,0,1551,45.583,11.6247,0.45806,same_wallet,long,499.621807,11.624695,27.124288,0.0,0.0,-195.227631,-201.130295,0.0,0.0,0.0,0.0,0.0,underlying_equiv,conservative,0.7,930.8598410350046,1.351428276978874,-730.7158811063257,,,,,,,,,,,,,,,
SNXX,A2_etf_static_pct_d0.0_reb_conservative,spot,SNXX3L_USDT,1000.0,248.9881,-0.751012,-751.0119,851.5098,0.85151,-0.551432,0.62196,44025.049808,-17058.7397,-2.198175,341.6524,377,928,0.847489,-0.3523,-0.4371,-1.1744,False,0,1825,45.583,10.566,-0.474361,same_wallet,long,-702.414196,10.566012,24.654028,0.0,0.0,-43.200116,-48.59767,0.0,0.0,0.0,0.0,0.0,static_pct,conservative,0.7,187.54688806815759,1.3720430180104581,-1780.2192590398427,,,,,,,,,,,,,,,
SNXX,A2_etf_native_atr_d0.5_reb_conservative,spot,SNXX3L_USDT,1000.0,1414.539,0.414539,414.539,809.3875,0.809388,-0.57268,1.644585,13800.23017,30038.5581,0.277031,1496.3629,465,623,0.56895,3.2717,5.8555,18.6192,False,0,512,45.583,3.3196,0.462243,same_wallet,long,642.302808,3.319586,7.7457,0.0,0.0,-225.99981,-227.763792,0.0,0.0,0.0,0.0,0.5,native_atr,conservative,0.7,1099.0003685024785,1.3473412501665947,-614.6683777863245,,,,,,,,,,,,,,,
SNXX,A2_etf_underlying_equiv_d0.5_reb_conservative,spot,SNXX3L_USDT,1000.0,1599.4746,0.599475,599.4746,794.3374,0.794337,-0.616029,1.684006,24584.987171,24383.7655,0.362294,1654.6634,465,631,0.576256,3.4794,6.4155,52.8545,False,0,1664,45.583,5.9079,0.523277,same_wallet,long,736.806806,5.907928,13.785164,0.0,0.0,-134.268009,-137.332245,0.0,0.0,0.0,0.0,0.5,underlying_equiv,conservative,0.7,1307.6507542548839,1.2443787987588837,-429.73283193242105,,,,,,,,,,,,,,,
SNXX,A2_etf_static_pct_d0.5_reb_conservative,spot,SNXX3L_USDT,1000.0,1125.1269,0.125127,125.1269,824.6781,0.824678,-0.608321,1.729083,24056.386647,5201.3989,0.088605,1412.1886,465,631,0.576256,3.1525,5.8333,1.9042,False,0,1972,45.583,5.7811,0.297315,same_wallet,long,402.592447,5.781063,13.489148,0.0,0.0,-274.453838,-277.465585,0.0,0.0,0.0,0.0,0.5,static_pct,conservative,0.7,971.9340786070292,1.4240790669015009,-904.0805311040801,,,,,,,,,,,,,,,
SNXX,A2_etf_native_atr_d0.0_noreb_conservative,spot,SNXX3L_USDT,1000.0,745.4427,-0.254557,-254.5573,720.6118,0.720612,-0.467914,0.34352,22092.039352,-11522.5791,-0.602901,422.2206,465,623,0.56895,0.9399,1.0119,-1.2557,False,0,481,45.583,17.6736,-0.294837,same_wallet,long,-215.830026,17.673631,0.0,0.0,0.0,-29.616056,-38.727245,0.0,0.0,0.0,0.0,0.0,native_atr,conservative,0.0,393.31748645881385,1.2169980911361309,-1283.7646645261996,,,,,,,,,,,,,,,
SNXX,A2_etf_underlying_equiv_d0.0_noreb_conservative,spot,SNXX3L_USDT,1000.0,1280.9407,0.280941,280.9407,760.1966,0.760197,-0.591389,0.993536,48176.269541,5831.5169,0.323341,868.869,93,631,0.576256,2.7212,3.9748,8.2365,False,0,1545,45.583,38.541,0.445811,same_wallet,long,492.975957,38.541016,0.0,0.0,0.0,-192.473167,-212.035228,0.0,0.0,0.0,0.0,0.0,underlying_equiv,conservative,0.0,918.2483504471898,1.3513090530499638,-748.2666644842191,,,,,,,,,,,,,,,
SNXX,A2_etf_static_pct_d0.0_noreb_conservative,spot,SNXX3L_USDT,1000.0,240.1945,-0.759805,-759.8055,854.3044,0.854304,-0.553298,0.619922,43414.566114,-17501.1643,-2.255712,336.8362,377,928,0.847489,-0.4239,-0.5254,-1.1705,False,0,1828,45.583,34.7317,-0.476128,same_wallet,long,-700.285231,34.731653,0.0,0.0,0.0,-41.781708,-59.520224,0.0,0.0,0.0,0.0,0.0,static_pct,conservative,0.0,181.00152063190006,1.372536226073117,-1789.012847277957,,,,,,,,,,,,,,,
SNXX,A2_etf_native_atr_d0.5_noreb_conservative,spot,SNXX3L_USDT,1000.0,1408.0154,0.408015,408.0154,809.6732,0.809673,-0.573128,1.643984,13710.773501,29758.7427,0.273163,1493.671,465,623,0.56895,3.2688,5.8498,17.8915,False,0,512,45.583,10.994,0.459505,same_wallet,long,642.65698,10.993959,0.0,0.0,0.0,-228.799134,-234.641598,0.0,0.0,0.0,0.0,0.5,native_atr,conservative,0.0,1095.774676534972,1.3505012610461653,-621.1920115376927,,,,,,,,,,,,,,,
SNXX,A2_etf_underlying_equiv_d0.5_noreb_conservative,spot,SNXX3L_USDT,1000.0,1585.67,0.58567,585.67,795.0752,0.795075,-0.616196,1.683409,24283.715152,24117.8099,0.355115,1649.2389,465,631,0.576256,3.4722,6.4082,49.1803,False,0,1664,45.583,19.4523,0.519522,same_wallet,long,725.754679,19.452312,0.0,0.0,0.0,-129.995269,-140.084653,0.0,0.0,0.0,0.0,0.5,underlying_equiv,conservative,0.0,1297.6412087160534,1.2418781297507682,-443.5373676850147,,,,,,,,,,,,,,,
SNXX,A2_etf_static_pct_d0.5_noreb_conservative,spot,SNXX3L_USDT,1000.0,1118.5887,0.118589,118.5887,825.0641,0.825064,-0.608812,1.728407,23554.208485,5034.7119,0.084228,1407.9419,465,631,0.576256,3.1491,5.8273,1.7612,False,0,1973,45.583,18.8687,0.292527,same_wallet,long,394.196791,18.868707,0.0,0.0,0.0,-265.774505,-275.608138,0.0,0.0,0.0,0.0,0.5,static_pct,conservative,0.0,966.9632843249997,1.4165548047429946,-910.6187401300924,,,,,,,,,,,,,,,
SNXX,B_perp_1.5x_iso_P1_d0.0_reb_conservative,perp,SNXX_USDT,1000.0,1464.0604,0.46406,464.0604,294.3585,0.294359,-0.170765,0.161333,69267.414587,6699.5477,0.783593,592.2213,465,631,0.576256,2.9861,3.5972,68.5155,False,0,743,45.583,1.3853,0.716521,same_wallet,long,569.401876,,4.156045,0.0,0.0,-98.539657,-99.241619,6.099905,0.0,-6.099905,0.0,,,conservative,0.75,,,,1.385348,0.9835067775799258,10.0,0.0,0.0,1500.0,isolated,P1,1.5,0.15,,,,,
SNXX,B_perp_1.5x_iso_P1_d0.5_reb_conservative,perp,SNXX_USDT,1000.0,2090.0918,1.090092,1090.0918,348.3138,0.348314,-0.235976,0.54922,6510.892884,167425.8474,0.878441,1240.9388,465,623,0.56895,3.5664,5.7999,1048.3486,False,0,358,45.583,0.1527,0.763107,same_wallet,long,521.261864,,0.458109,0.0,0.0,581.002626,580.909232,12.079338,0.0,-12.079338,0.0,,,conservative,0.75,,,,0.152703,0.9846839529089613,10.0,0.0,0.0,1500.0,isolated,P1,1.5,0.15,,,,,
SNXX,B_perp_1.5x_iso_P1_d0.0_noreb_conservative,perp,SNXX_USDT,1000.0,1459.9043,0.459904,459.9043,295.3616,0.295362,-0.171084,0.161483,69267.414587,6639.5477,0.776575,592.2213,465,631,0.576256,2.9663,3.572,66.6699,False,0,743,45.583,5.5414,0.714829,same_wallet,long,567.351718,,0.0,0.0,0.0,-98.539657,-101.347506,6.099905,0.0,-6.099905,0.0,,,conservative,0.0,,,,5.541393,0.9835067775799258,10.0,0.0,0.0,1500.0,isolated,P1,1.5,0.15,,,,,
SNXX,B_perp_1.5x_iso_P1_d0.5_noreb_conservative,perp,SNXX_USDT,1000.0,2089.6336,1.089634,1089.6336,348.3753,0.348375,-0.23603,0.549268,6510.892884,167355.487,0.878072,1240.9388,465,623,0.56895,3.5659,5.7987,1046.3202,False,0,358,45.583,0.6108,0.763062,same_wallet,long,521.083935,,0.0,0.0,0.0,581.002626,580.629052,12.079338,0.0,-12.079338,0.0,,,conservative,0.0,,,,0.610812,0.9846839529089613,10.0,0.0,0.0,1500.0,isolated,P1,1.5,0.15,,,,,
SNXX,B_perp_2.0x_iso_P1_d0.0_reb_conservative,perp,SNXX_USDT,1000.0,1620.4519,0.620452,620.4519,343.6977,0.343698,-0.199822,0.200411,92343.311754,6718.9697,1.018239,609.3383,465,631,0.576256,3.2104,3.9597,135.9084,False,0,743,45.583,1.8469,0.73575,same_wallet,long,761.002034,,5.540599,0.0,0.0,-131.4746,-132.410406,8.139717,0.0,-8.139717,0.0,,,conservative,0.75,,,,1.846866,0.9755768614628386,10.0,0.0,0.0,2000.0,isolated,P1,2.0,0.15,,,,,
SNXX,B_perp_2.0x_iso_P1_d0.5_reb_conservative,perp,SNXX_USDT,1000.0,2459.0455,1.459045,1459.0455,384.5761,0.384576,-0.275055,0.732077,8386.63474,173972.6971,1.028468,1418.6593,465,623,0.56895,3.7266,6.5122,3496.9136,False,0,346,45.583,0.1977,0.759118,same_wallet,long,666.899765,,0.593139,0.0,0.0,808.369541,808.248017,16.102318,0.0,-16.102318,0.0,,,conservative,0.75,,,,0.197713,0.9791068924916272,10.0,0.0,0.0,2000.0,isolated,P1,2.0,0.15,,,,,
SNXX,B_perp_2.0x_iso_P1_d0.0_noreb_conservative,perp,SNXX_USDT,1000.0,1614.9113,0.614911,614.9113,344.9171,0.344917,-0.200224,0.200649,92343.311754,6658.9697,1.009146,609.3383,465,631,0.576256,3.1908,3.9342,131.6858,False,0,743,45.583,7.3875,0.734321,same_wallet,long,758.268852,,0.0,0.0,0.0,-131.4746,-135.217822,8.139717,0.0,-8.139717,0.0,,,conservative,0.0,,,,7.387465,0.9755768614628386,10.0,0.0,0.0,2000.0,isolated,P1,2.0,0.15,,,,,
SNXX,B_perp_2.0x_iso_P1_d0.5_noreb_conservative,perp,SNXX_USDT,1000.0,2458.4523,1.458452,1458.4523,384.6506,0.384651,-0.275124,0.732169,8386.63474,173901.9728,1.02805,1418.6593,465,623,0.56895,3.7261,6.5111,3489.4845,False,0,346,45.583,0.7909,0.759081,same_wallet,long,666.671196,,0.0,0.0,0.0,808.369541,807.883448,16.102318,0.0,-16.102318,0.0,,,conservative,0.0,,,,0.790852,0.9791068924916272,10.0,0.0,0.0,2000.0,isolated,P1,2.0,0.15,,,,,
SNXX,B_perp_2.5x_iso_P1_d0.0_reb_conservative,perp,SNXX_USDT,1000.0,1774.4849,0.774485,774.4849,382.369,0.382369,-0.228085,0.234298,115487.274704,6706.2362,1.237994,625.5967,465,631,0.576256,3.3968,4.2727,255.5615,False,0,743,45.583,2.3097,0.742102,same_wallet,long,950.61763,,6.929236,0.0,0.0,-164.788417,-165.958785,10.173898,0.0,-10.173898,0.0,,,conservative,0.75,,,,2.309745,0.9656765021529026,10.0,0.0,0.0,2500.0,isolated,P1,2.5,0.15,,,,,
SNXX,B_perp_2.5x_iso_P1_d0.5_reb_conservative,perp,SNXX_USDT,1000.0,2824.408,1.824408,1824.408,410.5825,0.410583,-0.305516,0.915282,10468.091337,174282.77,1.146558,1591.2045,465,623,0.56895,3.8259,7.1516,9935.9634,False,0,346,45.583,0.2469,0.752931,same_wallet,long,832.22911,,0.740572,0.0,0.0,1012.468942,1012.317161,20.138316,0.0,-20.138316,0.0,,,conservative,0.75,,,,0.246857,0.9732897468939766,10.0,0.0,0.0,2500.0,isolated,P1,2.5,0.15,,,,,
SNXX,B_perp_2.5x_iso_P1_d0.0_noreb_conservative,perp,SNXX_USDT,1000.0,1767.5557,0.767556,767.5557,383.7672,0.383767,-0.228616,0.234629,115487.274704,6646.2362,1.226918,625.5967,465,631,0.576256,3.3775,4.247,246.6964,False,0,743,45.583,9.239,0.740916,same_wallet,long,947.199497,,0.0,0.0,0.0,-164.788417,-169.469888,10.173898,0.0,-10.173898,0.0,,,conservative,0.0,,,,9.238982,0.9656765021529026,10.0,0.0,0.0,2500.0,isolated,P1,2.5,0.15,,,,,
SNXX,B_perp_2.5x_iso_P1_d0.5_noreb_conservative,perp,SNXX_USDT,1000.0,2823.6674,1.823667,1823.6674,410.6668,0.410667,-0.305598,0.915431,10468.091337,174212.0244,1.146092,1591.2045,465,623,0.56895,3.8255,7.1506,9913.0813,False,0,346,45.583,0.9874,0.752895,same_wallet,long,831.943882,,0.0,0.0,0.0,1012.468942,1011.861818,20.138316,0.0,-20.138316,0.0,,,conservative,0.0,,,,0.987429,0.9732897468939766,10.0,0.0,0.0,2500.0,isolated,P1,2.5,0.15,,,,,
SNXX,B_perp_3.0x_iso_P1_d0.0_reb_conservative,perp,SNXX_USDT,1000.0,1929.8146,0.929815,929.8146,413.2866,0.413287,-0.25767,0.271712,138663.957456,6705.5246,1.448645,641.8513,465,631,0.576256,3.5636,4.5652,465.2738,False,0,743,45.583,2.7733,0.742233,same_wallet,long,1141.186751,,8.319837,0.0,0.0,-197.753876,-199.159105,12.213073,0.0,-12.213073,0.0,,,conservative,0.75,,,,2.773279,0.9529744730944514,10.0,0.0,0.0,3000.0,isolated,P1,3.0,0.15,-2759.316408835571,,,,
SNXX,B_perp_3.0x_iso_P1_d0.5_reb_conservative,perp,SNXX_USDT,1000.0,3189.2033,2.189203,2189.2033,437.9394,0.437939,-0.329549,1.097555,12610.411492,173602.8449,1.243055,1761.148,75,623,0.56895,3.8884,7.7515,24642.6062,False,0,354,45.583,0.2972,0.744579,same_wallet,long,1001.577226,,0.891596,0.0,0.0,1211.968996,1211.786378,24.160294,0.0,-24.160294,0.0,,,conservative,0.75,,,,0.297199,0.9671866441793656,10.0,0.0,0.0,3000.0,isolated,P1,3.0,0.15,-1499.9276720379407,,,,
SNXX,B_perp_3.0x_iso_P1_d0.0_noreb_conservative,perp,SNXX_USDT,1000.0,1921.4947,0.921495,921.4947,414.8328,0.414833,-0.258289,0.271551,138663.957456,6645.5246,1.435683,641.8513,465,631,0.576256,3.5445,4.5394,447.6953,False,0,743,45.583,11.0931,0.741231,same_wallet,long,1137.082602,,0.0,0.0,0.0,-197.753876,-203.374792,12.213073,0.0,-12.213073,0.0,,,conservative,0.0,,,,11.093117,0.9529744730944514,10.0,0.0,0.0,3000.0,isolated,P1,3.0,0.15,,,,,
SNXX,B_perp_3.0x_iso_P1_d0.5_noreb_conservative,perp,SNXX_USDT,1000.0,3188.3117,2.188312,2188.3117,438.1182,0.438118,-0.329643,1.097774,12610.411492,173532.1417,1.242548,1761.148,75,623,0.56895,3.8881,7.7507,24577.4572,False,0,354,45.583,1.1888,0.744512,same_wallet,long,1001.233484,,0.0,0.0,0.0,1211.968996,1211.238523,24.160294,0.0,-24.160294,0.0,,,conservative,0.0,,,,1.188795,0.9671866441793656,10.0,0.0,0.0,3000.0,isolated,P1,3.0,0.15,,,,,
SNXX,A2_same_expo_conservative,spot,SNXX3L_USDT,1000.0,753.3126,-0.246687,-246.6874,719.7025,0.719702,-0.467152,0.342613,22044.596408,-11190.38,-0.582566,423.4495,465,623,0.56895,0.9636,1.0375,-1.2457,False,0,480,45.583,5.2907,-0.28952,same_exposure,long,-213.801515,5.290703,12.344974,0.0,0.0,-30.157229,-32.885896,0.0,0.0,0.0,0.0,0.0,native_atr,conservative,0.7,396.68276105359104,1.2177235442100711,,,,,,,,,,,,,2.633380300526389,2633.380300526389,,
SNXX,B_same_expo_conservative,perp,SNXX_USDT,1000.0,1816.016,0.816016,816.016,391.0523,0.391052,-0.236063,0.242324,121654.118066,6707.673,1.29551,629.8803,465,631,0.576256,3.4442,4.3551,301.2635,False,0,743,45.583,2.4331,0.742678,same_exposure,long,1001.74306,,7.299247,0.0,0.0,-173.778511,-175.011377,10.715643,0.0,-10.715643,0.0,,,conservative,0.75,,,,2.433082,0.9626018787641912,10.0,0.0,0.0,2633.380300526389,isolated,P1,2.633380300526389,0.15,,2.633380300526389,2633.380300526389,,
SNXX,A2_same_risk_conservative,spot,SNXX3L_USDT,1000.0,753.3126,-0.246687,-246.6874,719.7025,0.719702,-0.467152,0.342613,22044.596408,-11190.38,-0.582566,423.4495,465,623,0.56895,0.9636,1.0375,-1.2457,False,0,480,45.583,5.2907,-0.28952,same_risk,long,-213.801515,5.290703,12.344974,0.0,0.0,-30.157229,-32.885896,0.0,0.0,0.0,0.0,0.0,native_atr,conservative,0.7,396.68276105359104,1.2177235442100711,,,,,,,,,,,,,,2596.934395497107,0.1612822089962356,0.06210484534221854
SNXX,B_same_risk_conservative,perp,SNXX_USDT,1000.0,1805.2848,0.805285,805.2848,388.7642,0.388764,-0.234009,0.240452,119973.622409,6712.1822,1.280797,628.7375,465,631,0.576256,3.4327,4.3344,288.8721,False,0,743,45.583,2.3995,0.742603,same_risk,long,988.406951,,7.198417,0.0,0.0,-171.33599,-172.551827,10.570309,0.0,-10.570309,0.0,,,conservative,0.75,,,,2.399472,0.9634651095997909,10.0,0.0,0.0,2596.934395497107,isolated,P1,2.5969343954971067,0.15,,,2596.934395497107,0.1612822089962356,0.06210484534221854
AAOI,A0_cash,cash,USDT,1000.0,1000.0,0.0,0.0,0.0,0.0,0.0,0.0,0.0,0.0,0.0,0.0,1,0,0.0,0.0,0.0,0.0,False,0,0,3.542,0.0,0.35,benchmark,long,,,,,,,,,,,,,,,,,,,,,,,,,,,,,,,,,
AAOI,A1_etf_hold,spot,AAOI3L_USDT,1000.0,848.7134,-0.151287,-151.2866,258.5376,0.258538,-0.143962,0.099784,999.745,-151325.212,-0.169912,890.3845,47,85,0.988372,-3.8469,-5.7955,-3.8679,False,0,1,3.542,0.255,-0.013003,benchmark,long,0.0,0.255,0.595,0.0,0.0,-151.031624,-151.286624,0.0,0.0,0.0,0.0,0.0,native_atr,base,0.7,1067.7385936431988,0.93632,,,,,,,,,,,,,,,,
AAOI,B1_spot_hold,spot,AAOI_USDT,1000.0,947.0172,-0.052983,-52.9828,95.8735,0.095873,-0.04792,0.030786,999.745,-52996.3428,-0.05516,960.5257,47,80,0.930233,-4.215,-6.0138,-10.3922,False,0,1,3.542,0.255,0.12357,benchmark,long,0.0,0.255,0.595,0.0,0.0,-52.727829,-52.982829,0.0,0.0,0.0,0.0,0.0,native_atr,base,0.7,9.059764386044405,110.35,,,,,,,,,,,,,,,,
AAOI,B2_spot_grid,spot,AAOI_USDT,1000.0,1001.6927,0.001693,1.6927,24.9568,0.024957,-0.017802,0.027058,4250.487611,398.2249,0.004111,411.7222,13,32,0.372093,1.3377,3.2551,7.6294,False,0,59,3.542,1.0201,0.372823,benchmark,long,5.560987,1.020117,2.380273,0.0,0.0,-3.299293,-3.868337,0.0,0.0,0.0,0.0,0.0,native_atr,base,0.7,4.728383378729979,105.22776334088007,,,,,,,,,,,,,,,,
AAOI,A2_etf_native_atr_d0.0_reb_base,spot,AAOI3L_USDT,1000.0,948.7418,-0.051258,-51.2582,153.4801,0.15348,-0.09993,0.092084,1765.131735,-29039.3002,-0.080174,639.3368,47,55,0.639535,-2.3008,-4.3355,-6.4867,False,0,25,3.542,0.4236,0.096894,same_wallet,long,-23.088465,0.423632,0.988474,0.0,0.0,-27.847128,-28.169726,0.0,0.0,0.0,0.0,0.0,native_atr,base,0.7,1097.4716584573775,0.8202438925813976,100.02843374148847,,,,,,,,,,,,,,,
AAOI,A2_etf_underlying_equiv_d0.0_reb_base,spot,AAOI3L_USDT,1000.0,994.5981,-0.005402,-5.4019,44.3544,0.044354,-0.031696,0.038718,2145.915889,-2517.2822,-0.027132,199.0977,14,32,0.372093,-0.0079,-0.0161,-9.6444,False,0,83,3.542,0.515,0.19604,same_wallet,long,2.18196,0.51502,1.201713,0.0,0.0,-7.29375,-7.583835,0.0,0.0,0.0,0.0,0.0,underlying_equiv,base,0.7,335.36783891444475,0.8166185084499499,145.88474816765836,,,,,,,,,,,,,,,
AAOI,A2_etf_static_pct_d0.0_reb_base,spot,AAOI3L_USDT,1000.0,944.4942,-0.055506,-55.5058,156.9885,0.156988,-0.101647,0.090375,2138.11159,-25960.1838,-0.087842,631.8849,47,55,0.639535,-2.5041,-4.5783,-6.3522,False,0,44,3.542,0.5131,0.09133,same_wallet,long,-31.991494,0.513147,1.197342,0.0,0.0,-23.148435,-23.514276,0.0,0.0,0.0,0.0,0.0,static_pct,base,0.7,1076.3649271404636,0.8163761215588718,95.78085420324226,,,,,,,,,,,,,,,
AAOI,A2_etf_native_atr_d0.5_reb_base,spot,AAOI3L_USDT,1000.0,897.6198,-0.10238,-102.3802,186.41,0.18641,-0.12114,0.095703,1382.622086,-74047.8473,-0.132574,772.2491,47,85,0.988372,-3.1436,-5.2077,-5.3644,False,0,26,3.542,0.3394,0.045404,same_wallet,long,-23.316068,0.33936,0.79184,0.0,0.0,-78.775303,-79.064121,0.0,0.0,0.0,0.0,0.5,native_atr,base,0.7,1081.1800770279413,0.8677304832642048,48.906434903212244,,,,,,,,,,,,,,,
AAOI,A2_etf_underlying_equiv_d0.5_reb_base,spot,AAOI3L_USDT,1000.0,921.6772,-0.078323,-78.3228,150.9734,0.150973,-0.085855,0.066314,1576.023002,-49696.4909,-0.143747,544.866,47,85,0.988372,-3.0963,-4.8835,-6.6222,False,0,84,3.542,0.3858,0.066341,same_wallet,long,-33.397364,0.385776,0.900144,0.0,0.0,-44.652525,-44.925448,0.0,0.0,0.0,0.0,0.5,underlying_equiv,base,0.7,701.5593980063641,0.8585175326719285,72.9638112495835,,,,,,,,,,,,,,,
AAOI,A2_etf_static_pct_d0.5_reb_base,spot,AAOI3L_USDT,1000.0,895.83,-0.10417,-104.17,187.5367,0.187537,-0.121882,0.094805,1586.553058,-65658.0448,-0.135852,766.7904,47,85,0.988372,-3.2314,-5.2931,-5.3322,False,0,45,3.542,0.3883,0.043236,same_wallet,long,-31.887286,0.388303,0.906041,0.0,0.0,-71.970157,-72.282685,0.0,0.0,0.0,0.0,0.5,static_pct,base,0.7,1071.013187238006,0.8620681984203266,47.11665237157786,,,,,,,,,,,,,,,
AAOI,A2_etf_native_atr_d0.0_noreb_base,spot,AAOI3L_USDT,1000.0,947.7654,-0.052235,-52.2346,153.8464,0.153846,-0.100747,0.092048,1763.896164,-29613.187,-0.081761,638.8694,47,55,0.639535,-2.3485,-4.3927,-6.4742,False,0,25,3.542,1.4111,0.095819,same_wallet,long,-23.307532,1.411117,0.0,0.0,0.0,-27.852524,-28.927055,0.0,0.0,0.0,0.0,0.0,native_atr,base,0.0,1096.5420166730353,0.820270325121028,99.05203708559736,,,,,,,,,,,,,,,
AAOI,A2_etf_underlying_equiv_d0.0_noreb_base,spot,AAOI3L_USDT,1000.0,993.3996,-0.0066,-6.6004,44.5575,0.044557,-0.032277,0.038194,2144.722576,-3077.5155,-0.033169,198.991,14,32,0.372093,-0.2129,-0.4273,-11.1012,False,0,83,3.542,1.7158,0.184382,same_wallet,long,1.653805,1.715778,0.0,0.0,0.0,-7.287841,-8.254222,0.0,0.0,0.0,0.0,0.0,underlying_equiv,base,0.0,335.0816662044649,0.8166194462181486,144.68620718285354,,,,,,,,,,,,,,,
AAOI,A2_etf_static_pct_d0.0_noreb_base,spot,AAOI3L_USDT,1000.0,943.3155,-0.056684,-56.6845,157.3529,0.157353,-0.102609,0.090293,2136.2975,-26533.9776,-0.089794,631.2725,47,55,0.639535,-2.5625,-4.645,-6.3396,False,0,44,3.542,1.709,0.090053,same_wallet,long,-32.30995,1.709038,0.0,0.0,0.0,-23.156163,-24.37452,0.0,0.0,0.0,0.0,0.0,static_pct,base,0.0,1075.169526398674,0.8164072202658581,94.60215396452634,,,,,,,,,,,,,,,
AAOI,A2_etf_native_atr_d0.5_noreb_base,spot,AAOI3L_USDT,1000.0,896.8782,-0.103122,-103.1218,186.8159,0.186816,-0.121538,0.095685,1381.666208,-74635.8628,-0.133621,771.7474,47,85,0.988372,-3.1629,-5.2261,-5.3528,False,0,26,3.542,1.1307,0.044614,same_wallet,long,-23.415066,1.130673,0.0,0.0,0.0,-78.74447,-79.706783,0.0,0.0,0.0,0.0,0.5,native_atr,base,0.0,1080.397393758995,0.867754727943143,48.16477451431558,,,,,,,,,,,,,,,
AAOI,A2_etf_underlying_equiv_d0.5_noreb_base,spot,AAOI3L_USDT,1000.0,920.8236,-0.079176,-79.1764,151.2467,0.151247,-0.086141,0.066028,1575.12406,-50266.7926,-0.145399,544.5474,47,85,0.988372,-3.1468,-4.9439,-6.6104,False,0,84,3.542,1.2854,0.065373,same_wallet,long,-33.640856,1.285439,0.0,0.0,0.0,-44.62612,-45.535579,0.0,0.0,0.0,0.0,0.5,underlying_equiv,base,0.0,701.0980515491598,0.8585217528210819,72.110189694214,,,,,,,,,,,,,,,
AAOI,A2_etf_static_pct_d0.5_noreb_base,spot,AAOI3L_USDT,1000.0,894.9773,-0.105023,-105.0227,188.0267,0.188027,-0.122366,0.094763,1585.291198,-66248.1899,-0.137067,766.2119,47,85,0.988372,-3.2561,-5.3165,-5.3183,False,0,45,3.542,1.2936,0.042318,same_wallet,long,-32.036162,1.293573,0.0,0.0,0.0,-71.94533,-72.98651,0.0,0.0,0.0,0.0,0.5,static_pct,base,0.0,1070.0876047432992,0.8621031215939887,46.263951711840036,,,,,,,,,,,,,,,
AAOI,B_perp_1.5x_iso_P1_d0.0_reb_base,perp,AAOI_USDT,1000.0,1004.2783,0.004278,4.2783,36.927,0.036927,-0.025833,0.041664,6429.142304,665.4503,0.010457,409.1228,13,32,0.372093,1.7006,4.3352,14.9664,False,0,59,3.542,0.1286,0.390496,same_wallet,long,9.152835,,0.385749,0.0,0.0,-4.802954,-4.874561,0.0,0.0,0.0,0.0,,,base,0.75,,,,0.128583,0.9847861587486868,10.0,0.0,0.0,1500.0,isolated,P1,1.5,0.15,,,,,
AAOI,B_perp_1.5x_iso_P1_d0.5_reb_base,perp,AAOI_USDT,1000.0,962.9042,-0.037096,-37.0958,87.3098,0.08731,-0.049412,0.045785,4143.10695,-8953.6092,-0.053975,687.2704,47,80,0.930233,-1.826,-3.1414,-11.2206,False,0,60,3.542,0.1053,0.134836,same_wallet,long,-20.964951,,0.316021,0.0,0.0,-16.055617,-16.130809,0.0,0.0,0.0,0.0,,,base,0.75,,,,0.10534,0.9846315084353627,10.0,0.0,0.0,1500.0,isolated,P1,1.5,0.15,,,,,
AAOI,B_perp_1.5x_iso_P1_d0.0_noreb_base,perp,AAOI_USDT,1000.0,1003.8925,0.003893,3.8925,37.0106,0.037011,-0.026038,0.041511,6429.142304,605.4503,0.009514,409.1228,13,32,0.372093,1.6348,4.1244,13.3041,False,0,59,3.542,0.5143,0.385917,same_wallet,long,8.981906,,0.0,0.0,0.0,-4.802954,-5.089379,0.0,0.0,0.0,0.0,,,base,0.0,,,,0.514331,0.9847861587486868,10.0,0.0,0.0,1500.0,isolated,P1,1.5,0.15,,,,,
AAOI,B_perp_1.5x_iso_P1_d0.5_noreb_base,perp,AAOI_USDT,1000.0,962.5882,-0.037412,-37.4118,87.4373,0.087437,-0.049528,0.045706,4143.10695,-9029.8856,-0.054435,687.2704,47,80,0.930233,-1.8517,-3.1776,-11.212,False,0,60,3.542,0.4214,0.134496,same_wallet,long,-21.055396,,0.0,0.0,0.0,-16.055617,-16.356386,0.0,0.0,0.0,0.0,,,base,0.0,,,,0.421362,0.9846315084353627,10.0,0.0,0.0,1500.0,isolated,P1,1.5,0.15,,,,,
AAOI,B_perp_2.0x_iso_P1_d0.0_reb_base,perp,AAOI_USDT,1000.0,1005.6406,0.005641,5.6406,49.1956,0.049196,-0.034567,0.056164,8571.279823,658.0795,0.01382,408.1601,13,32,0.372093,1.7571,4.4903,15.9662,False,0,59,3.542,0.1714,0.387395,same_wallet,long,12.157416,,0.514277,0.0,0.0,-6.421363,-6.516833,0.0,0.0,0.0,0.0,,,base,0.75,,,,0.171426,0.9794211219100422,10.0,0.0,0.0,2000.0,isolated,P1,2.0,0.15,,,,,
AAOI,B_perp_2.0x_iso_P1_d0.5_reb_base,perp,AAOI_USDT,1000.0,950.5362,-0.049464,-49.4638,115.727,0.115727,-0.066374,0.062636,5527.041773,-8949.4128,-0.072532,681.9546,47,80,0.930233,-1.7003,-2.954,-8.5947,False,0,60,3.542,0.1405,0.113275,same_wallet,long,-27.956051,,0.421602,0.0,0.0,-21.407421,-21.507728,0.0,0.0,0.0,0.0,,,base,0.75,,,,0.140534,0.9789926712083061,10.0,0.0,0.0,2000.0,isolated,P1,2.0,0.15,,,,,
AAOI,B_perp_2.0x_iso_P1_d0.0_noreb_base,perp,AAOI_USDT,1000.0,1005.1263,0.005126,5.1263,49.3092,0.049309,-0.034839,0.055963,8571.279823,598.0795,0.01256,408.1601,13,32,0.372093,1.6919,4.2796,14.07,False,0,59,3.542,0.6857,0.382637,same_wallet,long,11.929549,,0.0,0.0,0.0,-6.421363,-6.803243,0.0,0.0,0.0,0.0,,,base,0.0,,,,0.685702,0.9794211219100422,10.0,0.0,0.0,2000.0,isolated,P1,2.0,0.15,,,,,
AAOI,B_perp_2.0x_iso_P1_d0.5_noreb_base,perp,AAOI_USDT,1000.0,950.1146,-0.049885,-49.8854,115.9003,0.1159,-0.066532,0.062535,5527.041773,-9025.6927,-0.073151,681.9546,47,80,0.930233,-1.7258,-2.9907,-8.5839,False,0,60,3.542,0.5621,0.112821,same_wallet,long,-28.07673,,0.0,0.0,0.0,-21.407421,-21.80865,0.0,0.0,0.0,0.0,,,base,0.0,,,,0.562136,0.9789926712083061,10.0,0.0,0.0,2000.0,isolated,P1,2.0,0.15,,,,,
AAOI,B_perp_2.5x_iso_P1_d0.0_reb_base,perp,AAOI_USDT,1000.0,1007.0994,0.007099,7.0994,61.3474,0.061347,-0.043247,0.07096,10723.858211,662.0226,0.017446,406.9482,13,32,0.372093,1.8257,4.6891,17.4932,False,0,59,3.542,0.2145,0.385224,same_wallet,long,15.245549,,0.643431,0.0,0.0,-8.026676,-8.146113,0.0,0.0,0.0,0.0,,,base,0.75,,,,0.214477,0.9738988599868067,10.0,0.0,0.0,2500.0,isolated,P1,2.5,0.15,,,,,
AAOI,B_perp_2.5x_iso_P1_d0.5_reb_base,perp,AAOI_USDT,1000.0,938.148,-0.061852,-61.852,143.8121,0.143812,-0.083641,0.080419,6912.04221,-8948.4397,-0.091414,676.6168,47,80,0.930233,-1.5719,-2.7586,-6.9439,False,0,60,3.542,0.1757,0.091813,same_wallet,long,-34.946085,,0.527147,0.0,0.0,-26.780497,-26.905907,0.0,0.0,0.0,0.0,,,base,0.75,,,,0.175716,0.9730622897117858,10.0,0.0,0.0,2500.0,isolated,P1,2.5,0.15,,,,,
AAOI,B_perp_2.5x_iso_P1_d0.0_noreb_base,perp,AAOI_USDT,1000.0,1006.456,0.006456,6.456,61.4922,0.061492,-0.043589,0.070712,10723.858211,602.0226,0.015864,406.9482,13,32,0.372093,1.761,4.477,15.303,False,0,59,3.542,0.8579,0.380299,same_wallet,long,14.960429,,0.0,0.0,0.0,-8.026676,-8.504425,0.0,0.0,0.0,0.0,,,base,0.0,,,,0.857909,0.9738988599868067,10.0,0.0,0.0,2500.0,isolated,P1,2.5,0.15,,,,,
AAOI,B_perp_2.5x_iso_P1_d0.5_noreb_base,perp,AAOI_USDT,1000.0,937.6209,-0.062379,-62.3791,144.0326,0.144033,-0.083845,0.080297,6912.04221,-9024.7047,-0.092193,676.6168,47,80,0.930233,-1.5972,-2.7959,-6.9338,False,0,60,3.542,0.7029,0.091247,same_wallet,long,-35.097,,0.0,0.0,0.0,-26.780497,-27.282139,0.0,0.0,0.0,0.0,,,base,0.0,,,,0.702863,0.9730622897117858,10.0,0.0,0.0,2500.0,isolated,P1,2.5,0.15,,,,,
AAOI,B_perp_3.0x_iso_P1_d0.0_reb_base,perp,AAOI_USDT,1000.0,1008.4839,0.008484,8.4839,73.487,0.073487,-0.052013,0.086083,12868.075857,659.3,0.020913,405.6858,13,32,0.372093,1.8883,4.8682,18.8942,False,0,59,3.542,0.2574,0.382522,same_wallet,long,18.260956,,0.772085,0.0,0.0,-9.633712,-9.777033,0.0,0.0,0.0,0.0,,,base,0.75,,,,0.257362,0.9682106705614933,10.0,0.0,0.0,3000.0,isolated,P1,3.0,0.15,166.8214886200784,,,,
AAOI,B_perp_3.0x_iso_P1_d0.5_reb_base,perp,AAOI_USDT,1000.0,925.7601,-0.07424,-74.2399,171.5595,0.17156,-0.101158,0.099147,8294.984995,-8949.98,-0.110607,671.2067,47,80,0.930233,-1.4399,-2.5538,-5.8268,False,0,60,3.542,0.2109,0.070492,same_wallet,long,-41.919084,,0.632668,0.0,0.0,-32.170339,-32.320866,0.0,0.0,0.0,0.0,,,base,0.75,,,,0.210889,0.9668178977509698,10.0,0.0,0.0,3000.0,isolated,P1,3.0,0.15,84.0976161973748,,,,
AAOI,B_perp_3.0x_iso_P1_d0.0_noreb_base,perp,AAOI_USDT,1000.0,1007.7118,0.007712,7.7118,73.6638,0.073664,-0.052424,0.08579,12868.075857,599.3,0.019009,405.6858,13,32,0.372093,1.8241,4.6555,16.3879,False,0,59,3.542,1.0294,0.377422,same_wallet,long,17.918837,,0.0,0.0,0.0,-9.633712,-10.206998,0.0,0.0,0.0,0.0,,,base,0.0,,,,1.029446,0.9682106705614933,10.0,0.0,0.0,3000.0,isolated,P1,3.0,0.15,,,,,
AAOI,B_perp_3.0x_iso_P1_d0.5_noreb_base,perp,AAOI_USDT,1000.0,925.1274,-0.074873,-74.8726,171.8287,0.171829,-0.101409,0.099006,8294.984995,-9026.2511,-0.111549,671.2067,47,80,0.930233,-1.4649,-2.5916,-5.8178,False,0,60,3.542,0.8436,0.069816,same_wallet,long,-42.100172,,0.0,0.0,0.0,-32.170339,-32.772446,0.0,0.0,0.0,0.0,,,base,0.0,,,,0.843558,0.9668178977509698,10.0,0.0,0.0,3000.0,isolated,P1,3.0,0.15,,,,,
AAOI,B_perp_3x_iso_P2_reb_base,perp,AAOI_USDT,1000.0,1005.9328,0.005933,5.9328,51.6849,0.051685,-0.03635,0.059152,9001.482916,659.0881,0.020894,283.9443,13,32,0.372093,1.7697,4.5236,16.2471,False,0,59,3.542,0.18,0.388858,same_wallet,long,12.775671,,0.540089,0.0,0.0,-6.742641,-6.842901,0.0,0.0,0.0,0.0,,,base,0.75,,,,0.18003,0.9682094027215199,10.0,0.0,300.0,2100.0,isolated,P2,3.0,0.15,,,,,
AAOI,B_perp_3x_iso_P3_reb_base,perp,AAOI_USDT,1000.0,1004.2783,0.004278,4.2783,36.927,0.036927,-0.025833,0.041664,6429.142304,665.4503,0.021122,202.549,13,32,0.372093,1.7006,4.3352,14.9664,False,0,59,3.542,0.1286,0.393692,same_wallet,long,9.152835,,0.385749,0.0,0.0,-4.802954,-4.874561,0.0,0.0,0.0,0.0,,,base,0.75,,,,0.128583,0.9682128361172982,10.0,0.0,500.0,1500.0,isolated,P3,3.0,0.15,,,,,
AAOI,B_perp_3x_cross_P1_reb_base,perp,AAOI_USDT,1000.0,1008.4839,0.008484,8.4839,73.487,0.073487,-0.052013,0.086083,12868.075857,659.3,0.020913,405.6858,13,32,0.372093,1.8883,4.8682,18.8942,False,0,59,3.542,0.2574,0.382522,same_wallet,long,18.260956,,0.772085,0.0,0.0,-9.633712,-9.777033,0.0,0.0,0.0,0.0,,,base,0.75,,,,0.257362,0.9753865404748447,10.0,0.0,0.0,3000.0,cross,P1,3.0,0.15,,,,,
AAOI,B_perp_3x_iso_P2_trig0.2_base,perp,AAOI_USDT,1000.0,1005.9328,0.005933,5.9328,51.6849,0.051685,-0.03635,0.059152,9001.482916,659.0881,0.020894,283.9443,13,32,0.372093,1.7697,4.5236,16.2471,False,0,59,3.542,0.18,0.388858,same_wallet,long,12.775671,,0.540089,0.0,0.0,-6.742641,-6.842901,0.0,0.0,0.0,0.0,,,base,0.75,,,,0.18003,0.9682094027215199,10.0,0.0,300.0,2100.0,isolated,P2,3.0,0.2,,,,,
AAOI,B_perp_3x_iso_P2_trig0.1_base,perp,AAOI_USDT,1000.0,1005.9328,0.005933,5.9328,51.6849,0.051685,-0.03635,0.059152,9001.482916,659.0881,0.020894,283.9443,13,32,0.372093,1.7697,4.5236,16.2471,False,0,59,3.542,0.18,0.388858,same_wallet,long,12.775671,,0.540089,0.0,0.0,-6.742641,-6.842901,0.0,0.0,0.0,0.0,,,base,0.75,,,,0.18003,0.9682094027215199,10.0,0.0,300.0,2100.0,isolated,P2,3.0,0.1,,,,,
AAOI,B6_perp_3x_static_base,perp,AAOI_USDT,1000.0,1005.3992,0.005399,5.3992,37.6858,0.037686,-0.025824,0.043234,8208.492745,657.7536,0.026498,203.7553,13,32,0.372093,2.0611,5.2016,19.6845,False,0,90,3.542,0.1642,0.395078,same_wallet,long,11.142661,,0.49251,0.0,0.0,-5.654337,-5.743495,0.0,0.0,0.0,0.0,,,base,0.75,,,,0.16417,0.9681674955299613,10.0,0.0,0.0,3000.0,isolated,P1,3.0,0.15,,,,,
AAOI,B6_hold_3x_dir,perp,AAOI_USDT,1000.0,841.6624,-0.158338,-158.3376,273.9467,0.273947,-0.151889,0.109541,2999.313,-52791.2778,-0.179499,882.11,47,80,0.930233,-3.4961,-5.2825,-3.6503,False,0,1,3.542,0.15,-0.024156,same_wallet,long,0.0,,0.449897,0.0,0.0,-158.1876,-158.337566,0.0,0.0,0.0,0.0,,,base,0.75,,,,0.149966,0.9644145606306516,10.0,0.0,0.0,3000.0,isolated,P1,3.0,0.15,,,,,
AAOI,A2_same_expo_base,spot,AAOI3L_USDT,1000.0,948.7418,-0.051258,-51.2582,153.4801,0.15348,-0.09993,0.092084,1765.131735,-29039.3002,-0.080174,639.3368,47,55,0.639535,-2.3008,-4.3355,-6.4867,False,0,25,3.542,0.4236,0.096894,same_exposure,long,-23.088465,0.423632,0.988474,0.0,0.0,-27.847128,-28.169726,0.0,0.0,0.0,0.0,0.0,native_atr,base,0.7,1097.4716584573775,0.8202438925813976,,,,,,,,,,,,,2.5902462202494836,2590.2462202494835,,
AAOI,B_same_expo_base,perp,AAOI_USDT,1000.0,1007.3456,0.007346,7.3456,63.5295,0.06353,-0.044815,0.073645,11110.607171,661.1304,0.018064,406.6388,13,32,0.372093,1.837,4.7211,17.7246,False,0,59,3.542,0.2222,0.384708,same_exposure,long,15.778266,,0.666636,0.0,0.0,-8.308965,-8.432706,0.0,0.0,0.0,0.0,,,base,0.75,,,,0.222212,0.972884702819045,10.0,0.0,0.0,2590.2462202494835,isolated,P1,2.5902462202494836,0.15,,2.5902462202494836,2590.2462202494835,,
AAOI,A2_same_risk_base,spot,AAOI3L_USDT,1000.0,948.7418,-0.051258,-51.2582,153.4801,0.15348,-0.09993,0.092084,1765.131735,-29039.3002,-0.080174,639.3368,47,55,0.639535,-2.3008,-4.3355,-6.4867,False,0,25,3.542,0.4236,0.096894,same_risk,long,-23.088465,0.423632,0.988474,0.0,0.0,-27.847128,-28.169726,0.0,0.0,0.0,0.0,0.0,native_atr,base,0.7,1097.4716584573775,0.8202438925813976,,,,,,,,,,,,,,2660.426438267689,0.028143080508319002,0.010578409575061997
AAOI,B_same_risk_base,perp,AAOI_USDT,1000.0,1007.4898,0.00749,7.4898,65.2762,0.065276,-0.046088,0.075766,11408.612242,656.506,0.01842,406.6097,13,32,0.372093,1.8405,4.7298,17.7345,False,0,59,3.542,0.2282,0.383964,same_risk,long,16.156399,,0.684517,0.0,0.0,-8.539501,-8.666576,0.0,0.0,0.0,0.0,,,base,0.75,,,,0.228172,0.9720916212496282,10.0,0.0,0.0,2660.426438267689,isolated,P1,2.660426438267689,0.15,,,2660.426438267689,0.028143080508319002,0.010578409575061997
AAOI,A0_cash,cash,USDT,1000.0,1000.0,0.0,0.0,0.0,0.0,0.0,0.0,0.0,0.0,0.0,0.0,1,0,0.0,0.0,0.0,0.0,False,0,0,3.542,0.0,0.35,benchmark,long,,,,,,,,,,,,,,,,,,,,,,,,,,,,,,,,,
AAOI,A1_etf_hold,spot,AAOI3L_USDT,1000.0,848.7134,-0.151287,-151.2866,258.5376,0.258538,-0.143962,0.099784,999.745,-151325.212,-0.169912,890.3845,47,85,0.988372,-3.8469,-5.7955,-3.8679,False,0,1,3.542,0.255,-0.013003,benchmark,long,0.0,0.255,0.595,0.0,0.0,-151.031624,-151.286624,0.0,0.0,0.0,0.0,0.0,native_atr,conservative,0.7,1067.7385936431988,0.93632,,,,,,,,,,,,,,,,
AAOI,B1_spot_hold,spot,AAOI_USDT,1000.0,947.0172,-0.052983,-52.9828,95.8735,0.095873,-0.04792,0.030786,999.745,-52996.3428,-0.05516,960.5257,47,80,0.930233,-4.215,-6.0138,-10.3922,False,0,1,3.542,0.255,0.12357,benchmark,long,0.0,0.255,0.595,0.0,0.0,-52.727829,-52.982829,0.0,0.0,0.0,0.0,0.0,native_atr,conservative,0.7,9.059764386044405,110.35,,,,,,,,,,,,,,,,
AAOI,B2_spot_grid,spot,AAOI_USDT,1000.0,996.6074,-0.003393,-3.3926,29.4918,0.029492,-0.021849,0.028772,4320.684324,-785.1887,-0.00719,471.8333,14,32,0.372093,0.4644,1.0075,-10.0188,False,0,60,3.542,1.037,0.279785,benchmark,long,1.109829,1.036964,2.419583,0.0,0.0,-3.91621,-4.502381,0.0,0.0,0.0,0.0,0.0,native_atr,conservative,0.7,5.373754798193614,105.25876607469064,,,,,,,,,,,,,,,,
AAOI,A2_etf_native_atr_d0.0_reb_conservative,spot,AAOI3L_USDT,1000.0,946.0928,-0.053907,-53.9072,153.7632,0.153763,-0.106023,0.092548,1421.424303,-37924.7611,-0.087126,618.7291,47,55,0.639535,-2.5984,-4.6691,-6.482,False,0,21,3.542,0.3411,0.093457,same_wallet,long,-21.815346,0.341142,0.795998,0.0,0.0,-31.809857,-32.091831,0.0,0.0,0.0,0.0,0.0,native_atr,conservative,0.7,1100.5475183774636,0.8237736649825319,97.37944693263375,,,,,,,,,,,,,,,
AAOI,A2_etf_underlying_equiv_d0.0_reb_conservative,spot,AAOI3L_USDT,1000.0,995.5592,-0.004441,-4.4408,42.823,0.042823,-0.031689,0.037773,2154.014657,-2061.6401,-0.024034,184.769,14,32,0.372093,-0.1365,-0.2734,-8.5908,False,0,83,3.542,0.517,0.209451,same_wallet,long,3.090193,0.516964,1.206248,0.0,0.0,-7.240981,-7.530996,0.0,0.0,0.0,0.0,0.0,underlying_equiv,conservative,0.7,325.6500489955504,0.8171054685367652,146.84582108534892,,,,,,,,,,,,,,,
AAOI,A2_etf_static_pct_d0.0_reb_conservative,spot,AAOI3L_USDT,1000.0,947.3957,-0.052604,-52.6043,155.1425,0.155143,-0.10316,0.090178,1733.595485,-30344.0476,-0.086372,609.0469,47,55,0.639535,-2.5979,-4.6812,-6.4211,False,0,36,3.542,0.4161,0.093838,same_wallet,long,-28.937593,0.416063,0.970813,0.0,0.0,-23.34961,-23.666711,0.0,0.0,0.0,0.0,0.0,static_pct,conservative,0.7,1077.8124997284376,0.816533888875092,98.68232020667733,,,,,,,,,,,,,,,
AAOI,A2_etf_native_atr_d0.5_reb_conservative,spot,AAOI3L_USDT,1000.0,897.984,-0.102016,-102.016,186.1298,0.18613,-0.122686,0.095812,1283.570859,-79478.2839,-0.134052,761.0203,47,85,0.988372,-3.2065,-5.2652,-5.3725,False,0,24,3.542,0.3156,0.045264,same_wallet,long,-20.221989,0.315588,0.736371,0.0,0.0,-81.516948,-81.79402,0.0,0.0,0.0,0.0,0.5,native_atr,conservative,0.7,1083.0782867268185,0.8701341329963725,49.270615010405436,,,,,,,,,,,,,,,
AAOI,A2_etf_underlying_equiv_d0.5_reb_conservative,spot,AAOI3L_USDT,1000.0,921.2676,-0.078732,-78.7324,151.2162,0.151216,-0.086589,0.066163,1561.691933,-50414.8016,-0.145371,541.5976,47,85,0.988372,-3.1602,-4.9504,-6.6116,False,0,84,3.542,0.3823,0.065608,same_wallet,long,-33.474962,0.382337,0.892119,0.0,0.0,-44.986187,-45.257427,0.0,0.0,0.0,0.0,0.5,underlying_equiv,conservative,0.7,701.4153809848743,0.8590062999254778,72.55423509472837,,,,,,,,,,,,,,,
AAOI,A2_etf_static_pct_d0.5_reb_conservative,spot,AAOI3L_USDT,1000.0,896.7566,-0.103243,-103.2434,186.6511,0.186651,-0.122466,0.094726,1433.438087,-72024.9938,-0.136214,757.9518,47,85,0.988372,-3.2622,-5.3212,-5.3575,False,0,39,3.542,0.3516,0.04389,same_wallet,long,-27.793515,0.351556,0.820297,0.0,0.0,-75.15576,-75.449855,0.0,0.0,0.0,0.0,0.5,static_pct,conservative,0.7,1071.5057495525766,0.8650103232651432,48.043254723196924,,,,,,,,,,,,,,,
AAOI,A2_etf_native_atr_d0.0_noreb_conservative,spot,AAOI3L_USDT,1000.0,945.3038,-0.054696,-54.6962,154.1411,0.154141,-0.106706,0.092515,1420.539542,-38503.8233,-0.088452,618.3739,47,55,0.639535,-2.6364,-4.711,-6.4679,False,0,21,3.542,1.1364,0.092549,same_wallet,long,-21.941132,1.136432,0.0,0.0,0.0,-31.815746,-32.755072,0.0,0.0,0.0,0.0,0.0,native_atr,conservative,0.0,1099.8206191330096,0.8237981232355263,96.59042047097978,,,,,,,,,,,,,,,
AAOI,A2_etf_underlying_equiv_d0.0_noreb_conservative,spot,AAOI3L_USDT,1000.0,994.3565,-0.005644,-5.6435,43.028,0.043028,-0.032299,0.037244,2152.827507,-2621.4538,-0.030561,184.6638,14,32,0.372093,-0.3511,-0.6874,-10.2707,False,0,83,3.542,1.7223,0.193293,same_wallet,long,2.557586,1.722262,0.0,0.0,0.0,-7.234976,-8.201124,0.0,0.0,0.0,0.0,0.0,underlying_equiv,conservative,0.0,325.3637789760066,0.8171065732567704,145.6430862229064,,,,,,,,,,,,,,,
AAOI,A2_etf_static_pct_d0.0_noreb_conservative,spot,AAOI3L_USDT,1000.0,946.4357,-0.053564,-53.5643,155.5425,0.155542,-0.103965,0.090094,1732.299265,-30920.9328,-0.088015,608.5803,47,55,0.639535,-2.6473,-4.7367,-6.407,False,0,36,3.542,1.3858,0.092745,same_wallet,long,-29.149885,1.385839,0.0,0.0,0.0,-23.358241,-24.414424,0.0,0.0,0.0,0.0,0.0,static_pct,conservative,0.0,1076.8780545939294,0.8165607024399393,97.72231494238531,,,,,,,,,,,,,,,
AAOI,A2_etf_native_atr_d0.5_noreb_conservative,spot,AAOI3L_USDT,1000.0,897.2974,-0.102703,-102.7026,186.4861,0.186486,-0.123063,0.095794,1282.762738,-80063.5933,-0.135037,760.5525,47,85,0.988372,-3.2246,-5.2821,-5.3623,False,0,24,3.542,1.0516,0.044535,same_wallet,long,-20.297932,1.05155,0.0,0.0,0.0,-81.481424,-82.404662,0.0,0.0,0.0,0.0,0.5,native_atr,conservative,0.0,1082.3533471374662,0.870151722322426,48.58402992709114,,,,,,,,,,,,,,,
AAOI,A2_etf_underlying_equiv_d0.5_noreb_conservative,spot,AAOI3L_USDT,1000.0,920.4222,-0.079578,-79.5778,151.4823,0.151482,-0.086878,0.065877,1560.80989,-50984.9457,-0.147018,541.2806,47,85,0.988372,-3.2106,-5.0101,-6.6002,False,0,84,3.542,1.274,0.064648,same_wallet,long,-33.714697,1.273988,0.0,0.0,0.0,-44.959258,-45.863111,0.0,0.0,0.0,0.0,0.5,underlying_equiv,conservative,0.0,700.9564291493865,0.8590098749377107,71.70881653646154,,,,,,,,,,,,,,,
AAOI,A2_etf_static_pct_d0.5_noreb_conservative,spot,AAOI3L_USDT,1000.0,895.9877,-0.104012,-104.0123,187.0643,0.187064,-0.122897,0.094683,1432.412395,-72613.3845,-0.137323,757.429,47,85,0.988372,-3.2845,-5.3424,-5.3457,False,0,39,3.542,1.1713,0.043068,same_wallet,long,-27.906238,1.17127,0.0,0.0,0.0,-75.126212,-76.106074,0.0,0.0,0.0,0.0,0.5,static_pct,conservative,0.0,1070.67822173193,0.8650369380872616,47.27431209066128,,,,,,,,,,,,,,,
AAOI,B_perp_1.5x_iso_P1_d0.0_reb_conservative,perp,AAOI_USDT,1000.0,996.7434,-0.003257,-3.2566,43.9328,0.043933,-0.032107,0.044666,6577.159096,-495.1381,-0.006927,470.1328,13,32,0.372093,0.8208,1.8498,-6.4985,False,0,60,3.542,0.1315,0.294522,same_wallet,long,2.482204,,0.39463,0.0,0.0,-5.66462,-5.738806,0.0,0.0,0.0,0.0,,,conservative,0.75,,,,0.131543,0.9847734132796165,10.0,0.0,0.0,1500.0,isolated,P1,1.5,0.15,,,,,
AAOI,B_perp_1.5x_iso_P1_d0.5_reb_conservative,perp,AAOI_USDT,1000.0,959.1916,-0.040808,-40.8084,91.7821,0.091782,-0.052642,0.047441,4247.39799,-9607.8471,-0.056807,718.364,47,80,0.930233,-2.0044,-3.3898,-10.7466,False,0,61,3.542,0.1074,0.130568,same_wallet,long,-23.085155,,0.322279,0.0,0.0,-17.646391,-17.723196,0.0,0.0,0.0,0.0,,,conservative,0.75,,,,0.107426,0.9846259001565969,10.0,0.0,0.0,1500.0,isolated,P1,1.5,0.15,,,,,
AAOI,B_perp_1.5x_iso_P1_d0.0_noreb_conservative,perp,AAOI_USDT,1000.0,996.3488,-0.003651,-3.6512,44.0186,0.044019,-0.032313,0.044512,6577.159096,-555.1381,-0.007766,470.1328,13,32,0.372093,0.7616,1.7027,-7.1349,False,0,60,3.542,0.5262,0.28984,same_wallet,long,2.310133,,0.0,0.0,0.0,-5.66462,-5.961365,0.0,0.0,0.0,0.0,,,conservative,0.0,,,,0.526173,0.9847734132796165,10.0,0.0,0.0,1500.0,isolated,P1,1.5,0.15,,,,,
AAOI,B_perp_1.5x_iso_P1_d0.5_noreb_conservative,perp,AAOI_USDT,1000.0,958.8694,-0.041131,-41.1306,91.9149,0.091915,-0.05276,0.047362,4247.39799,-9683.7239,-0.057256,718.364,47,80,0.930233,-2.0293,-3.4236,-10.7362,False,0,61,3.542,0.4297,0.130227,same_wallet,long,-23.177017,,0.0,0.0,0.0,-17.646391,-17.953612,0.0,0.0,0.0,0.0,,,conservative,0.0,,,,0.429705,0.9846259001565969,10.0,0.0,0.0,1500.0,isolated,P1,1.5,0.15,,,,,
AAOI,B_perp_2.0x_iso_P1_d0.0_reb_conservative,perp,AAOI_USDT,1000.0,995.6696,-0.00433,-4.3304,58.4754,0.058475,-0.042882,0.060384,8787.057496,-492.8163,-0.009232,469.0821,13,32,0.372093,0.9033,2.0508,-6.167,False,0,60,3.542,0.1757,0.288369,same_wallet,long,3.33094,,0.527223,0.0,0.0,-7.562227,-7.661345,0.0,0.0,0.0,0.0,,,conservative,0.75,,,,0.175741,0.9793866857939075,10.0,0.0,0.0,2000.0,isolated,P1,2.0,0.15,,,,,
AAOI,B_perp_2.0x_iso_P1_d0.5_reb_conservative,perp,AAOI_USDT,1000.0,945.5066,-0.054493,-54.4934,121.7326,0.121733,-0.070814,0.065038,5661.592697,-9625.104,-0.07645,712.7965,47,80,0.930233,-1.8749,-3.2029,-8.1892,False,0,61,3.542,0.1432,0.107516,same_wallet,long,-30.783376,,0.429675,0.0,0.0,-23.607618,-23.710042,0.0,0.0,0.0,0.0,,,conservative,0.75,,,,0.143225,0.9789760671095895,10.0,0.0,0.0,2000.0,isolated,P1,2.0,0.15,,,,,
AAOI,B_perp_2.0x_iso_P1_d0.0_noreb_conservative,perp,AAOI_USDT,1000.0,995.1424,-0.004858,-4.8576,58.5927,0.058593,-0.043159,0.060181,8787.057496,-552.8163,-0.010356,469.0821,13,32,0.372093,0.8445,1.902,-6.7344,False,0,60,3.542,0.703,0.283521,same_wallet,long,3.101069,,0.0,0.0,0.0,-7.562227,-7.958698,0.0,0.0,0.0,0.0,,,conservative,0.0,,,,0.702965,0.9793866857939075,10.0,0.0,0.0,2000.0,isolated,P1,2.0,0.15,,,,,
AAOI,B_perp_2.0x_iso_P1_d0.5_noreb_conservative,perp,AAOI_USDT,1000.0,945.0769,-0.054923,-54.9231,121.9129,0.121913,-0.070976,0.064935,5661.592697,-9700.9969,-0.077053,712.7965,47,80,0.930233,-1.8996,-3.2372,-8.1783,False,0,61,3.542,0.5729,0.107063,same_wallet,long,-30.905778,,0.0,0.0,0.0,-23.607618,-24.017315,0.0,0.0,0.0,0.0,,,conservative,0.0,,,,0.5729,0.9789760671095895,10.0,0.0,0.0,2000.0,isolated,P1,2.0,0.15,,,,,
AAOI,B_perp_2.5x_iso_P1_d0.0_reb_conservative,perp,AAOI_USDT,1000.0,994.5811,-0.005419,-5.4189,73.0216,0.073022,-0.05379,0.076563,10981.332275,-493.4626,-0.011599,467.1789,13,32,0.372093,0.9823,2.2411,-5.872,False,0,60,3.542,0.2196,0.281977,same_wallet,long,4.17562,,0.65888,0.0,0.0,-9.470634,-9.594496,0.0,0.0,0.0,0.0,,,conservative,0.75,,,,0.219627,0.9738328858191763,10.0,0.0,0.0,2500.0,isolated,P1,2.5,0.15,,,,,
AAOI,B_perp_2.5x_iso_P1_d0.5_reb_conservative,perp,AAOI_USDT,1000.0,931.8443,-0.068156,-68.1557,151.2878,0.151288,-0.089303,0.083661,7075.794857,-9632.227,-0.096415,706.9011,47,80,0.930233,-1.739,-3.0024,-6.6053,False,0,61,3.542,0.179,0.084629,same_wallet,long,-38.462467,,0.536972,0.0,0.0,-29.565186,-29.693196,0.0,0.0,0.0,0.0,,,conservative,0.75,,,,0.178991,0.9730297010048858,10.0,0.0,0.0,2500.0,isolated,P1,2.5,0.15,,,,,
AAOI,B_perp_2.5x_iso_P1_d0.0_noreb_conservative,perp,AAOI_USDT,1000.0,993.9222,-0.006078,-6.0778,73.1719,0.073172,-0.054138,0.076312,10981.332275,-553.4626,-0.013009,467.1789,13,32,0.372093,0.9241,2.0916,-6.3753,False,0,60,3.542,0.8785,0.276968,same_wallet,long,3.888325,,0.0,0.0,0.0,-9.470634,-9.966082,0.0,0.0,0.0,0.0,,,conservative,0.0,,,,0.878507,0.9738328858191763,10.0,0.0,0.0,2500.0,isolated,P1,2.5,0.15,,,,,
AAOI,B_perp_2.5x_iso_P1_d0.5_noreb_conservative,perp,AAOI_USDT,1000.0,931.3074,-0.068693,-68.6926,151.5173,0.151517,-0.089511,0.083537,7075.794857,-9708.1157,-0.097174,706.9011,47,80,0.930233,-1.7634,-3.0372,-6.5956,False,0,61,3.542,0.716,0.084065,same_wallet,long,-38.615408,,0.0,0.0,0.0,-29.565186,-30.077226,0.0,0.0,0.0,0.0,,,conservative,0.0,,,,0.715963,0.9730297010048858,10.0,0.0,0.0,2500.0,isolated,P1,2.5,0.15,,,,,
AAOI,B_perp_3.0x_iso_P1_d0.0_reb_conservative,perp,AAOI_USDT,1000.0,993.4016,-0.006598,-6.5984,87.5408,0.087541,-0.064754,0.093189,13172.427962,-500.9246,-0.014164,465.8527,13,32,0.372093,1.0598,2.4324,-5.6492,False,0,60,3.542,0.2634,0.275011,same_wallet,long,4.933643,,0.790346,0.0,0.0,-11.38343,-11.532037,0.0,0.0,0.0,0.0,,,conservative,0.75,,,,0.263449,0.9681017478050622,10.0,0.0,0.0,3000.0,isolated,P1,3.0,0.15,151.73917203889937,,,,
AAOI,B_perp_3.0x_iso_P1_d0.5_reb_conservative,perp,AAOI_USDT,1000.0,918.2447,-0.081755,-81.7553,180.4333,0.180433,-0.108006,0.103342,8497.277238,-9621.3518,-0.116655,700.8275,47,80,0.930233,-1.5946,-2.7849,-5.5414,False,0,61,3.542,0.2149,0.061976,same_wallet,long,-46.158136,,0.644806,0.0,0.0,-35.443466,-35.597157,0.0,0.0,0.0,0.0,,,conservative,0.75,,,,0.214935,0.9667630618248553,10.0,0.0,0.0,3000.0,isolated,P1,3.0,0.15,76.5822723466672,,,,
AAOI,B_perp_3.0x_iso_P1_d0.0_noreb_conservative,perp,AAOI_USDT,1000.0,992.6113,-0.007389,-7.3887,87.7252,0.087725,-0.065172,0.092893,13172.427962,-560.9246,-0.015861,465.8527,13,32,0.372093,1.0023,2.2822,-6.0911,False,0,60,3.542,1.0538,0.269845,same_wallet,long,4.589117,,0.0,0.0,0.0,-11.38343,-11.977856,0.0,0.0,0.0,0.0,,,conservative,0.0,,,,1.053794,0.9681017478050622,10.0,0.0,0.0,3000.0,isolated,P1,3.0,0.15,,,,,
AAOI,B_perp_3.0x_iso_P1_d0.5_noreb_conservative,perp,AAOI_USDT,1000.0,917.5999,-0.0824,-82.4001,180.7134,0.180713,-0.108264,0.1032,8497.277238,-9697.2356,-0.117575,700.8275,47,80,0.930233,-1.6187,-2.8203,-5.5328,False,0,61,3.542,0.8597,0.061301,same_wallet,long,-46.341869,,0.0,0.0,0.0,-35.443466,-36.05823,0.0,0.0,0.0,0.0,,,conservative,0.0,,,,0.859741,0.9667630618248553,10.0,0.0,0.0,3000.0,isolated,P1,3.0,0.15,,,,,
AAOI,A2_same_expo_conservative,spot,AAOI3L_USDT,1000.0,946.0928,-0.053907,-53.9072,153.7632,0.153763,-0.106023,0.092548,1421.424303,-37924.7611,-0.087126,618.7291,47,55,0.639535,-2.5984,-4.6691,-6.482,False,0,21,3.542,0.3411,0.093457,same_exposure,long,-21.815346,0.341142,0.795998,0.0,0.0,-31.809857,-32.091831,0.0,0.0,0.0,0.0,0.0,native_atr,conservative,0.7,1100.5475183774636,0.8237736649825319,,,,,,,,,,,,,2.5902462202494836,2590.2462202494835,,
AAOI,B_same_expo_conservative,perp,AAOI_USDT,1000.0,994.3471,-0.005653,-5.6529,75.6534,0.075653,-0.055775,0.079524,11373.719003,-497.0168,-0.012105,466.9843,13,32,0.372093,0.9944,2.2708,-5.8486,False,0,60,3.542,0.2275,0.280537,same_exposure,long,4.295715,,0.682423,0.0,0.0,-9.820344,-9.948644,0.0,0.0,0.0,0.0,,,conservative,0.75,,,,0.227474,0.9728111992448558,10.0,0.0,0.0,2590.2462202494835,isolated,P1,2.5902462202494836,0.15,,2.5902462202494836,2590.2462202494835,,
AAOI,A2_same_risk_conservative,spot,AAOI3L_USDT,1000.0,946.0928,-0.053907,-53.9072,153.7632,0.153763,-0.106023,0.092548,1421.424303,-37924.7611,-0.087126,618.7291,47,55,0.639535,-2.5984,-4.6691,-6.482,False,0,21,3.542,0.3411,0.093457,same_risk,long,-21.815346,0.341142,0.795998,0.0,0.0,-31.809857,-32.091831,0.0,0.0,0.0,0.0,0.0,native_atr,conservative,0.7,1100.5475183774636,0.8237736649825319,,,,,,,,,,,,,,2660.426438267689,0.028143080508319002,0.010578409575061997
AAOI,B_same_risk_conservative,perp,AAOI_USDT,1000.0,994.2065,-0.005793,-5.7935,77.6734,0.077673,-0.057273,0.081842,11685.705702,-495.7732,-0.012411,466.8175,13,32,0.372093,1.0098,2.309,-5.8003,False,0,60,3.542,0.2337,0.279756,same_risk,long,4.419676,,0.701142,0.0,0.0,-10.081328,-10.213136,0.0,0.0,0.0,0.0,,,conservative,0.75,,,,0.233714,0.9720117206981083,10.0,0.0,0.0,2660.426438267689,isolated,P1,2.660426438267689,0.15,,,2660.426438267689,0.028143080508319002,0.010578409575061997
