trade_id,timestamp,symbol,book,direction,side,price,qty,notional,fee,slippage,reason,realized_pnl,equity_after,cycle_id
1,2026-06-07 20:00:00+00:00,BTC_USDT,long,long,buy,61701.381652173906,0.0005,30.850690826086954,0.0006170138165217391,0.0,grid_buy,0.0,2330.0879421600966,0
2,2026-06-07 21:00:00+00:00,BTC_USDT,short,short,sell,61701.381652173906,0.0005,30.850690826086954,0.0006170138165217391,0.0,grid_short,0.0,2329.998765972367,0
3,2026-06-07 22:00:00+00:00,BTC_USDT,long,long,sell,63846.309799999995,0.0005,31.9231549,0.0006384630980000001,0.0,trailing_tp,1.0718256108150446,2330.484332409269,1
4,2026-06-07 22:00:00+00:00,BTC_USDT,long,long,buy,62272.16960869564,0.0005,31.13608480434782,0.0006227216960869564,0.0,grid_buy,0.0,2330.784574883225,1
5,2026-06-07 22:00:00+00:00,BTC_USDT,long,long,buy,62842.95756521739,0.0005,31.421478782608695,0.0006284295756521739,0.0,grid_buy,0.0,2330.799417671041,1
6,2026-06-07 22:00:00+00:00,BTC_USDT,short,short,sell,63984.53347826086,0.0007,44.789173434782604,0.0008957834686956522,0.0,grid_short,0.0,2331.5759653223545,0
7,2026-06-07 22:00:00+00:00,BTC_USDT,short,short,sell,63413.745521739125,0.0007,44.389621865217386,0.0008877924373043478,0.0,grid_short,0.0,2331.9529693951345,0
8,2026-06-07 22:00:00+00:00,BTC_USDT,short,short,sell,62842.95756521739,0.0007,43.990070295652174,0.0008798014059130436,0.0,grid_short,0.0,2331.9304298893812,0
9,2026-06-07 23:00:00+00:00,BTC_USDT,long,long,sell,63074.1706,0.001,63.0741706,0.0012614834120000002,0.0,trailing_tp,0.5153455296314818,2330.940719005969,2
10,2026-06-07 23:00:00+00:00,BTC_USDT,long,long,buy,62842.95756521739,0.0005,31.421478782608695,0.0006284295756521739,0.0,grid_buy,0.0,2331.1841617937844,2
11,2026-06-07 23:00:00+00:00,BTC_USDT,long,long,buy,63413.745521739125,0.0005,31.70687276086956,0.0006341374552173912,0.0,grid_buy,0.0,2331.14220489546,2
12,2026-06-07 23:00:00+00:00,BTC_USDT,short,short,buy,63413.745521739125,0.0007,44.389621865217386,0.0008877924373043478,0.0,grid_cover_tp,-0.2313983133403189,2331.0834652378053,0
13,2026-06-07 23:00:00+00:00,BTC_USDT,short,short,buy,62842.95756521739,0.0007,43.990070295652174,0.0008798014059130436,0.0,grid_cover_tp,0.16816124725628845,2331.424285140747,0
14,2026-06-08 00:00:00+00:00,BTC_USDT,long,long,funding,63331.1,0.001,63.3311,0.0,0.0,funding,-0.00633311,2331.417952030747,2
15,2026-06-08 00:00:00+00:00,BTC_USDT,short,short,funding,63331.1,0.0012000000000000001,75.99732,0.0,0.0,funding,0.0075997320000000005,2331.425551762747,0
16,2026-06-08 00:00:00+00:00,BTC_USDT,long,long,sell,63478.9274,0.001,63.4789274,0.0012695785480000001,0.0,trailing_tp,0.3493062779737402,2331.202869584199,3
17,2026-06-08 00:00:00+00:00,BTC_USDT,long,long,buy,63413.745521739125,0.0005,31.70687276086956,0.0006341374552173912,0.0,grid_buy,0.0,2331.314762685874,3
18,2026-06-08 01:00:00+00:00,BTC_USDT,long,long,buy,62842.95756521739,0.0007,43.990070295652174,0.0008798014059130436,0.0,grid_buy,0.0,2331.870972588816,3
19,2026-06-08 01:00:00+00:00,BTC_USDT,short,short,sell,63413.745521739125,0.001,63.41374552173912,0.0012682749104347825,0.0,grid_short,0.0,2332.0712498356447,0
20,2026-06-08 03:00:00+00:00,BTC_USDT,long,long,sell,63413.745521739125,0.0007,44.389621865217386,0.0008877924373043478,0.0,grid_sell_tp,0.23218395647574386,2332.3564539084246,3
21,2026-06-08 04:00:00+00:00,BTC_USDT,short,short,buy,63027.5096,0.0022,138.66052112,0.0027732104224000003,0.0,trailing_tp,0.45178492442708307,2332.3496395780026,1
22,2026-06-08 04:00:00+00:00,BTC_USDT,short,short,sell,62842.95756521739,0.0005,31.421478782608695,0.0006284295756521739,0.0,grid_short,0.0,2332.4297399310353,1
23,2026-06-08 05:00:00+00:00,BTC_USDT,short,short,buy,62465.89981982608,0.00025,15.616474954956521,0.00031232949909913043,0.0,scaled_tp_0,0.0939521068487275,2332.5040276465797,1
24,2026-06-08 06:00:00+00:00,BTC_USDT,long,long,buy,62842.95756521739,0.0007,43.990070295652174,0.0008798014059130436,0.0,grid_buy,0.0,2332.6644025495216,3
25,2026-06-08 07:00:00+00:00,BTC_USDT,long,long,sell,63319.705012737315,0.0006000000000000001,37.991823007642395,0.000759836460152848,0.0,scaled_tp_0,0.22583155324745405,2332.962150720704,3
26,2026-06-08 08:00:00+00:00,BTC_USDT,long,long,funding,63283.0,0.0006000000000000001,37.969800000000006,0.0,0.0,funding,-0.003796980000000001,2332.958318740704,3
27,2026-06-08 08:00:00+00:00,BTC_USDT,short,short,funding,63283.0,0.00025,15.82075,0.0,0.0,funding,0.001582075,2332.959900815704,1
28,2026-06-08 09:00:00+00:00,BTC_USDT,long,long,sell,63194.4446,0.0006000000000000001,37.916666760000005,0.0007583333352000002,0.0,trailing_tp,0.1506768087300194,2332.8521342423687,4
29,2026-06-08 09:00:00+00:00,BTC_USDT,long,long,buy,63413.745521739125,0.0005,31.70687276086956,0.0006341374552173912,0.0,grid_buy,0.0,2332.893877344044,4
30,2026-06-08 09:00:00+00:00,BTC_USDT,short,short,sell,63413.745521739125,0.0007,44.389621865217386,0.0008877924373043478,0.0,grid_short,0.0,2332.8336614168243,1
31,2026-06-08 11:00:00+00:00,BTC_USDT,long,long,sell,63794.22799486956,0.00025,15.94855699871739,0.0003189711399743478,0.0,scaled_tp_0,0.09480164714263377,2332.9193144444016,4
32,2026-06-08 12:00:00+00:00,BTC_USDT,long,long,sell,63554.570799999994,0.00025,15.888642699999998,0.00031777285399999997,0.0,trailing_tp,0.0348885467112172,2332.5757443715474,5
33,2026-06-08 12:00:00+00:00,BTC_USDT,short,short,buy,63084.8516,0.00095,59.93060902,0.0011986121804,0.0,trailing_tp,0.16855362434133628,2333.312741739367,2
34,2026-06-08 12:00:00+00:00,BTC_USDT,long,long,buy,62842.95756521739,0.0005,31.421478782608695,0.0006284295756521739,0.0,grid_buy,0.0,2333.8215845271825,5
35,2026-06-08 12:00:00+00:00,BTC_USDT,long,long,buy,63413.745521739125,0.0005,31.70687276086956,0.0006341374552173912,0.0,grid_buy,0.0,2334.045027628858,5
36,2026-06-08 13:00:00+00:00,BTC_USDT,long,long,sell,63554.9684,0.001,63.5549684,0.0012710993680000002,0.0,trailing_tp,0.4253457571537376,2333.73682492949,6
37,2026-06-08 13:00:00+00:00,BTC_USDT,long,long,buy,63413.745521739125,0.0005,31.70687276086956,0.0006341374552173912,0.0,grid_buy,0.0,2333.9084680311653,6
38,2026-06-08 14:00:00+00:00,BTC_USDT,long,long,sell,63709.7342,0.0005,31.8548671,0.000637097342,0.0,trailing_tp,0.14735724178843687,2333.883548033823,7
39,2026-06-08 14:00:00+00:00,BTC_USDT,long,long,buy,63984.53347826086,0.0005,31.992266739130432,0.0006398453347826088,0.0,grid_buy,0.0,2333.873691449358,7
40,2026-06-08 14:00:00+00:00,BTC_USDT,short,short,sell,63984.53347826086,0.0005,31.992266739130432,0.0006398453347826088,0.0,grid_short,0.0,2333.882268343153,2
41,2026-06-08 16:00:00+00:00,BTC_USDT,long,long,funding,63772.5,0.0005,31.88625,0.0,0.0,funding,-0.003188625,2333.879079718153,7
42,2026-06-08 16:00:00+00:00,BTC_USDT,short,short,funding,63772.5,0.0005,31.88625,0.0,0.0,funding,0.003188625,2333.882268343153,2
43,2026-06-08 16:00:00+00:00,BTC_USDT,short,short,buy,63850.317,0.0005,31.925158500000002,0.0006385031700000001,0.0,trailing_tp,0.06646973596042986,2333.7220213399833,3
44,2026-06-08 16:00:00+00:00,BTC_USDT,short,short,sell,63984.53347826086,0.0005,31.992266739130432,0.0006398453347826088,0.0,grid_short,0.0,2333.9480982337786,3
45,2026-06-08 17:00:00+00:00,BTC_USDT,short,short,buy,63600.6262773913,0.00025,15.900156569347825,0.0003180031313869565,0.0,scaled_tp_0,0.09565879708600447,2333.9356736613,3
46,2026-06-08 17:00:00+00:00,BTC_USDT,long,long,buy,63413.745521739125,0.0007,44.389621865217386,0.0008877924373043478,0.0,grid_buy,0.0,2334.0317040036452,7
47,2026-06-08 17:00:00+00:00,BTC_USDT,short,short,buy,63413.745521739125,0.00025,15.85343638043478,0.0003170687276086956,0.0,grid_cover_tp,0.1423799204028256,2334.066000554483,4
48,2026-06-08 18:00:00+00:00,BTC_USDT,short,short,sell,63413.745521739125,0.0005,31.70687276086956,0.0006341374552173912,0.0,grid_short,0.0,2333.938039177897,4
49,2026-06-08 23:00:00+00:00,BTC_USDT,short,short,buy,63033.26304860869,0.00025,15.758315762152174,0.0003151663152430435,0.0,scaled_tp_0,0.09480545196736508,2333.6791532494294,4
50,2026-06-09 00:00:00+00:00,BTC_USDT,long,long,funding,63082.3,0.0012000000000000001,75.69876000000001,0.0,0.0,funding,-0.007569876000000001,2333.6715833734293,7
51,2026-06-09 00:00:00+00:00,BTC_USDT,short,short,funding,63082.3,0.00025,15.770575000000001,0.0,0.0,funding,0.0015770575000000002,2333.6731604309293,4
52,2026-06-09 00:00:00+00:00,BTC_USDT,short,short,buy,62794.52,0.00025,15.69863,0.0003139726,0.0,trailing_tp,0.15449240783478213,2333.11731145833,5
53,2026-06-09 00:00:00+00:00,BTC_USDT,short,short,sell,62842.95756521739,0.0005,31.421478782608695,0.0006284295756521739,0.0,grid_short,0.0,2333.2584618113624,5
54,2026-06-09 01:00:00+00:00,BTC_USDT,long,long,buy,62842.95756521739,0.001,62.84295756521739,0.0012568591513043479,0.0,grid_buy,0.0,2333.317047386994,7
55,2026-06-09 04:00:00+00:00,BTC_USDT,long,long,sell,63413.745521739125,0.001,63.41374552173912,0.0012682749104347825,0.0,grid_sell_tp,0.12845626066268634,2334.3084646338225,7
56,2026-06-09 04:00:00+00:00,BTC_USDT,short,short,sell,63413.745521739125,0.0007,44.389621865217386,0.0008877924373043478,0.0,grid_short,0.0,2334.4238787066024,5
57,2026-06-09 08:00:00+00:00,BTC_USDT,long,long,funding,63196.3,0.0012000000000000001,75.83556000000002,0.0,0.0,funding,-0.007583556000000002,2334.4162951506028,7
58,2026-06-09 08:00:00+00:00,BTC_USDT,short,short,funding,63196.3,0.0012000000000000001,75.83556000000002,0.0,0.0,funding,0.007583556000000002,2334.423878706603,5
59,2026-06-09 08:00:00+00:00,BTC_USDT,short,short,buy,62796.8617032826,0.0006000000000000001,37.67811702196956,0.0007535623404393914,0.0,scaled_tp_0,0.2266797396030372,2334.454648122293,5
60,2026-06-09 08:00:00+00:00,BTC_USDT,long,long,buy,62842.95756521739,0.001,62.84295756521739,0.0012568591513043479,0.0,grid_buy,0.0,2334.4598336979243,7
61,2026-06-09 08:00:00+00:00,BTC_USDT,short,short,buy,62842.95756521739,0.0006000000000000001,37.70577453913044,0.0007541154907826089,0.0,grid_cover_tp,0.19902166929182144,2334.462945043303,6
62,2026-06-09 09:00:00+00:00,BTC_USDT,short,short,sell,62842.95756521739,0.0005,31.421478782608695,0.0006284295756521739,0.0,grid_short,0.0,2334.234695396336,6
63,2026-06-09 12:00:00+00:00,BTC_USDT,short,short,buy,62465.89981982608,0.00025,15.616474954956521,0.00031232949909913043,0.0,scaled_tp_0,0.0939521068487275,2334.1471081118807,6
64,2026-06-09 13:00:00+00:00,BTC_USDT,short,short,buy,62515.053199999995,0.00025,15.6287633,0.000312575266,0.0,trailing_tp,0.0816635160383483,2333.3592922366142,7
65,2026-06-09 13:00:00+00:00,BTC_USDT,long,long,buy,62272.16960869564,0.0015,93.40825441304347,0.0018681650882608695,0.0,grid_buy,0.0,2333.3514696584825,7
66,2026-06-09 13:00:00+00:00,BTC_USDT,short,short,sell,62272.16960869564,0.0005,31.13608480434782,0.0006227216960869564,0.0,grid_short,0.0,2333.352831741134,7
67,2026-06-09 14:00:00+00:00,BTC_USDT,short,short,buy,61511.2664,0.0005,30.755633200000002,0.0006151126640000001,0.0,trailing_tp,0.37983649168382155,2331.04670342847,8
68,2026-06-09 14:00:00+00:00,BTC_USDT,short,short,sell,62272.16960869564,0.0005,31.13608480434782,0.0006227216960869564,0.0,grid_short,0.0,2331.410765511122,8
69,2026-06-09 14:00:00+00:00,BTC_USDT,short,short,sell,61701.381652173906,0.0005,30.850690826086954,0.0006170138165217391,0.0,grid_short,0.0,2331.4894393233926,8
70,2026-06-09 15:00:00+00:00,BTC_USDT,short,short,buy,61397.2866,0.001,61.3972866,0.0012279457320000001,0.0,trailing_tp,0.5882610847027792,2330.0974847776606,9
71,2026-06-09 15:00:00+00:00,BTC_USDT,long,long,buy,61130.59369565217,0.0021000000000000003,128.37424676086957,0.0025674849352173915,0.0,grid_buy,0.0,2330.0886305318554,7
72,2026-06-09 15:00:00+00:00,BTC_USDT,short,short,sell,61701.381652173906,0.0005,30.850690826086954,0.0006170138165217391,0.0,grid_short,0.0,2330.3749043441258,9
73,2026-06-09 15:00:00+00:00,BTC_USDT,short,short,sell,61130.59369565217,0.0005,30.565296847826087,0.0006113059369565217,0.0,grid_short,0.0,2330.3757898860154,9
74,2026-06-09 16:00:00+00:00,BTC_USDT,long,long,funding,61126.5,0.0058000000000000005,354.5337,0.0,0.0,funding,-0.035453370000000005,2330.3350565160154,7
75,2026-06-09 16:00:00+00:00,BTC_USDT,short,short,funding,61126.5,0.001,61.1265,0.0,0.0,funding,0.006112650000000001,2330.3411691660153,9
76,2026-06-09 16:00:00+00:00,BTC_USDT,short,short,buy,61138.3422,0.001,61.138342200000004,0.0012227668440000002,0.0,trailing_tp,0.27642270706903493,2331.8453841991713,10
77,2026-06-09 17:00:00+00:00,BTC_USDT,long,long,buy,61701.381652173906,0.003,185.10414495652174,0.0037020828991304352,0.0,grid_buy,0.0,2333.5550371597506,7
78,2026-06-09 17:00:00+00:00,BTC_USDT,long,long,sell,61701.381652173906,0.0021000000000000003,129.5729014695652,0.0025914580293913045,0.0,grid_sell_tp,-0.6464968800559674,2333.5771871712864,7
79,2026-06-09 17:00:00+00:00,BTC_USDT,short,short,sell,61701.381652173906,0.0005,30.850690826086954,0.0006170138165217391,0.0,grid_short,0.0,2333.5824609835568,10
80,2026-06-09 20:00:00+00:00,BTC_USDT,long,long,sell,62272.16960869564,0.003,186.81650882608693,0.003736330176521739,0.0,grid_sell_tp,0.7887626507792956,2336.814753479467,7
81,2026-06-09 20:00:00+00:00,BTC_USDT,short,short,sell,62272.16960869564,0.0007,43.59051872608695,0.000871810374521739,0.0,grid_short,0.0,2336.8961103951797,10
82,2026-06-09 21:00:00+00:00,BTC_USDT,long,long,buy,61701.381652173906,0.0021000000000000003,129.5729014695652,0.0025914580293913045,0.0,grid_buy,0.0,2336.029407467585,7
83,2026-06-09 21:00:00+00:00,BTC_USDT,short,short,buy,61701.381652173906,0.0007,43.19096715652174,0.0008638193431304348,0.0,grid_cover_tp,0.2322079295699076,2336.06950649172,10
84,2026-06-09 23:00:00+00:00,BTC_USDT,short,short,buy,61662.13524571738,0.00025000000000000006,15.415533811429349,0.00030831067622858697,0.0,scaled_tp_0,0.09274320126398852,2335.8755243696146,10
85,2026-06-10 00:00:00+00:00,BTC_USDT,long,long,funding,61720.8,0.0058000000000000005,357.98064000000005,0.0,0.0,funding,-0.035798064000000004,2335.8408363056146,7
86,2026-06-10 00:00:00+00:00,BTC_USDT,short,short,funding,61720.8,0.00025000000000000006,15.430200000000005,0.0,0.0,funding,0.0015430200000000006,2335.8423793256147,10
87,2026-06-10 00:00:00+00:00,BTC_USDT,short,short,buy,61814.072400000005,0.00025000000000000006,15.453518100000005,0.0003090703620000001,0.0,trailing_tp,0.05475815300756046,2336.9857121552527,11
88,2026-06-10 01:00:00+00:00,BTC_USDT,short,short,sell,61701.381652173906,0.0005,30.850690826086954,0.0006170138165217391,0.0,grid_short,0.0,2335.799415967523,11
89,2026-06-10 02:00:00+00:00,BTC_USDT,short,short,buy,61331.17336226086,0.00025,15.332793340565216,0.00030665586681130434,0.0,scaled_tp_0,0.09224541661145053,2333.572860971091,11
90,2026-06-10 04:00:00+00:00,BTC_USDT,short,short,buy,61561.9688,0.00025,15.3904922,0.000307809844,0.0,trailing_tp,0.03454540319947599,2333.455565961247,12
91,2026-06-10 05:00:00+00:00,BTC_USDT,long,long,buy,61130.59369565217,0.003,183.3917810869565,0.0036678356217391306,0.0,grid_buy,0.0,2334.4981170386686,7
92,2026-06-10 07:00:00+00:00,BTC_USDT,long,long,sell,61701.381652173906,0.003,185.10414495652174,0.0037020828991304352,0.0,grid_sell_tp,0.19329695356005633,2337.4440199122914,7
93,2026-06-10 07:00:00+00:00,BTC_USDT,short,short,sell,61701.381652173906,0.0005,30.850690826086954,0.0006170138165217391,0.0,grid_short,0.0,2337.4514437245616,12
94,2026-06-10 08:00:00+00:00,BTC_USDT,long,long,funding,61685.4,0.0058000000000000005,357.77532,0.0,0.0,funding,-0.035777532,2337.416196192562,7
95,2026-06-10 08:00:00+00:00,BTC_USDT,short,short,funding,61685.4,0.0005,30.8427,0.0,0.0,funding,0.00308427,2337.419280462562,12
96,2026-06-10 08:00:00+00:00,BTC_USDT,short,short,buy,61538.026,0.0005,30.769013,0.00061538026,0.0,trailing_tp,0.08106244582695415,2335.007052082302,13
97,2026-06-10 08:00:00+00:00,BTC_USDT,short,short,sell,61701.381652173906,0.0005,30.850690826086954,0.0006170138165217391,0.0,grid_short,0.0,2335.2286758945725,13
98,2026-06-10 09:00:00+00:00,BTC_USDT,short,short,buy,61098.5046,0.0005,30.5492523,0.000610985046,0.0,trailing_tp,0.30082754104095305,2335.734722609526,14
99,2026-06-10 09:00:00+00:00,BTC_USDT,long,long,buy,61130.59369565217,0.003,183.3917810869565,0.0036678356217391306,0.0,grid_buy,0.0,2336.331073686948,7
100,2026-06-10 11:00:00+00:00,BTC_USDT,short,short,sell,61130.59369565217,0.0005,30.565296847826087,0.0006113059369565217,0.0,grid_short,0.0,2333.7695092288373,14
101,2026-06-10 12:00:00+00:00,BTC_USDT,long,long,sell,61596.5896,0.0088,542.04998848,0.0108409997696,0.0,trailing_tp,1.1602176144863072,2338.442076709068,8
102,2026-06-10 12:00:00+00:00,BTC_USDT,long,long,buy,61130.59369565217,0.0005,30.565296847826087,0.0006113059369565217,0.0,grid_buy,0.0,2338.6597185553046,8
103,2026-06-10 12:00:00+00:00,BTC_USDT,short,short,sell,61701.381652173906,0.0007,43.19096715652174,0.0008638193431304348,0.0,grid_short,0.0,2338.7528518924832,14
104,2026-06-10 13:00:00+00:00,BTC_USDT,long,long,sell,62071.324,0.0005,31.035662000000002,0.0006207132400000001,0.0,trailing_tp,0.4697444389339157,2338.3101431792434,9
105,2026-06-10 13:00:00+00:00,BTC_USDT,long,long,buy,61701.381652173906,0.0005,30.850690826086954,0.0006170138165217391,0.0,grid_buy,0.0,2338.53163533934,9
106,2026-06-10 13:00:00+00:00,BTC_USDT,short,short,sell,62272.16960869564,0.0011,68.49938656956522,0.0013699877313913045,0.0,grid_short,0.0,2338.6694919211736,14
107,2026-06-10 14:00:00+00:00,BTC_USDT,long,long,sell,61880.7742,0.0005,30.9403871,0.000618807742,0.0,trailing_tp,0.08907746617104675,2338.4269802134313,10
108,2026-06-10 15:00:00+00:00,BTC_USDT,long,long,buy,62272.16960869564,0.0005,31.13608480434782,0.0006227216960869564,0.0,grid_buy,0.0,2337.5853326873876,10
109,2026-06-10 15:00:00+00:00,BTC_USDT,short,short,sell,62842.95756521739,0.0015,94.26443634782608,0.0018852887269565216,0.0,grid_short,0.0,2337.8901337464868,14
110,2026-06-10 16:00:00+00:00,BTC_USDT,long,long,funding,62638.6,0.0005,31.3193,0.0,0.0,funding,-0.00313193,2337.886671816487,10
111,2026-06-10 16:00:00+00:00,BTC_USDT,short,short,funding,62638.6,0.0038,238.02668,0.0,0.0,funding,0.023802668000000003,2337.9104744844867,14
112,2026-06-10 16:00:00+00:00,BTC_USDT,long,long,sell,62645.80262634782,0.00025,15.661450656586954,0.0003132290131317391,0.0,scaled_tp_0,0.09309502539991159,2339.4065119120605,10
113,2026-06-10 16:00:00+00:00,BTC_USDT,short,short,buy,62272.16960869564,0.0015,93.40825441304347,0.0018681650882608695,0.0,grid_cover_tp,-0.04693037218208338,2339.322789333929,14
114,2026-06-10 17:00:00+00:00,BTC_USDT,short,short,buy,62021.3084,0.0023,142.64900932,0.0028529801864000002,0.0,trailing_tp,0.5050324156030483,2339.7104570337424,15
115,2026-06-10 17:00:00+00:00,BTC_USDT,long,long,buy,61701.381652173906,0.0007,43.19096715652174,0.0008638193431304348,0.0,grid_buy,0.0,2339.9002860578776,10
116,2026-06-10 17:00:00+00:00,BTC_USDT,short,short,sell,62272.16960869564,0.0005,31.13608480434782,0.0006227216960869564,0.0,grid_short,0.0,2340.0488481405296,15
117,2026-06-10 18:00:00+00:00,BTC_USDT,short,short,buy,61965.1736,0.0005,30.9825868,0.000619651736,0.0,trailing_tp,0.1528783526118208,2339.968941688793,16
118,2026-06-10 20:00:00+00:00,BTC_USDT,short,short,sell,61701.381652173906,0.0005,30.850690826086954,0.0006170138165217391,0.0,grid_short,0.0,2339.840655501064,16
119,2026-06-10 21:00:00+00:00,BTC_USDT,short,short,buy,61551.8082,0.0005,30.7759041,0.0006155180820000001,0.0,trailing_tp,0.07417120800495343,2339.539850882982,17
120,2026-06-10 21:00:00+00:00,BTC_USDT,short,short,sell,61701.381652173906,0.0005,30.850690826086954,0.0006170138165217391,0.0,grid_short,0.0,2339.7115746952522,17
121,2026-06-10 22:00:00+00:00,BTC_USDT,short,short,buy,61471.0264,0.0005,30.735513200000003,0.0006147102640000001,0.0,trailing_tp,0.11456291582295193,2339.6820117849884,18
122,2026-06-10 22:00:00+00:00,BTC_USDT,long,long,buy,61130.59369565217,0.0011,67.24365306521739,0.0013448730613043478,0.0,grid_buy,0.0,2339.9620538467098,10
123,2026-06-11 00:00:00+00:00,BTC_USDT,long,long,funding,61516.8,0.00205,126.10944000000002,0.0,0.0,funding,-0.012610944000000002,2340.21676290271,10
124,2026-06-11 00:00:00+00:00,BTC_USDT,long,long,sell,61602.7524,0.00205,126.28564242,0.0025257128484000003,0.0,trailing_tp,0.28045408323857285,2340.3904396098615,11
125,2026-06-11 00:00:00+00:00,BTC_USDT,long,long,buy,61701.381652173906,0.0005,30.850690826086954,0.0006170138165217391,0.0,grid_buy,0.0,2340.4507817699578,11
126,2026-06-11 00:00:00+00:00,BTC_USDT,short,short,sell,61701.381652173906,0.0005,30.850690826086954,0.0006170138165217391,0.0,grid_short,0.0,2340.3892055822284,18
127,2026-06-11 01:00:00+00:00,BTC_USDT,long,long,sell,61997.569200000005,0.0005,30.998784600000004,0.0006199756920000001,0.0,trailing_tp,0.1474737982210495,2340.2841202065365,12
128,2026-06-11 01:00:00+00:00,BTC_USDT,long,long,buy,62272.16960869564,0.0005,31.13608480434782,0.0006227216960869564,0.0,grid_buy,0.0,2340.2506626804925,12
129,2026-06-11 01:00:00+00:00,BTC_USDT,short,short,sell,62272.16960869564,0.0007,43.59051872608695,0.000871810374521739,0.0,grid_short,0.0,2340.295759596205,18
130,2026-06-11 03:00:00+00:00,BTC_USDT,long,long,sell,62471.8066,0.0005,31.235903300000004,0.0006247180660000001,0.0,trailing_tp,0.09919377758618,2339.850948178139,13
131,2026-06-11 03:00:00+00:00,BTC_USDT,long,long,buy,62272.16960869564,0.0005,31.13608480434782,0.0006227216960869564,0.0,grid_buy,0.0,2340.057840652095,13
132,2026-06-11 03:00:00+00:00,BTC_USDT,short,short,sell,62842.95756521739,0.001,62.84295756521739,0.0012568591513043479,0.0,grid_short,0.0,2340.2123413581608,18
133,2026-06-11 04:00:00+00:00,BTC_USDT,long,long,sell,62645.80262634782,0.00025,15.661450656586954,0.0003132290131317391,0.0,scaled_tp_0,0.09309502539991159,2340.1201687857347,13
134,2026-06-11 04:00:00+00:00,BTC_USDT,long,long,buy,62842.95756521739,0.0007,43.990070295652174,0.0008798014059130436,0.0,grid_buy,0.0,2340.0395186886763,13
135,2026-06-11 04:00:00+00:00,BTC_USDT,long,long,sell,62842.95756521739,0.0005,31.421478782608695,0.0006284295756521739,0.0,grid_sell_tp,0.07447524891405201,2340.095869041709,13
136,2026-06-11 06:00:00+00:00,BTC_USDT,long,long,sell,62622.0,0.00045,28.1799,0.000563598,0.0,trailing_tp,-0.032401191707090854,2339.9611354437093,14
137,2026-06-11 06:00:00+00:00,BTC_USDT,long,long,buy,62842.95756521739,0.0005,31.421478782608695,0.0006284295756521739,0.0,grid_buy,0.0,2339.9230782315253,14
138,2026-06-11 08:00:00+00:00,BTC_USDT,long,long,funding,62717.8,0.0005,31.358900000000002,0.0,0.0,funding,-0.0031358900000000006,2340.005452341525,14
139,2026-06-11 08:00:00+00:00,BTC_USDT,short,short,funding,62717.8,0.0022,137.97916,0.0,0.0,funding,0.013797916000000002,2340.019250257525,18
140,2026-06-11 10:00:00+00:00,BTC_USDT,long,long,sell,63220.015310608695,0.00025,15.805003827652174,0.0003161000765530435,0.0,scaled_tp_0,0.0939483362712736,2339.3235379851008,14
141,2026-06-11 16:00:00+00:00,BTC_USDT,long,long,funding,62746.4,0.00025,15.6866,0.0,0.0,funding,-0.0015686600000000001,2340.0871493251007,14
142,2026-06-11 16:00:00+00:00,BTC_USDT,short,short,funding,62746.4,0.0022,138.04208,0.0,0.0,funding,0.013804208,2340.1009535331004,18
143,2026-06-11 17:00:00+00:00,BTC_USDT,long,long,sell,63274.2628,0.00025,15.818565699999999,0.000316371314,0.0,trailing_tp,0.10750993738165218,2338.2691028617865,15
144,2026-06-11 17:00:00+00:00,BTC_USDT,long,long,buy,62842.95756521739,0.0005,31.421478782608695,0.0006284295756521739,0.0,grid_buy,0.0,2338.6664456496023,15
145,2026-06-11 17:00:00+00:00,BTC_USDT,long,long,buy,63413.745521739125,0.0005,31.70687276086956,0.0006341374552173912,0.0,grid_buy,0.0,2338.778388751278,15
146,2026-06-11 18:00:00+00:00,BTC_USDT,long,long,sell,63403.6816,0.001,63.403681600000006,0.0012680736320000003,0.0,trailing_tp,0.27406198288974326,2338.9352622776455,16
147,2026-06-11 18:00:00+00:00,BTC_USDT,long,long,buy,63413.745521739125,0.0005,31.70687276086956,0.0006341374552173912,0.0,grid_buy,0.0,2338.9578053793207,16
148,2026-06-11 18:00:00+00:00,BTC_USDT,short,short,sell,63413.745521739125,0.0015,95.12061828260869,0.001902412365652174,0.0,grid_short,0.0,2338.886371249564,18
149,2026-06-11 19:00:00+00:00,BTC_USDT,long,long,sell,63546.42,0.0005,31.77321,0.0006354642,0.0,trailing_tp,0.0657017749304365,2338.393875785364,17
150,2026-06-11 19:00:00+00:00,BTC_USDT,long,long,buy,63413.745521739125,0.0005,31.70687276086956,0.0006341374552173912,0.0,grid_buy,0.0,2338.488718887039,17
151,2026-06-12 00:00:00+00:00,BTC_USDT,long,long,funding,63619.4,0.0005,31.809700000000003,0.0,0.0,funding,-0.0031809700000000004,2338.438497917039,17
152,2026-06-12 00:00:00+00:00,BTC_USDT,short,short,funding,63619.4,0.0037,235.39178,0.0,0.0,funding,0.023539178,2338.462037095039,18
153,2026-06-12 00:00:00+00:00,BTC_USDT,long,long,sell,63794.22799486956,0.00025,15.94855699871739,0.0003189711399743478,0.0,scaled_tp_0,0.09480164714263377,2338.4384951226166,17
154,2026-06-12 08:00:00+00:00,BTC_USDT,long,long,funding,63093.9,0.00025,15.773475000000001,0.0,0.0,funding,-0.0015773475000000002,2340.3168227751166,17
155,2026-06-12 08:00:00+00:00,BTC_USDT,short,short,funding,63093.9,0.0037,233.44743000000003,0.0,0.0,funding,0.023344743000000005,2340.3401675181167,18
156,2026-06-12 09:00:00+00:00,BTC_USDT,long,long,sell,63585.683,0.00025,15.896420749999999,0.000317928415,0.0,trailing_tp,0.042666441150218004,2338.0126553397017,18
157,2026-06-12 12:00:00+00:00,BTC_USDT,long,long,buy,63413.745521739125,0.0005,31.70687276086956,0.0006341374552173912,0.0,grid_buy,0.0,2339.1134384413767,18
158,2026-06-12 14:00:00+00:00,BTC_USDT,long,long,sell,63627.1328,0.0005,31.8135664,0.000636271328,0.0,trailing_tp,0.10605736780243709,2337.2311885700487,19
159,2026-06-12 14:00:00+00:00,BTC_USDT,long,long,buy,63413.745521739125,0.0005,31.70687276086956,0.0006341374552173912,0.0,grid_buy,0.0,2337.521581671724,19
160,2026-06-12 14:00:00+00:00,BTC_USDT,long,long,buy,63984.53347826086,0.0005,31.992266739130432,0.0006398453347826088,0.0,grid_buy,0.0,2337.526575087259,19
161,2026-06-12 14:00:00+00:00,BTC_USDT,short,short,sell,63984.53347826086,0.0021000000000000003,134.36752030434783,0.002687350406086957,0.0,grid_short,0.0,2337.5002280412004,18
162,2026-06-12 15:00:00+00:00,BTC_USDT,long,long,sell,64006.343799999995,0.001,64.0063438,0.001280126876,0.0,trailing_tp,0.3059241731240049,2339.8294917143244,20
163,2026-06-12 16:00:00+00:00,BTC_USDT,short,short,funding,63595.9,0.0058000000000000005,368.85622000000006,0.0,0.0,funding,0.03688562200000001,2339.8657973363247,18
164,2026-06-12 16:00:00+00:00,BTC_USDT,long,long,buy,63984.53347826086,0.0005,31.992266739130432,0.0006398453347826088,0.0,grid_buy,0.0,2337.6303407518594,20
165,2026-06-12 20:00:00+00:00,BTC_USDT,long,long,buy,63413.745521739125,0.0007,44.389621865217386,0.0008877924373043478,0.0,grid_buy,0.0,2340.466301094205,20
166,2026-06-12 20:00:00+00:00,BTC_USDT,short,short,buy,63413.745521739125,0.0021000000000000003,133.1688655956522,0.002663377311913044,0.0,grid_cover_tp,-0.37465966621748015,2340.5408221212406,18
167,2026-06-13 00:00:00+00:00,BTC_USDT,long,long,funding,63577.6,0.0012000000000000001,76.29312,0.0,0.0,funding,-0.007629312000000001,2340.215442809241,20
168,2026-06-13 00:00:00+00:00,BTC_USDT,short,short,funding,63577.6,0.0037,235.23712,0.0,0.0,funding,0.023523712000000002,2340.238966521241,18
169,2026-06-13 08:00:00+00:00,BTC_USDT,long,long,funding,63844.3,0.0012000000000000001,76.61316000000001,0.0,0.0,funding,-0.007661316000000001,2339.5645552052406,20
170,2026-06-13 08:00:00+00:00,BTC_USDT,short,short,funding,63844.3,0.0037,236.22391000000002,0.0,0.0,funding,0.023622391000000003,2339.5881775962407,18
171,2026-06-13 12:00:00+00:00,BTC_USDT,long,long,sell,64033.48327997825,0.0006000000000000001,38.420089967986954,0.0007684017993597391,0.0,scaled_tp_0,0.22837726401368272,2338.817109162428,20
172,2026-06-13 12:00:00+00:00,BTC_USDT,long,long,sell,63984.53347826086,0.0006000000000000001,38.39072008695652,0.0007678144017391305,0.0,grid_sell_tp,0.1990079703808693,2338.729421434983,21
173,2026-06-13 16:00:00+00:00,BTC_USDT,short,short,funding,64300.0,0.0037,237.91,0.0,0.0,funding,0.023791,2338.121992434983,18
174,2026-06-13 16:00:00+00:00,BTC_USDT,long,long,buy,63984.53347826086,0.0005,31.992266739130432,0.0006398453347826088,0.0,grid_buy,0.0,2339.153325850518,21
175,2026-06-13 16:00:00+00:00,BTC_USDT,short,short,sell,63984.53347826086,0.0021000000000000003,134.36752030434783,0.002687350406086957,0.0,grid_short,0.0,2339.0618788044594,18
176,2026-06-13 21:00:00+00:00,BTC_USDT,long,long,sell,64364.979,0.0005,32.1824895,0.0006436497900000001,0.0,trailing_tp,0.18957911107956846,2336.6696246546694,22
177,2026-06-13 21:00:00+00:00,BTC_USDT,long,long,buy,64555.3214347826,0.0005,32.2776607173913,0.000645553214347826,0.0,grid_buy,0.0,2336.625468384064,22
178,2026-06-13 21:00:00+00:00,BTC_USDT,short,short,sell,64555.3214347826,0.0029000000000000002,187.21043216086954,0.003744208643217391,0.0,grid_short,0.0,2336.87408633629,18
179,2026-06-14 00:00:00+00:00,BTC_USDT,long,long,funding,64454.4,0.0005,32.2272,0.0,0.0,funding,-0.0032227200000000005,2336.98484361629,22
180,2026-06-14 00:00:00+00:00,BTC_USDT,short,short,funding,64454.4,0.008700000000000001,560.7532800000001,0.0,0.0,funding,0.056075328000000015,2337.0409189442903,18
181,2026-06-14 08:00:00+00:00,BTC_USDT,long,long,funding,64428.4,0.0005,32.2142,0.0,0.0,funding,-0.00322142,2337.25089752429,22
182,2026-06-14 08:00:00+00:00,BTC_USDT,short,short,funding,64428.4,0.008700000000000001,560.5270800000001,0.0,0.0,funding,0.05605270800000001,2337.30695023229,18
183,2026-06-14 14:00:00+00:00,BTC_USDT,long,long,buy,63984.53347826086,0.0007,44.789173434782604,0.0008957834686956522,0.0,grid_buy,0.0,2340.9625110140387,22
184,2026-06-14 14:00:00+00:00,BTC_USDT,short,short,buy,63984.53347826086,0.0029000000000000002,185.5551470869565,0.0037111029417391307,0.0,grid_cover_tp,-0.3743952356254194,2340.9523228241405,18
185,2026-06-14 16:00:00+00:00,BTC_USDT,long,long,funding,64026.9,0.0012000000000000001,76.83228000000001,0.0,0.0,funding,-0.007683228000000001,2340.7394795961404,22
186,2026-06-14 16:00:00+00:00,BTC_USDT,short,short,funding,64026.9,0.005800000000000001,371.3560200000001,0.0,0.0,funding,0.03713560200000001,2340.7766151981405,18
187,2026-06-14 21:00:00+00:00,BTC_USDT,long,long,sell,65276.178799999994,0.0012000000000000001,78.33141456,0.0015666282912000001,0.0,trailing_tp,1.263013779534908,2334.8588831298493,23
188,2026-06-14 21:00:00+00:00,BTC_USDT,long,long,buy,64555.3214347826,0.0005,32.2776607173913,0.000645553214347826,0.0,grid_buy,0.0,2335.2332768592432,23
189,2026-06-14 21:00:00+00:00,BTC_USDT,long,long,buy,65126.109391304344,0.0005,32.56305469565217,0.0006512610939130434,0.0,grid_buy,0.0,2335.322270902497,23
190,2026-06-14 22:00:00+00:00,BTC_USDT,long,long,sell,65159.78140000001,0.001,65.15978140000001,0.0013031956280000004,0.0,trailing_tp,0.31776279132854246,2334.5512691068693,24
191,2026-06-14 22:00:00+00:00,BTC_USDT,long,long,buy,65126.109391304344,0.0005,32.56305469565217,0.0006512610939130434,0.0,grid_buy,0.0,2334.694063150123,24
192,2026-06-14 23:00:00+00:00,BTC_USDT,long,long,sell,65404.4048,0.0005,32.7022024,0.000654044048,0.0,trailing_tp,0.13849366029982985,2332.7733715060754,25
193,2026-06-14 23:00:00+00:00,BTC_USDT,long,long,buy,65696.89734782607,0.0005,32.84844867391304,0.0006569689734782609,0.0,grid_buy,0.0,2332.795915863189,25
194,2026-06-14 23:00:00+00:00,BTC_USDT,short,short,sell,65696.89734782607,0.0028,183.95131257391301,0.0036790262514782607,0.0,grid_short,0.0,2332.6623094108504,18
195,2026-06-15 00:00:00+00:00,BTC_USDT,long,long,funding,65742.1,0.0005,32.871050000000004,0.0,0.0,funding,-0.0032871050000000007,2332.66874230585,25
196,2026-06-15 00:00:00+00:00,BTC_USDT,short,short,funding,65742.1,0.008600000000000002,565.3820600000001,0.0,0.0,funding,0.056538206000000014,2332.7252805118505,18
197,2026-06-15 08:00:00+00:00,BTC_USDT,long,long,funding,65670.2,0.0005,32.8351,0.0,0.0,funding,-0.00328351,2333.3043870018505,25
198,2026-06-15 08:00:00+00:00,BTC_USDT,short,short,funding,65670.2,0.008600000000000002,564.76372,0.0,0.0,funding,0.056476372000000004,2333.3608633738504,18
199,2026-06-15 11:00:00+00:00,BTC_USDT,long,long,sell,65984.5032,0.0005,32.9922516,0.0006598450320000001,0.0,trailing_tp,0.14314308105496618,2328.6712551288183,26
200,2026-06-15 11:00:00+00:00,BTC_USDT,long,long,buy,66267.68530434782,0.0005,33.13384265217391,0.0006626768530434783,0.0,grid_buy,0.0,2328.653599799791,26
201,2026-06-15 11:00:00+00:00,BTC_USDT,short,short,sell,66267.68530434782,0.0039000000000000003,258.4439726869565,0.005168879453739131,0.0,grid_short,0.0,2328.780973607294,18
202,2026-06-15 13:00:00+00:00,BTC_USDT,long,long,sell,66545.5168,0.0005,33.2727584,0.0006654551680000001,0.0,trailing_tp,0.1382502926580895,2326.327466552126,27
203,2026-06-15 13:00:00+00:00,BTC_USDT,short,short,sell,66838.47326086956,0.0055000000000000005,367.61160293478264,0.007352232058695654,0.0,grid_short,0.0,2328.49851725485,18
204,2026-06-15 15:00:00+00:00,BTC_USDT,long,long,buy,66838.47326086956,0.0005,33.41923663043478,0.0006683847326086957,0.0,grid_buy,0.0,2313.3635622396823,27
205,2026-06-15 16:00:00+00:00,BTC_USDT,long,long,funding,67286.6,0.0005,33.6433,0.0,0.0,funding,-0.0033643300000000004,2313.5229479096824,27
206,2026-06-15 16:00:00+00:00,BTC_USDT,short,short,funding,67286.6,0.018000000000000002,1211.1588000000002,0.0,0.0,funding,0.12111588000000002,2313.644063789682,18
207,2026-06-15 16:00:00+00:00,BTC_USDT,long,long,sell,67239.50410043479,0.00025,16.809876025108696,0.00033619752050217396,0.0,scaled_tp_0,0.09992151237080397,2315.9412286172706,27
208,2026-06-15 22:00:00+00:00,BTC_USDT,long,long,buy,66267.68530434782,0.0007,46.38737971304347,0.0009277475942608695,0.0,grid_buy,0.0,2332.8452211566328,27
209,2026-06-15 22:00:00+00:00,BTC_USDT,short,short,buy,66267.68530434782,0.0055000000000000005,364.47226917391305,0.007289445383478262,0.0,grid_cover_tp,-3.8091709763472217,2332.473912537336,18
210,2026-06-16 00:00:00+00:00,BTC_USDT,long,long,funding,66326.4,0.00095,63.010079999999995,0.0,0.0,funding,-0.0063010079999999994,2331.0250165293364,27
211,2026-06-16 00:00:00+00:00,BTC_USDT,short,short,funding,66326.4,0.0125,829.0799999999999,0.0,0.0,funding,0.082908,2331.1079245293367,18
212,2026-06-16 02:00:00+00:00,BTC_USDT,long,long,buy,65696.89734782607,0.001,65.69689734782608,0.0013139379469565217,0.0,grid_buy,0.0,2337.895203243563,27
213,2026-06-16 02:00:00+00:00,BTC_USDT,short,short,buy,65696.89734782607,0.0039000000000000003,256.2178996565217,0.005124357993130434,0.0,grid_cover_tp,-0.47493095860534473,2338.068319229048,18
214,2026-06-16 04:00:00+00:00,BTC_USDT,long,long,sell,66267.68530434782,0.001,66.26768530434782,0.0013253537060869565,0.0,grid_sell_tp,0.21820847572535546,2337.8163691796904,27
215,2026-06-16 04:00:00+00:00,BTC_USDT,short,short,sell,66267.68530434782,0.0039000000000000003,258.4439726869565,0.005168879453739131,0.0,grid_short,0.0,2339.463572987193,18
216,2026-06-16 08:00:00+00:00,BTC_USDT,long,long,funding,66368.1,0.0009499999999999999,63.049695,0.0,0.0,funding,-0.0063049695,2333.403913017693,27
217,2026-06-16 08:00:00+00:00,BTC_USDT,short,short,funding,66368.1,0.0125,829.6012500000002,0.0,0.0,funding,0.08296012500000002,2333.4868731426927,18
218,2026-06-16 08:00:00+00:00,BTC_USDT,long,long,sell,66584.2828,0.0009499999999999999,63.25506865999999,0.0012651013732,0.0,trailing_tp,0.5080596574562434,2327.09848170132,28
219,2026-06-16 08:00:00+00:00,BTC_USDT,long,long,buy,66838.47326086956,0.0005,33.41923663043478,0.0006683847326086957,0.0,grid_buy,0.0,2327.1263266861524,28
220,2026-06-16 08:00:00+00:00,BTC_USDT,short,short,sell,66838.47326086956,0.0055000000000000005,367.61160293478264,0.007352232058695654,0.0,grid_short,0.0,2326.805327388876,18
221,2026-06-16 13:00:00+00:00,BTC_USDT,short,short,buy,66267.68530434782,0.0055000000000000005,364.47226917391305,0.007289445383478262,0.0,grid_cover_tp,-0.8645030832449453,2340.4366187695796,18
222,2026-06-16 14:00:00+00:00,BTC_USDT,short,short,buy,65754.0714,0.0125,821.9258925,0.01643851785,0.0,trailing_tp,4.455522473176208,2343.8806377517294,19
223,2026-06-16 14:00:00+00:00,BTC_USDT,long,long,buy,65696.89734782607,0.0007,45.987828143478254,0.0009197565628695652,0.0,grid_buy,0.0,2343.8482198516886,28
224,2026-06-16 14:00:00+00:00,BTC_USDT,short,short,sell,65696.89734782607,0.0005,32.84844867391304,0.0006569689734782609,0.0,grid_short,0.0,2343.870061556628,19
225,2026-06-16 16:00:00+00:00,BTC_USDT,long,long,funding,65865.1,0.0012000000000000001,79.03812000000002,0.0,0.0,funding,-0.007903812000000003,2344.011397744628,28
226,2026-06-16 16:00:00+00:00,BTC_USDT,short,short,funding,65865.1,0.0005,32.932550000000006,0.0,0.0,funding,0.0032932550000000006,2344.0146909996283,19
227,2026-06-17 00:00:00+00:00,BTC_USDT,long,long,funding,65671.8,0.0012000000000000001,78.80616,0.0,0.0,funding,-0.007880616000000002,2343.871500383628,28
228,2026-06-17 00:00:00+00:00,BTC_USDT,short,short,funding,65671.8,0.0005,32.8359,0.0,0.0,funding,0.0032835900000000003,2343.874783973628,19
229,2026-06-17 07:00:00+00:00,BTC_USDT,short,short,buy,65302.715963739116,0.00025,16.32567899093478,0.0003265135798186956,0.0,scaled_tp_0,0.09821883244192084,2343.8383834691135,19
230,2026-06-17 08:00:00+00:00,BTC_USDT,long,long,funding,65536.7,0.0012000000000000001,78.64404,0.0,0.0,funding,-0.007864404,2343.8305190651135,28
231,2026-06-17 08:00:00+00:00,BTC_USDT,short,short,funding,65536.7,0.00025,16.384175,0.0,0.0,funding,0.0016384175,2343.8321574826136,19
232,2026-06-17 08:00:00+00:00,BTC_USDT,short,short,buy,65229.4424,0.00025,16.3073606,0.000326147212,0.0,trailing_tp,0.11653758974451855,2343.177605735402,20
233,2026-06-17 08:00:00+00:00,BTC_USDT,short,short,sell,65126.109391304344,0.0005,32.56305469565217,0.0006512610939130434,0.0,grid_short,0.0,2343.2762591699598,20
234,2026-06-17 11:00:00+00:00,BTC_USDT,short,short,buy,64735.35273495651,0.00025,16.183838183739127,0.00032367676367478255,0.0,scaled_tp_0,0.09736548732328144,2343.213392309457,20
235,2026-06-17 12:00:00+00:00,BTC_USDT,short,short,buy,64956.0116,0.00025,16.2390029,0.00032478005800000003,0.0,trailing_tp,0.04219966776808473,2343.454399629399,21
236,2026-06-17 13:00:00+00:00,BTC_USDT,long,long,buy,65126.109391304344,0.001,65.12610939130434,0.001302522187826087,0.0,grid_buy,0.0,2343.873847715907,28
237,2026-06-17 14:00:00+00:00,BTC_USDT,short,short,sell,65126.109391304344,0.0005,32.56305469565217,0.0006512610939130434,0.0,grid_short,0.0,2343.510891150465,21
238,2026-06-17 15:00:00+00:00,BTC_USDT,long,long,sell,65696.89734782607,0.001,65.69689734782608,0.0013139379469565217,0.0,grid_sell_tp,-0.0013139379469565217,2344.560004560344,28
239,2026-06-17 15:00:00+00:00,BTC_USDT,short,short,sell,65696.89734782607,0.0007,45.987828143478254,0.0009197565628695652,0.0,grid_short,0.0,2344.52100294726,21
240,2026-06-17 16:00:00+00:00,BTC_USDT,long,long,funding,65751.4,0.0012000000000000001,78.90168,0.0,0.0,funding,-0.007890168,2344.5131127792597,28
241,2026-06-17 16:00:00+00:00,BTC_USDT,short,short,funding,65751.4,0.0012000000000000001,78.90168,0.0,0.0,funding,0.007890168,2344.5210029472596,21
242,2026-06-17 16:00:00+00:00,BTC_USDT,long,long,sell,66041.36,0.0012000000000000001,79.249632,0.0015849926400000002,0.0,trailing_tp,0.4117701899687118,2344.7356099546196,29
243,2026-06-17 16:00:00+00:00,BTC_USDT,short,short,sell,66267.68530434782,0.001,66.26768530434782,0.0013253537060869565,0.0,grid_short,0.0,2345.1407699052615,21
244,2026-06-17 18:00:00+00:00,BTC_USDT,short,short,buy,65184.5748,0.0022,143.40606456,0.0028681212912000003,0.0,trailing_tp,1.4096354621870408,2346.62647722397,22
245,2026-06-17 18:00:00+00:00,BTC_USDT,long,long,buy,65126.109391304344,0.0005,32.56305469565217,0.0006512610939130434,0.0,grid_buy,0.0,2346.818021267224,29
246,2026-06-17 18:00:00+00:00,BTC_USDT,short,short,sell,65696.89734782607,0.0005,32.84844867391304,0.0006569689734782609,0.0,grid_short,0.0,2346.9105629721635,22
247,2026-06-17 19:00:00+00:00,BTC_USDT,long,long,sell,65266.338200000006,0.0005,32.6331691,0.0006526633820000001,0.0,trailing_tp,0.06946174096583435,2347.3941794087814,30
248,2026-06-17 19:00:00+00:00,BTC_USDT,short,short,buy,64404.12,0.0005,32.20206,0.0006440412000000001,0.0,trailing_tp,0.6457446327130358,2347.3403753675816,23
249,2026-06-17 19:00:00+00:00,BTC_USDT,short,short,sell,65126.109391304344,0.0005,32.56305469565217,0.0006512610939130434,0.0,grid_short,0.0,2347.7538788021398,23
250,2026-06-17 19:00:00+00:00,BTC_USDT,short,short,sell,64555.3214347826,0.0005,32.2776607173913,0.000645553214347826,0.0,grid_short,0.0,2347.881993966317,23
251,2026-06-17 20:00:00+00:00,BTC_USDT,short,short,buy,64451.6711205652,0.0005,32.225835560282604,0.0006445167112056521,0.0,scaled_tp_0,0.1938776295279253,2347.735613889323,23
252,2026-06-17 20:00:00+00:00,BTC_USDT,short,short,buy,64555.3214347826,0.0005,32.2776607173913,0.000645553214347826,0.0,grid_cover_tp,0.14205143591608466,2347.6750076187172,24
253,2026-06-17 22:00:00+00:00,BTC_USDT,long,long,buy,63984.53347826086,0.0005,31.992266739130432,0.0006398453347826088,0.0,grid_buy,0.0,2347.8302510342523,30
254,2026-06-17 23:00:00+00:00,BTC_USDT,long,long,sell,64368.44067913043,0.00025,16.092110169782607,0.0003218422033956522,0.0,scaled_tp_0,0.09565495801399578,2347.9004393618316,30
255,2026-06-18 00:00:00+00:00,BTC_USDT,long,long,funding,64506.2,0.00025,16.126549999999998,0.0,0.0,funding,-0.001612655,2347.8988267068316,30
256,2026-06-18 00:00:00+00:00,BTC_USDT,long,long,buy,64555.3214347826,0.0007,45.188725004347816,0.0009037745000869564,0.0,grid_buy,0.0,2347.8251579279836,30
257,2026-06-18 00:00:00+00:00,BTC_USDT,long,long,sell,64555.3214347826,0.0005,32.2776607173913,0.000645553214347826,0.0,grid_sell_tp,0.07445812527535636,2347.8692730921607,30
258,2026-06-18 00:00:00+00:00,BTC_USDT,short,short,sell,64555.3214347826,0.0005,32.2776607173913,0.000645553214347826,0.0,grid_short,0.0,2347.9133882563374,24
259,2026-06-18 03:00:00+00:00,BTC_USDT,long,long,sell,64414.877799999995,0.00045,28.98669501,0.0005797339002,0.0,trailing_tp,0.003813941088361543,2347.9827935324374,31
260,2026-06-18 04:00:00+00:00,BTC_USDT,short,short,buy,64211.3704,0.0005,32.1056852,0.0006421137040000002,0.0,trailing_tp,0.17133340368729996,2348.0164662187335,25
261,2026-06-18 04:00:00+00:00,BTC_USDT,long,long,buy,63984.53347826086,0.0005,31.992266739130432,0.0006398453347826088,0.0,grid_buy,0.0,2347.960709634268,31
262,2026-06-18 04:00:00+00:00,BTC_USDT,short,short,sell,63984.53347826086,0.0005,31.992266739130432,0.0006398453347826088,0.0,grid_short,0.0,2348.0151865280636,25
263,2026-06-18 07:00:00+00:00,BTC_USDT,long,long,sell,64123.3376,0.0005,32.0616688,0.0006412333760000001,0.0,trailing_tp,0.06876082749356824,2347.8222140946878,32
264,2026-06-18 08:00:00+00:00,BTC_USDT,short,short,funding,64508.1,0.0005,32.25405,0.0,0.0,funding,0.003225405,2347.825389499688,25
265,2026-06-18 08:00:00+00:00,BTC_USDT,short,short,sell,64555.3214347826,0.0007,45.188725004347816,0.0009037745000869564,0.0,grid_short,0.0,2347.9914607295354,25
266,2026-06-18 10:00:00+00:00,BTC_USDT,short,short,buy,63931.5881608478,0.0006000000000000001,38.35895289650868,0.0007671790579301737,0.0,scaled_tp_0,0.23077579617250626,2348.458820653969,25
267,2026-06-18 10:00:00+00:00,BTC_USDT,long,long,buy,63984.53347826086,0.0005,31.992266739130432,0.0006398453347826088,0.0,grid_buy,0.0,2348.5065140695033,32
268,2026-06-18 10:00:00+00:00,BTC_USDT,short,short,buy,63984.53347826086,0.0006000000000000001,38.39072008695652,0.0007678144017391305,0.0,grid_cover_tp,0.19900797038086054,2348.5637461681454,26
269,2026-06-18 11:00:00+00:00,BTC_USDT,short,short,sell,63984.53347826086,0.0005,31.992266739130432,0.0006398453347826088,0.0,grid_short,0.0,2348.514773061941,26
270,2026-06-18 12:00:00+00:00,BTC_USDT,long,long,sell,64368.44067913043,0.00025,16.092110169782607,0.0003218422033956522,0.0,scaled_tp_0,0.09565495801399578,2348.5115863895203,32
271,2026-06-18 14:00:00+00:00,BTC_USDT,short,short,buy,63600.6262773913,0.00025,15.900156569347825,0.0003180031313869565,0.0,scaled_tp_0,0.09565879708600447,2348.706086817041,26
272,2026-06-18 15:00:00+00:00,BTC_USDT,short,short,buy,62671.4862,0.00025,15.667871550000001,0.00031335743100000007,0.0,trailing_tp,0.32794846213421575,2348.6303269096097,27
273,2026-06-18 15:00:00+00:00,BTC_USDT,short,short,sell,63413.745521739125,0.0005,31.70687276086956,0.0006341374552173912,0.0,grid_short,0.0,2349.151715533024,27
274,2026-06-18 15:00:00+00:00,BTC_USDT,short,short,sell,62842.95756521739,0.0005,31.421478782608695,0.0006284295756521739,0.0,grid_short,0.0,2349.387715886057,27
275,2026-06-18 16:00:00+00:00,BTC_USDT,long,long,funding,62362.7,0.00025,15.590675,0.0,0.0,funding,-0.0015590675,2349.3914068185572,32
276,2026-06-18 16:00:00+00:00,BTC_USDT,short,short,funding,62362.7,0.001,62.3627,0.0,0.0,funding,0.00623627,2349.3976430885573,27
277,2026-06-18 16:00:00+00:00,BTC_USDT,short,short,buy,62718.7682,0.001,62.7187682,0.0012543753640000001,0.0,trailing_tp,0.40832896811426167,2349.1217955131933,28
278,2026-06-18 17:00:00+00:00,BTC_USDT,long,long,buy,62272.16960869564,0.0007,43.59051872608695,0.000871810374521739,0.0,grid_buy,0.0,2349.336139976732,32
279,2026-06-18 18:00:00+00:00,BTC_USDT,long,long,sell,62842.95756521739,0.0007,43.990070295652174,0.0008798014059130436,0.0,grid_sell_tp,0.08323631850256073,2349.5245704709782,32
280,2026-06-18 18:00:00+00:00,BTC_USDT,short,short,sell,62842.95756521739,0.0005,31.421478782608695,0.0006284295756521739,0.0,grid_short,0.0,2349.591170824011,28
281,2026-06-18 19:00:00+00:00,BTC_USDT,long,long,buy,62842.95756521739,0.0007,43.990070295652174,0.0008798014059130436,0.0,grid_buy,0.0,2349.604170726953,32
282,2026-06-19 00:00:00+00:00,BTC_USDT,long,long,funding,62956.6,0.00095,59.808769999999996,0.0,0.0,funding,-0.005980877,2349.601834849953,32
283,2026-06-19 00:00:00+00:00,BTC_USDT,short,short,funding,62956.6,0.0005,31.4783,0.0,0.0,funding,0.0031478300000000003,2349.6049826799526,28
284,2026-06-19 03:00:00+00:00,BTC_USDT,short,short,buy,62465.89981982608,0.00025,15.616474954956521,0.00031232949909913043,0.0,scaled_tp_0,0.0939521068487275,2349.6005053954973,28
285,2026-06-19 08:00:00+00:00,BTC_USDT,long,long,funding,62623.4,0.00095,59.49223,0.0,0.0,funding,-0.005949223,2349.4881561724974,32
286,2026-06-19 08:00:00+00:00,BTC_USDT,short,short,funding,62623.4,0.00025,15.655850000000001,0.0,0.0,funding,0.0015655850000000002,2349.4897217574976,28
287,2026-06-19 12:00:00+00:00,BTC_USDT,short,short,buy,62692.7128,0.00025,15.6731782,0.000313463564,0.0,trailing_tp,0.03724772774034672,2349.6671150939333,29
288,2026-06-19 12:00:00+00:00,BTC_USDT,short,short,sell,62842.95756521739,0.0005,31.421478782608695,0.0006284295756521739,0.0,grid_short,0.0,2349.6736154469663,29
289,2026-06-19 13:00:00+00:00,BTC_USDT,long,long,sell,63025.9616,0.00095,59.87466352,0.0011974932704000001,0.0,trailing_tp,0.20269781116896202,2349.666516473696,33
290,2026-06-19 13:00:00+00:00,BTC_USDT,long,long,buy,62842.95756521739,0.0005,31.421478782608695,0.0006284295756521739,0.0,grid_buy,0.0,2349.8520592615114,33
291,2026-06-19 14:00:00+00:00,BTC_USDT,long,long,sell,63036.100399999996,0.0005,31.518050199999998,0.0006303610040000001,0.0,trailing_tp,0.09594105638730384,2349.7671791005077,34
292,2026-06-19 14:00:00+00:00,BTC_USDT,short,short,sell,63413.745521739125,0.0007,44.389621865217386,0.0008877924373043478,0.0,grid_short,0.0,2349.9126931732876,29
293,2026-06-19 16:00:00+00:00,BTC_USDT,short,short,funding,63213.8,0.0012000000000000001,75.85656000000002,0.0,0.0,funding,0.007585656000000002,2349.9092388292875,29
294,2026-06-19 23:00:00+00:00,BTC_USDT,long,long,buy,63413.745521739125,0.0005,31.70687276086956,0.0006341374552173912,0.0,grid_buy,0.0,2349.578961930963,34
295,2026-06-20 00:00:00+00:00,BTC_USDT,long,long,funding,63541.2,0.0005,31.770599999999998,0.0,0.0,funding,-0.0031770599999999998,2349.576274870963,34
296,2026-06-20 00:00:00+00:00,BTC_USDT,short,short,funding,63541.2,0.0012000000000000001,76.24944,0.0,0.0,funding,0.007624944000000001,2349.583899814963,29
297,2026-06-20 05:00:00+00:00,BTC_USDT,long,long,sell,63794.22799486956,0.00025,15.94855699871739,0.0003189711399743478,0.0,scaled_tp_0,0.09480164714263377,2349.51773284254,34
298,2026-06-20 08:00:00+00:00,BTC_USDT,long,long,funding,63655.5,0.00025,15.913875,0.0,0.0,funding,-0.0015913875000000003,2349.5366614550403,34
299,2026-06-20 08:00:00+00:00,BTC_USDT,short,short,funding,63655.5,0.0012000000000000001,76.3866,0.0,0.0,funding,0.00763866,2349.5443001150406,29
300,2026-06-20 14:00:00+00:00,BTC_USDT,long,long,sell,63759.0366,0.00025,15.93975915,0.00031879518300000005,0.0,trailing_tp,0.08600397438221855,2349.220185469858,35
301,2026-06-20 14:00:00+00:00,BTC_USDT,long,long,buy,63413.745521739125,0.0005,31.70687276086956,0.0006341374552173912,0.0,grid_buy,0.0,2349.486128571533,35
302,2026-06-20 14:00:00+00:00,BTC_USDT,long,long,buy,63984.53347826086,0.0005,31.992266739130432,0.0006398453347826088,0.0,grid_buy,0.0,2349.4666719870675,35
303,2026-06-20 14:00:00+00:00,BTC_USDT,short,short,sell,63984.53347826086,0.001,63.984533478260865,0.0012796906695652175,0.0,grid_short,0.0,2349.5030257746594,29
304,2026-06-20 15:00:00+00:00,BTC_USDT,long,long,sell,63995.9068,0.001,63.9959068,0.001279918136,0.0,trailing_tp,0.2954873818640068,2349.092272656523,36
305,2026-06-20 15:00:00+00:00,BTC_USDT,long,long,buy,63984.53347826086,0.0005,31.992266739130432,0.0006398453347826088,0.0,grid_buy,0.0,2349.177016072058,36
306,2026-06-20 16:00:00+00:00,BTC_USDT,long,long,funding,64155.4,0.0005,32.0777,0.0,0.0,funding,-0.00320777,2349.173638302058,36
307,2026-06-20 16:00:00+00:00,BTC_USDT,short,short,funding,64155.4,0.0022,141.14188000000001,0.0,0.0,funding,0.014114188000000001,2349.187752490058,29
308,2026-06-21 00:00:00+00:00,BTC_USDT,long,long,funding,64304.0,0.0005,32.152,0.0,0.0,funding,-0.0032152,2348.9319172900578,36
309,2026-06-21 00:00:00+00:00,BTC_USDT,short,short,funding,64304.0,0.0022,141.46880000000002,0.0,0.0,funding,0.014146880000000002,2348.9460641700575,29
310,2026-06-21 03:00:00+00:00,BTC_USDT,long,long,sell,64368.44067913043,0.00025,16.092110169782607,0.0003218422033956522,0.0,scaled_tp_0,0.09565495801399578,2348.720052497637,36
311,2026-06-21 04:00:00+00:00,BTC_USDT,long,long,sell,64555.3214347826,0.00025,16.13883035869565,0.000322776607173913,0.0,grid_sell_tp,0.14237421252326038,2349.0611000797253,37
312,2026-06-21 04:00:00+00:00,BTC_USDT,short,short,sell,64555.3214347826,0.0014,90.37745000869563,0.0018075490001739128,0.0,grid_short,0.0,2349.434522539421,29
313,2026-06-21 08:00:00+00:00,BTC_USDT,short,short,funding,64193.3,0.0036,231.09588,0.0,0.0,funding,0.023109588,2349.7960321274204,29
314,2026-06-21 08:00:00+00:00,BTC_USDT,long,long,buy,63984.53347826086,0.0005,31.992266739130432,0.0006398453347826088,0.0,grid_buy,0.0,2350.4518855429556,37
315,2026-06-21 08:00:00+00:00,BTC_USDT,short,short,buy,63984.53347826086,0.0014,89.57834686956521,0.0017915669373913044,0.0,grid_cover_tp,-0.0683834951982564,2350.4930271064527,29
316,2026-06-21 10:00:00+00:00,BTC_USDT,long,long,sell,64368.44067913043,0.00025,16.092110169782607,0.0003218422033956522,0.0,scaled_tp_0,0.09565495801399578,2349.906510434032,37
317,2026-06-21 16:00:00+00:00,BTC_USDT,long,long,funding,64215.1,0.00025,16.053775,0.0,0.0,funding,-0.0016053775000000002,2350.189605056532,37
318,2026-06-21 16:00:00+00:00,BTC_USDT,short,short,funding,64215.1,0.0021999999999999997,141.27321999999998,0.0,0.0,funding,0.014127322,2350.2037323785316,29
319,2026-06-21 21:00:00+00:00,BTC_USDT,short,short,buy,63553.34600832608,0.0010999999999999998,69.90868060915868,0.0013981736121831737,0.0,scaled_tp_0,0.4205858139682552,2351.275363595761,29
320,2026-06-21 23:00:00+00:00,BTC_USDT,short,short,buy,63649.217599999996,0.0010999999999999998,70.01413935999999,0.0014002827872,0.0,trailing_tp,0.31512495395193013,2351.3251589529737,30
321,2026-06-21 23:00:00+00:00,BTC_USDT,long,long,buy,63413.745521739125,0.0007,44.389621865217386,0.0008877924373043478,0.0,grid_buy,0.0,2351.2519292953193,37
322,2026-06-21 23:00:00+00:00,BTC_USDT,short,short,sell,63413.745521739125,0.0005,31.70687276086956,0.0006341374552173912,0.0,grid_short,0.0,2351.3029679187334,30
323,2026-06-22 00:00:00+00:00,BTC_USDT,long,long,funding,63310.5,0.00095,60.144975,0.0,0.0,funding,-0.0060144975,2351.296998421233,37
324,2026-06-22 00:00:00+00:00,BTC_USDT,short,short,funding,63310.5,0.0005,31.655250000000002,0.0,0.0,funding,0.003165525,2351.3001639462336,30
325,2026-06-22 00:00:00+00:00,BTC_USDT,long,long,sell,63706.2552,0.00095,60.52094244,0.0012104188488000001,0.0,trailing_tp,0.1339767863685996,2351.3819209673848,38
326,2026-06-22 00:00:00+00:00,BTC_USDT,long,long,buy,63413.745521739125,0.0005,31.70687276086956,0.0006341374552173912,0.0,grid_buy,0.0,2351.6226640690597,38
327,2026-06-22 00:00:00+00:00,BTC_USDT,long,long,buy,63984.53347826086,0.0005,31.992266739130432,0.0006398453347826088,0.0,grid_buy,0.0,2351.5780074845948,38
328,2026-06-22 00:00:00+00:00,BTC_USDT,short,short,sell,63984.53347826086,0.0007,44.789173434782604,0.0008957834686956522,0.0,grid_short,0.0,2351.6387351359085,30
329,2026-06-22 01:00:00+00:00,BTC_USDT,long,long,sell,64426.9052,0.001,64.42690520000001,0.0012885381040000003,0.0,trailing_tp,0.7264771618960109,2351.3098517978046,39
330,2026-06-22 01:00:00+00:00,BTC_USDT,long,long,buy,63984.53347826086,0.0005,31.992266739130432,0.0006398453347826088,0.0,grid_buy,0.0,2351.6226952133393,39
331,2026-06-22 01:00:00+00:00,BTC_USDT,long,long,buy,64555.3214347826,0.0005,32.2776607173913,0.000645553214347826,0.0,grid_buy,0.0,2351.650138942734,39
332,2026-06-22 01:00:00+00:00,BTC_USDT,short,short,sell,64555.3214347826,0.001,64.5553214347826,0.001291106428695652,0.0,grid_short,0.0,2351.5926692710873,30
333,2026-06-22 02:00:00+00:00,BTC_USDT,long,long,sell,64655.547021260856,0.0005,32.32777351063043,0.0006465554702126086,0.0,scaled_tp_0,0.19216322689935172,2352.2139762262477,39
334,2026-06-22 02:00:00+00:00,BTC_USDT,long,long,sell,64555.3214347826,0.0005,32.2776607173913,0.000645553214347826,0.0,grid_sell_tp,0.1420514359160883,2352.3616913904248,40
335,2026-06-22 03:00:00+00:00,BTC_USDT,long,long,buy,63984.53347826086,0.0005,31.992266739130432,0.0006398453347826088,0.0,grid_buy,0.0,2352.9842848059593,40
336,2026-06-22 03:00:00+00:00,BTC_USDT,short,short,buy,63984.53347826086,0.001,63.984533478260865,0.0012796906695652175,0.0,grid_cover_tp,0.12844484490354863,2352.971071637029,30
337,2026-06-22 07:00:00+00:00,BTC_USDT,long,long,sell,64368.44067913043,0.00025,16.092110169782607,0.0003218422033956522,0.0,scaled_tp_0,0.09565495801399578,2352.8463649646083,40
338,2026-06-22 08:00:00+00:00,BTC_USDT,long,long,funding,64207.9,0.00025,16.051975000000002,0.0,0.0,funding,-0.0016051975000000002,2352.844569767108,40
339,2026-06-22 08:00:00+00:00,BTC_USDT,short,short,funding,64207.9,0.0012000000000000001,77.04948,0.0,0.0,funding,0.0077049480000000005,2352.8522747151083,30
340,2026-06-22 11:00:00+00:00,BTC_USDT,long,long,sell,64380.087799999994,0.00025,16.09502195,0.000321900439,0.0,trailing_tp,0.09856667999578285,2352.360039764669,41
341,2026-06-22 11:00:00+00:00,BTC_USDT,long,long,buy,64555.3214347826,0.0005,32.2776607173913,0.000645553214347826,0.0,grid_buy,0.0,2352.4085834940634,41
342,2026-06-22 11:00:00+00:00,BTC_USDT,short,short,sell,64555.3214347826,0.001,64.5553214347826,0.001291106428695652,0.0,grid_short,0.0,2352.3089138224177,30
343,2026-06-22 12:00:00+00:00,BTC_USDT,long,long,sell,64825.698,0.0005,32.412849,0.00064825698,0.0,trailing_tp,0.1345400256286985,2351.3079045654376,42
344,2026-06-22 12:00:00+00:00,BTC_USDT,long,long,buy,65126.109391304344,0.0005,32.56305469565217,0.0006512610939130434,0.0,grid_buy,0.0,2351.3179486086915,42
345,2026-06-22 12:00:00+00:00,BTC_USDT,short,short,sell,65126.109391304344,0.0014,91.17655314782608,0.001823531062956522,0.0,grid_short,0.0,2351.286178225455,30
346,2026-06-22 13:00:00+00:00,BTC_USDT,long,long,sell,65516.86604765216,0.00025,16.37921651191304,0.0003275843302382608,0.0,scaled_tp_0,0.09736157975671797,2349.9447271530375,42
347,2026-06-22 16:00:00+00:00,BTC_USDT,long,long,funding,64836.2,0.00025,16.20905,0.0,0.0,funding,-0.0016209050000000002,2352.419426248038,42
348,2026-06-22 16:00:00+00:00,BTC_USDT,short,short,funding,64836.2,0.0036,233.41031999999998,0.0,0.0,funding,0.023341032,2352.4427672800375,30
349,2026-06-22 16:00:00+00:00,BTC_USDT,long,long,buy,64555.3214347826,0.0007,45.188725004347816,0.0009037745000869564,0.0,grid_buy,0.0,2352.9397835011896,42
350,2026-06-22 16:00:00+00:00,BTC_USDT,short,short,buy,64555.3214347826,0.0014,90.37745000869563,0.0018075490001739128,0.0,grid_cover_tp,0.10312518644120965,2353.1720259434933,30
351,2026-06-22 21:00:00+00:00,BTC_USDT,short,short,buy,64242.491748337285,0.0010999999999999998,70.666740923171,0.0014133348184634201,0.0,scaled_tp_0,0.42514646954675583,2353.7595516855044,30
352,2026-06-22 22:00:00+00:00,BTC_USDT,short,short,buy,64188.6348,0.0010999999999999998,70.60749827999999,0.0014121499655999998,0.0,trailing_tp,0.48439029757063257,2353.5697762555387,31
353,2026-06-22 22:00:00+00:00,BTC_USDT,long,long,buy,63984.53347826086,0.001,63.984533478260865,0.0012796906695652175,0.0,grid_buy,0.0,2353.5541630866082,42
354,2026-06-22 22:00:00+00:00,BTC_USDT,short,short,sell,63984.53347826086,0.0005,31.992266739130432,0.0006398453347826088,0.0,grid_short,0.0,2353.560689980404,31
355,2026-06-23 00:00:00+00:00,BTC_USDT,long,long,funding,64022.5,0.00195,124.843875,0.0,0.0,funding,-0.012484387500000001,2353.624040592904,42
356,2026-06-23 00:00:00+00:00,BTC_USDT,short,short,funding,64022.5,0.0005,32.011250000000004,0.0,0.0,funding,0.0032011250000000004,2353.6272417179034,31
357,2026-06-23 05:00:00+00:00,BTC_USDT,short,short,buy,63600.6262773913,0.00025,15.900156569347825,0.0003180031313869565,0.0,scaled_tp_0,0.09565879708600447,2352.671422145425,31
358,2026-06-23 05:00:00+00:00,BTC_USDT,long,long,buy,63413.745521739125,0.0015,95.12061828260869,0.001902412365652174,0.0,grid_buy,0.0,2352.64650145045,42
359,2026-06-23 05:00:00+00:00,BTC_USDT,short,short,sell,63413.745521739125,0.0007,44.389621865217386,0.0008877924373043478,0.0,grid_short,0.0,2352.6563555232306,31
360,2026-06-23 05:00:00+00:00,BTC_USDT,short,short,buy,63413.745521739125,0.0005,31.70687276086956,0.0006341374552173912,0.0,grid_cover_tp,0.07446954103448315,2352.6480486249056,31
361,2026-06-23 06:00:00+00:00,BTC_USDT,short,short,buy,62947.935,0.00045,28.32657075,0.000566531415,0.0,trailing_tp,0.27664151400833786,2351.2631913434907,32
362,2026-06-23 06:00:00+00:00,BTC_USDT,long,long,buy,62842.95756521739,0.0021000000000000003,131.97021088695652,0.0026394042177391307,0.0,grid_buy,0.0,2351.460981052316,42
363,2026-06-23 06:00:00+00:00,BTC_USDT,short,short,sell,62842.95756521739,0.0005,31.421478782608695,0.0006284295756521739,0.0,grid_short,0.0,2351.412631405349,32
364,2026-06-23 08:00:00+00:00,BTC_USDT,long,long,funding,62876.5,0.00555,348.964575,0.0,0.0,funding,-0.034896457500000005,2351.0651399478493,42
365,2026-06-23 08:00:00+00:00,BTC_USDT,short,short,funding,62876.5,0.0005,31.43825,0.0,0.0,funding,0.0031438250000000003,2351.068283772849,32
366,2026-06-23 08:00:00+00:00,BTC_USDT,short,short,buy,62303.592,0.0005,31.151795999999997,0.00062303592,0.0,trailing_tp,0.26905974668869553,2348.649044736929,33
367,2026-06-23 08:00:00+00:00,BTC_USDT,long,long,buy,62272.16960869564,0.003,186.81650882608693,0.003736330176521739,0.0,grid_buy,0.0,2348.996099580666,42
368,2026-06-23 08:00:00+00:00,BTC_USDT,short,short,sell,62842.95756521739,0.0005,31.421478782608695,0.0006284295756521739,0.0,grid_short,0.0,2349.222399933699,33
369,2026-06-23 08:00:00+00:00,BTC_USDT,short,short,sell,62272.16960869564,0.0005,31.13608480434782,0.0006227216960869564,0.0,grid_short,0.0,2349.1633120163506,33
370,2026-06-23 10:00:00+00:00,BTC_USDT,short,short,buy,62272.16960869564,0.0005,31.13608480434782,0.0006227216960869564,0.0,grid_cover_tp,0.14207426743434917,2348.7751844903064,33
371,2026-06-23 13:00:00+00:00,BTC_USDT,short,short,buy,62332.1624,0.0005,31.1660812,0.000623321624,0.0,trailing_tp,0.11207727185425737,2350.002254968683,34
372,2026-06-23 14:00:00+00:00,BTC_USDT,long,long,sell,62842.95756521739,0.003,188.52887269565215,0.0037705774539130432,0.0,grid_sell_tp,-0.7247658909550295,2351.1834470868807,42
373,2026-06-23 14:00:00+00:00,BTC_USDT,short,short,sell,62842.95756521739,0.0005,31.421478782608695,0.0006284295756521739,0.0,grid_short,0.0,2351.3577974399136,34
374,2026-06-23 15:00:00+00:00,BTC_USDT,short,short,buy,62465.89981982608,0.00025,15.616474954956521,0.00031232949909913043,0.0,scaled_tp_0,0.0939521068487275,2351.314440155458,34
375,2026-06-23 15:00:00+00:00,BTC_USDT,long,long,buy,62272.16960869564,0.003,186.81650882608693,0.003736330176521739,0.0,grid_buy,0.0,2351.944994999195,42
376,2026-06-23 15:00:00+00:00,BTC_USDT,short,short,buy,62272.16960869564,0.00025,15.56804240217391,0.0003113608480434782,0.0,grid_cover_tp,0.14238562828239265,2351.9975412361728,35
377,2026-06-23 16:00:00+00:00,BTC_USDT,long,long,funding,62483.7,0.00855,534.235635,0.0,0.0,funding,-0.0534235635,2351.944972672673,42
378,2026-06-23 18:00:00+00:00,BTC_USDT,short,short,sell,62272.16960869564,0.0005,31.13608480434782,0.0006227216960869564,0.0,grid_short,0.0,2349.8526497553244,35
379,2026-06-24 00:00:00+00:00,BTC_USDT,long,long,funding,62729.6,0.00855,536.33808,0.0,0.0,funding,-0.053633808000000005,2353.7644459473245,42
380,2026-06-24 00:00:00+00:00,BTC_USDT,short,short,funding,62729.6,0.0005,31.3648,0.0,0.0,funding,0.00313648,2353.7675824273247,35
381,2026-06-24 00:00:00+00:00,BTC_USDT,long,long,sell,62842.95756521739,0.003,188.52887269565215,0.0037705774539130432,0.0,grid_sell_tp,0.1290443487173912,2355.510814545523,42
382,2026-06-24 01:00:00+00:00,BTC_USDT,short,short,sell,62842.95756521739,0.0007,43.990070295652174,0.0008798014059130436,0.0,grid_short,0.0,2355.064535039769,35
383,2026-06-24 08:00:00+00:00,BTC_USDT,long,long,funding,62650.9,0.00555,347.71249500000005,0.0,0.0,funding,-0.034771249500000004,2353.8052387902694,42
384,2026-06-24 08:00:00+00:00,BTC_USDT,short,short,funding,62650.9,0.0012000000000000001,75.18108000000001,0.0,0.0,funding,0.007518108000000002,2353.8127568982695,35
385,2026-06-24 13:00:00+00:00,BTC_USDT,short,short,buy,61617.6006,0.0012000000000000001,73.94112072,0.0014788224144,0.0,trailing_tp,1.183555557585583,2347.739667355855,36
386,2026-06-24 13:00:00+00:00,BTC_USDT,short,short,sell,62272.16960869564,0.0005,31.13608480434782,0.0006227216960869564,0.0,grid_short,0.0,2348.208379438507,36
387,2026-06-24 13:00:00+00:00,BTC_USDT,short,short,sell,61701.381652173906,0.0005,30.850690826086954,0.0006170138165217391,0.0,grid_short,0.0,2348.391703250777,36
388,2026-06-24 14:00:00+00:00,BTC_USDT,short,short,buy,61254.837,0.001,61.254837,0.00122509674,0.0,trailing_tp,0.730713533694779,2347.2464761540373,37
389,2026-06-24 14:00:00+00:00,BTC_USDT,long,long,buy,61130.59369565217,0.003,183.3917810869565,0.0036678356217391306,0.0,grid_buy,0.0,2347.190627231459,42
390,2026-06-24 14:00:00+00:00,BTC_USDT,short,short,sell,61130.59369565217,0.0005,30.565296847826087,0.0006113059369565217,0.0,grid_short,0.0,2347.1987127733482,37
391,2026-06-24 15:00:00+00:00,BTC_USDT,short,short,buy,60621.2582,0.0005,30.3106291,0.000606212582,0.0,trailing_tp,0.25406153524408626,2340.2287324607664,38
392,2026-06-24 15:00:00+00:00,BTC_USDT,short,short,sell,61130.59369565217,0.0005,30.565296847826087,0.0006113059369565217,0.0,grid_short,0.0,2340.6587680026555,38
393,2026-06-24 15:00:00+00:00,BTC_USDT,short,short,sell,60559.80573913043,0.0005,30.279902869565216,0.0006055980573913043,0.0,grid_short,0.0,2340.8034152741634,38
394,2026-06-24 16:00:00+00:00,BTC_USDT,long,long,funding,60269.2,0.00855,515.30166,0.0,0.0,funding,-0.051530166,2340.751130108163,42
395,2026-06-24 16:00:00+00:00,BTC_USDT,short,short,funding,60269.2,0.001,60.2692,0.0,0.0,funding,0.00602692,2340.7571570281634,38
396,2026-06-24 16:00:00+00:00,BTC_USDT,short,short,buy,59907.3,0.001,59.907300000000006,0.0011981460000000002,0.0,trailing_tp,0.9367015713913013,2337.5345538821634,39
397,2026-06-24 16:00:00+00:00,BTC_USDT,short,short,sell,60559.80573913043,0.0005,30.279902869565216,0.0006055980573913043,0.0,grid_short,0.0,2337.8888011536715,39
398,2026-06-24 16:00:00+00:00,BTC_USDT,short,short,sell,59989.01778260869,0.0005,29.994508891304346,0.0005998901778260869,0.0,grid_short,0.0,2337.957660154798,39
399,2026-06-24 17:00:00+00:00,BTC_USDT,short,short,buy,59463.251599999996,0.001,59.4632516,0.001189265032,0.0,trailing_tp,0.8099708958375637,2334.489834289766,40
400,2026-06-24 17:00:00+00:00,BTC_USDT,long,long,buy,59418.22982608695,0.0044,261.4402112347826,0.005228804224695653,0.0,grid_buy,0.0,2334.4017542507586,42
401,2026-06-24 17:00:00+00:00,BTC_USDT,short,short,sell,59989.01778260869,0.0005,29.994508891304346,0.0005998901778260869,0.0,grid_short,0.0,2334.695963251885,40
402,2026-06-24 17:00:00+00:00,BTC_USDT,short,short,sell,59418.22982608695,0.0005,29.709114913043475,0.0005941822982608695,0.0,grid_short,0.0,2334.7047839826305,40
403,2026-06-24 18:00:00+00:00,BTC_USDT,short,short,buy,59345.40206152174,0.0005,29.67270103076087,0.0005934540206152174,0.0,scaled_tp_0,0.1785174173924271,2337.2884194978487,40
404,2026-06-24 18:00:00+00:00,BTC_USDT,short,short,buy,59418.22982608695,0.0005,29.709114913043475,0.0005941822982608695,0.0,grid_cover_tp,0.14210280683217527,2337.381110402507,41
405,2026-06-24 19:00:00+00:00,BTC_USDT,long,long,buy,59989.01778260869,0.0061,365.933008473913,0.007318660169478261,0.0,grid_buy,0.0,2341.8251982684246,42
406,2026-06-24 19:00:00+00:00,BTC_USDT,long,long,sell,59989.01778260869,0.0044,263.9516782434782,0.005279033564869565,0.0,grid_sell_tp,-3.817900724178186,2341.940997478338,42
407,2026-06-24 19:00:00+00:00,BTC_USDT,short,short,sell,59989.01778260869,0.0005,29.994508891304346,0.0005998901778260869,0.0,grid_short,0.0,2341.9541564794645,41
408,2026-06-24 20:00:00+00:00,BTC_USDT,long,long,buy,60559.80573913043,0.006,363.3588344347826,0.007267176688695652,0.0,grid_buy,0.0,2358.440559867993,42
409,2026-06-24 20:00:00+00:00,BTC_USDT,long,long,sell,60559.80573913043,0.0061,369.41481500869565,0.007388296300173913,0.0,grid_sell_tp,-1.2871339285868393,2356.0029665803886,42
410,2026-06-24 20:00:00+00:00,BTC_USDT,short,short,sell,61130.59369565217,0.0008,48.90447495652174,0.0009780894991304348,0.0,grid_short,0.0,2356.139903447411,41
411,2026-06-24 21:00:00+00:00,BTC_USDT,long,long,sell,61130.59369565217,0.006,366.783562173913,0.007335671243478261,0.0,grid_sell_tp,2.158625872195143,2358.317504950081,42
412,2026-06-24 22:00:00+00:00,BTC_USDT,long,long,sell,60900.392,0.00855,520.6983516,0.010413967032000001,0.0,trailing_tp,1.107856734541988,2356.7737975830487,43
413,2026-06-25 00:00:00+00:00,BTC_USDT,short,short,funding,61077.9,0.0013,79.40127,0.0,0.0,funding,0.007940127,2356.514587710049,41
414,2026-06-25 04:00:00+00:00,BTC_USDT,long,long,buy,61130.59369565217,0.0005,30.565296847826087,0.0006113059369565217,0.0,grid_buy,0.0,2356.261389556286,43
415,2026-06-25 05:00:00+00:00,BTC_USDT,long,long,sell,61447.4896,0.0005,30.723744800000002,0.000614474896,0.0,trailing_tp,0.15783347727791583,2355.98969988139,44
416,2026-06-25 05:00:00+00:00,BTC_USDT,long,long,buy,61701.381652173906,0.0005,30.850690826086954,0.0006170138165217391,0.0,grid_buy,0.0,2355.9396920414865,44
417,2026-06-25 05:00:00+00:00,BTC_USDT,short,short,sell,61701.381652173906,0.0011,67.8715198173913,0.001357430396347826,0.0,grid_short,0.0,2356.0469944284814,41
418,2026-06-25 08:00:00+00:00,BTC_USDT,long,long,funding,61909.7,0.0005,30.95485,0.0,0.0,funding,-0.0030954850000000003,2355.4604089434815,44
419,2026-06-25 08:00:00+00:00,BTC_USDT,short,short,funding,61909.7,0.0024000000000000002,148.58328,0.0,0.0,funding,0.014858328,2355.4752672714812,41
420,2026-06-25 11:00:00+00:00,BTC_USDT,long,long,buy,61130.59369565217,0.0008,48.90447495652174,0.0009780894991304348,0.0,grid_buy,0.0,2356.7940942254604,44
421,2026-06-25 11:00:00+00:00,BTC_USDT,short,short,buy,61130.59369565217,0.0011,67.24365306521739,0.0013448730613043478,0.0,grid_cover_tp,0.024816241612610944,2356.9532462871816,41
422,2026-06-25 12:00:00+00:00,BTC_USDT,long,long,sell,61718.2282902341,0.00065,40.116848388652166,0.0008023369677730434,0.0,scaled_tp_0,0.23846316038005114,2357.2627723388664,44
423,2026-06-25 12:00:00+00:00,BTC_USDT,long,long,sell,61701.381652173906,0.00065,40.10589807391304,0.0008021179614782608,0.0,grid_sell_tp,0.22751306464721807,2357.561348294818,45
424,2026-06-25 12:00:00+00:00,BTC_USDT,short,short,sell,61701.381652173906,0.0011,67.8715198173913,0.001357430396347826,0.0,grid_short,0.0,2358.066630681813,41
425,2026-06-25 13:00:00+00:00,BTC_USDT,short,short,buy,58455.5414,0.0024000000000000002,140.29329936000002,0.002805865987200001,0.0,trailing_tp,7.076104076730186,2364.7484454558257,42
426,2026-06-25 13:00:00+00:00,BTC_USDT,long,long,buy,58276.653913043476,0.0006000000000000001,34.96599234782609,0.0006993198469565218,0.0,grid_buy,0.0,2364.7624137881526,45
427,2026-06-25 13:00:00+00:00,BTC_USDT,short,short,sell,61130.59369565217,0.0005,30.565296847826087,0.0006113059369565217,0.0,grid_short,0.0,2366.176549330042,42
428,2026-06-25 13:00:00+00:00,BTC_USDT,short,short,sell,60559.80573913043,0.0005,30.279902869565216,0.0006055980573913043,0.0,grid_short,0.0,2367.30529660155,42
429,2026-06-25 13:00:00+00:00,BTC_USDT,short,short,sell,59989.01778260869,0.0005,29.994508891304346,0.0005998901778260869,0.0,grid_short,0.0,2368.1486556026766,42
430,2026-06-25 13:00:00+00:00,BTC_USDT,short,short,sell,59418.22982608695,0.0005,29.709114913043475,0.0005941822982608695,0.0,grid_short,0.0,2368.7066263334214,42
431,2026-06-25 13:00:00+00:00,BTC_USDT,short,short,sell,58847.44186956521,0.0005,29.423720934782608,0.0005884744186956522,0.0,grid_short,0.0,2368.979208793785,42
432,2026-06-25 13:00:00+00:00,BTC_USDT,short,short,sell,58276.653913043476,0.0006000000000000001,34.96599234782609,0.0006993198469565218,0.0,grid_short,0.0,2368.9638418217646,42
433,2026-06-25 14:00:00+00:00,BTC_USDT,long,long,sell,60128.153399999996,0.0006000000000000001,36.076892040000004,0.0007215378408000001,0.0,trailing_tp,1.110178154333112,2366.4391723239237,46
434,2026-06-25 14:00:00+00:00,BTC_USDT,short,short,buy,58632.0944,0.0031000000000000003,181.75949264000002,0.003635189852800001,0.0,trailing_tp,3.175408974495021,2369.0296344940707,43
435,2026-06-25 14:00:00+00:00,BTC_USDT,long,long,buy,58847.44186956521,0.0005,29.423720934782608,0.0005884744186956522,0.0,grid_buy,0.0,2369.3397750848694,46
436,2026-06-25 14:00:00+00:00,BTC_USDT,long,long,buy,59418.22982608695,0.0005,29.709114913043475,0.0005941822982608695,0.0,grid_buy,0.0,2369.3645159895277,46
437,2026-06-25 14:00:00+00:00,BTC_USDT,short,short,sell,59989.01778260869,0.0005,29.994508891304346,0.0005998901778260869,0.0,grid_short,0.0,2369.6239749906545,43
438,2026-06-25 14:00:00+00:00,BTC_USDT,short,short,sell,59418.22982608695,0.0005,29.709114913043475,0.0005941822982608695,0.0,grid_short,0.0,2369.5980457213996,43
439,2026-06-25 15:00:00+00:00,BTC_USDT,long,long,sell,59295.082,0.001,59.295082,0.00118590164,0.0,trailing_tp,0.16106025053391695,2369.3380418197594,47
440,2026-06-25 15:00:00+00:00,BTC_USDT,short,short,buy,59227.1434,0.001,59.2271434,0.0011845428680000002,0.0,trailing_tp,0.4752958614798216,2369.6636138768918,44
441,2026-06-25 15:00:00+00:00,BTC_USDT,long,long,buy,59418.22982608695,0.0005,29.709114913043475,0.0005941822982608695,0.0,grid_buy,0.0,2369.7308547815496,47
442,2026-06-25 16:00:00+00:00,BTC_USDT,long,long,funding,59560.7,0.0005,29.78035,0.0,0.0,funding,-0.002978035,2369.73127674655,47
443,2026-06-25 16:00:00+00:00,BTC_USDT,long,long,sell,59701.131,0.0005,29.850565500000002,0.0005970113100000001,0.0,trailing_tp,0.1408535756465255,2369.8008952352398,48
444,2026-06-25 16:00:00+00:00,BTC_USDT,long,long,buy,59418.22982608695,0.0005,29.709114913043475,0.0005941822982608695,0.0,grid_buy,0.0,2369.744736139898,48
445,2026-06-25 16:00:00+00:00,BTC_USDT,short,short,sell,59989.01778260869,0.0005,29.994508891304346,0.0005998901778260869,0.0,grid_short,0.0,2370.085095141025,44
446,2026-06-25 16:00:00+00:00,BTC_USDT,short,short,sell,59418.22982608695,0.0005,29.709114913043475,0.0005941822982608695,0.0,grid_short,0.0,2370.1400658717703,44
447,2026-06-25 17:00:00+00:00,BTC_USDT,short,short,buy,59488.6028,0.001,59.4886028,0.0011897720560000002,0.0,trailing_tp,0.21383123229182188,2370.139773299714,45
448,2026-06-25 18:00:00+00:00,BTC_USDT,long,long,sell,59774.73920504347,0.00025,14.943684801260869,0.0002988736960252174,0.0,scaled_tp_0,0.0888284710431052,2370.125284227279,48
449,2026-06-25 18:00:00+00:00,BTC_USDT,short,short,sell,59418.22982608695,0.0005,29.709114913043475,0.0005941822982608695,0.0,grid_short,0.0,2370.077654958024,45
450,2026-06-25 21:00:00+00:00,BTC_USDT,long,long,sell,59901.919,0.00025,14.97547975,0.000299509595,0.0,trailing_tp,0.12062278388326288,2369.824510198429,49
451,2026-06-25 21:00:00+00:00,BTC_USDT,long,long,buy,59989.01778260869,0.0005,29.994508891304346,0.0005998901778260869,0.0,grid_buy,0.0,2369.9358014169466,49
452,2026-06-25 22:00:00+00:00,BTC_USDT,short,short,sell,59989.01778260869,0.0008,47.99121422608695,0.0009598242845217391,0.0,grid_short,0.0,2370.0483758187493,45
453,2026-06-26 00:00:00+00:00,BTC_USDT,long,long,funding,59805.3,0.0005,29.90265,0.0,0.0,funding,-0.002990265,2370.078825553749,49
454,2026-06-26 00:00:00+00:00,BTC_USDT,short,short,funding,59805.3,0.0013,77.74689,0.0,0.0,funding,0.0077746889999999996,2370.0866002427492,45
455,2026-06-26 01:00:00+00:00,BTC_USDT,short,short,buy,59582.5632,0.0013,77.45733215999999,0.0015491466432,0.0,trailing_tp,0.24144783248724147,2370.191658936106,46
456,2026-06-26 01:00:00+00:00,BTC_USDT,long,long,buy,59418.22982608695,0.0008,47.53458386086956,0.0009506916772173913,0.0,grid_buy,0.0,2370.2076443835595,49
457,2026-06-26 01:00:00+00:00,BTC_USDT,short,short,sell,59418.22982608695,0.0005,29.709114913043475,0.0005941822982608695,0.0,grid_short,0.0,2370.1964651143044,46
458,2026-06-26 02:00:00+00:00,BTC_USDT,short,short,buy,58712.8762,0.0005,29.3564381,0.000587128762,0.0,trailing_tp,0.3520896842814757,2369.4211198855423,47
459,2026-06-26 02:00:00+00:00,BTC_USDT,short,short,sell,59418.22982608695,0.0005,29.709114913043475,0.0005941822982608695,0.0,grid_short,0.0,2369.847640616287,47
460,2026-06-26 02:00:00+00:00,BTC_USDT,short,short,sell,58847.44186956521,0.0005,29.423720934782608,0.0005884744186956522,0.0,grid_short,0.0,2369.9887730766513,47
461,2026-06-26 03:00:00+00:00,BTC_USDT,long,long,sell,59767.5302,0.0013,77.69778926,0.0015539557852,0.0,trailing_tp,0.16714255204089096,2370.072408380866,50
462,2026-06-26 03:00:00+00:00,BTC_USDT,short,short,buy,58682.998,0.001,58.682998,0.0011736599600000001,0.0,trailing_tp,0.44866418786608564,2371.431636720906,48
463,2026-06-26 03:00:00+00:00,BTC_USDT,long,long,buy,58847.44186956521,0.0005,29.423720934782608,0.0005884744186956522,0.0,grid_buy,0.0,2372.029027311705,50
464,2026-06-26 03:00:00+00:00,BTC_USDT,long,long,buy,59418.22982608695,0.0005,29.709114913043475,0.0005941822982608695,0.0,grid_buy,0.0,2372.3410182163634,50
465,2026-06-26 03:00:00+00:00,BTC_USDT,long,long,buy,59989.01778260869,0.0005,29.994508891304346,0.0005998901778260869,0.0,grid_buy,0.0,2372.367609434881,50
466,2026-06-26 03:00:00+00:00,BTC_USDT,short,short,sell,59989.01778260869,0.0005,29.994508891304346,0.0005998901778260869,0.0,grid_short,0.0,2372.3398184360076,48
467,2026-06-26 04:00:00+00:00,BTC_USDT,long,long,sell,59870.8068,0.0015,89.8062102,0.0017961242040000001,0.0,trailing_tp,0.6770693366655616,2372.1422325118037,51
468,2026-06-26 04:00:00+00:00,BTC_USDT,long,long,buy,59989.01778260869,0.0005,29.994508891304346,0.0005998901778260869,0.0,grid_buy,0.0,2372.1057237303216,51
469,2026-06-26 06:00:00+00:00,BTC_USDT,long,long,sell,60348.95188930434,0.00025,15.087237972326086,0.00030174475944652173,0.0,scaled_tp_0,0.0896817819144672,2372.111659957888,51
470,2026-06-26 07:00:00+00:00,BTC_USDT,long,long,sell,60390.1718,0.00025,15.09754295,0.00030195085900000003,0.0,trailing_tp,0.09998655348882725,2372.0250509570287,52
471,2026-06-26 07:00:00+00:00,BTC_USDT,long,long,buy,60559.80573913043,0.0005,30.279902869565216,0.0006055980573913043,0.0,grid_buy,0.0,2372.0093924894063,52
472,2026-06-26 07:00:00+00:00,BTC_USDT,short,short,sell,60559.80573913043,0.0008,48.447844591304346,0.000968956891826087,0.0,grid_short,0.0,2372.032508123819,48
473,2026-06-26 08:00:00+00:00,BTC_USDT,long,long,funding,60524.5,0.0005,30.26225,0.0,0.0,funding,-0.0030262250000000004,2372.033641898819,52
474,2026-06-26 08:00:00+00:00,BTC_USDT,short,short,funding,60524.5,0.0013,78.68185,0.0,0.0,funding,0.007868185,2372.041510083819,48
475,2026-06-26 09:00:00+00:00,BTC_USDT,short,short,buy,59947.4394,0.0013,77.93167122,0.0015586334244000002,0.0,trailing_tp,0.509123629184292,2372.3951802303945,49
476,2026-06-26 09:00:00+00:00,BTC_USDT,short,short,sell,59989.01778260869,0.0005,29.994508891304346,0.0005998901778260869,0.0,grid_short,0.0,2372.521789231521,49
477,2026-06-26 10:00:00+00:00,BTC_USDT,short,short,buy,59593.5286,0.0005,29.7967643,0.0005959352860000001,0.0,trailing_tp,0.1971486560183448,2372.382578996235,50
478,2026-06-26 10:00:00+00:00,BTC_USDT,long,long,buy,59418.22982608695,0.0008,47.53458386086956,0.0009506916772173913,0.0,grid_buy,0.0,2372.3000844436883,52
479,2026-06-26 10:00:00+00:00,BTC_USDT,short,short,sell,59418.22982608695,0.0005,29.709114913043475,0.0005941822982608695,0.0,grid_short,0.0,2372.3504551744336,50
480,2026-06-26 12:00:00+00:00,BTC_USDT,short,short,buy,59061.72044713043,0.00025,14.765430111782607,0.0002953086022356522,0.0,scaled_tp_0,0.08883203613689476,2372.2765697540485,50
481,2026-06-26 12:00:00+00:00,BTC_USDT,long,long,sell,59989.01778260869,0.0008,47.99121422608695,0.0009598242845217391,0.0,grid_sell_tp,0.10441641384256016,2372.918344155851,52
482,2026-06-26 12:00:00+00:00,BTC_USDT,short,short,sell,59989.01778260869,0.0008,47.99121422608695,0.0009598242845217391,0.0,grid_short,0.0,2373.5601185576534,50
483,2026-06-26 13:00:00+00:00,BTC_USDT,short,short,buy,58846.976,0.0010500000000000002,61.78932480000001,0.0012357864960000004,0.0,trailing_tp,1.055211096112678,2374.4064379711576,51
484,2026-06-26 13:00:00+00:00,BTC_USDT,long,long,buy,58847.44186956521,0.0008,47.077953495652174,0.0009415590699130436,0.0,grid_buy,0.0,2375.4632229164354,52
485,2026-06-26 13:00:00+00:00,BTC_USDT,long,long,buy,59418.22982608695,0.0008,47.53458386086956,0.0009506916772173913,0.0,grid_buy,0.0,2376.0633683638885,52
486,2026-06-26 13:00:00+00:00,BTC_USDT,long,long,buy,59989.01778260869,0.0008,47.99121422608695,0.0009598242845217391,0.0,grid_buy,0.0,2376.2068743135173,52
487,2026-06-26 14:00:00+00:00,BTC_USDT,long,long,sell,59931.4408,0.0029,173.80117832,0.0034760235664,0.0,trailing_tp,1.2653019713499916,2375.512736609951,53
488,2026-06-26 14:00:00+00:00,BTC_USDT,long,long,buy,59418.22982608695,0.0005,29.709114913043475,0.0005941822982608695,0.0,grid_buy,0.0,2375.597677514609,53
489,2026-06-26 14:00:00+00:00,BTC_USDT,short,short,sell,59989.01778260869,0.0005,29.994508891304346,0.0005998901778260869,0.0,grid_short,0.0,2375.7969365157355,51
490,2026-06-26 15:00:00+00:00,BTC_USDT,long,long,sell,60137.0,0.0005,30.0685,0.00060137,0.0,trailing_tp,0.35878371695652495,2375.7016851457356,54
491,2026-06-26 15:00:00+00:00,BTC_USDT,short,short,buy,59629.08367591303,0.00025,14.90727091897826,0.0002981454183795652,0.0,scaled_tp_0,0.08968538125553416,2375.875691081339,51
492,2026-06-26 15:00:00+00:00,BTC_USDT,long,long,buy,59989.01778260869,0.0005,29.994508891304346,0.0005998901778260869,0.0,grid_buy,0.0,2376.043732299857,54
493,2026-06-26 16:00:00+00:00,BTC_USDT,long,long,funding,60326.4,0.0005,30.1632,0.0,0.0,funding,-0.0030163200000000003,2376.0407409798568,54
494,2026-06-26 16:00:00+00:00,BTC_USDT,short,short,funding,60326.4,0.00025,15.0816,0.0,0.0,funding,0.0015081600000000001,2376.0422491398567,51
495,2026-06-26 16:00:00+00:00,BTC_USDT,long,long,sell,60214.233799999995,0.0005,30.107116899999998,0.000602142338,0.0,trailing_tp,0.11200586635765356,2376.0564638975193,55
496,2026-06-26 16:00:00+00:00,BTC_USDT,long,long,buy,59989.01778260869,0.0005,29.994508891304346,0.0005998901778260869,0.0,grid_buy,0.0,2376.082755116037,55
497,2026-06-26 16:00:00+00:00,BTC_USDT,short,short,sell,60559.80573913043,0.0008,48.447844591304346,0.000968956891826087,0.0,grid_short,0.0,2376.4953907504496,51
498,2026-06-26 17:00:00+00:00,BTC_USDT,short,short,buy,59989.01778260869,0.0008,47.99121422608695,0.0009598242845217391,0.0,grid_cover_tp,0.3469490254049184,2376.532581700078,51
499,2026-06-26 18:00:00+00:00,BTC_USDT,short,short,buy,59914.040199999996,0.0002500000000000001,14.978510050000006,0.00029957020100000015,0.0,trailing_tp,0.127166340979123,2376.381097079877,52
500,2026-06-26 18:00:00+00:00,BTC_USDT,short,short,sell,59989.01778260869,0.0005,29.994508891304346,0.0005998901778260869,0.0,grid_short,0.0,2376.541856081004,52
501,2026-06-26 19:00:00+00:00,BTC_USDT,short,short,buy,59629.08367591303,0.00025,14.90727091897826,0.0002981454183795652,0.0,scaled_tp_0,0.08968538125553416,2376.5741620166073,52
502,2026-06-27 00:00:00+00:00,BTC_USDT,long,long,funding,60103.5,0.0005,30.051750000000002,0.0,0.0,funding,-0.0030051750000000006,2376.657156841607,55
503,2026-06-27 00:00:00+00:00,BTC_USDT,short,short,funding,60103.5,0.00025,15.025875000000001,0.0,0.0,funding,0.0015025875000000003,2376.658659429107,52
504,2026-06-27 02:00:00+00:00,BTC_USDT,long,long,sell,60348.95188930434,0.00025,15.087237972326086,0.00030174475944652173,0.0,scaled_tp_0,0.0896817819144672,2376.7197206566734,55
505,2026-06-27 06:00:00+00:00,BTC_USDT,long,long,sell,60144.1568,0.00025,15.0360392,0.000300720784,0.0,trailing_tp,0.0384840335638274,2376.6633591358896,56
506,2026-06-27 07:00:00+00:00,BTC_USDT,long,long,buy,60559.80573913043,0.0005,30.279902869565216,0.0006055980573913043,0.0,grid_buy,0.0,2376.611400668267,56
507,2026-06-27 07:00:00+00:00,BTC_USDT,short,short,sell,60559.80573913043,0.0008,48.447844591304346,0.000968956891826087,0.0,grid_short,0.0,2376.6216363026797,52
508,2026-06-27 08:00:00+00:00,BTC_USDT,long,long,funding,60545.7,0.0005,30.27285,0.0,0.0,funding,-0.003027285,2376.6186640176793,56
509,2026-06-27 08:00:00+00:00,BTC_USDT,short,short,funding,60545.7,0.0010500000000000002,63.572985,0.0,0.0,funding,0.0063572985000000005,2376.6250213161793,52
510,2026-06-27 15:00:00+00:00,BTC_USDT,long,long,sell,60923.16457356521,0.00025,15.230791143391304,0.0003046158228678261,0.0,scaled_tp_0,0.0905350927858274,2376.485802843748,56
511,2026-06-27 16:00:00+00:00,BTC_USDT,long,long,funding,60837.4,0.00025,15.20935,0.0,0.0,funding,-0.0015209350000000002,2376.484201908748,56
512,2026-06-27 16:00:00+00:00,BTC_USDT,short,short,funding,60837.4,0.0010500000000000002,63.87927000000001,0.0,0.0,funding,0.006387927000000002,2376.4905898357483,52
513,2026-06-27 22:00:00+00:00,BTC_USDT,short,short,buy,60219.5624,0.0010500000000000002,63.23054052000001,0.0012646108104000004,0.0,trailing_tp,0.2132939061461093,2376.9857297049375,53
514,2026-06-27 22:00:00+00:00,BTC_USDT,long,long,buy,59989.01778260869,0.0008,47.99121422608695,0.0009598242845217391,0.0,grid_buy,0.0,2377.1760356545665,56
515,2026-06-27 23:00:00+00:00,BTC_USDT,short,short,sell,59989.01778260869,0.0005,29.994508891304346,0.0005998901778260869,0.0,grid_short,0.0,2376.945344655693,53
516,2026-06-28 00:00:00+00:00,BTC_USDT,long,long,funding,60027.0,0.0010500000000000002,63.02835000000001,0.0,0.0,funding,-0.006302835000000001,2376.9389868206927,56
517,2026-06-28 00:00:00+00:00,BTC_USDT,short,short,funding,60027.0,0.0005,30.0135,0.0,0.0,funding,0.0030013500000000003,2376.9419881706926,53
518,2026-06-28 08:00:00+00:00,BTC_USDT,long,long,funding,60219.7,0.0010500000000000002,63.23068500000001,0.0,0.0,funding,-0.006323068500000001,2377.0416501021928,56
519,2026-06-28 08:00:00+00:00,BTC_USDT,short,short,funding,60219.7,0.0005,30.109849999999998,0.0,0.0,funding,0.003010985,2377.0446610871927,53
520,2026-06-28 16:00:00+00:00,BTC_USDT,long,long,funding,59893.1,0.0010500000000000002,62.887755000000006,0.0,0.0,funding,-0.0062887755000000005,2376.8587423116924,56
521,2026-06-28 16:00:00+00:00,BTC_USDT,short,short,funding,59893.1,0.0005,29.94655,0.0,0.0,funding,0.002994655,2376.8617369666927,53
522,2026-06-28 16:00:00+00:00,BTC_USDT,short,short,buy,59629.08367591303,0.00025,14.90727091897826,0.0002981454183795652,0.0,scaled_tp_0,0.08968538125553416,2376.764322902296,53
523,2026-06-28 17:00:00+00:00,BTC_USDT,short,short,buy,59757.406,0.00025,14.9393515,0.00029878703000000005,0.0,trailing_tp,0.057604158622171185,2376.640187615266,54
524,2026-06-28 17:00:00+00:00,BTC_USDT,long,long,buy,59418.22982608695,0.0011,65.36005280869566,0.0013072010561739132,0.0,grid_buy,0.0,2376.8250776055143,56
525,2026-06-28 19:00:00+00:00,BTC_USDT,short,short,sell,59418.22982608695,0.0005,29.709114913043475,0.0005941822982608695,0.0,grid_short,0.0,2376.5685783362596,54
526,2026-06-28 22:00:00+00:00,BTC_USDT,short,short,buy,59255.5126,0.0005,29.6277563,0.0005925551260000001,0.0,trailing_tp,0.08076605791747418,2375.7924094811333,55
527,2026-06-28 22:00:00+00:00,BTC_USDT,short,short,sell,59418.22982608695,0.0005,29.709114913043475,0.0005941822982608695,0.0,grid_short,0.0,2375.9659802118786,55
528,2026-06-28 23:00:00+00:00,BTC_USDT,short,short,buy,59061.72044713043,0.00025,14.765430111782607,0.0002953086022356522,0.0,scaled_tp_0,0.08883203613689476,2376.9296997914935,55
529,2026-06-29 00:00:00+00:00,BTC_USDT,long,long,funding,59576.4,0.00215,128.08926,0.0,0.0,funding,-0.012808926,2376.9172708654933,56
530,2026-06-29 00:00:00+00:00,BTC_USDT,short,short,funding,59576.4,0.00025,14.8941,0.0,0.0,funding,0.00148941,2376.9187602754937,55
531,2026-06-29 02:00:00+00:00,BTC_USDT,short,short,buy,59253.4,0.00025,14.81335,0.000296267,0.0,trailing_tp,0.04091118952173718,2377.380624008493,56
532,2026-06-29 03:00:00+00:00,BTC_USDT,long,long,sell,59989.01778260869,0.0011,65.98791956086956,0.0013197583912173913,0.0,grid_sell_tp,0.2469066320031117,2377.943593810972,56
533,2026-06-29 03:00:00+00:00,BTC_USDT,short,short,sell,59989.01778260869,0.0005,29.994508891304346,0.0005998901778260869,0.0,grid_short,0.0,2377.9151028120987,56
534,2026-06-29 05:00:00+00:00,BTC_USDT,short,short,buy,59751.873,0.0005,29.8759365,0.0005975187300000001,0.0,trailing_tp,0.11797487257434391,2378.1224987933683,57
535,2026-06-29 05:00:00+00:00,BTC_USDT,long,long,buy,59418.22982608695,0.0011,65.36005280869566,0.0013072010561739132,0.0,grid_buy,0.0,2378.8748787836166,56
536,2026-06-29 05:00:00+00:00,BTC_USDT,short,short,sell,59989.01778260869,0.0005,29.994508891304346,0.0005998901778260869,0.0,grid_short,0.0,2378.8170877847433,57
537,2026-06-29 06:00:00+00:00,BTC_USDT,long,long,sell,60301.82188143212,0.00215,129.64891704507906,0.0025929783409015814,0.0,scaled_tp_1,1.5347459589525225,2379.2544518514815,57
538,2026-06-29 07:00:00+00:00,BTC_USDT,long,long,buy,59989.01778260869,0.0005,29.994508891304346,0.0005998901778260869,0.0,grid_buy,0.0,2379.2976930699992,57
539,2026-06-29 08:00:00+00:00,BTC_USDT,long,long,funding,60030.0,0.0005,30.015,0.0,0.0,funding,-0.0030015000000000003,2379.294691569999,57
540,2026-06-29 08:00:00+00:00,BTC_USDT,short,short,funding,60030.0,0.0005,30.015,0.0,0.0,funding,0.0030015000000000003,2379.2976930699992,57
541,2026-06-29 12:00:00+00:00,BTC_USDT,long,long,sell,60419.991799999996,0.0005,30.2099959,0.000604199918,0.0,trailing_tp,0.21488280877765437,2379.531434770081,58
542,2026-06-29 12:00:00+00:00,BTC_USDT,short,short,buy,59629.08367591303,0.00025,14.90727091897826,0.0002981454183795652,0.0,scaled_tp_0,0.08968538125553416,2379.6116907056844,57
543,2026-06-29 12:00:00+00:00,BTC_USDT,long,long,buy,59989.01778260869,0.0005,29.994508891304346,0.0005998901778260869,0.0,grid_buy,0.0,2379.592231924202,58
544,2026-06-29 12:00:00+00:00,BTC_USDT,short,short,sell,60559.80573913043,0.0008,48.447844591304346,0.000968956891826087,0.0,grid_short,0.0,2380.078067558615,57
545,2026-06-29 13:00:00+00:00,BTC_USDT,short,short,buy,59684.974,0.0010500000000000002,62.66922270000001,0.0012533844540000003,0.0,trailing_tp,0.7746229525025099,2380.171506474161,58
546,2026-06-29 13:00:00+00:00,BTC_USDT,long,long,buy,59418.22982608695,0.0008,47.53458386086956,0.0009506916772173913,0.0,grid_buy,0.0,2380.3010919216144,58
547,2026-06-29 13:00:00+00:00,BTC_USDT,short,short,sell,59989.01778260869,0.0005,29.994508891304346,0.0005998901778260869,0.0,grid_short,0.0,2380.504300922741,58
548,2026-06-29 14:00:00+00:00,BTC_USDT,short,short,buy,59356.9174,0.0005,29.6784587,0.000593569174,0.0,trailing_tp,0.3154566221303445,2380.457998653567,59
549,2026-06-29 14:00:00+00:00,BTC_USDT,short,short,sell,59418.22982608695,0.0005,29.709114913043475,0.0005941822982608695,0.0,grid_short,0.0,2380.436569384312,59
550,2026-06-29 16:00:00+00:00,BTC_USDT,long,long,funding,59820.4,0.0013,77.76652,0.0,0.0,funding,-0.007776652,2380.7171927323125,58
551,2026-06-29 16:00:00+00:00,BTC_USDT,short,short,funding,59820.4,0.0005,29.9102,0.0,0.0,funding,0.00299102,2380.7201837523126,59
552,2026-06-29 16:00:00+00:00,BTC_USDT,long,long,sell,59995.590237451506,0.00065,38.99713365434348,0.0007799426730868696,0.0,scaled_tp_0,0.23180733558343697,2380.8433574639826,58
553,2026-06-29 16:00:00+00:00,BTC_USDT,long,long,sell,59989.01778260869,0.00065,38.992861558695644,0.0007798572311739129,0.0,grid_sell_tp,0.2275353253775177,2380.908499165447,59
554,2026-06-29 16:00:00+00:00,BTC_USDT,short,short,sell,59989.01778260869,0.0008,47.99121422608695,0.0009598242845217391,0.0,grid_short,0.0,2380.9886735672494,59
555,2026-06-29 17:00:00+00:00,BTC_USDT,long,long,buy,59989.01778260869,0.0005,29.994508891304346,0.0005998901778260869,0.0,grid_buy,0.0,2380.5221647857675,59
556,2026-06-29 17:00:00+00:00,BTC_USDT,short,short,sell,60559.80573913043,0.0011,66.61578631304349,0.0013323157262608697,0.0,grid_short,0.0,2380.6893587830846,59
557,2026-06-29 18:00:00+00:00,BTC_USDT,long,long,sell,60348.95188930434,0.00025,15.087237972326086,0.00030174475944652173,0.0,scaled_tp_0,0.0896817819144672,2380.924690010651,59
558,2026-06-29 19:00:00+00:00,BTC_USDT,long,long,sell,60187.2964,0.00025,15.0468241,0.00030093648200000005,0.0,trailing_tp,0.04926871786582797,2380.555678174169,60
559,2026-06-29 21:00:00+00:00,BTC_USDT,long,long,buy,60559.80573913043,0.0005,30.279902869565216,0.0006055980573913043,0.0,grid_buy,0.0,2380.4017097065466,60
560,2026-06-30 00:00:00+00:00,BTC_USDT,long,long,funding,60256.9,0.0005,30.12845,0.0,0.0,funding,-0.003012845,2380.8237268615467,60
561,2026-06-30 00:00:00+00:00,BTC_USDT,short,short,funding,60256.9,0.0024000000000000002,144.61656000000002,0.0,0.0,funding,0.014461656000000003,2380.8381885175468,59
562,2026-06-30 00:00:00+00:00,BTC_USDT,short,short,buy,59770.92448310868,0.0012000000000000001,71.72510937973043,0.0014345021875946087,0.0,scaled_tp_0,0.43151384416892913,2381.7132246356286,59
563,2026-06-30 00:00:00+00:00,BTC_USDT,short,short,buy,59989.01778260869,0.0011,65.98791956086956,0.0013197583912173913,0.0,grid_cover_tp,0.15564692965225835,2381.545675316368,59
564,2026-06-30 01:00:00+00:00,BTC_USDT,long,long,buy,59989.01778260869,0.0008,47.99121422608695,0.0009598242845217391,0.0,grid_buy,0.0,2381.544301265996,60
565,2026-06-30 03:00:00+00:00,BTC_USDT,short,short,buy,59960.0144,0.00010000000000000005,5.996001440000002,0.00011992002880000005,0.0,trailing_tp,0.017050117145111995,2381.1276999059673,60
566,2026-06-30 03:00:00+00:00,BTC_USDT,short,short,sell,59989.01778260869,0.0005,29.994508891304346,0.0005998901778260869,0.0,grid_short,0.0,2381.311808907094,60
567,2026-06-30 04:00:00+00:00,BTC_USDT,short,short,buy,59629.08367591303,0.00025,14.90727091897826,0.0002981454183795652,0.0,scaled_tp_0,0.08968538125553416,2381.173479842698,60
568,2026-06-30 05:00:00+00:00,BTC_USDT,long,long,buy,59418.22982608695,0.0011,65.36005280869566,0.0013072010561739132,0.0,grid_buy,0.0,2381.598139832946,60
569,2026-06-30 05:00:00+00:00,BTC_USDT,short,short,buy,59418.22982608695,0.00025,14.854557456521738,0.00029709114913043476,0.0,grid_cover_tp,0.14239989798130387,2381.6561852852747,61
570,2026-06-30 08:00:00+00:00,BTC_USDT,long,long,funding,59529.7,0.0024000000000000002,142.87128,0.0,0.0,funding,-0.014287128000000001,2381.349338157275,60
571,2026-06-30 08:00:00+00:00,BTC_USDT,short,short,sell,59418.22982608695,0.0005,29.709114913043475,0.0005941822982608695,0.0,grid_short,0.0,2380.88811888802,61
572,2026-06-30 12:00:00+00:00,BTC_USDT,short,short,buy,58750.4,0.0005,29.375200000000003,0.0005875040000000001,0.0,trailing_tp,0.33332740904347435,2378.99983138402,62
573,2026-06-30 12:00:00+00:00,BTC_USDT,short,short,sell,58847.44186956521,0.0005,29.423720934782608,0.0005884744186956522,0.0,grid_short,0.0,2379.216913844384,62
574,2026-06-30 13:00:00+00:00,BTC_USDT,short,short,buy,58584.41,0.0005,29.292205000000003,0.0005858441000000001,0.0,trailing_tp,0.13093009068260475,2379.904173000284,63
575,2026-06-30 13:00:00+00:00,BTC_USDT,long,long,buy,58276.653913043476,0.0016,93.24264626086956,0.0018648529252173914,0.0,grid_buy,0.0,2380.635021886489,60
576,2026-06-30 14:00:00+00:00,BTC_USDT,long,long,sell,58847.44186956521,0.0016,94.15590699130435,0.0018831181398260872,0.0,grid_sell_tp,-0.5955025929224229,2380.206965759654,60
577,2026-06-30 14:00:00+00:00,BTC_USDT,short,short,sell,58847.44186956521,0.0005,29.423720934782608,0.0005884744186956522,0.0,grid_short,0.0,2380.3891982200175,63
578,2026-06-30 15:00:00+00:00,BTC_USDT,short,short,buy,58537.5304,0.0005,29.2687652,0.000585375304,0.0,trailing_tp,0.15437035947860486,2380.1207476447134,64
579,2026-06-30 15:00:00+00:00,BTC_USDT,long,long,buy,58276.653913043476,0.0016,93.24264626086956,0.0018648529252173914,0.0,grid_buy,0.0,2380.287116530919,60
580,2026-06-30 15:00:00+00:00,BTC_USDT,short,short,sell,58276.653913043476,0.0006000000000000001,34.96599234782609,0.0006993198469565218,0.0,grid_short,0.0,2380.2233295588976,64
581,2026-06-30 16:00:00+00:00,BTC_USDT,long,long,funding,58381.8,0.004,233.52720000000002,0.0,0.0,funding,-0.023352720000000004,2380.199976838898,60
582,2026-06-30 16:00:00+00:00,BTC_USDT,short,short,funding,58381.8,0.0006000000000000001,35.02908000000001,0.0,0.0,funding,0.0035029080000000008,2380.2034797468978,64
583,2026-06-30 20:00:00+00:00,BTC_USDT,long,long,buy,58847.44186956521,0.0022,129.46437211304348,0.00258928744226087,0.0,grid_buy,0.0,2381.128638346412,60
584,2026-06-30 20:00:00+00:00,BTC_USDT,long,long,sell,58847.44186956521,0.0016,94.15590699130435,0.0018831181398260872,0.0,grid_sell_tp,0.00400888657265869,2381.314022219576,60
585,2026-06-30 20:00:00+00:00,BTC_USDT,short,short,sell,58847.44186956521,0.0008,47.077953495652174,0.0009415590699130436,0.0,grid_short,0.0,2381.4067141561586,64
586,2026-07-01 00:00:00+00:00,BTC_USDT,long,long,funding,58632.5,0.004600000000000001,269.70950000000005,0.0,0.0,funding,-0.026970950000000007,2381.066463206159,60
587,2026-07-01 00:00:00+00:00,BTC_USDT,short,short,funding,58632.5,0.0014000000000000002,82.08550000000001,0.0,0.0,funding,0.008208550000000002,2381.0746717561588,64
588,2026-07-01 01:00:00+00:00,BTC_USDT,short,short,buy,58160.2804,0.0014000000000000002,81.42439256000002,0.0016284878512000005,0.0,trailing_tp,0.6179247956270543,2382.3707907083076,65
589,2026-07-01 01:00:00+00:00,BTC_USDT,long,long,buy,58276.653913043476,0.0023,134.036304,0.00268072608,0.0,grid_buy,0.0,2383.5048759822275,60
590,2026-07-01 01:00:00+00:00,BTC_USDT,short,short,sell,58847.44186956521,0.0005,29.423720934782608,0.0005884744186956522,0.0,grid_short,0.0,2383.542558442591,65
591,2026-07-01 02:00:00+00:00,BTC_USDT,long,long,sell,58815.079399999995,0.006900000000000001,405.82404786,0.0081164809572,0.0,trailing_tp,1.0983342925911523,2383.680679821634,61
592,2026-07-01 02:00:00+00:00,BTC_USDT,long,long,buy,58847.44186956521,0.0005,29.423720934782608,0.0005884744186956522,0.0,grid_buy,0.0,2383.8004204124327,61
593,2026-07-01 03:00:00+00:00,BTC_USDT,long,long,sell,58964.9746,0.0005,29.482487300000003,0.0005896497460000001,0.0,trailing_tp,0.05817671547139419,2383.684018062687,62
594,2026-07-01 04:00:00+00:00,BTC_USDT,long,long,buy,59418.22982608695,0.0005,29.709114913043475,0.0005941822982608695,0.0,grid_buy,0.0,2383.5726089673453,62
595,2026-07-01 04:00:00+00:00,BTC_USDT,short,short,sell,59418.22982608695,0.0008,47.53458386086956,0.0009506916772173913,0.0,grid_short,0.0,2383.6404821365372,65
596,2026-07-01 06:00:00+00:00,BTC_USDT,short,short,buy,58892.8496,0.0013,76.56070448,0.0015312140896,0.0,trailing_tp,0.39606910156256775,2383.919906442448,66
597,2026-07-01 06:00:00+00:00,BTC_USDT,long,long,buy,58847.44186956521,0.0008,47.077953495652174,0.0009415590699130436,0.0,grid_buy,0.0,2383.8424513877258,62
598,2026-07-01 06:00:00+00:00,BTC_USDT,short,short,sell,58847.44186956521,0.0005,29.423720934782608,0.0005884744186956522,0.0,grid_short,0.0,2383.8896838480896,66
599,2026-07-01 08:00:00+00:00,BTC_USDT,long,long,funding,58765.9,0.0013,76.39567,0.0,0.0,funding,-0.007639567,2383.89332428109,62
600,2026-07-01 08:00:00+00:00,BTC_USDT,short,short,funding,58765.9,0.0005,29.38295,0.0,0.0,funding,0.002938295,2383.8962625760896,66
601,2026-07-01 12:00:00+00:00,BTC_USDT,short,short,buy,58677.163199999995,0.0005,29.338581599999998,0.000586771632,0.0,trailing_tp,0.08455256315060879,2383.636624204458,67
602,2026-07-01 13:00:00+00:00,BTC_USDT,long,long,sell,59421.377553190636,0.00065,38.62389540957391,0.0007724779081914783,0.0,scaled_tp_0,0.22958872731789576,2384.8380121361233,62
603,2026-07-01 13:00:00+00:00,BTC_USDT,long,long,sell,59418.22982608695,0.00065,38.62184938695652,0.0007724369877391304,0.0,grid_sell_tp,0.22754274562095247,2384.788574086092,63
604,2026-07-01 13:00:00+00:00,BTC_USDT,short,short,sell,59418.22982608695,0.0005,29.709114913043475,0.0005941822982608695,0.0,grid_short,0.0,2384.750544816837,67
605,2026-07-01 14:00:00+00:00,BTC_USDT,long,long,buy,59418.22982608695,0.0005,29.709114913043475,0.0005941822982608695,0.0,grid_buy,0.0,2384.7873857214954,63
606,2026-07-01 14:00:00+00:00,BTC_USDT,short,short,sell,59989.01778260869,0.0008,47.99121422608695,0.0009598242845217391,0.0,grid_short,0.0,2385.143720123298,67
607,2026-07-01 15:00:00+00:00,BTC_USDT,long,long,sell,60174.871399999996,0.0005,30.0874357,0.000601748714,0.0,trailing_tp,0.3777190382425231,2384.678834074584,64
608,2026-07-01 15:00:00+00:00,BTC_USDT,long,long,buy,59989.01778260869,0.0005,29.994508891304346,0.0005998901778260869,0.0,grid_buy,0.0,2384.7551252931016,64
609,2026-07-01 16:00:00+00:00,BTC_USDT,long,long,funding,60142.8,0.0005,30.0714,0.0,0.0,funding,-0.00300714,2384.752118153102,64
610,2026-07-01 16:00:00+00:00,BTC_USDT,short,short,funding,60142.8,0.0013,78.18564,0.0,0.0,funding,0.007818564000000002,2384.759936717102,67
611,2026-07-01 19:00:00+00:00,BTC_USDT,long,long,sell,60348.95188930434,0.00025,15.087237972326086,0.00030174475944652173,0.0,scaled_tp_0,0.0896817819144672,2384.9289829446684,64
612,2026-07-01 21:00:00+00:00,BTC_USDT,long,long,sell,60482.912,0.00025,15.120728,0.00030241456,0.0,trailing_tp,0.1231711397878273,2384.0246385301084,65
613,2026-07-01 21:00:00+00:00,BTC_USDT,long,long,buy,60559.80573913043,0.0005,30.279902869565216,0.0006055980573913043,0.0,grid_buy,0.0,2384.1506300624856,65
614,2026-07-01 22:00:00+00:00,BTC_USDT,long,long,sell,60956.4536,0.0005,30.4782268,0.0006095645360000001,0.0,trailing_tp,0.1977143658987844,2384.66270729795,66
615,2026-07-01 22:00:00+00:00,BTC_USDT,long,long,buy,60559.80573913043,0.0005,30.279902869565216,0.0006055980573913043,0.0,grid_buy,0.0,2384.619098830327,66
616,2026-07-01 22:00:00+00:00,BTC_USDT,short,short,sell,61130.59369565217,0.0011,67.24365306521739,0.0013448730613043478,0.0,grid_short,0.0,2385.340227022483,67
617,2026-07-01 22:00:00+00:00,BTC_USDT,short,short,sell,60559.80573913043,0.0011,66.61578631304349,0.0013323157262608697,0.0,grid_short,0.0,2385.4335010198,67
618,2026-07-01 23:00:00+00:00,BTC_USDT,short,short,buy,60082.974258939124,0.0017500000000000003,105.14520495314348,0.0021029040990628695,0.0,scaled_tp_0,0.6325764014531148,2386.6740931625577,67
619,2026-07-01 23:00:00+00:00,BTC_USDT,long,long,buy,59989.01778260869,0.0008,47.99121422608695,0.0009598242845217391,0.0,grid_buy,0.0,2386.7033591121863,66
620,2026-07-01 23:00:00+00:00,BTC_USDT,short,short,buy,60559.80573913043,0.0011,66.61578631304349,0.0013323157262608697,0.0,grid_cover_tp,-0.12690566616104465,2386.1157204834167,67
621,2026-07-01 23:00:00+00:00,BTC_USDT,short,short,buy,59989.01778260869,0.0006500000000000002,38.99286155869566,0.0007798572311739132,0.0,grid_cover_tp,0.2960298801601333,2386.1394990674894,68
622,2026-07-02 00:00:00+00:00,BTC_USDT,long,long,funding,60033.8,0.0013,78.04394,0.0,0.0,funding,-0.007804394000000001,2386.1407946734894,66
623,2026-07-02 00:00:00+00:00,BTC_USDT,short,short,sell,59989.01778260869,0.0005,29.994508891304346,0.0005998901778260869,0.0,grid_short,0.0,2385.892283674616,68
624,2026-07-02 03:00:00+00:00,BTC_USDT,long,long,sell,60755.9638,0.0013,78.98275294,0.0015796550588000001,0.0,trailing_tp,0.7100561892890188,2386.5390869595576,67
625,2026-07-02 03:00:00+00:00,BTC_USDT,long,long,buy,60559.80573913043,0.0005,30.279902869565216,0.0006055980573913043,0.0,grid_buy,0.0,2386.7914284919348,67
626,2026-07-02 04:00:00+00:00,BTC_USDT,long,long,sell,60923.16457356521,0.00025,15.230791143391304,0.0003046158228678261,0.0,scaled_tp_0,0.0905350927858274,2386.8247650195035,67
627,2026-07-02 05:00:00+00:00,BTC_USDT,long,long,sell,60699.206399999995,0.00025,15.174801599999999,0.000303496032,0.0,trailing_tp,0.03454666918539089,2386.942213123471,68
628,2026-07-02 05:00:00+00:00,BTC_USDT,long,long,buy,60559.80573913043,0.0005,30.279902869565216,0.0006055980573913043,0.0,grid_buy,0.0,2386.9159046558484,68
629,2026-07-02 05:00:00+00:00,BTC_USDT,short,short,sell,60559.80573913043,0.0008,48.447844591304346,0.000968956891826087,0.0,grid_short,0.0,2386.956060290261,68
630,2026-07-02 08:00:00+00:00,BTC_USDT,long,long,funding,60146.9,0.0005,30.07345,0.0,0.0,funding,-0.0030073450000000002,2387.242252945261,68
631,2026-07-02 08:00:00+00:00,BTC_USDT,short,short,funding,60146.9,0.0013,78.19097,0.0,0.0,funding,0.007819096999999999,2387.2500720422613,68
632,2026-07-02 09:00:00+00:00,BTC_USDT,long,long,sell,61060.426,0.0005,30.530213,0.0006106042600000001,0.0,trailing_tp,0.24969952617478378,2386.361114438001,69
633,2026-07-02 09:00:00+00:00,BTC_USDT,long,long,buy,60559.80573913043,0.0005,30.279902869565216,0.0006055980573913043,0.0,grid_buy,0.0,2386.6714059703786,69
634,2026-07-02 09:00:00+00:00,BTC_USDT,long,long,buy,61130.59369565217,0.0005,30.565296847826087,0.0006113059369565217,0.0,grid_buy,0.0,2386.6962978166157,69
635,2026-07-02 09:00:00+00:00,BTC_USDT,short,short,sell,61130.59369565217,0.0011,67.24365306521739,0.0013448730613043478,0.0,grid_short,0.0,2386.6388460087715,68
636,2026-07-02 10:00:00+00:00,BTC_USDT,long,long,sell,61210.270915695655,0.0005,30.60513545784783,0.0006121027091569567,0.0,scaled_tp_0,0.1819234964430186,2386.49581936391,69
637,2026-07-02 10:00:00+00:00,BTC_USDT,long,long,sell,61130.59369565217,0.0005,30.565296847826087,0.0006113059369565217,0.0,grid_sell_tp,0.14208568319347598,2386.4284549057993,70
638,2026-07-02 13:00:00+00:00,BTC_USDT,long,long,buy,61701.381652173906,0.0005,30.850690826086954,0.0006170138165217391,0.0,grid_buy,0.0,2384.9367670658958,70
639,2026-07-02 14:00:00+00:00,BTC_USDT,long,long,sell,61827.5952,0.0005,30.913797600000002,0.000618275952,0.0,trailing_tp,0.06248849796104853,2385.461926389944,71
640,2026-07-02 14:00:00+00:00,BTC_USDT,long,long,buy,61701.381652173906,0.0005,30.850690826086954,0.0006170138165217391,0.0,grid_buy,0.0,2385.4569185500404,71
641,2026-07-02 14:00:00+00:00,BTC_USDT,short,short,sell,61701.381652173906,0.0015,92.55207247826087,0.0018510414495652176,0.0,grid_short,0.0,2385.4682399868516,68
642,2026-07-02 16:00:00+00:00,BTC_USDT,long,long,funding,61613.3,0.0005,30.80665,0.0,0.0,funding,-0.0030806650000000002,2385.7347793218514,71
643,2026-07-02 16:00:00+00:00,BTC_USDT,short,short,funding,61613.3,0.0039000000000000003,240.29187000000002,0.0,0.0,funding,0.024029187000000004,2385.758808508852,68
644,2026-07-03 00:00:00+00:00,BTC_USDT,long,long,funding,61560.3,0.0005,30.780150000000003,0.0,0.0,funding,-0.0030780150000000004,2385.9359304938516,71
645,2026-07-03 00:00:00+00:00,BTC_USDT,short,short,funding,61560.3,0.0039000000000000003,240.08517000000003,0.0,0.0,funding,0.024008517000000004,2385.9599390108515,68
646,2026-07-03 08:00:00+00:00,BTC_USDT,long,long,funding,61753.8,0.0005,30.876900000000003,0.0,0.0,funding,-0.0030876900000000006,2385.2989513208513,71
647,2026-07-03 08:00:00+00:00,BTC_USDT,short,short,funding,61753.8,0.0039000000000000003,240.83982000000003,0.0,0.0,funding,0.024083982000000004,2385.3230353028516,68
648,2026-07-03 11:00:00+00:00,BTC_USDT,long,long,sell,62071.589942086954,0.00025,15.517897485521738,0.0003103579497104348,0.0,scaled_tp_0,0.0922417145285514,2384.4195924304236,71
649,2026-07-03 14:00:00+00:00,BTC_USDT,long,long,sell,61903.536799999994,0.00025,15.4758842,0.000309517684,0.0,trailing_tp,0.05022926927252202,2383.8278171127395,72
650,2026-07-03 14:00:00+00:00,BTC_USDT,long,long,buy,61701.381652173906,0.0005,30.850690826086954,0.0006170138165217391,0.0,grid_buy,0.0,2384.0600092728364,72
651,2026-07-03 14:00:00+00:00,BTC_USDT,long,long,buy,62272.16960869564,0.0005,31.13608480434782,0.0006227216960869564,0.0,grid_buy,0.0,2384.006801746792,72
652,2026-07-03 14:00:00+00:00,BTC_USDT,short,short,sell,62272.16960869564,0.0021000000000000003,130.77155617826088,0.0026154311235652176,0.0,grid_short,0.0,2384.22504249393,68
653,2026-07-03 15:00:00+00:00,BTC_USDT,long,long,sell,62358.69628421739,0.0005,31.179348142108694,0.0006235869628421739,0.0,scaled_tp_0,0.18533673992846297,2385.656767049076,72
654,2026-07-03 15:00:00+00:00,BTC_USDT,long,long,sell,62272.16960869564,0.0005,31.13608480434782,0.0006227216960869564,0.0,grid_sell_tp,0.14207426743434554,2385.8302291317273,73
655,2026-07-03 16:00:00+00:00,BTC_USDT,short,short,funding,61924.1,0.006,371.5446,0.0,0.0,funding,0.03715446,2385.8667835917277,68
656,2026-07-03 17:00:00+00:00,BTC_USDT,long,long,buy,62272.16960869564,0.0005,31.13608480434782,0.0006227216960869564,0.0,grid_buy,0.0,2384.2060260656835,73
657,2026-07-03 20:00:00+00:00,BTC_USDT,long,long,sell,62528.8622,0.0005,31.264431100000003,0.0006252886220000001,0.0,trailing_tp,0.12772100703017983,2380.8860818770618,74
658,2026-07-03 20:00:00+00:00,BTC_USDT,long,long,buy,62272.16960869564,0.0005,31.13608480434782,0.0006227216960869564,0.0,grid_buy,0.0,2381.137074351018,74
659,2026-07-03 20:00:00+00:00,BTC_USDT,long,long,buy,62842.95756521739,0.0005,31.421478782608695,0.0006284295756521739,0.0,grid_buy,0.0,2381.1026671388336,74
660,2026-07-03 20:00:00+00:00,BTC_USDT,short,short,sell,62842.95756521739,0.0029000000000000002,182.24457693913044,0.003644891538782609,0.0,grid_short,0.0,2381.294939186425,68
661,2026-07-03 21:00:00+00:00,BTC_USDT,long,long,sell,62932.90896847825,0.0005,31.466454484239126,0.0006293290896847826,0.0,scaled_tp_0,0.18704336167118338,2381.7628243415743,74
662,2026-07-03 21:00:00+00:00,BTC_USDT,long,long,sell,62842.95756521739,0.0005,31.421478782608695,0.0006284295756521739,0.0,grid_sell_tp,0.14206855955478395,2381.8191746946077,75
663,2026-07-04 00:00:00+00:00,BTC_USDT,short,short,funding,62581.2,0.0089,556.97268,0.0,0.0,funding,0.055697268,2383.1902919626073,68
664,2026-07-04 00:00:00+00:00,BTC_USDT,long,long,buy,62842.95756521739,0.0005,31.421478782608695,0.0006284295756521739,0.0,grid_buy,0.0,2381.587944750423,75
665,2026-07-04 08:00:00+00:00,BTC_USDT,long,long,funding,62577.2,0.0005,31.2886,0.0,0.0,funding,-0.0031288600000000002,2383.089255890423,75
666,2026-07-04 08:00:00+00:00,BTC_USDT,short,short,funding,62577.2,0.0089,556.9370799999999,0.0,0.0,funding,0.055693707999999995,2383.144949598423,68
667,2026-07-04 16:00:00+00:00,BTC_USDT,long,long,funding,62934.6,0.0005,31.4673,0.0,0.0,funding,-0.0031467300000000004,2380.139642868423,75
668,2026-07-04 16:00:00+00:00,BTC_USDT,short,short,funding,62934.6,0.0089,560.11794,0.0,0.0,funding,0.056011794000000004,2380.195654662423,68
669,2026-07-04 17:00:00+00:00,BTC_USDT,long,long,sell,63067.9084,0.0005,31.5339542,0.0006306790840000001,0.0,trailing_tp,0.11184473830730611,2377.232118183339,76
670,2026-07-04 17:00:00+00:00,BTC_USDT,long,long,buy,62842.95756521739,0.0005,31.421478782608695,0.0006284295756521739,0.0,grid_buy,0.0,2377.4475109711548,76
671,2026-07-04 17:00:00+00:00,BTC_USDT,short,short,sell,63413.745521739125,0.0041,259.99635663913045,0.00519992713278261,0.0,grid_short,0.0,2378.011167683152,68
672,2026-07-04 18:00:00+00:00,BTC_USDT,long,long,sell,63220.015310608695,0.00025,15.805003827652174,0.0003161000765530435,0.0,scaled_tp_0,0.0939483362712736,2379.384305410728,76
673,2026-07-04 19:00:00+00:00,BTC_USDT,long,long,buy,63413.745521739125,0.0007,44.389621865217386,0.0008877924373043478,0.0,grid_buy,0.0,2377.684605753073,76
674,2026-07-04 19:00:00+00:00,BTC_USDT,long,long,sell,63413.745521739125,0.0005,31.70687276086956,0.0006341374552173912,0.0,grid_sell_tp,0.07446954103448315,2377.7444443764875,76
675,2026-07-04 23:00:00+00:00,BTC_USDT,long,long,sell,63075.164600000004,0.00045,28.38382407,0.0005676764814000001,0.0,trailing_tp,-0.08533578062327421,2379.614140770006,77
676,2026-07-05 00:00:00+00:00,BTC_USDT,short,short,funding,63141.5,0.013000000000000001,820.8395,0.0,0.0,funding,0.08208395,2379.694924720006,68
677,2026-07-05 01:00:00+00:00,BTC_USDT,long,long,buy,62842.95756521739,0.0005,31.421478782608695,0.0006284295756521739,0.0,grid_buy,0.0,2383.0360675078214,77
678,2026-07-05 01:00:00+00:00,BTC_USDT,short,short,buy,62842.95756521739,0.0041,257.65612601739133,0.005153122520347827,0.0,grid_cover_tp,-1.805330523858146,2383.20779836791,68
679,2026-07-05 08:00:00+00:00,BTC_USDT,long,long,funding,63018.9,0.0005,31.50945,0.0,0.0,funding,-0.003150945,2382.0891274229098,77
680,2026-07-05 08:00:00+00:00,BTC_USDT,short,short,funding,63018.9,0.008900000000000002,560.8682100000001,0.0,0.0,funding,0.05608682100000001,2382.14521424391,68
681,2026-07-05 16:00:00+00:00,BTC_USDT,long,long,funding,62743.2,0.0005,31.3716,0.0,0.0,funding,-0.0031371600000000004,2384.45795708391,77
682,2026-07-05 16:00:00+00:00,BTC_USDT,short,short,funding,62743.2,0.008900000000000002,558.41448,0.0,0.0,funding,0.055841448,2384.5137985319097,68
683,2026-07-05 22:00:00+00:00,BTC_USDT,long,long,sell,63558.4474,0.0005,31.7792237,0.0006355844740000001,0.0,trailing_tp,0.3571093329173047,2376.093766647436,78
684,2026-07-05 22:00:00+00:00,BTC_USDT,long,long,buy,63413.745521739125,0.0005,31.70687276086956,0.0006341374552173912,0.0,grid_buy,0.0,2376.253759749111,78
685,2026-07-05 23:00:00+00:00,BTC_USDT,long,long,sell,63615.9006,0.0005,31.8079503,0.000636159006,0.0,trailing_tp,0.1004413801244378,2376.9758838901053,79
686,2026-07-05 23:00:00+00:00,BTC_USDT,short,short,sell,63984.53347826086,0.0041,262.3365872608696,0.005246731745217392,0.0,grid_short,0.0,2378.3541144192295,68
687,2026-07-06 00:00:00+00:00,BTC_USDT,short,short,funding,63644.2,0.013000000000000001,827.3746,0.0,0.0,funding,0.08273746,2378.4745518792297,68
688,2026-07-06 00:00:00+00:00,BTC_USDT,long,long,buy,63413.745521739125,0.0005,31.70687276086956,0.0006341374552173912,0.0,grid_buy,0.0,2377.146644980905,79
689,2026-07-06 00:00:00+00:00,BTC_USDT,short,short,buy,63413.745521739125,0.0041,259.99635663913045,0.00519992713278261,0.0,grid_cover_tp,-2.101714223767689,2378.559448414642,68
690,2026-07-06 01:00:00+00:00,BTC_USDT,long,long,sell,63794.22799486956,0.00025,15.94855699871739,0.0003189711399743478,0.0,scaled_tp_0,0.09480164714263377,2380.1957164422192,79
691,2026-07-06 02:00:00+00:00,BTC_USDT,long,long,sell,63538.5674,0.00025,15.88464185,0.000317692837,0.0,trailing_tp,0.030887776728218665,2381.1928905993823,80
692,2026-07-06 02:00:00+00:00,BTC_USDT,long,long,buy,63413.745521739125,0.0005,31.70687276086956,0.0006341374552173912,0.0,grid_buy,0.0,2381.2145837010576,80
693,2026-07-06 02:00:00+00:00,BTC_USDT,short,short,sell,63413.745521739125,0.0041,259.99635663913045,0.00519992713278261,0.0,grid_short,0.0,2381.026300413055,68
694,2026-07-06 08:00:00+00:00,BTC_USDT,long,long,funding,63092.5,0.0005,31.54625,0.0,0.0,funding,-0.0031546250000000003,2385.5968957880555,80
695,2026-07-06 08:00:00+00:00,BTC_USDT,short,short,funding,63092.5,0.013000000000000001,820.2025000000001,0.0,0.0,funding,0.08202025000000002,2385.6789160380554,68
696,2026-07-06 08:00:00+00:00,BTC_USDT,long,long,buy,62842.95756521739,0.0007,43.990070295652174,0.0008798014059130436,0.0,grid_buy,0.0,2388.030995940997,80
697,2026-07-06 08:00:00+00:00,BTC_USDT,short,short,buy,62842.95756521739,0.0041,257.65612601739133,0.005153122520347827,0.0,grid_cover_tp,0.899771557676451,2388.292106801085,68
698,2026-07-06 09:00:00+00:00,BTC_USDT,short,short,buy,62685.28887643965,0.004450000000000001,278.9495355001565,0.005578990710003131,0.0,scaled_tp_0,1.678221022369415,2390.052922310219,68
699,2026-07-06 11:00:00+00:00,BTC_USDT,short,short,buy,62862.726800000004,0.004450000000000001,279.73913426000007,0.005594782685200002,0.0,trailing_tp,0.8886064705506358,2388.9684532675337,69
700,2026-07-06 11:00:00+00:00,BTC_USDT,short,short,sell,62842.95756521739,0.0005,31.421478782608695,0.0006284295756521739,0.0,grid_short,0.0,2389.145403620567,69
701,2026-07-06 12:00:00+00:00,BTC_USDT,short,short,buy,62048.068,0.0005,31.024034,0.0006204806800000001,0.0,trailing_tp,0.3968243019286944,2388.4843291398865,70
702,2026-07-06 12:00:00+00:00,BTC_USDT,long,long,buy,61701.381652173906,0.0011,67.8715198173913,0.001357430396347826,0.0,grid_buy,0.0,2388.5410718920994,80
703,2026-07-06 12:00:00+00:00,BTC_USDT,short,short,sell,62272.16960869564,0.0005,31.13608480434782,0.0006227216960869564,0.0,grid_short,0.0,2388.799433974751,70
704,2026-07-06 12:00:00+00:00,BTC_USDT,short,short,sell,61701.381652173906,0.0005,30.850690826086954,0.0006170138165217391,0.0,grid_short,0.0,2388.7724077870216,70
705,2026-07-06 13:00:00+00:00,BTC_USDT,short,short,buy,61687.92,0.001,61.68792,0.0012337584,0.0,trailing_tp,0.2976218720347803,2388.8781640286215,71
706,2026-07-06 13:00:00+00:00,BTC_USDT,short,short,sell,61701.381652173906,0.0005,30.850690826086954,0.0006170138165217391,0.0,grid_short,0.0,2388.842287840892,71
707,2026-07-06 14:00:00+00:00,BTC_USDT,long,long,sell,62272.16960869564,0.0011,68.49938656956522,0.0013699877313913045,0.0,grid_sell_tp,-0.16516131438546583,2389.5815444227255,80
708,2026-07-06 14:00:00+00:00,BTC_USDT,short,short,sell,62272.16960869564,0.0007,43.59051872608695,0.000871810374521739,0.0,grid_short,0.0,2389.740531338438,71
709,2026-07-06 15:00:00+00:00,BTC_USDT,long,long,sell,63173.9682,0.0012,75.80876184,0.0015161752368000002,0.0,trailing_tp,0.9019606870694409,2389.291857003201,81
710,2026-07-06 15:00:00+00:00,BTC_USDT,long,long,buy,62272.16960869564,0.0005,31.13608480434782,0.0006227216960869564,0.0,grid_buy,0.0,2389.9284494771573,81
711,2026-07-06 15:00:00+00:00,BTC_USDT,long,long,buy,62842.95756521739,0.0005,31.421478782608695,0.0006284295756521739,0.0,grid_buy,0.0,2390.2796422649726,81
712,2026-07-06 15:00:00+00:00,BTC_USDT,long,long,buy,63413.745521739125,0.0005,31.70687276086956,0.0006341374552173912,0.0,grid_buy,0.0,2390.345435366648,81
713,2026-07-06 16:00:00+00:00,BTC_USDT,long,long,funding,63546.7,0.0015,95.32005,0.0,0.0,funding,-0.009532005,2390.335933361648,81
714,2026-07-06 16:00:00+00:00,BTC_USDT,short,short,funding,63546.7,0.0012000000000000001,76.25604,0.0,0.0,funding,0.007625604,2390.3435589656483,71
715,2026-07-06 16:00:00+00:00,BTC_USDT,long,long,sell,63477.5358,0.0015,95.2163037,0.0019043260740000002,0.0,trailing_tp,0.9499630260999256,2390.018908339574,82
716,2026-07-06 16:00:00+00:00,BTC_USDT,long,long,buy,63413.745521739125,0.0005,31.70687276086956,0.0006341374552173912,0.0,grid_buy,0.0,2390.1760014412494,82
717,2026-07-06 17:00:00+00:00,BTC_USDT,long,long,sell,63587.472200000004,0.0005,31.793736100000004,0.0006358747220000002,0.0,trailing_tp,0.08622746440843927,2390.275981666527,83
718,2026-07-06 21:00:00+00:00,BTC_USDT,long,long,buy,63984.53347826086,0.0005,31.992266739130432,0.0006398453347826088,0.0,grid_buy,0.0,2389.446225082062,83
719,2026-07-06 21:00:00+00:00,BTC_USDT,long,long,buy,64555.3214347826,0.0005,32.2776607173913,0.000645553214347826,0.0,grid_buy,0.0,2389.4110688114565,83
720,2026-07-06 21:00:00+00:00,BTC_USDT,short,short,sell,64555.3214347826,0.001,64.5553214347826,0.001291106428695652,0.0,grid_short,0.0,2389.4787991398102,71
721,2026-07-07 00:00:00+00:00,BTC_USDT,long,long,funding,64040.3,0.001,64.0403,0.0,0.0,funding,-0.006404030000000001,2390.00759510981,83
722,2026-07-07 00:00:00+00:00,BTC_USDT,short,short,funding,64040.3,0.0022,140.88866000000002,0.0,0.0,funding,0.014088866000000002,2390.0216839758104,71
723,2026-07-07 01:00:00+00:00,BTC_USDT,short,short,sell,63984.53347826086,0.0015,95.9768002173913,0.0019195360043478263,0.0,grid_short,0.0,2390.4715246571973,71
724,2026-07-07 01:00:00+00:00,BTC_USDT,short,short,buy,63984.53347826086,0.001,63.984533478260865,0.0012796906695652175,0.0,grid_cover_tp,-0.4795074380256187,2390.3277114882667,71
725,2026-07-07 02:00:00+00:00,BTC_USDT,long,long,buy,63413.745521739125,0.001,63.41374552173912,0.0012682749104347825,0.0,grid_buy,0.0,2391.117297691617,83
726,2026-07-07 02:00:00+00:00,BTC_USDT,short,short,sell,63413.745521739125,0.0015,95.12061828260869,0.001902412365652174,0.0,grid_short,0.0,2391.25001356186,71
727,2026-07-07 02:00:00+00:00,BTC_USDT,short,short,buy,63413.745521739125,0.0015,95.12061828260869,0.001902412365652174,0.0,grid_cover_tp,0.08735207504409172,2391.1134928668857,71
728,2026-07-07 04:00:00+00:00,BTC_USDT,short,short,buy,63092.40902226555,0.0013500000000000003,85.1747521800585,0.0017034950436011702,0.0,scaled_tp_0,0.5124298179144945,2391.2770821917834,71
729,2026-07-07 05:00:00+00:00,BTC_USDT,short,short,buy,63181.729400000004,0.0013500000000000003,85.29533469000002,0.0017059066938000006,0.0,trailing_tp,0.3918448963227835,2391.21959659509,72
730,2026-07-07 05:00:00+00:00,BTC_USDT,long,long,buy,62842.95756521739,0.0015,94.26443634782608,0.0018852887269565216,0.0,grid_buy,0.0,2391.6428749585366,83
731,2026-07-07 07:00:00+00:00,BTC_USDT,long,long,sell,63413.745521739125,0.0015,95.12061828260869,0.001902412365652174,0.0,grid_sell_tp,-0.00190241236564126,2391.98799082878,83
732,2026-07-07 07:00:00+00:00,BTC_USDT,short,short,sell,63413.745521739125,0.0005,31.70687276086956,0.0006341374552173912,0.0,grid_short,0.0,2392.152029452194,72
733,2026-07-07 08:00:00+00:00,BTC_USDT,long,long,funding,63084.5,0.002,126.169,0.0,0.0,funding,-0.0126169,2392.139562552194,83
734,2026-07-07 08:00:00+00:00,BTC_USDT,short,short,funding,63084.5,0.0005,31.54225,0.0,0.0,funding,0.003154225,2392.142716777194,72
735,2026-07-07 08:00:00+00:00,BTC_USDT,short,short,buy,63033.26304860869,0.00025,15.758315762152174,0.0003151663152430435,0.0,scaled_tp_0,0.09480545196736508,2392.1949358487263,72
736,2026-07-07 12:00:00+00:00,BTC_USDT,long,long,sell,63794.22799486955,0.001,63.79422799486955,0.0012758845598973912,0.0,scaled_tp_0,0.3792065885705351,2393.1602879590364,83
737,2026-07-07 14:00:00+00:00,BTC_USDT,short,short,buy,63055.7782,0.00025,15.76394455,0.000315278891,0.0,trailing_tp,0.08917655154378115,2393.3450281301452,73
738,2026-07-07 14:00:00+00:00,BTC_USDT,long,long,buy,62842.95756521739,0.0015,94.26443634782608,0.0018852887269565216,0.0,grid_buy,0.0,2394.417206493592,83
739,2026-07-07 15:00:00+00:00,BTC_USDT,long,long,sell,63724.7436,0.0025,159.311859,0.0031862371800000003,0.0,trailing_tp,1.6304908932548077,2394.828379256412,84
740,2026-07-07 15:00:00+00:00,BTC_USDT,long,long,buy,63413.745521739125,0.0005,31.70687276086956,0.0006341374552173912,0.0,grid_buy,0.0,2395.0884223580874,84
741,2026-07-07 15:00:00+00:00,BTC_USDT,long,long,buy,63984.53347826086,0.0005,31.992266739130432,0.0006398453347826088,0.0,grid_buy,0.0,2395.063065773622,84
742,2026-07-07 15:00:00+00:00,BTC_USDT,short,short,sell,63984.53347826086,0.0005,31.992266739130432,0.0006398453347826088,0.0,grid_short,0.0,2395.0871426674175,73
743,2026-07-07 16:00:00+00:00,BTC_USDT,long,long,funding,63938.1,0.001,63.9381,0.0,0.0,funding,-0.00639381,2395.0822488574177,84
744,2026-07-07 16:00:00+00:00,BTC_USDT,short,short,funding,63938.1,0.0005,31.96905,0.0,0.0,funding,0.003196905,2395.0854457624177,73
745,2026-07-07 16:00:00+00:00,BTC_USDT,long,long,sell,63863.804200000006,0.001,63.863804200000004,0.0012772760840000002,0.0,trailing_tp,0.16338742391601574,2394.985822686334,85
746,2026-07-07 16:00:00+00:00,BTC_USDT,long,long,buy,63984.53347826086,0.0005,31.992266739130432,0.0006398453347826088,0.0,grid_buy,0.0,2394.9860161018687,85
747,2026-07-07 19:00:00+00:00,BTC_USDT,short,short,buy,63763.298,0.0005,31.881649000000003,0.0006376329800000002,0.0,trailing_tp,0.10998010615042998,2395.0135794688886,74
748,2026-07-07 19:00:00+00:00,BTC_USDT,long,long,buy,63413.745521739125,0.0007,44.389621865217386,0.0008877924373043478,0.0,grid_buy,0.0,2395.296859811234,85
749,2026-07-07 21:00:00+00:00,BTC_USDT,short,short,sell,63413.745521739125,0.0005,31.70687276086956,0.0006341374552173912,0.0,grid_short,0.0,2394.816188434648,74
750,2026-07-08 00:00:00+00:00,BTC_USDT,long,long,funding,63368.6,0.0012000000000000001,76.04232,0.0,0.0,funding,-0.007604232000000001,2394.769874202648,85
751,2026-07-08 00:00:00+00:00,BTC_USDT,short,short,funding,63368.6,0.0005,31.6843,0.0,0.0,funding,0.0031684300000000003,2394.773042632648,74
752,2026-07-08 01:00:00+00:00,BTC_USDT,short,short,buy,63033.26304860869,0.00025,15.758315762152174,0.0003151663152430435,0.0,scaled_tp_0,0.09480545196736508,2394.547336704181,74
753,2026-07-08 02:00:00+00:00,BTC_USDT,short,short,buy,62909.0028,0.00025,15.7272507,0.00031454501400000006,0.0,trailing_tp,0.12587113542078082,2394.5086664591668,75
754,2026-07-08 02:00:00+00:00,BTC_USDT,long,long,buy,62842.95756521739,0.001,62.84295756521739,0.0012568591513043479,0.0,grid_buy,0.0,2394.647652034798,85
755,2026-07-08 03:00:00+00:00,BTC_USDT,short,short,sell,62842.95756521739,0.0005,31.421478782608695,0.0006284295756521739,0.0,grid_short,0.0,2394.206642387831,75
756,2026-07-08 08:00:00+00:00,BTC_USDT,long,long,funding,62887.4,0.0022,138.35228,0.0,0.0,funding,-0.013835228000000001,2394.400207159831,85
757,2026-07-08 08:00:00+00:00,BTC_USDT,short,short,funding,62887.4,0.0005,31.4437,0.0,0.0,funding,0.00314437,2394.403351529831,75
758,2026-07-08 08:00:00+00:00,BTC_USDT,short,short,buy,62236.5924,0.0005,31.1182962,0.000622365924,0.0,trailing_tp,0.30256021668469335,2392.815892963907,76
759,2026-07-08 08:00:00+00:00,BTC_USDT,short,short,sell,62842.95756521739,0.0005,31.421478782608695,0.0006284295756521739,0.0,grid_short,0.0,2393.22764331694,76
760,2026-07-08 08:00:00+00:00,BTC_USDT,short,short,sell,62272.16960869564,0.0005,31.13608480434782,0.0006227216960869564,0.0,grid_short,0.0,2393.354005399592,76
761,2026-07-08 09:00:00+00:00,BTC_USDT,short,short,buy,62114.5646,0.001,62.1145646,0.001242291292,0.0,trailing_tp,0.4417566956645179,2393.3468185082997,77
762,2026-07-08 11:00:00+00:00,BTC_USDT,long,long,buy,62272.16960869564,0.0015,93.40825441304347,0.0018681650882608695,0.0,grid_buy,0.0,2393.928445930168,85
763,2026-07-08 11:00:00+00:00,BTC_USDT,short,short,sell,62272.16960869564,0.0005,31.13608480434782,0.0006227216960869564,0.0,grid_short,0.0,2393.9122580128196,77
764,2026-07-08 13:00:00+00:00,BTC_USDT,short,short,buy,62007.828,0.0005,31.003914,0.0006200782800000001,0.0,trailing_tp,0.13155072606782112,2392.73551393454,78
765,2026-07-08 13:00:00+00:00,BTC_USDT,long,long,buy,61701.381652173906,0.0021000000000000003,129.5729014695652,0.0025914580293913045,0.0,grid_buy,0.0,2393.2455710069453,85
766,2026-07-08 15:00:00+00:00,BTC_USDT,short,short,sell,61701.381652173906,0.0005,30.850690826086954,0.0006170138165217391,0.0,grid_short,0.0,2391.8561948192155,78
767,2026-07-08 16:00:00+00:00,BTC_USDT,long,long,funding,61702.4,0.0058000000000000005,357.87392000000006,0.0,0.0,funding,-0.03578739200000001,2391.798677427216,85
768,2026-07-08 16:00:00+00:00,BTC_USDT,short,short,funding,61702.4,0.0005,30.851200000000002,0.0,0.0,funding,0.0030851200000000002,2391.8017625472157,78
769,2026-07-08 17:00:00+00:00,BTC_USDT,long,long,sell,62272.16960869564,0.0021000000000000003,130.77155617826088,0.0026154311235652176,0.0,grid_sell_tp,-0.37461172002910176,2394.261263294353,85
770,2026-07-08 17:00:00+00:00,BTC_USDT,short,short,sell,62272.16960869564,0.0007,43.59051872608695,0.000871810374521739,0.0,grid_short,0.0,2394.382380210065,78
771,2026-07-09 00:00:00+00:00,BTC_USDT,long,long,funding,62287.3,0.0037,230.46301000000003,0.0,0.0,funding,-0.023046301000000005,2394.8328339090654,85
772,2026-07-09 00:00:00+00:00,BTC_USDT,short,short,funding,62287.3,0.0012000000000000001,74.74476000000001,0.0,0.0,funding,0.007474476000000002,2394.8403083850653,78
773,2026-07-09 02:00:00+00:00,BTC_USDT,long,long,buy,61701.381652173906,0.0021000000000000003,129.5729014695652,0.0025914580293913045,0.0,grid_buy,0.0,2393.7667654574707,85
774,2026-07-09 02:00:00+00:00,BTC_USDT,short,short,buy,61701.381652173906,0.0007,43.19096715652174,0.0008638193431304348,0.0,grid_cover_tp,0.2322079295699076,2393.825834481606,78
775,2026-07-09 04:00:00+00:00,BTC_USDT,long,long,sell,62272.16960869564,0.0021000000000000003,130.77155617826088,0.0026154311235652176,0.0,grid_sell_tp,0.19407226186098928,2396.9723152287434,85
776,2026-07-09 05:00:00+00:00,BTC_USDT,long,long,sell,62551.579855327596,0.00185,115.72042273235606,0.002314408454647121,0.0,scaled_tp_0,0.6878670392532397,2397.3305885526447,85
777,2026-07-09 06:00:00+00:00,BTC_USDT,long,long,sell,62593.8698,0.00185,115.79865913,0.0023159731826000005,0.0,trailing_tp,0.7661018721692343,2397.161926709462,86
778,2026-07-09 06:00:00+00:00,BTC_USDT,long,long,buy,62842.95756521739,0.0005,31.421478782608695,0.0006284295756521739,0.0,grid_buy,0.0,2397.2160194972776,86
779,2026-07-09 06:00:00+00:00,BTC_USDT,short,short,sell,62842.95756521739,0.0007,43.990070295652174,0.0008798014059130436,0.0,grid_short,0.0,2397.1385299915237,78
780,2026-07-09 07:00:00+00:00,BTC_USDT,long,long,sell,63220.015310608695,0.00025,15.805003827652174,0.0003161000765530435,0.0,scaled_tp_0,0.0939483362712736,2397.1563827190994,86
781,2026-07-09 08:00:00+00:00,BTC_USDT,long,long,funding,63003.7,0.00025,15.750924999999999,0.0,0.0,funding,-0.0015750925,2397.1548076265994,86
782,2026-07-09 08:00:00+00:00,BTC_USDT,short,short,funding,63003.7,0.0012000000000000001,75.60444,0.0,0.0,funding,0.007560444,2397.1623680705998,78
783,2026-07-09 16:00:00+00:00,BTC_USDT,long,long,funding,62870.8,0.00025,15.7177,0.0,0.0,funding,-0.0015717700000000001,2397.2870513005996,86
784,2026-07-09 16:00:00+00:00,BTC_USDT,short,short,funding,62870.8,0.0012000000000000001,75.44496000000001,0.0,0.0,funding,0.007544496000000001,2397.2945957965994,78
785,2026-07-09 18:00:00+00:00,BTC_USDT,long,long,sell,63118.9006,0.00025,15.77972515,0.00031559450300000004,0.0,trailing_tp,0.0686701641926532,2396.945545352097,87
786,2026-07-09 18:00:00+00:00,BTC_USDT,short,short,sell,63413.745521739125,0.001,63.41374552173912,0.0012682749104347825,0.0,grid_short,0.0,2397.1449225989254,78
787,2026-07-10 00:00:00+00:00,BTC_USDT,short,short,funding,63222.0,0.0022,139.0884,0.0,0.0,funding,0.013908840000000002,2397.1392514389254,78
788,2026-07-10 01:00:00+00:00,BTC_USDT,long,long,buy,63413.745521739125,0.0005,31.70687276086956,0.0006341374552173912,0.0,grid_buy,0.0,2396.1461645406007,87
789,2026-07-10 02:00:00+00:00,BTC_USDT,long,long,sell,63794.22799486956,0.00025,15.94855699871739,0.0003189711399743478,0.0,scaled_tp_0,0.09480164714263377,2395.742287568178,87
790,2026-07-10 02:00:00+00:00,BTC_USDT,long,long,buy,63984.53347826086,0.0007,44.789173434782604,0.0008957834686956522,0.0,grid_buy,0.0,2395.7256883499267,87
791,2026-07-10 02:00:00+00:00,BTC_USDT,long,long,sell,63984.53347826086,0.0005,31.992266739130432,0.0006398453347826088,0.0,grid_sell_tp,0.07446383315492158,2395.7362652437223,87
792,2026-07-10 02:00:00+00:00,BTC_USDT,short,short,sell,63984.53347826086,0.0015,95.9768002173913,0.0019195360043478263,0.0,grid_short,0.0,2395.767995925109,78
793,2026-07-10 07:00:00+00:00,BTC_USDT,long,long,sell,63811.0228,0.00045,28.714960259999998,0.0005742992052,0.0,trailing_tp,-0.011060793781854877,2395.639866885904,88
794,2026-07-10 07:00:00+00:00,BTC_USDT,long,long,buy,63984.53347826086,0.0005,31.992266739130432,0.0006398453347826088,0.0,grid_buy,0.0,2395.636060301439,88
795,2026-07-10 08:00:00+00:00,BTC_USDT,long,long,funding,63978.2,0.0005,31.9891,0.0,0.0,funding,-0.00319891,2395.632861391439,88
796,2026-07-10 08:00:00+00:00,BTC_USDT,short,short,funding,63978.2,0.0037,236.71934,0.0,0.0,funding,0.023671934,2395.656533325439,78
797,2026-07-10 08:00:00+00:00,BTC_USDT,long,long,sell,64368.44067913043,0.00025,16.092110169782607,0.0003218422033956522,0.0,scaled_tp_0,0.09565495801399578,2394.842626653018,88
798,2026-07-10 12:00:00+00:00,BTC_USDT,long,long,sell,64555.3214347826,0.00025,16.13883035869565,0.000322776607173913,0.0,grid_sell_tp,0.14237421252326038,2394.732969235107,89
799,2026-07-10 12:00:00+00:00,BTC_USDT,short,short,sell,64555.3214347826,0.002,129.1106428695652,0.002582212857391304,0.0,grid_short,0.0,2395.255029891814,78
800,2026-07-10 13:00:00+00:00,BTC_USDT,long,long,buy,64555.3214347826,0.0005,32.2776607173913,0.000645553214347826,0.0,grid_buy,0.0,2394.117023621209,89
801,2026-07-10 14:00:00+00:00,BTC_USDT,long,long,buy,63984.53347826086,0.0007,44.789173434782604,0.0008957834686956522,0.0,grid_buy,0.0,2397.0365544029573,89
802,2026-07-10 14:00:00+00:00,BTC_USDT,short,short,buy,63984.53347826086,0.002,127.96906695652173,0.002559381339130435,0.0,grid_cover_tp,-0.42480895151456827,2396.8961280650965,78
803,2026-07-10 16:00:00+00:00,BTC_USDT,long,long,funding,64036.5,0.0012000000000000001,76.8438,0.0,0.0,funding,-0.00768438,2396.5861936850965,89
804,2026-07-10 16:00:00+00:00,BTC_USDT,short,short,funding,64036.5,0.0037,236.93505000000002,0.0,0.0,funding,0.023693505000000004,2396.6098871900967,78
805,2026-07-11 00:00:00+00:00,BTC_USDT,long,long,funding,64165.2,0.0012000000000000001,76.99824000000001,0.0,0.0,funding,-0.007699824000000001,2396.2804373660965,89
806,2026-07-11 00:00:00+00:00,BTC_USDT,short,short,funding,64165.2,0.0037,237.41124,0.0,0.0,funding,0.023741124,2396.3041784900965,78
807,2026-07-11 08:00:00+00:00,BTC_USDT,long,long,funding,64161.0,0.0012000000000000001,76.9932,0.0,0.0,funding,-0.007699320000000001,2396.3069791700964,89
808,2026-07-11 08:00:00+00:00,BTC_USDT,short,short,funding,64161.0,0.0037,237.3957,0.0,0.0,funding,0.02373957,2396.330718740097,78
809,2026-07-11 16:00:00+00:00,BTC_USDT,long,long,funding,64174.4,0.0012000000000000001,77.00928,0.0,0.0,funding,-0.007700928000000001,2396.2895178120966,89
810,2026-07-11 16:00:00+00:00,BTC_USDT,short,short,funding,64174.4,0.0037,237.44528000000003,0.0,0.0,funding,0.023744528000000004,2396.3132623400966,78
811,2026-07-12 00:00:00+00:00,BTC_USDT,long,long,funding,63822.2,0.0012000000000000001,76.58664,0.0,0.0,funding,-0.007658664000000001,2397.1861036760965,89
812,2026-07-12 00:00:00+00:00,BTC_USDT,short,short,funding,63822.2,0.0037,236.14214,0.0,0.0,funding,0.023614214,2397.2097178900967,78
813,2026-07-12 08:00:00+00:00,BTC_USDT,long,long,funding,63886.5,0.0012000000000000001,76.66380000000001,0.0,0.0,funding,-0.007666380000000001,2397.0413015100967,89
814,2026-07-12 08:00:00+00:00,BTC_USDT,short,short,funding,63886.5,0.0037,236.38005,0.0,0.0,funding,0.023638005000000004,2397.0649395150967,78
815,2026-07-12 16:00:00+00:00,BTC_USDT,long,long,funding,64175.9,0.0012000000000000001,77.01108,0.0,0.0,funding,-0.007701108000000001,2396.3337384070965,89
816,2026-07-12 16:00:00+00:00,BTC_USDT,short,short,funding,64175.9,0.0037,237.45083000000002,0.0,0.0,funding,0.023745083000000004,2396.3574834900965,78
817,2026-07-13 00:00:00+00:00,BTC_USDT,long,long,funding,63780.9,0.0012000000000000001,76.53708,0.0,0.0,funding,-0.007653708,2397.3373297820967,89
818,2026-07-13 00:00:00+00:00,BTC_USDT,short,short,funding,63780.9,0.0037,235.98933000000002,0.0,0.0,funding,0.023598933000000002,2397.3609287150966,78
819,2026-07-13 01:00:00+00:00,BTC_USDT,long,long,buy,63413.745521739125,0.001,63.41374552173912,0.0012682749104347825,0.0,grid_buy,0.0,2398.2830149184465,89
820,2026-07-13 01:00:00+00:00,BTC_USDT,short,short,buy,63413.745521739125,0.0015,95.12061828260869,0.001902412365652174,0.0,grid_cover_tp,0.5375923447853753,2398.275644223472,78
821,2026-07-13 02:00:00+00:00,BTC_USDT,short,short,buy,63390.768241014106,0.0011,69.72984506511553,0.0013945969013023107,0.0,scaled_tp_0,0.41950990047363895,2398.2530545614554,78
822,2026-07-13 03:00:00+00:00,BTC_USDT,short,short,buy,63115.1322,0.0011,69.42664542,0.0013885329084,0.0,trailing_tp,0.7227156095820579,2397.2977106085473,79
823,2026-07-13 03:00:00+00:00,BTC_USDT,long,long,buy,62842.95756521739,0.0015,94.26443634782608,0.0018852887269565216,0.0,grid_buy,0.0,2397.245938971994,89
824,2026-07-13 03:00:00+00:00,BTC_USDT,short,short,sell,62842.95756521739,0.0005,31.421478782608695,0.0006284295756521739,0.0,grid_short,0.0,2397.261939325027,79
825,2026-07-13 08:00:00+00:00,BTC_USDT,long,long,funding,62990.4,0.0037,233.06448,0.0,0.0,funding,-0.023306448,2397.816872877027,89
826,2026-07-13 08:00:00+00:00,BTC_USDT,short,short,funding,62990.4,0.0005,31.4952,0.0,0.0,funding,0.0031495200000000003,2397.820022397027,79
827,2026-07-13 13:00:00+00:00,BTC_USDT,short,short,buy,62537.0846,0.0005,31.2685423,0.0006253708460000001,0.0,trailing_tp,0.15231111176269305,2395.566314726181,80
828,2026-07-13 13:00:00+00:00,BTC_USDT,long,long,buy,62272.16960869564,0.0021000000000000003,130.77155617826088,0.0026154311235652176,0.0,grid_buy,0.0,2395.6645631167967,89
829,2026-07-13 13:00:00+00:00,BTC_USDT,short,short,sell,62272.16960869564,0.0005,31.13608480434782,0.0006227216960869564,0.0,grid_short,0.0,2395.639925199448,80
830,2026-07-13 15:00:00+00:00,BTC_USDT,long,long,sell,62842.95756521739,0.0021000000000000003,131.97021088695652,0.0026394042177391307,0.0,grid_sell_tp,-0.37463569312327566,2397.677476682187,89
831,2026-07-13 15:00:00+00:00,BTC_USDT,short,short,sell,62842.95756521739,0.0007,43.990070295652174,0.0008798014059130436,0.0,grid_short,0.0,2397.8363771764334,80
832,2026-07-13 16:00:00+00:00,BTC_USDT,long,long,funding,62614.7,0.0037,231.67439,0.0,0.0,funding,-0.023167439,2397.8132097374337,89
833,2026-07-13 16:00:00+00:00,BTC_USDT,short,short,funding,62614.7,0.0012000000000000001,75.13764,0.0,0.0,funding,0.007513764000000001,2397.8207235014333,80
834,2026-07-13 16:00:00+00:00,BTC_USDT,short,short,buy,62229.49847449998,0.0006000000000000001,37.33769908469999,0.0007467539816939999,0.0,scaled_tp_0,0.224631711318307,2396.9927576627515,80
835,2026-07-13 16:00:00+00:00,BTC_USDT,long,long,buy,62272.16960869564,0.0021000000000000003,130.77155617826088,0.0026154311235652176,0.0,grid_buy,0.0,2396.9925160533676,89
836,2026-07-13 16:00:00+00:00,BTC_USDT,short,short,buy,62272.16960869564,0.0006000000000000001,37.363301765217386,0.0007472660353043478,0.0,grid_cover_tp,0.1990285187472997,2396.992447022115,81
837,2026-07-13 17:00:00+00:00,BTC_USDT,short,short,sell,62272.16960869564,0.0005,31.13608480434782,0.0006227216960869564,0.0,grid_short,0.0,2395.0249591047664,81
838,2026-07-13 18:00:00+00:00,BTC_USDT,short,short,buy,61898.53659104347,0.00025,15.474634147760868,0.0003094926829552174,0.0,scaled_tp_0,0.09309876173008812,2395.6766054643226,81
839,2026-07-14 00:00:00+00:00,BTC_USDT,long,long,funding,62337.2,0.0058000000000000005,361.55576,0.0,0.0,funding,-0.036155576,2397.4031298883224,89
840,2026-07-14 00:00:00+00:00,BTC_USDT,short,short,funding,62337.2,0.00025,15.584299999999999,0.0,0.0,funding,0.00155843,2397.4046883183223,81
841,2026-07-14 05:00:00+00:00,BTC_USDT,long,long,sell,62842.95756521739,0.0021000000000000003,131.97021088695652,0.0026394042177391307,0.0,grid_sell_tp,0.19404828876681535,2399.833099801061,89
842,2026-07-14 05:00:00+00:00,BTC_USDT,short,short,sell,62842.95756521739,0.0007,43.990070295652174,0.0008798014059130436,0.0,grid_short,0.0,2399.9084902953073,81
843,2026-07-14 08:00:00+00:00,BTC_USDT,long,long,funding,62554.1,0.0037,231.45017,0.0,0.0,funding,-0.023145017000000004,2399.3906202783073,89
844,2026-07-14 08:00:00+00:00,BTC_USDT,short,short,funding,62554.1,0.00095,59.426395,0.0,0.0,funding,0.0059426395,2399.3965629178074,81
845,2026-07-14 12:00:00+00:00,BTC_USDT,long,long,sell,63597.2134,0.0037,235.30968958000003,0.004706193791600001,0.0,trailing_tp,3.1325853777816146,2401.923181304016,90
846,2026-07-14 12:00:00+00:00,BTC_USDT,long,long,buy,62842.95756521739,0.0005,31.421478782608695,0.0006284295756521739,0.0,grid_buy,0.0,2402.4771740918313,90
847,2026-07-14 12:00:00+00:00,BTC_USDT,long,long,buy,63413.745521739125,0.0005,31.70687276086956,0.0006341374552173912,0.0,grid_buy,0.0,2402.7457671935067,90
848,2026-07-14 13:00:00+00:00,BTC_USDT,long,long,sell,63791.142799999994,0.001,63.791142799999996,0.001275822856,0.0,trailing_tp,0.6615154336657338,2402.687554170651,91
849,2026-07-14 13:00:00+00:00,BTC_USDT,short,short,sell,63984.53347826086,0.001,63.984533478260865,0.0012796906695652175,0.0,grid_short,0.0,2402.828207958242,81
850,2026-07-14 14:00:00+00:00,BTC_USDT,long,long,buy,63984.53347826086,0.0005,31.992266739130432,0.0006398453347826088,0.0,grid_buy,0.0,2402.1046813737767,91
851,2026-07-14 15:00:00+00:00,BTC_USDT,long,long,sell,64568.4508,0.0005,32.2842254,0.000645684508,0.0,trailing_tp,0.2913129763615681,2401.3593960892686,92
852,2026-07-14 15:00:00+00:00,BTC_USDT,long,long,buy,64555.3214347826,0.0005,32.2776607173913,0.000645553214347826,0.0,grid_buy,0.0,2401.453539818663,92
853,2026-07-14 16:00:00+00:00,BTC_USDT,long,long,funding,64745.0,0.0005,32.3725,0.0,0.0,funding,-0.0032372500000000005,2401.450157568663,92
854,2026-07-14 16:00:00+00:00,BTC_USDT,short,short,funding,64745.0,0.00195,126.25274999999999,0.0,0.0,funding,0.012625275,2401.4627828436633,81
855,2026-07-14 17:00:00+00:00,BTC_USDT,short,short,sell,64555.3214347826,0.0014,90.37745000869563,0.0018075490001739128,0.0,grid_short,0.0,2401.5351453033586,81
856,2026-07-14 22:00:00+00:00,BTC_USDT,long,long,sell,64709.4,0.0005,32.3547,0.0006470940000000001,0.0,trailing_tp,0.07639218860870088,2400.7759832093584,93
857,2026-07-14 22:00:00+00:00,BTC_USDT,long,long,buy,64555.3214347826,0.0005,32.2776607173913,0.000645553214347826,0.0,grid_buy,0.0,2400.930026938753,93
858,2026-07-14 23:00:00+00:00,BTC_USDT,long,long,sell,64942.6533633913,0.00025,16.235663340847825,0.0003247132668169565,0.0,scaled_tp_0,0.09650826888535778,2400.4243605663337,93
859,2026-07-15 00:00:00+00:00,BTC_USDT,long,long,funding,65035.3,0.00025,16.258825,0.0,0.0,funding,-0.0016258825000000003,2400.4187046838338,93
860,2026-07-15 00:00:00+00:00,BTC_USDT,short,short,funding,65035.3,0.0033499999999999997,217.86825499999998,0.0,0.0,funding,0.0217868255,2400.4404915093337,81
861,2026-07-15 06:00:00+00:00,BTC_USDT,long,long,sell,64875.696200000006,0.00025,16.218924050000002,0.0003243784810000001,0.0,trailing_tp,0.07976931282335152,2401.1453061808525,94
862,2026-07-15 06:00:00+00:00,BTC_USDT,short,short,sell,65126.109391304344,0.002,130.25221878260868,0.002605044375652174,0.0,grid_short,0.0,2401.7691199190854,81
863,2026-07-15 07:00:00+00:00,BTC_USDT,long,long,buy,64555.3214347826,0.0005,32.2776607173913,0.000645553214347826,0.0,grid_buy,0.0,2403.16553864848,94
864,2026-07-15 07:00:00+00:00,BTC_USDT,short,short,buy,64555.3214347826,0.002,129.1106428695652,0.002582212857391304,0.0,grid_cover_tp,-0.45067743106138225,2403.1551135660575,81
865,2026-07-15 08:00:00+00:00,BTC_USDT,long,long,funding,64551.5,0.0005,32.27575,0.0,0.0,funding,-0.0032275750000000003,2403.1516009910574,94
866,2026-07-15 08:00:00+00:00,BTC_USDT,short,short,funding,64551.5,0.0033499999999999997,216.24752499999997,0.0,0.0,funding,0.021624752499999997,2403.1732257435574,81
867,2026-07-15 12:00:00+00:00,BTC_USDT,long,long,sell,64856.313200000004,0.0005,32.4281566,0.0006485631320000001,0.0,trailing_tp,0.1498473194767022,2401.2834937804255,95
868,2026-07-15 12:00:00+00:00,BTC_USDT,long,long,buy,65126.109391304344,0.0005,32.56305469565217,0.0006512610939130434,0.0,grid_buy,0.0,2401.3002378236793,95
869,2026-07-15 12:00:00+00:00,BTC_USDT,short,short,sell,65126.109391304344,0.002,130.25221878260868,0.002605044375652174,0.0,grid_short,0.0,2401.2280515619123,81
870,2026-07-15 13:00:00+00:00,BTC_USDT,long,long,sell,65516.86604765216,0.00025,16.37921651191304,0.0003275843302382608,0.0,scaled_tp_0,0.09736157975671797,2401.538055489495,95
871,2026-07-15 16:00:00+00:00,BTC_USDT,long,long,funding,65424.5,0.00025,16.356125,0.0,0.0,funding,-0.0016356125,2399.9707198769947,95
872,2026-07-15 16:00:00+00:00,BTC_USDT,short,short,funding,65424.5,0.00535,350.021075,0.0,0.0,funding,0.035002107500000004,2400.005721984495,81
873,2026-07-16 00:00:00+00:00,BTC_USDT,long,long,funding,64753.6,0.00025,16.1884,0.0,0.0,funding,-0.0016188400000000003,2403.4256931444947,95
874,2026-07-16 00:00:00+00:00,BTC_USDT,short,short,funding,64753.6,0.00535,346.43176,0.0,0.0,funding,0.034643176000000005,2403.4603363204947,81
875,2026-07-16 00:00:00+00:00,BTC_USDT,long,long,buy,64555.3214347826,0.0007,45.188725004347816,0.0009037745000869564,0.0,grid_buy,0.0,2404.335227541647,95
876,2026-07-16 00:00:00+00:00,BTC_USDT,short,short,buy,64555.3214347826,0.002,129.1106428695652,0.002582212857391304,0.0,grid_cover_tp,0.1435921507133622,2404.3942024592243,81
877,2026-07-16 07:00:00+00:00,BTC_USDT,short,short,buy,64466.492,0.0033499999999999997,215.96274819999996,0.004319254963999999,0.0,trailing_tp,0.5381014105387264,2404.4578800042605,82
878,2026-07-16 07:00:00+00:00,BTC_USDT,short,short,sell,64555.3214347826,0.0005,32.2776607173913,0.000645553214347826,0.0,grid_short,0.0,2404.6169451684373,82
879,2026-07-16 08:00:00+00:00,BTC_USDT,long,long,funding,64239.3,0.00095,61.027335,0.0,0.0,funding,-0.0061027335000000005,2404.6123724349372,95
880,2026-07-16 08:00:00+00:00,BTC_USDT,short,short,funding,64239.3,0.0005,32.11965,0.0,0.0,funding,0.0032119650000000002,2404.6155843999372,82
881,2026-07-16 08:00:00+00:00,BTC_USDT,short,short,buy,64273.641800000005,0.0005,32.136820900000004,0.0006427364180000002,0.0,trailing_tp,0.14019708097329742,2404.4884257635194,83
882,2026-07-16 08:00:00+00:00,BTC_USDT,long,long,buy,63984.53347826086,0.001,63.984533478260865,0.0012796906695652175,0.0,grid_buy,0.0,2404.626812594589,95
883,2026-07-16 12:00:00+00:00,BTC_USDT,short,short,sell,63984.53347826086,0.0005,31.992266739130432,0.0006398453347826088,0.0,grid_short,0.0,2404.3207144883845,83
884,2026-07-16 14:00:00+00:00,BTC_USDT,long,long,sell,64462.7886,0.00195,125.70243776999999,0.0025140487554,0.0,trailing_tp,0.24513789080982887,2405.006573209629,96
885,2026-07-16 14:00:00+00:00,BTC_USDT,long,long,buy,64555.3214347826,0.0005,32.2776607173913,0.000645553214347826,0.0,grid_buy,0.0,2404.9978669390234,96
886,2026-07-16 14:00:00+00:00,BTC_USDT,short,short,sell,64555.3214347826,0.0007,45.188725004347816,0.0009037745000869564,0.0,grid_short,0.0,2405.008248168871,83
887,2026-07-16 16:00:00+00:00,BTC_USDT,long,long,funding,64702.4,0.0005,32.3512,0.0,0.0,funding,-0.00323512,2404.8907730488713,96
888,2026-07-16 16:00:00+00:00,BTC_USDT,short,short,funding,64702.4,0.0012000000000000001,77.64288,0.0,0.0,funding,0.007764288000000001,2404.8985373368714,83
889,2026-07-16 22:00:00+00:00,BTC_USDT,long,long,buy,63984.53347826086,0.0007,44.789173434782604,0.0008957834686956522,0.0,grid_buy,0.0,2405.40014811862,96
890,2026-07-16 22:00:00+00:00,BTC_USDT,short,short,buy,63984.53347826086,0.0007,44.789173434782604,0.0008957834686956522,0.0,grid_cover_tp,0.23217596544433727,2405.3846689003685,83
891,2026-07-16 23:00:00+00:00,BTC_USDT,short,short,buy,63931.5881608478,0.00025000000000000006,15.982897040211954,0.0003196579408042391,0.0,scaled_tp_0,0.09615658173854429,2405.2670722022162,83
892,2026-07-17 00:00:00+00:00,BTC_USDT,long,long,funding,63831.9,0.0012000000000000001,76.59828,0.0,0.0,funding,-0.0076598280000000005,2405.259507374216,96
893,2026-07-17 00:00:00+00:00,BTC_USDT,short,short,funding,63831.9,0.00025000000000000006,15.957975000000005,0.0,0.0,funding,0.0015957975000000005,2405.261103171716,83
894,2026-07-17 01:00:00+00:00,BTC_USDT,short,short,buy,63852.630800000006,0.00025000000000000006,15.963157700000005,0.0003192631540000001,0.0,trailing_tp,0.11589631673729728,2404.905561208562,84
895,2026-07-17 01:00:00+00:00,BTC_USDT,short,short,sell,63984.53347826086,0.0005,31.992266739130432,0.0006398453347826088,0.0,grid_short,0.0,2405.1270881023574,84
896,2026-07-17 02:00:00+00:00,BTC_USDT,short,short,buy,63600.6262773913,0.00025,15.900156569347825,0.0003180031313869565,0.0,scaled_tp_0,0.09565879708600447,2405.0591285298783,84
897,2026-07-17 02:00:00+00:00,BTC_USDT,long,long,buy,63413.745521739125,0.001,63.41374552173912,0.0012682749104347825,0.0,grid_buy,0.0,2405.129014733229,96
898,2026-07-17 02:00:00+00:00,BTC_USDT,short,short,sell,63413.745521739125,0.0007,44.389621865217386,0.0008877924373043478,0.0,grid_short,0.0,2405.078318806009,84
899,2026-07-17 02:00:00+00:00,BTC_USDT,short,short,buy,63413.745521739125,0.0005,31.70687276086956,0.0006341374552173912,0.0,grid_cover_tp,0.07446954103448315,2405.113261907684,84
900,2026-07-17 05:00:00+00:00,BTC_USDT,short,short,buy,63184.0432,0.00045,28.43281944,0.0005686563888000001,0.0,trailing_tp,0.17039069903453682,2403.8244588112952,85
901,2026-07-17 05:00:00+00:00,BTC_USDT,long,long,buy,62842.95756521739,0.0015,94.26443634782608,0.0018852887269565216,0.0,grid_buy,0.0,2403.8148371747425,96
902,2026-07-17 05:00:00+00:00,BTC_USDT,short,short,sell,63413.745521739125,0.0005,31.70687276086956,0.0006341374552173912,0.0,grid_short,0.0,2404.1021757981566,85
903,2026-07-17 05:00:00+00:00,BTC_USDT,short,short,sell,62842.95756521739,0.0005,31.421478782608695,0.0006284295756521739,0.0,grid_short,0.0,2404.1041261511896,85
904,2026-07-17 06:00:00+00:00,BTC_USDT,short,short,buy,62749.58143421739,0.0005,31.374790717108695,0.0006274958143421739,0.0,scaled_tp_0,0.18875755881609257,2404.4912879382664,85
905,2026-07-17 06:00:00+00:00,BTC_USDT,short,short,buy,62842.95756521739,0.0005,31.421478782608695,0.0006284295756521739,0.0,grid_cover_tp,0.14206855955478395,2404.5417807260824,86
906,2026-07-17 07:00:00+00:00,BTC_USDT,short,short,sell,62842.95756521739,0.0005,31.421478782608695,0.0006284295756521739,0.0,grid_short,0.0,2404.113711079115,86
907,2026-07-17 08:00:00+00:00,BTC_USDT,long,long,funding,62827.5,0.0037,232.46175000000002,0.0,0.0,funding,-0.023246175000000004,2404.0901449041153,96
908,2026-07-17 08:00:00+00:00,BTC_USDT,short,short,funding,62827.5,0.0005,31.41375,0.0,0.0,funding,0.003141375,2404.093286279115,86
909,2026-07-17 14:00:00+00:00,BTC_USDT,long,long,sell,63413.745521739125,0.0015,95.12061828260869,0.001902412365652174,0.0,grid_sell_tp,-0.04818251694849043,2405.5659221493584,96
910,2026-07-17 14:00:00+00:00,BTC_USDT,short,short,sell,63413.745521739125,0.0007,44.389621865217386,0.0008877924373043478,0.0,grid_short,0.0,2405.7303362221382,86
911,2026-07-17 16:00:00+00:00,BTC_USDT,long,long,funding,63450.5,0.0022,139.5911,0.0,0.0,funding,-0.013959110000000002,2405.989277112138,96
912,2026-07-17 16:00:00+00:00,BTC_USDT,short,short,funding,63450.5,0.0012000000000000001,76.1406,0.0,0.0,funding,0.007614060000000001,2405.996891172138,86
913,2026-07-17 17:00:00+00:00,BTC_USDT,long,long,sell,63835.972200000004,0.0022,140.43913884000003,0.0028087827768000007,0.0,trailing_tp,0.8582124226756368,2406.1175612293614,97
914,2026-07-17 17:00:00+00:00,BTC_USDT,long,long,buy,63984.53347826086,0.0005,31.992266739130432,0.0006398453347826088,0.0,grid_buy,0.0,2406.1518046448964,97
915,2026-07-17 17:00:00+00:00,BTC_USDT,short,short,sell,63984.53347826086,0.001,63.984533478260865,0.0012796906695652175,0.0,grid_short,0.0,2406.0807584324875,86
916,2026-07-17 18:00:00+00:00,BTC_USDT,long,long,sell,64368.44067913043,0.00025,16.092110169782607,0.0003218422033956522,0.0,scaled_tp_0,0.09565495801399578,2405.762731760067,97
917,2026-07-18 00:00:00+00:00,BTC_USDT,long,long,funding,63935.2,0.00025,15.9838,0.0,0.0,funding,-0.0015983800000000002,2406.389618380067,97
918,2026-07-18 00:00:00+00:00,BTC_USDT,short,short,funding,63935.2,0.0022,140.65744,0.0,0.0,funding,0.014065744000000002,2406.403684124067,86
919,2026-07-18 08:00:00+00:00,BTC_USDT,long,long,funding,64009.3,0.00025,16.002325000000003,0.0,0.0,funding,-0.0016002325000000004,2406.257588891567,97
920,2026-07-18 08:00:00+00:00,BTC_USDT,short,short,funding,64009.3,0.0022,140.82046000000003,0.0,0.0,funding,0.014082046000000003,2406.2716709375673,86
921,2026-07-18 16:00:00+00:00,BTC_USDT,long,long,funding,64117.5,0.00025,16.029375,0.0,0.0,funding,-0.0016029375000000002,2406.0590780000666,97
922,2026-07-18 16:00:00+00:00,BTC_USDT,short,short,funding,64117.5,0.0022,141.0585,0.0,0.0,funding,0.014105850000000001,2406.073183850067,86
923,2026-07-18 18:00:00+00:00,BTC_USDT,long,long,buy,64555.3214347826,0.0007,45.188725004347816,0.0009037745000869564,0.0,grid_buy,0.0,2405.271305071219,97
924,2026-07-18 18:00:00+00:00,BTC_USDT,long,long,sell,64555.3214347826,0.0005,32.2776607173913,0.000645553214347826,0.0,grid_sell_tp,0.07445812527535636,2405.291770235396,97
925,2026-07-18 18:00:00+00:00,BTC_USDT,short,short,sell,64555.3214347826,0.0014,90.37745000869563,0.0018075490001739128,0.0,grid_short,0.0,2405.3490726950918,86
926,2026-07-19 00:00:00+00:00,BTC_USDT,long,long,funding,64838.0,0.00045,29.1771,0.0,0.0,funding,-0.00291771,2404.3227199850917,97
927,2026-07-19 00:00:00+00:00,BTC_USDT,short,short,funding,64838.0,0.0036,233.4168,0.0,0.0,funding,0.02334168,2404.3460616650914,86
928,2026-07-19 08:00:00+00:00,BTC_USDT,long,long,funding,64717.4,0.00045,29.12283,0.0,0.0,funding,-0.0029122830000000003,2404.7230393820914,97
929,2026-07-19 08:00:00+00:00,BTC_USDT,short,short,funding,64717.4,0.0036,232.98264,0.0,0.0,funding,0.023298264000000003,2404.7463376460914,86
930,2026-07-19 09:00:00+00:00,BTC_USDT,long,long,sell,64580.18,0.00045,29.061080999999998,0.0005812216200000001,0.0,trailing_tp,0.07819844336856403,2405.4158874244713,98
931,2026-07-19 09:00:00+00:00,BTC_USDT,long,long,buy,64555.3214347826,0.0005,32.2776607173913,0.000645553214347826,0.0,grid_buy,0.0,2405.3946311538657,98
932,2026-07-19 16:00:00+00:00,BTC_USDT,long,long,funding,64577.1,0.0005,32.28855,0.0,0.0,funding,-0.003228855,2405.1961022988658,98
933,2026-07-19 16:00:00+00:00,BTC_USDT,short,short,funding,64577.1,0.0036,232.47755999999998,0.0,0.0,funding,0.023247755999999998,2405.2193500548656,86
934,2026-07-20 00:00:00+00:00,BTC_USDT,long,long,funding,64726.5,0.0005,32.36325,0.0,0.0,funding,-0.0032363250000000004,2404.752973729866,98
935,2026-07-20 00:00:00+00:00,BTC_USDT,short,short,funding,64726.5,0.0036,233.0154,0.0,0.0,funding,0.023301540000000003,2404.776275269866,86
936,2026-07-20 00:00:00+00:00,BTC_USDT,long,long,sell,64715.960399999996,0.0005,32.3579802,0.0006471596040000001,0.0,trailing_tp,0.07967232300469831,2405.3931583102617,99
937,2026-07-20 00:00:00+00:00,BTC_USDT,long,long,buy,64555.3214347826,0.0005,32.2776607173913,0.000645553214347826,0.0,grid_buy,0.0,2405.3916020396564,99
938,2026-07-20 01:00:00+00:00,BTC_USDT,long,long,sell,64942.6533633913,0.00025,16.235663340847825,0.0003247132668169565,0.0,scaled_tp_0,0.09650826888535778,2405.231285667237,99
939,2026-07-20 06:00:00+00:00,BTC_USDT,long,long,buy,63984.53347826086,0.0007,44.789173434782604,0.0008957834686956522,0.0,grid_buy,0.0,2407.573201448986,99
940,2026-07-20 06:00:00+00:00,BTC_USDT,short,short,buy,63984.53347826086,0.0014,89.57834686956521,0.0017915669373913044,0.0,grid_cover_tp,-0.0683834951982564,2407.476583012483,86
941,2026-07-20 08:00:00+00:00,BTC_USDT,long,long,funding,64276.9,0.00095,61.063055,0.0,0.0,funding,-0.0061063055,2407.020351706983,99
942,2026-07-20 08:00:00+00:00,BTC_USDT,short,short,funding,64276.9,0.0021999999999999997,141.40918,0.0,0.0,funding,0.014140918,2407.034492624983,86
943,2026-07-20 11:00:00+00:00,BTC_USDT,long,long,sell,64681.4686,0.00095,61.44739517,0.0012289479034000002,0.0,trailing_tp,0.5181624286183428,2405.82304384708,100
944,2026-07-20 11:00:00+00:00,BTC_USDT,long,long,buy,64555.3214347826,0.0005,32.2776607173913,0.000645553214347826,0.0,grid_buy,0.0,2406.045587576474,100
945,2026-07-20 12:00:00+00:00,BTC_USDT,long,long,sell,64942.6533633913,0.00025,16.235663340847825,0.0003247132668169565,0.0,scaled_tp_0,0.09650826888535778,2406.728796204055,100
946,2026-07-20 13:00:00+00:00,BTC_USDT,short,short,sell,64555.3214347826,0.0014,90.37745000869563,0.0018075490001739128,0.0,grid_short,0.0,2407.6100736637504,86
947,2026-07-20 15:00:00+00:00,BTC_USDT,long,long,sell,65268.2268,0.00025,16.3170567,0.000326341134,0.0,trailing_tp,0.17790000017034927,2403.3172690226165,101
948,2026-07-20 15:00:00+00:00,BTC_USDT,long,long,buy,64555.3214347826,0.0005,32.2776607173913,0.000645553214347826,0.0,grid_buy,0.0,2403.838812752011,101
949,2026-07-20 15:00:00+00:00,BTC_USDT,long,long,buy,65126.109391304344,0.0005,32.56305469565217,0.0006512610939130434,0.0,grid_buy,0.0,2404.074956795265,101
950,2026-07-20 16:00:00+00:00,BTC_USDT,long,long,funding,65599.6,0.001,65.59960000000001,0.0,0.0,funding,-0.006559960000000001,2404.0686568352644,101
951,2026-07-20 16:00:00+00:00,BTC_USDT,short,short,funding,65599.6,0.0036,236.15856000000002,0.0,0.0,funding,0.023615856000000005,2404.0922726912645,86
952,2026-07-20 16:00:00+00:00,BTC_USDT,long,long,sell,65326.6,0.0005,32.6633,0.000653266,0.0,scaled_tp_0,0.24228902747826694,2404.259539425265,101
953,2026-07-20 16:00:00+00:00,BTC_USDT,long,long,sell,65618.80399799999,0.0005,32.809401998999995,0.0006561880399799999,0.0,scaled_tp_1,0.3883881044382819,2404.3175852362247,102
954,2026-07-20 18:00:00+00:00,BTC_USDT,short,short,sell,65696.89734782607,0.002,131.39379469565216,0.0026278758939130434,0.0,grid_short,0.0,2406.146832055983,86
955,2026-07-20 19:00:00+00:00,BTC_USDT,long,long,buy,65126.109391304344,0.0005,32.56305469565217,0.0006512610939130434,0.0,grid_buy,0.0,2406.7223160992367,102
956,2026-07-20 19:00:00+00:00,BTC_USDT,short,short,sell,65126.109391304344,0.0028,182.35310629565217,0.003647062125913044,0.0,grid_short,0.0,2406.672215332763,86
957,2026-07-20 19:00:00+00:00,BTC_USDT,short,short,buy,65126.109391304344,0.002,130.25221878260868,0.002605044375652174,0.0,grid_cover_tp,-0.5439475904418923,2406.702791505779,86
958,2026-07-21 00:00:00+00:00,BTC_USDT,long,long,funding,65256.0,0.0005,32.628,0.0,0.0,funding,-0.0032628,2406.031058705779,102
959,2026-07-21 00:00:00+00:00,BTC_USDT,short,short,funding,65256.0,0.0063999999999999994,417.6384,0.0,0.0,funding,0.04176384,2406.0728225457788,86
960,2026-07-21 00:00:00+00:00,BTC_USDT,long,long,sell,65516.86604765216,0.00025,16.37921651191304,0.0003275843302382608,0.0,scaled_tp_0,0.09736157975671797,2404.217681473361,102
961,2026-07-21 01:00:00+00:00,BTC_USDT,long,long,sell,65261.368200000004,0.00025,16.31534205,0.00032630684100000006,0.0,trailing_tp,0.033488395332916886,2406.2705672165202,103
962,2026-07-21 04:00:00+00:00,BTC_USDT,short,short,sell,65696.89734782607,0.0028,183.95131257391301,0.0036790262514782607,0.0,grid_short,0.0,2404.9186807641818,86
963,2026-07-21 05:00:00+00:00,BTC_USDT,long,long,buy,65696.89734782607,0.0005,32.84844867391304,0.0006569689734782609,0.0,grid_buy,0.0,2402.8680551212956,103
964,2026-07-21 07:00:00+00:00,BTC_USDT,long,long,sell,66091.07873191303,0.00025,16.522769682978257,0.0003304553936595652,0.0,scaled_tp_0,0.09821489062807996,2399.0092293488797,103
965,2026-07-21 08:00:00+00:00,BTC_USDT,long,long,funding,66188.8,0.00025,16.5472,0.0,0.0,funding,-0.0016547200000000001,2399.0066796288797,103
966,2026-07-21 08:00:00+00:00,BTC_USDT,short,short,funding,66188.8,0.0092,608.93696,0.0,0.0,funding,0.060893696000000004,2399.06757332488,86
967,2026-07-21 08:00:00+00:00,BTC_USDT,long,long,buy,66267.68530434782,0.0007,46.38737971304347,0.0009277475942608695,0.0,grid_buy,0.0,2398.6979258642423,103
968,2026-07-21 08:00:00+00:00,BTC_USDT,long,long,sell,66267.68530434782,0.0005,33.13384265217391,0.0006626768530434783,0.0,grid_sell_tp,0.07444100163665705,2398.717705839563,103
969,2026-07-21 08:00:00+00:00,BTC_USDT,short,short,sell,66267.68530434782,0.0039000000000000003,258.4439726869565,0.005168879453739131,0.0,grid_short,0.0,2398.8719896470657,86
970,2026-07-21 13:00:00+00:00,BTC_USDT,long,long,sell,66401.685,0.00045,29.88075825,0.000597615165,0.0,trailing_tp,0.12729555851921107,2391.646840281901,104
971,2026-07-21 14:00:00+00:00,BTC_USDT,long,long,buy,66838.47326086956,0.0005,33.41923663043478,0.0006683847326086957,0.0,grid_buy,0.0,2390.9147452667335,104
972,2026-07-21 14:00:00+00:00,BTC_USDT,short,short,sell,66838.47326086956,0.0055000000000000005,367.61160293478264,0.007352232058695654,0.0,grid_short,0.0,2390.8978959694573,86
973,2026-07-21 16:00:00+00:00,BTC_USDT,long,long,funding,66685.6,0.0005,33.342800000000004,0.0,0.0,funding,-0.0033342800000000007,2393.692821689457,104
974,2026-07-21 16:00:00+00:00,BTC_USDT,short,short,funding,66685.6,0.018600000000000002,1240.3521600000001,0.0,0.0,funding,0.12403521600000002,2393.8168569054574,86
975,2026-07-21 17:00:00+00:00,BTC_USDT,long,long,buy,66267.68530434782,0.0007,46.38737971304347,0.0009277475942608695,0.0,grid_buy,0.0,2402.3595494448195,104
976,2026-07-21 17:00:00+00:00,BTC_USDT,short,short,buy,66267.68530434782,0.0055000000000000005,364.47226917391305,0.007289445383478262,0.0,grid_cover_tp,-2.2242195419183597,2402.042690825523,86
977,2026-07-22 00:00:00+00:00,BTC_USDT,long,long,funding,66557.6,0.0012000000000000001,79.86912000000001,0.0,0.0,funding,-0.007986912,2397.914923913523,104
978,2026-07-22 00:00:00+00:00,BTC_USDT,short,short,funding,66557.6,0.0131,871.9045600000001,0.0,0.0,funding,0.08719045600000001,2398.002114369523,86
979,2026-07-22 08:00:00+00:00,BTC_USDT,long,long,funding,65842.1,0.0012000000000000001,79.01052000000001,0.0,0.0,funding,-0.007901052000000002,2406.5086633175233,104
980,2026-07-22 08:00:00+00:00,BTC_USDT,short,short,funding,65842.1,0.0131,862.5315100000001,0.0,0.0,funding,0.08625315100000001,2406.594916468523,86
981,2026-07-22 12:00:00+00:00,BTC_USDT,long,long,buy,65696.89734782607,0.001,65.69689734782608,0.0013139379469565217,0.0,grid_buy,0.0,2408.92207518275,104
982,2026-07-22 12:00:00+00:00,BTC_USDT,short,short,buy,65696.89734782607,0.0039000000000000003,256.2178996565217,0.005124357993130434,0.0,grid_cover_tp,0.6489436948987575,2408.7020711682353,86
983,2026-07-22 16:00:00+00:00,BTC_USDT,long,long,funding,66046.5,0.0022,145.3023,0.0,0.0,funding,-0.014530230000000002,2405.854640938235,104
984,2026-07-22 16:00:00+00:00,BTC_USDT,short,short,funding,66046.5,0.0092,607.6278,0.0,0.0,funding,0.06076278,2405.915403718235,86
985,2026-07-22 16:00:00+00:00,BTC_USDT,long,long,sell,66267.68530434782,0.001,66.26768530434782,0.0013253537060869565,0.0,grid_sell_tp,0.1283991818670414,2404.6328636688772,104
986,2026-07-22 16:00:00+00:00,BTC_USDT,short,short,sell,66267.68530434782,0.0039000000000000003,258.4439726869565,0.005168879453739131,0.0,grid_short,0.0,2404.7578974763796,86
987,2026-07-22 19:00:00+00:00,BTC_USDT,long,long,buy,65696.89734782607,0.001,65.69689734782608,0.0013139379469565217,0.0,grid_buy,0.0,2408.677346190607,104
988,2026-07-22 19:00:00+00:00,BTC_USDT,short,short,buy,65696.89734782607,0.0039000000000000003,256.2178996565217,0.005124357993130434,0.0,grid_cover_tp,1.116945176762656,2409.5575321760916,86
989,2026-07-23 00:00:00+00:00,BTC_USDT,long,long,funding,66118.5,0.0022,145.4607,0.0,0.0,funding,-0.014546070000000001,2408.1807861060915,104
990,2026-07-23 00:00:00+00:00,BTC_USDT,short,short,funding,66118.5,0.0092,608.2902,0.0,0.0,funding,0.060829020000000004,2408.2416151260913,86
991,2026-07-23 00:00:00+00:00,BTC_USDT,long,long,sell,66267.68530434782,0.001,66.26768530434782,0.0013253537060869565,0.0,grid_sell_tp,0.32888255502549274,2408.8358750767334,104
992,2026-07-23 00:00:00+00:00,BTC_USDT,short,short,sell,66267.68530434782,0.0039000000000000003,258.4439726869565,0.005168879453739131,0.0,grid_short,0.0,2409.6301488842364,86
993,2026-07-23 02:00:00+00:00,BTC_USDT,short,short,buy,65672.46926558328,0.00655,430.1546736895705,0.00860309347379141,0.0,scaled_tp_0,2.5879039911715136,2413.527362101192,86
994,2026-07-23 02:00:00+00:00,BTC_USDT,long,long,buy,65696.89734782607,0.001,65.69689734782608,0.0013139379469565217,0.0,grid_buy,0.0,2413.6395508154187,104
995,2026-07-23 02:00:00+00:00,BTC_USDT,short,short,buy,65696.89734782607,0.0039000000000000003,256.2178996565217,0.005124357993130434,0.0,grid_cover_tp,1.4456179731861725,2414.077086800904,86
996,2026-07-23 07:00:00+00:00,BTC_USDT,short,short,buy,65747.8342,0.00265,174.23176063,0.0034846352126000004,0.0,trailing_tp,0.847293521302183,2413.427601535692,87
997,2026-07-23 07:00:00+00:00,BTC_USDT,short,short,sell,65696.89734782607,0.0005,32.84844867391304,0.0006569689734782609,0.0,grid_short,0.0,2413.554693240631,87
998,2026-07-23 08:00:00+00:00,BTC_USDT,long,long,funding,65441.4,0.0022,143.97108,0.0,0.0,funding,-0.014397108,2413.540296132631,104
999,2026-07-23 08:00:00+00:00,BTC_USDT,short,short,funding,65441.4,0.0005,32.7207,0.0,0.0,funding,0.00327207,2413.543568202631,87
1000,2026-07-23 12:00:00+00:00,BTC_USDT,short,short,buy,65372.7974,0.0005,32.686398700000005,0.0006537279740000001,0.0,trailing_tp,0.16139624593903548,2412.964955774657,88
1001,2026-07-23 12:00:00+00:00,BTC_USDT,long,long,buy,65126.109391304344,0.0014,91.17655314782608,0.001823531062956522,0.0,grid_buy,0.0,2413.014919095768,104
1002,2026-07-23 12:00:00+00:00,BTC_USDT,short,short,sell,65126.109391304344,0.0005,32.56305469565217,0.0006512610939130434,0.0,grid_short,0.0,2412.9957725303266,88
1003,2026-07-23 15:00:00+00:00,BTC_USDT,short,short,buy,64735.35273495651,0.00025,16.183838183739127,0.00032367676367478255,0.0,scaled_tp_0,0.09736548732328144,2412.4055856698237,88
1004,2026-07-23 16:00:00+00:00,BTC_USDT,long,long,funding,64960.9,0.0036,233.85924,0.0,0.0,funding,-0.023385924000000002,2412.401629745824,104
1005,2026-07-23 16:00:00+00:00,BTC_USDT,short,short,funding,64960.9,0.00025,16.240225000000002,0.0,0.0,funding,0.0016240225000000003,2412.403253768324,88
1006,2026-07-24 00:00:00+00:00,BTC_USDT,long,long,funding,65099.2,0.0036,234.35711999999998,0.0,0.0,funding,-0.023435712,2412.8431230563233,104
1007,2026-07-24 00:00:00+00:00,BTC_USDT,short,short,funding,65099.2,0.00025,16.2748,0.0,0.0,funding,0.00162748,2412.8447505363233,88
1008,2026-07-24 07:00:00+00:00,BTC_USDT,long,long,sell,65696.89734782607,0.0014,91.97565628695651,0.0018395131257391303,0.0,grid_sell_tp,0.1966521297895612,2414.4583223101545,104
1009,2026-07-24 07:00:00+00:00,BTC_USDT,short,short,sell,65696.89734782607,0.0007,45.987828143478254,0.0009197565628695652,0.0,grid_short,0.0,2414.59628069707,88
1010,2026-07-24 08:00:00+00:00,BTC_USDT,long,long,funding,65503.0,0.0021999999999999997,144.1066,0.0,0.0,funding,-0.014410659999999999,2414.58749503707,104
1011,2026-07-24 08:00:00+00:00,BTC_USDT,short,short,funding,65503.0,0.00095,62.22785,0.0,0.0,funding,0.006222785,2414.59371782207,88
1012,2026-07-24 09:00:00+00:00,BTC_USDT,long,long,buy,65126.109391304344,0.0014,91.17655314782608,0.001823531062956522,0.0,grid_buy,0.0,2414.0696111431807,104
1013,2026-07-24 09:00:00+00:00,BTC_USDT,short,short,buy,65126.109391304344,0.0007,45.58827657391304,0.000911765531478261,0.0,grid_cover_tp,0.29349465414815196,2414.0551828037364,88
1014,2026-07-24 13:00:00+00:00,BTC_USDT,short,short,buy,64299.697199999995,0.00025,16.0749243,0.000321498486,0.0,trailing_tp,0.3114266992256695,2410.8150370052504,89
1015,2026-07-24 13:00:00+00:00,BTC_USDT,long,long,buy,63984.53347826086,0.0021000000000000003,134.36752030434783,0.002687350406086957,0.0,grid_buy,0.0,2411.1615093504965,104
1016,2026-07-24 13:00:00+00:00,BTC_USDT,short,short,sell,64555.3214347826,0.0005,32.2776607173913,0.000645553214347826,0.0,grid_short,0.0,2411.3631245146735,89
1017,2026-07-24 14:00:00+00:00,BTC_USDT,short,short,buy,64119.422,0.0005,32.059711,0.0006411942200000001,0.0,trailing_tp,0.2173085231713005,2410.8463623204534,90
1018,2026-07-24 14:00:00+00:00,BTC_USDT,short,short,sell,63984.53347826086,0.0005,31.992266739130432,0.0006398453347826088,0.0,grid_short,0.0,2410.809239214249,90
1019,2026-07-24 16:00:00+00:00,BTC_USDT,long,long,funding,64094.4,0.0057,365.33808000000005,0.0,0.0,funding,-0.03653380800000001,2410.964585406249,104
1020,2026-07-24 16:00:00+00:00,BTC_USDT,short,short,funding,64094.4,0.0005,32.047200000000004,0.0,0.0,funding,0.0032047200000000003,2410.967790126249,90
1021,2026-07-25 00:00:00+00:00,BTC_USDT,long,long,funding,64145.9,0.0057,365.63163000000003,0.0,0.0,funding,-0.036563163,2411.199026963249,104
1022,2026-07-25 00:00:00+00:00,BTC_USDT,short,short,funding,64145.9,0.0005,32.07295,0.0,0.0,funding,0.003207295,2411.202234258249,90
1023,2026-07-25 08:00:00+00:00,BTC_USDT,long,long,funding,64008.7,0.0057,364.84959,0.0,0.0,funding,-0.036484959,2410.4523092992495,104
1024,2026-07-25 08:00:00+00:00,BTC_USDT,short,short,funding,64008.7,0.0005,32.00435,0.0,0.0,funding,0.003200435,2410.455509734249,90
1025,2026-07-25 16:00:00+00:00,BTC_USDT,long,long,funding,64186.2,0.0057,365.86134,0.0,0.0,funding,-0.036586134,2411.341923600249,104
1026,2026-07-25 16:00:00+00:00,BTC_USDT,short,short,funding,64186.2,0.0005,32.0931,0.0,0.0,funding,0.00320931,2411.345132910249,90
1027,2026-07-26 00:00:00+00:00,BTC_USDT,long,long,funding,64372.0,0.0057,366.92040000000003,0.0,0.0,funding,-0.03669204,2412.2746008702493,104
1028,2026-07-26 00:00:00+00:00,BTC_USDT,short,short,funding,64372.0,0.0005,32.186,0.0,0.0,funding,0.0032186000000000003,2412.2778194702496,90
1029,2026-07-26 03:00:00+00:00,BTC_USDT,long,long,buy,64555.3214347826,0.0029000000000000002,187.21043216086954,0.003744208643217391,0.0,grid_buy,0.0,2413.1534631007366,104
1030,2026-07-26 03:00:00+00:00,BTC_USDT,long,long,sell,64555.3214347826,0.0021000000000000003,135.56617501304348,0.00271132350026087,0.0,grid_sell_tp,-0.4422462072855364,2413.16990679028,104
1031,2026-07-26 03:00:00+00:00,BTC_USDT,short,short,sell,64555.3214347826,0.0007,45.188725004347816,0.0009037745000869564,0.0,grid_short,0.0,2413.1753880201277,90
1032,2026-07-26 08:00:00+00:00,BTC_USDT,long,long,funding,64364.8,0.0065,418.3712,0.0,0.0,funding,-0.04183712,2412.1721309001277,104
1033,2026-07-26 08:00:00+00:00,BTC_USDT,short,short,funding,64364.8,0.0012000000000000001,77.23776000000001,0.0,0.0,funding,0.007723776000000002,2412.1798546761274,90
1034,2026-07-26 16:00:00+00:00,BTC_USDT,long,long,funding,64766.0,0.0065,420.979,0.0,0.0,funding,-0.0420979,2414.2641167761276,104
1035,2026-07-26 16:00:00+00:00,BTC_USDT,short,short,funding,64766.0,0.0012000000000000001,77.7192,0.0,0.0,funding,0.007771920000000001,2414.2718886961275,90
1036,2026-07-26 22:00:00+00:00,BTC_USDT,long,long,sell,65101.433600000004,0.0065,423.1593184,0.008463186368000001,0.0,trailing_tp,2.180800771066894,2415.6774239097595,105
1037,2026-07-26 22:00:00+00:00,BTC_USDT,long,long,buy,65126.109391304344,0.0005,32.56305469565217,0.0006512610939130434,0.0,grid_buy,0.0,2415.816017953013,105
1038,2026-07-26 23:00:00+00:00,BTC_USDT,long,long,sell,65516.86604765216,0.00025,16.37921651191304,0.0003275843302382608,0.0,scaled_tp_0,0.09736157975671797,2415.8486968805964,105
1039,2026-07-27 00:00:00+00:00,BTC_USDT,long,long,funding,65400.7,0.00025,16.350175,0.0,0.0,funding,-0.0016350175,2415.845826863096,105
1040,2026-07-27 00:00:00+00:00,BTC_USDT,short,short,funding,65400.7,0.0012000000000000001,78.48084,0.0,0.0,funding,0.007848084,2415.8536749470964,90
1041,2026-07-27 00:00:00+00:00,BTC_USDT,short,short,sell,65126.109391304344,0.001,65.12610939130434,0.001302522187826087,0.0,grid_short,0.0,2416.1146168162127,90
1042,2026-07-27 06:00:00+00:00,BTC_USDT,long,long,sell,65696.89734782607,0.00025,16.42422433695652,0.0003284844867391304,0.0,grid_sell_tp,0.14236850464369516,2415.619382668682,106
1043,2026-07-27 06:00:00+00:00,BTC_USDT,short,short,sell,65696.89734782607,0.0014,91.97565628695651,0.0018395131257391303,0.0,grid_short,0.0,2416.011779442513,90
1044,2026-07-27 08:00:00+00:00,BTC_USDT,short,short,funding,65230.1,0.0036,234.82835999999998,0.0,0.0,funding,0.023482836,2416.7019822785132,90
1045,2026-07-27 09:00:00+00:00,BTC_USDT,long,long,buy,65126.109391304344,0.0005,32.56305469565217,0.0006512610939130434,0.0,grid_buy,0.0,2416.634286321767,106
1046,2026-07-27 09:00:00+00:00,BTC_USDT,short,short,buy,65126.109391304344,0.0014,91.17655314782608,0.001823531062956522,0.0,grid_cover_tp,-0.0684154593238318,2416.8318096428784,90
1047,2026-07-27 13:00:00+00:00,BTC_USDT,long,long,sell,65315.64059999999,0.0005,32.6578203,0.000653156406,0.0,trailing_tp,0.09411244794182733,2416.961206786472,107
1048,2026-07-27 13:00:00+00:00,BTC_USDT,long,long,buy,65126.109391304344,0.0005,32.56305469565217,0.0006512610939130434,0.0,grid_buy,0.0,2417.007550829726,107
1049,2026-07-27 13:00:00+00:00,BTC_USDT,short,short,sell,65696.89734782607,0.0014,91.97565628695651,0.0018395131257391303,0.0,grid_short,0.0,2417.6732276035564,90
1050,2026-07-27 14:00:00+00:00,BTC_USDT,short,short,buy,64847.8666,0.0036,233.45231976,0.0046690463952,0.0,trailing_tp,1.6914636827351839,2418.7421487971615,91
1051,2026-07-27 14:00:00+00:00,BTC_USDT,long,long,buy,64555.3214347826,0.0007,45.188725004347816,0.0009037745000869564,0.0,grid_buy,0.0,2418.8335600183136,107
1052,2026-07-27 14:00:00+00:00,BTC_USDT,short,short,sell,65126.109391304344,0.0005,32.56305469565217,0.0006512610939130434,0.0,grid_short,0.0,2419.0523634528718,91
1053,2026-07-27 15:00:00+00:00,BTC_USDT,short,short,buy,64735.35273495651,0.00025,16.183838183739127,0.00032367676367478255,0.0,scaled_tp_0,0.09736548732328144,2418.9132715923693,91
1054,2026-07-27 15:00:00+00:00,BTC_USDT,short,short,sell,64555.3214347826,0.0007,45.188725004347816,0.0009037745000869564,0.0,grid_short,0.0,2418.913432822217,91
1055,2026-07-27 15:00:00+00:00,BTC_USDT,short,short,buy,64555.3214347826,0.0005,32.2776607173913,0.000645553214347826,0.0,grid_cover_tp,0.07445812527535271,2418.9120265516112,91
1056,2026-07-27 16:00:00+00:00,BTC_USDT,long,long,funding,64553.7,0.0012000000000000001,77.46444000000001,0.0,0.0,funding,-0.007746444000000002,2418.9042051076112,107
1057,2026-07-27 16:00:00+00:00,BTC_USDT,short,short,funding,64553.7,0.00045,29.049165,0.0,0.0,funding,0.0029049165,2418.907110024111,91
1058,2026-07-27 16:00:00+00:00,BTC_USDT,short,short,buy,64809.4374,0.00045,29.16424683,0.0005832849366,0.0,trailing_tp,-0.047342158643700796,2419.2065249091747,92
1059,2026-07-27 22:00:00+00:00,BTC_USDT,short,short,sell,64555.3214347826,0.0005,32.2776607173913,0.000645553214347826,0.0,grid_short,0.0,2418.2623400733514,92
1060,2026-07-27 22:00:00+00:00,BTC_USDT,short,short,sell,63984.53347826086,0.0005,31.992266739130432,0.0006398453347826088,0.0,grid_short,0.0,2418.355166967147,92
1061,2026-07-27 23:00:00+00:00,BTC_USDT,short,short,buy,63884.3078917826,0.0005,31.9421539458913,0.000638843078917826,0.0,scaled_tp_0,0.19217093929064652,2418.2846441781767,92
1062,2026-07-27 23:00:00+00:00,BTC_USDT,short,short,buy,63984.53347826086,0.0005,31.992266739130432,0.0006398453347826088,0.0,grid_cover_tp,0.14205714379564988,2418.1715875937116,93
1063,2026-07-28 00:00:00+00:00,BTC_USDT,long,long,funding,63759.7,0.0012000000000000001,76.51164,0.0,0.0,funding,-0.007651164,2418.1639364297116,107
1064,2026-07-28 01:00:00+00:00,BTC_USDT,short,short,sell,63413.745521739125,0.0005,31.70687276086956,0.0006341374552173912,0.0,grid_short,0.0,2417.6219850531256,93
1065,2026-07-28 05:00:00+00:00,BTC_USDT,long,long,buy,63413.745521739125,0.001,63.41374552173912,0.0012682749104347825,0.0,grid_buy,0.0,2417.8160012564763,107
1066,2026-07-28 08:00:00+00:00,BTC_USDT,long,long,funding,63506.1,0.0022,139.71342,0.0,0.0,funding,-0.013971342000000001,2417.889919914476,107
1067,2026-07-28 08:00:00+00:00,BTC_USDT,short,short,funding,63506.1,0.0005,31.753049999999998,0.0,0.0,funding,0.003175305,2417.893095219476,93
1068,2026-07-28 13:00:00+00:00,BTC_USDT,short,short,buy,63121.3694,0.0005,31.560684700000003,0.0006312136940000001,0.0,trailing_tp,0.14555684717556103,2417.198229305782,94
1069,2026-07-28 13:00:00+00:00,BTC_USDT,long,long,buy,62842.95756521739,0.0015,94.26443634782608,0.0018852887269565216,0.0,grid_buy,0.0,2417.5865576692295,107
1070,2026-07-28 13:00:00+00:00,BTC_USDT,short,short,sell,63413.745521739125,0.0005,31.70687276086956,0.0006341374552173912,0.0,grid_short,0.0,2417.741246292643,94
1071,2026-07-28 14:00:00+00:00,BTC_USDT,short,short,buy,63033.26304860869,0.00025,15.758315762152174,0.0003151663152430435,0.0,scaled_tp_0,0.09480545196736508,2418.816850364176,94
1072,2026-07-28 14:00:00+00:00,BTC_USDT,long,long,sell,63413.745521739125,0.0015,95.12061828260869,0.001902412365652174,0.0,grid_sell_tp,-0.3258631444455527,2418.8207162344193,107
1073,2026-07-28 15:00:00+00:00,BTC_USDT,long,long,sell,64011.49765918448,0.0011,70.41264742510293,0.0014082529485020588,0.0,scaled_tp_0,0.4185478947161306,2419.9209404065737,107
1074,2026-07-28 15:00:00+00:00,BTC_USDT,long,long,buy,63984.53347826086,0.0015,95.9768002173913,0.0019195360043478263,0.0,grid_buy,0.0,2419.833320653178,107
1075,2026-07-28 15:00:00+00:00,BTC_USDT,long,long,sell,63984.53347826086,0.001,63.984533478260865,0.0012796906695652175,0.0,grid_sell_tp,0.1488339818876053,2419.8891744407692,107
1076,2026-07-28 15:00:00+00:00,BTC_USDT,short,short,sell,63984.53347826086,0.0007,44.789173434782604,0.0008957834686956522,0.0,grid_short,0.0,2419.9282720920833,94
1077,2026-07-28 16:00:00+00:00,BTC_USDT,long,long,funding,63927.5,0.0015999999999999999,102.28399999999999,0.0,0.0,funding,-0.0102284,2419.918108692083,107
1078,2026-07-28 16:00:00+00:00,BTC_USDT,short,short,funding,63927.5,0.00095,60.731125,0.0,0.0,funding,0.0060731125,2419.924181804583,94
1079,2026-07-29 00:00:00+00:00,BTC_USDT,long,long,funding,63923.4,0.0015999999999999999,102.27744,0.0,0.0,funding,-0.010227744,2419.911289060583,107
1080,2026-07-29 00:00:00+00:00,BTC_USDT,short,short,funding,63923.4,0.00095,60.72723,0.0,0.0,funding,0.006072723,2419.917361783583,94
1081,2026-07-29 06:00:00+00:00,BTC_USDT,long,long,sell,64074.9298,0.0015999999999999999,102.51988767999998,0.0020503977536,0.0,trailing_tp,0.38276559312048974,2419.6745890658294,108
1082,2026-07-29 07:00:00+00:00,BTC_USDT,long,long,buy,64555.3214347826,0.0005,32.2776607173913,0.000645553214347826,0.0,grid_buy,0.0,2419.556077795224,108
1083,2026-07-29 07:00:00+00:00,BTC_USDT,short,short,sell,64555.3214347826,0.001,64.5553214347826,0.001291106428695652,0.0,grid_short,0.0,2419.553208123578,94
1084,2026-07-29 08:00:00+00:00,BTC_USDT,long,long,funding,64564.3,0.0005,32.28215,0.0,0.0,funding,-0.0032282150000000004,2419.5392499085774,108
1085,2026-07-29 08:00:00+00:00,BTC_USDT,short,short,funding,64564.3,0.00195,125.900385,0.0,0.0,funding,0.012590038500000001,2419.5518399470775,94
1086,2026-07-29 15:00:00+00:00,BTC_USDT,long,long,buy,63984.53347826086,0.0007,44.789173434782604,0.0008957834686956522,0.0,grid_buy,0.0,2420.4047557288263,108
1087,2026-07-29 15:00:00+00:00,BTC_USDT,short,short,buy,63984.53347826086,0.001,63.984533478260865,0.0012796906695652175,0.0,grid_cover_tp,0.21825413876187721,2420.3859425598957,94
1088,2026-07-29 16:00:00+00:00,BTC_USDT,long,long,funding,63966.9,0.0012000000000000001,76.76028000000001,0.0,0.0,funding,-0.007676028000000001,2420.378241531896,108
1089,2026-07-29 16:00:00+00:00,BTC_USDT,short,short,funding,63966.9,0.0009499999999999999,60.76855499999999,0.0,0.0,funding,0.0060768555,2420.384318387396,94
1090,2026-07-29 16:00:00+00:00,BTC_USDT,short,short,buy,64008.0578,0.0009499999999999999,60.80765491,0.0012161530982,0.0,trailing_tp,0.18499287920948743,2420.1552423242974,95
1091,2026-07-29 16:00:00+00:00,BTC_USDT,short,short,sell,63984.53347826086,0.0005,31.992266739130432,0.0006398453347826088,0.0,grid_short,0.0,2420.242069218093,95
1092,2026-07-29 18:00:00+00:00,BTC_USDT,long,long,sell,64607.69596423911,0.0006000000000000001,38.76461757854347,0.0007752923515708695,0.0,scaled_tp_0,0.23042521010495154,2420.789761504285,108
1093,2026-07-29 18:00:00+00:00,BTC_USDT,long,long,sell,64555.3214347826,0.0006000000000000001,38.733192860869565,0.0007746638572173913,0.0,grid_sell_tp,0.19900112092539976,2420.8187597012975,109
1094,2026-07-29 18:00:00+00:00,BTC_USDT,short,short,sell,64555.3214347826,0.0007,45.188725004347816,0.0009037745000869564,0.0,grid_short,0.0,2420.852590931145,95
1095,2026-07-29 19:00:00+00:00,BTC_USDT,short,short,buy,63899.8122,0.0012000000000000001,76.67977464,0.0015335954928000003,0.0,trailing_tp,0.499683507985434,2421.5781226956524,96
1096,2026-07-29 19:00:00+00:00,BTC_USDT,short,short,sell,64555.3214347826,0.0005,32.2776607173913,0.000645553214347826,0.0,grid_short,0.0,2422.0588378598295,96
1097,2026-07-29 19:00:00+00:00,BTC_USDT,short,short,sell,63984.53347826086,0.0005,31.992266739130432,0.0006398453347826088,0.0,grid_short,0.0,2422.254164753625,96
1098,2026-07-29 20:00:00+00:00,BTC_USDT,short,short,buy,63739.8,0.0005,31.8699,0.0006373980000000001,0.0,scaled_tp_0,0.26442633026086226,2422.2169273556246,96
1099,2026-07-29 20:00:00+00:00,BTC_USDT,short,short,buy,63498.68832704346,0.0005,31.749344163521734,0.0006349868832704347,0.0,scaled_tp_1,0.3849845778558619,2422.22624820522,97
1100,2026-07-29 20:00:00+00:00,BTC_USDT,long,long,buy,63413.745521739125,0.0005,31.70687276086956,0.0006341374552173912,0.0,grid_buy,0.0,2422.278041306895,109
1101,2026-07-29 20:00:00+00:00,BTC_USDT,short,short,sell,63413.745521739125,0.0005,31.70687276086956,0.0006341374552173912,0.0,grid_short,0.0,2422.2249799303095,97
1102,2026-07-29 21:00:00+00:00,BTC_USDT,long,long,sell,63794.22799486956,0.00025,15.94855699871739,0.0003189711399743478,0.0,scaled_tp_0,0.09480164714263377,2422.2070929578867,109
1103,2026-07-29 22:00:00+00:00,BTC_USDT,long,long,buy,63984.53347826086,0.0007,44.789173434782604,0.0008957834686956522,0.0,grid_buy,0.0,2422.1541687396357,109
1104,2026-07-29 22:00:00+00:00,BTC_USDT,long,long,sell,63984.53347826086,0.0005,31.992266739130432,0.0006398453347826088,0.0,grid_sell_tp,0.07446383315492158,2422.1779956334312,109
1105,2026-07-29 22:00:00+00:00,BTC_USDT,short,short,sell,63984.53347826086,0.0007,44.789173434782604,0.0008957834686956522,0.0,grid_short,0.0,2422.211353284745,97
1106,2026-07-30 00:00:00+00:00,BTC_USDT,long,long,funding,63980.9,0.00045,28.791405,0.0,0.0,funding,-0.0028791405000000003,2422.174499144245,109
1107,2026-07-30 00:00:00+00:00,BTC_USDT,short,short,funding,63980.9,0.0012000000000000001,76.77708000000001,0.0,0.0,funding,0.007677708000000002,2422.182176852245,97
1108,2026-07-30 00:00:00+00:00,BTC_USDT,long,long,sell,63741.4428,0.00045,28.68364926,0.0005736729852,0.0,trailing_tp,-0.04237116756185567,2422.42400743926,110
1109,2026-07-30 01:00:00+00:00,BTC_USDT,long,long,buy,63984.53347826086,0.0005,31.992266739130432,0.0006398453347826088,0.0,grid_buy,0.0,2421.872450854795,110
1110,2026-07-30 02:00:00+00:00,BTC_USDT,long,long,sell,64368.44067913043,0.00025,16.092110169782607,0.0003218422033956522,0.0,scaled_tp_0,0.09565495801399578,2421.973204182374,110
1111,2026-07-30 08:00:00+00:00,BTC_USDT,long,long,funding,64013.6,0.00025,16.0034,0.0,0.0,funding,-0.00160034,2422.135288842374,110
1112,2026-07-30 08:00:00+00:00,BTC_USDT,short,short,funding,64013.6,0.0012000000000000001,76.81632,0.0,0.0,funding,0.007681632000000001,2422.142970474374,97
1113,2026-07-30 09:00:00+00:00,BTC_USDT,long,long,buy,64555.3214347826,0.0007,45.188725004347816,0.0009037745000869564,0.0,grid_buy,0.0,2421.623811695526,110
1114,2026-07-30 09:00:00+00:00,BTC_USDT,long,long,sell,64555.3214347826,0.0005,32.2776607173913,0.000645553214347826,0.0,grid_sell_tp,0.07445812527535636,2421.615926859703,110
1115,2026-07-30 09:00:00+00:00,BTC_USDT,short,short,sell,64555.3214347826,0.001,64.5553214347826,0.001291106428695652,0.0,grid_short,0.0,2421.6001571880565,97
1116,2026-07-30 13:00:00+00:00,BTC_USDT,long,long,sell,64779.178799999994,0.00045,29.150630459999995,0.0005830126092,0.0,trailing_tp,0.16774611237936132,2420.699394635448,111
1117,2026-07-30 13:00:00+00:00,BTC_USDT,long,long,buy,65126.109391304344,0.0005,32.56305469565217,0.0006512610939130434,0.0,grid_buy,0.0,2420.6465886787014,111
1118,2026-07-30 13:00:00+00:00,BTC_USDT,short,short,sell,65126.109391304344,0.0014,91.17655314782608,0.001823531062956522,0.0,grid_short,0.0,2420.790798295465,97
1119,2026-07-30 16:00:00+00:00,BTC_USDT,long,long,funding,64730.8,0.0005,32.3654,0.0,0.0,funding,-0.0032365400000000004,2421.6896617554644,111
1120,2026-07-30 16:00:00+00:00,BTC_USDT,short,short,funding,64730.8,0.0036,233.03088,0.0,0.0,funding,0.023303088,2421.7129648434643,97
1121,2026-07-31 00:00:00+00:00,BTC_USDT,long,long,funding,64783.9,0.0005,32.39195,0.0,0.0,funding,-0.0032391950000000003,2421.5451156484646,111
1122,2026-07-31 00:00:00+00:00,BTC_USDT,short,short,funding,64783.9,0.0036,233.22204,0.0,0.0,funding,0.023322204,2421.5684378524647,97
1123,2026-07-31 01:00:00+00:00,BTC_USDT,long,long,buy,64555.3214347826,0.0007,45.188725004347816,0.0009037745000869564,0.0,grid_buy,0.0,2422.2555390736165,111
1124,2026-07-31 01:00:00+00:00,BTC_USDT,short,short,buy,64555.3214347826,0.0014,90.37745000869563,0.0018075490001739128,0.0,grid_cover_tp,-0.06839947726103901,2422.265741515921,97
1125,2026-07-31 07:00:00+00:00,BTC_USDT,short,short,buy,64120.70923710869,0.0010999999999999998,70.53278016081956,0.0014106556032163911,0.0,scaled_tp_0,0.4243405324902605,2422.690050699498,97
1126,2026-07-31 07:00:00+00:00,BTC_USDT,long,long,buy,63984.53347826086,0.001,63.984533478260865,0.0012796906695652175,0.0,grid_buy,0.0,2422.6502375305677,111
1127,2026-07-31 07:00:00+00:00,BTC_USDT,short,short,buy,63984.53347826086,0.001,63.984533478260865,0.0012796906695652175,0.0,grid_cover_tp,0.5219426028086969,2422.6104243616373,97
1128,2026-07-31 08:00:00+00:00,BTC_USDT,long,long,funding,63946.0,0.0022,140.68120000000002,0.0,0.0,funding,-0.014068120000000002,2422.5963562416373,111
1129,2026-07-31 08:00:00+00:00,BTC_USDT,short,short,funding,63946.0,9.999999999999983e-05,6.394599999999989,0.0,0.0,funding,0.0006394599999999989,2422.5969957016373,97
1130,2026-07-31 09:00:00+00:00,BTC_USDT,short,short,buy,63733.66270247826,9.999999999999983e-05,6.373366270247815,0.00012746732540495632,0.0,scaled_tp_1,0.07728183960068163,2422.125741964064,98
1131,2026-07-31 11:00:00+00:00,BTC_USDT,short,short,sell,63984.53347826086,0.0005,31.992266739130432,0.0006398453347826088,0.0,grid_short,0.0,2422.3992388578595,98
1132,2026-07-31 13:00:00+00:00,BTC_USDT,short,short,buy,63624.973,0.0005,31.8124865,0.00063624973,0.0,trailing_tp,0.17914398940043216,2421.3160061081294,99
1133,2026-07-31 13:00:00+00:00,BTC_USDT,short,short,sell,63413.745521739125,0.0005,31.70687276086956,0.0006341374552173912,0.0,grid_short,0.0,2421.3857447315436,99
1134,2026-07-31 14:00:00+00:00,BTC_USDT,short,short,buy,62832.6474,0.0005,31.416323700000003,0.0006283264740000001,0.0,trailing_tp,0.28992073439556176,2420.3352327050698,100
1135,2026-07-31 14:00:00+00:00,BTC_USDT,short,short,sell,62842.95756521739,0.0005,31.421478782608695,0.0006284295756521739,0.0,grid_short,0.0,2420.4082330581027,100
1136,2026-07-31 16:00:00+00:00,BTC_USDT,long,long,funding,62718.0,0.0022,137.9796,0.0,0.0,funding,-0.013797960000000001,2420.432345098103,111
1137,2026-07-31 16:00:00+00:00,BTC_USDT,short,short,funding,62718.0,0.0005,31.359,0.0,0.0,funding,0.0031359000000000005,2420.4354809981023,100
1138,2026-07-31 16:00:00+00:00,BTC_USDT,long,long,buy,62842.95756521739,0.0015,94.26443634782608,0.0018852887269565216,0.0,grid_buy,0.0,2420.7661593615494,111
1139,2026-08-01 00:00:00+00:00,BTC_USDT,long,long,funding,62892.7,0.0037,232.70299,0.0,0.0,funding,-0.023270299,2420.7819290625494,111
1140,2026-08-01 00:00:00+00:00,BTC_USDT,short,short,funding,62892.7,0.0005,31.44635,0.0,0.0,funding,0.0031446350000000002,2420.7850736975493,100
1141,2026-08-01 08:00:00+00:00,BTC_USDT,long,long,funding,63053.5,0.0037,233.29795000000001,0.0,0.0,funding,-0.023329795000000004,2421.2763039025494,111
1142,2026-08-01 08:00:00+00:00,BTC_USDT,short,short,funding,63053.5,0.0005,31.52675,0.0,0.0,funding,0.003152675,2421.2794565775494,100
1143,2026-08-01 16:00:00+00:00,BTC_USDT,long,long,funding,63004.0,0.0037,233.1148,0.0,0.0,funding,-0.023311480000000002,2421.0977450975493,111
1144,2026-08-01 16:00:00+00:00,BTC_USDT,short,short,funding,63004.0,0.0005,31.502,0.0,0.0,funding,0.0031502,2421.100895297549,100
1145,2026-08-01 18:00:00+00:00,BTC_USDT,short,short,buy,62645.732599999996,0.0005,31.322866299999998,0.000626457326,0.0,trailing_tp,0.09798602528269615,2419.709862540223,101
1146,2026-08-01 18:00:00+00:00,BTC_USDT,long,long,buy,62272.16960869564,0.0021000000000000003,130.77155617826088,0.0026154311235652176,0.0,grid_buy,0.0,2420.3532709308392,111
1147,2026-08-01 21:00:00+00:00,BTC_USDT,long,long,sell,62842.95756521739,0.0021000000000000003,131.97021088695652,0.0026394042177391307,0.0,grid_sell_tp,-0.8292978240078204,2421.7701724135777,111
1148,2026-08-01 21:00:00+00:00,BTC_USDT,short,short,sell,62842.95756521739,0.0005,31.421478782608695,0.0006284295756521739,0.0,grid_short,0.0,2421.7839727666105,101
1149,2026-08-02 00:00:00+00:00,BTC_USDT,long,long,funding,62821.4,0.0037,232.43918000000002,0.0,0.0,funding,-0.023243918000000002,2421.7840888486107,111
1150,2026-08-02 00:00:00+00:00,BTC_USDT,short,short,funding,62821.4,0.0005,31.410700000000002,0.0,0.0,funding,0.00314107,2421.7872299186106,101
1151,2026-08-02 02:00:00+00:00,BTC_USDT,long,long,buy,63413.745521739125,0.0021000000000000003,133.1688655956522,0.002663377311913044,0.0,grid_buy,0.0,2423.8685109456464,111
1152,2026-08-02 02:00:00+00:00,BTC_USDT,long,long,sell,63413.745521739125,0.0015,95.12061828260869,0.001902412365652174,0.0,grid_sell_tp,0.16760328578097378,2423.81327681589,111
1153,2026-08-02 02:00:00+00:00,BTC_USDT,short,short,sell,63413.745521739125,0.0007,44.389621865217386,0.0008877924373043478,0.0,grid_short,0.0,2423.78750088867,101
1154,2026-08-02 08:00:00+00:00,BTC_USDT,long,long,funding,63498.9,0.0043,273.04527,0.0,0.0,funding,-0.027304527000000002,2423.91395636167,111
1155,2026-08-02 08:00:00+00:00,BTC_USDT,short,short,funding,63498.9,0.0012000000000000001,76.19868000000001,0.0,0.0,funding,0.007619868000000001,2423.92157622967,101
1156,2026-08-02 16:00:00+00:00,BTC_USDT,long,long,funding,63108.6,0.0043,271.36698,0.0,0.0,funding,-0.027136698000000004,2422.68450953167,111
1157,2026-08-02 16:00:00+00:00,BTC_USDT,short,short,funding,63108.6,0.0012000000000000001,75.73032,0.0,0.0,funding,0.007573032000000001,2422.69208256367,101
1158,2026-08-02 21:00:00+00:00,BTC_USDT,long,long,sell,63680.546173312556,0.00215,136.913174272622,0.0027382634854524403,0.0,scaled_tp_0,0.8138413047409203,2424.365338572806,111
1159,2026-08-03 00:00:00+00:00,BTC_USDT,long,long,funding,63565.6,0.00215,136.66604,0.0,0.0,funding,-0.013666604000000002,2424.3395119688066,111
1160,2026-08-03 00:00:00+00:00,BTC_USDT,short,short,funding,63565.6,0.0012000000000000001,76.27872,0.0,0.0,funding,0.007627872000000001,2424.3471398408064,101
1161,2026-08-03 03:00:00+00:00,BTC_USDT,short,short,buy,62796.8617032826,0.0006000000000000001,37.67811702196956,0.0007535623404393914,0.0,scaled_tp_0,0.2266797396030372,2423.7361142564964,101
1162,2026-08-03 03:00:00+00:00,BTC_USDT,long,long,buy,62842.95756521739,0.0021000000000000003,131.97021088695652,0.0026394042177391307,0.0,grid_buy,0.0,2423.7992939653222,111
1163,2026-08-03 03:00:00+00:00,BTC_USDT,short,short,buy,62842.95756521739,0.0006000000000000001,37.70577453913044,0.0007541154907826089,0.0,grid_cover_tp,0.19902166929182144,2423.817345310701,102
1164,2026-08-03 04:00:00+00:00,BTC_USDT,short,short,sell,62842.95756521739,0.0005,31.421478782608695,0.0006284295756521739,0.0,grid_short,0.0,2423.471795663734,102
1165,2026-08-03 08:00:00+00:00,BTC_USDT,long,long,funding,62614.6,0.00425,266.11205,0.0,0.0,funding,-0.026611205000000002,2422.800559458734,111
1166,2026-08-03 08:00:00+00:00,BTC_USDT,short,short,funding,62614.6,0.0005,31.3073,0.0,0.0,funding,0.0031307300000000004,2422.803690188734,102
1167,2026-08-03 08:00:00+00:00,BTC_USDT,short,short,buy,62465.89981982608,0.00025,15.616474954956521,0.00031232949909913043,0.0,scaled_tp_0,0.0939521068487275,2422.5505529042784,102
1168,2026-08-03 09:00:00+00:00,BTC_USDT,short,short,buy,62674.504199999996,0.00025,15.668626049999999,0.000313372521,0.0,trailing_tp,0.04179996878334807,2423.7670634817578,103
1169,2026-08-03 09:00:00+00:00,BTC_USDT,short,short,sell,62842.95756521739,0.0005,31.421478782608695,0.0006284295756521739,0.0,grid_short,0.0,2423.7698138347905,103
1170,2026-08-03 12:00:00+00:00,BTC_USDT,short,short,buy,62465.89981982608,0.00025,15.616474954956521,0.00031232949909913043,0.0,scaled_tp_0,0.0939521068487275,2423.331276550335,103
1171,2026-08-03 14:00:00+00:00,BTC_USDT,long,long,sell,63610.632399999995,0.00425,270.3451877,0.005406903754000001,0.0,trailing_tp,2.2729752048938585,2426.8642823465807,112
1172,2026-08-03 14:00:00+00:00,BTC_USDT,long,long,buy,63413.745521739125,0.0005,31.70687276086956,0.0006341374552173912,0.0,grid_buy,0.0,2427.142325448256,112
1173,2026-08-03 14:00:00+00:00,BTC_USDT,long,long,buy,63984.53347826086,0.0005,31.992266739130432,0.0006398453347826088,0.0,grid_buy,0.0,2427.134968863791,112
1174,2026-08-03 14:00:00+00:00,BTC_USDT,short,short,sell,63984.53347826086,0.0007,44.789173434782604,0.0008957834686956522,0.0,grid_short,0.0,2427.143476515105,103
1175,2026-08-03 15:00:00+00:00,BTC_USDT,long,long,sell,63984.53347826086,0.0005,31.992266739130432,0.0006398453347826088,0.0,grid_sell_tp,0.1420571437956535,2427.2743834089006,112
1176,2026-08-03 16:00:00+00:00,BTC_USDT,long,long,funding,63693.8,0.0005,31.8469,0.0,0.0,funding,-0.0031846900000000004,2427.2711537189007,112
1177,2026-08-03 16:00:00+00:00,BTC_USDT,short,short,funding,63693.8,0.00095,60.50911,0.0,0.0,funding,0.006050911,2427.2772046299006,103
1178,2026-08-03 22:00:00+00:00,BTC_USDT,long,long,buy,63413.745521739125,0.0007,44.389621865217386,0.0008877924373043478,0.0,grid_buy,0.0,2427.452304972246,112
1179,2026-08-03 22:00:00+00:00,BTC_USDT,short,short,buy,63413.745521739125,0.0007,44.389621865217386,0.0008877924373043478,0.0,grid_cover_tp,0.18837347735675017,2427.591315314591,103
1180,2026-08-04 00:00:00+00:00,BTC_USDT,long,long,funding,63526.7,0.0012000000000000001,76.23204,0.0,0.0,funding,-0.007623204,2427.501137110591,112
1181,2026-08-04 00:00:00+00:00,BTC_USDT,short,short,funding,63526.7,0.00025,15.881675,0.0,0.0,funding,0.0015881675,2427.502725278091,103
1182,2026-08-04 00:00:00+00:00,BTC_USDT,short,short,sell,63413.745521739125,0.0007,44.389621865217386,0.0008877924373043478,0.0,grid_short,0.0,2427.3809193508714,103
1183,2026-08-04 01:00:00+00:00,BTC_USDT,long,long,sell,63913.8556374239,0.0006000000000000001,38.34831338245434,0.0007669662676490869,0.0,scaled_tp_0,0.2279506085780041,2427.5417707670576,112
1184,2026-08-04 04:00:00+00:00,BTC_USDT,long,long,sell,63854.758799999996,0.0006000000000000001,38.31285528,0.0007662571056000001,0.0,trailing_tp,0.19249321528571203,2427.3678597899525,113
1185,2026-08-04 04:00:00+00:00,BTC_USDT,long,long,buy,63984.53347826086,0.0005,31.992266739130432,0.0006398453347826088,0.0,grid_buy,0.0,2427.392253205487,113
1186,2026-08-04 04:00:00+00:00,BTC_USDT,short,short,sell,63984.53347826086,0.001,63.984533478260865,0.0012796906695652175,0.0,grid_short,0.0,2427.3409069930785,103
1187,2026-08-04 08:00:00+00:00,BTC_USDT,long,long,funding,63688.2,0.0005,31.8441,0.0,0.0,funding,-0.0031844100000000004,2427.8400025830783,113
1188,2026-08-04 08:00:00+00:00,BTC_USDT,short,short,funding,63688.2,0.00195,124.19198999999999,0.0,0.0,funding,0.012419198999999999,2427.8524217820786,103
1189,2026-08-04 16:00:00+00:00,BTC_USDT,long,long,funding,64124.9,0.0005,32.06245,0.0,0.0,funding,-0.003206245,2427.2160005370783,113
1190,2026-08-04 16:00:00+00:00,BTC_USDT,short,short,funding,64124.9,0.00195,125.043555,0.0,0.0,funding,0.0125043555,2427.2285048925783,103
1191,2026-08-04 18:00:00+00:00,BTC_USDT,long,long,sell,64368.44067913043,0.00025,16.092110169782607,0.0003218422033956522,0.0,scaled_tp_0,0.09565495801399578,2426.9743982201576,113
1192,2026-08-04 23:00:00+00:00,BTC_USDT,long,long,sell,64152.0642,0.00025,16.03801605,0.00032076032100000003,0.0,trailing_tp,0.04156192011378456,2427.3306385098367,114
1193,2026-08-05 00:00:00+00:00,BTC_USDT,short,short,funding,64106.6,0.00195,125.00787,0.0,0.0,funding,0.012500787000000001,2427.3437242968366,103
1194,2026-08-05 01:00:00+00:00,BTC_USDT,long,long,buy,63984.53347826086,0.0005,31.992266739130432,0.0006398453347826088,0.0,grid_buy,0.0,2427.073227712371,114
1195,2026-08-05 02:00:00+00:00,BTC_USDT,long,long,sell,64368.44067913043,0.00025,16.092110169782607,0.0003218422033956522,0.0,scaled_tp_0,0.09565495801399578,2427.0196060399503,114
1196,2026-08-05 03:00:00+00:00,BTC_USDT,long,long,sell,64119.7592,0.00025,16.0299398,0.000320598796,0.0,trailing_tp,0.03348583163878449,2427.3216852411542,115
1197,2026-08-05 08:00:00+00:00,BTC_USDT,short,short,funding,64164.2,0.00195,125.12019,0.0,0.0,funding,0.012512019,2427.3724172601546,103
1198,2026-08-05 12:00:00+00:00,BTC_USDT,short,short,sell,64555.3214347826,0.0014,90.37745000869563,0.0018075490001739128,0.0,grid_short,0.0,2427.3496847198503,103
1199,2026-08-05 13:00:00+00:00,BTC_USDT,long,long,buy,63984.53347826086,0.0005,31.992266739130432,0.0006398453347826088,0.0,grid_buy,0.0,2427.313683135385,115
1200,2026-08-05 13:00:00+00:00,BTC_USDT,short,short,buy,63984.53347826086,0.0014,89.57834686956521,0.0017915669373913044,0.0,grid_cover_tp,0.13379859649715584,2427.904184698882,103
1201,2026-08-05 14:00:00+00:00,BTC_USDT,long,long,sell,64368.44067913043,0.00025,16.092110169782607,0.0003218422033956522,0.0,scaled_tp_0,0.09565495801399578,2427.7767730264613,115
1202,2026-08-05 14:00:00+00:00,BTC_USDT,long,long,buy,64555.3214347826,0.0007,45.188725004347816,0.0009037745000869564,0.0,grid_buy,0.0,2427.7207642476133,115
1203,2026-08-05 14:00:00+00:00,BTC_USDT,long,long,sell,64555.3214347826,0.0005,32.2776607173913,0.000645553214347826,0.0,grid_sell_tp,0.07445812527535636,2427.7594794117904,115
1204,2026-08-05 14:00:00+00:00,BTC_USDT,short,short,sell,64555.3214347826,0.0014,90.37745000869563,0.0018075490001739128,0.0,grid_short,0.0,2427.867881871486,103
1205,2026-08-05 16:00:00+00:00,BTC_USDT,long,long,funding,64392.2,0.00045,28.97649,0.0,0.0,funding,-0.002897649,2428.109744222486,115
1206,2026-08-05 16:00:00+00:00,BTC_USDT,short,short,funding,64392.2,0.0033499999999999997,215.71386999999996,0.0,0.0,funding,0.021571386999999997,2428.1313156094857,103
1207,2026-08-05 23:00:00+00:00,BTC_USDT,long,long,sell,64629.6812,0.00045,29.08335654,0.0005816671308000001,0.0,trailing_tp,0.10047353785776349,2427.351525482355,116
1208,2026-08-06 00:00:00+00:00,BTC_USDT,short,short,funding,64656.8,0.0033499999999999997,216.60028,0.0,0.0,funding,0.021660028,2427.372850510355,103
1209,2026-08-06 01:00:00+00:00,BTC_USDT,long,long,buy,64555.3214347826,0.0005,32.2776607173913,0.000645553214347826,0.0,grid_buy,0.0,2427.6121842397497,116
1210,2026-08-06 05:00:00+00:00,BTC_USDT,long,long,sell,64942.6533633913,0.00025,16.235663340847825,0.0003247132668169565,0.0,scaled_tp_0,0.09650826888535778,2426.7321028673305,116
1211,2026-08-06 08:00:00+00:00,BTC_USDT,long,long,funding,64815.4,0.00025,16.20385,0.0,0.0,funding,-0.001620385,2427.0008024823305,116
1212,2026-08-06 08:00:00+00:00,BTC_USDT,short,short,funding,64815.4,0.0033499999999999997,217.13159,0.0,0.0,funding,0.021713159,2427.0225156413308,103
1213,2026-08-06 16:00:00+00:00,BTC_USDT,long,long,funding,64630.8,0.00025,16.157700000000002,0.0,0.0,funding,-0.0016157700000000003,2427.5931598713305,116
1214,2026-08-06 16:00:00+00:00,BTC_USDT,short,short,funding,64630.8,0.0033499999999999997,216.51317999999998,0.0,0.0,funding,0.021651318,2427.6148111893303,103
1215,2026-08-07 00:00:00+00:00,BTC_USDT,long,long,funding,64329.5,0.00025,16.082375,0.0,0.0,funding,-0.0016082375,2428.5472329518307,116
1216,2026-08-07 00:00:00+00:00,BTC_USDT,short,short,funding,64329.5,0.0033499999999999997,215.50382499999998,0.0,0.0,funding,0.0215503825,2428.5687833343304,103
1217,2026-08-07 08:00:00+00:00,BTC_USDT,long,long,funding,64316.5,0.00025,16.079125,0.0,0.0,funding,-0.0016079125000000001,2428.6074754218303,116
1218,2026-08-07 08:00:00+00:00,BTC_USDT,short,short,funding,64316.5,0.0033499999999999997,215.46027499999997,0.0,0.0,funding,0.0215460275,2428.6290214493306,103
1219,2026-08-07 11:00:00+00:00,BTC_USDT,long,long,buy,65126.109391304344,0.0007,45.58827657391304,0.000911765531478261,0.0,grid_buy,0.0,2426.3693831098863,116
1220,2026-08-07 11:00:00+00:00,BTC_USDT,long,long,sell,65126.109391304344,0.0005,32.56305469565217,0.0006512610939130434,0.0,grid_sell_tp,0.07445241739579114,2426.4210365444446,116
1221,2026-08-07 11:00:00+00:00,BTC_USDT,short,short,sell,65126.109391304344,0.002,130.25221878260868,0.002605044375652174,0.0,grid_short,0.0,2426.6276502826777,103
1222,2026-08-07 12:00:00+00:00,BTC_USDT,long,long,sell,64995.175,0.00045,29.24782875,0.0005849565750000001,0.0,trailing_tp,0.008087877978780194,2425.1963990761024,117
1223,2026-08-07 12:00:00+00:00,BTC_USDT,long,long,buy,65126.109391304344,0.0005,32.56305469565217,0.0006512610939130434,0.0,grid_buy,0.0,2425.2760431193565,117
1224,2026-08-07 16:00:00+00:00,BTC_USDT,long,long,funding,64910.4,0.0005,32.455200000000005,0.0,0.0,funding,-0.0032455200000000004,2427.0978525993564,117
1225,2026-08-07 16:00:00+00:00,BTC_USDT,short,short,funding,64910.4,0.00535,347.27064,0.0,0.0,funding,0.034727064,2427.1325796633564,103
1226,2026-08-07 17:00:00+00:00,BTC_USDT,long,long,buy,64555.3214347826,0.0007,45.188725004347816,0.0009037745000869564,0.0,grid_buy,0.0,2428.0143508845085,117
1227,2026-08-07 17:00:00+00:00,BTC_USDT,short,short,buy,64555.3214347826,0.002,129.1106428695652,0.002582212857391304,0.0,grid_cover_tp,0.07868774058824199,2428.4163258020862,103
1228,2026-08-08 00:00:00+00:00,BTC_USDT,long,long,funding,64919.2,0.0012000000000000001,77.90304,0.0,0.0,funding,-0.0077903040000000005,2428.061095498086,117
1229,2026-08-08 00:00:00+00:00,BTC_USDT,short,short,funding,64919.2,0.0033499999999999997,217.47931999999997,0.0,0.0,funding,0.021747931999999998,2428.082843430086,103
1230,2026-08-08 08:00:00+00:00,BTC_USDT,long,long,funding,64963.2,0.0012000000000000001,77.95584000000001,0.0,0.0,funding,-0.007795584000000001,2427.980447846086,117
1231,2026-08-08 08:00:00+00:00,BTC_USDT,short,short,funding,64963.2,0.0033499999999999997,217.62671999999998,0.0,0.0,funding,0.021762672,2428.002210518086,103
1232,2026-08-08 14:00:00+00:00,BTC_USDT,long,long,sell,65181.908648499986,0.0006000000000000001,39.1091451891,0.0007821829037820001,0.0,scaled_tp_0,0.23247315619622033,2427.681103524282,117
1233,2026-08-08 14:00:00+00:00,BTC_USDT,long,long,sell,65126.109391304344,0.0006000000000000001,39.07566563478261,0.0007815133126956522,0.0,grid_sell_tp,0.1989942714699215,2427.679547645752,118
1234,2026-08-08 14:00:00+00:00,BTC_USDT,short,short,sell,65126.109391304344,0.002,130.25221878260868,0.002605044375652174,0.0,grid_short,0.0,2427.6743613839853,103
1235,2026-08-08 15:00:00+00:00,BTC_USDT,long,long,buy,65126.109391304344,0.0005,32.56305469565217,0.0006512610939130434,0.0,grid_buy,0.0,2427.909580427239,118
1236,2026-08-08 16:00:00+00:00,BTC_USDT,long,long,funding,65078.9,0.0005,32.53945,0.0,0.0,funding,-0.0032539450000000003,2427.906326482239,118
1237,2026-08-08 16:00:00+00:00,BTC_USDT,short,short,funding,65078.9,0.00535,348.17211499999996,0.0,0.0,funding,0.0348172115,2427.941143693739,103
1238,2026-08-09 00:00:00+00:00,BTC_USDT,long,long,funding,64958.0,0.0005,32.479,0.0,0.0,funding,-0.0032479,2428.524260793739,118
1239,2026-08-09 00:00:00+00:00,BTC_USDT,short,short,funding,64958.0,0.00535,347.52529999999996,0.0,0.0,funding,0.03475253,2428.5590133237392,103
1240,2026-08-09 08:00:00+00:00,BTC_USDT,long,long,funding,64827.4,0.0005,32.4137,0.0,0.0,funding,-0.00324137,2429.189181953739,118
1241,2026-08-09 08:00:00+00:00,BTC_USDT,short,short,funding,64827.4,0.00535,346.82659,0.0,0.0,funding,0.034682659000000005,2429.2238646127394,103
1242,2026-08-09 16:00:00+00:00,BTC_USDT,long,long,funding,65234.8,0.0005,32.6174,0.0,0.0,funding,-0.0032617400000000004,2427.244712872739,118
1243,2026-08-09 16:00:00+00:00,BTC_USDT,short,short,funding,65234.8,0.00535,349.00618,0.0,0.0,funding,0.034900618,2427.279613490739,103
1244,2026-08-10 00:00:00+00:00,BTC_USDT,long,long,funding,64889.9,0.0005,32.44495,0.0,0.0,funding,-0.003244495,2428.949133995739,118
1245,2026-08-10 00:00:00+00:00,BTC_USDT,short,short,funding,64889.9,0.00535,347.160965,0.0,0.0,funding,0.0347160965,2428.983850092239,103
1246,2026-08-10 08:00:00+00:00,BTC_USDT,long,long,funding,65207.2,0.0005,32.6036,0.0,0.0,funding,-0.0032603600000000003,2427.441684732239,118
1247,2026-08-10 08:00:00+00:00,BTC_USDT,short,short,funding,65207.2,0.00535,348.85851999999994,0.0,0.0,funding,0.034885851999999995,2427.476570584239,103
1248,2026-08-10 13:00:00+00:00,BTC_USDT,long,long,buy,64555.3214347826,0.0007,45.188725004347816,0.0009037745000869564,0.0,grid_buy,0.0,2430.6045818053913,118
1249,2026-08-10 13:00:00+00:00,BTC_USDT,short,short,buy,64555.3214347826,0.002,129.1106428695652,0.002582212857391304,0.0,grid_cover_tp,0.4750638002509964,2430.617756722969,103
1250,2026-08-10 15:00:00+00:00,BTC_USDT,short,short,buy,64588.3186,0.0033499999999999997,216.37086730999997,0.004327417346199999,0.0,trailing_tp,0.6851891511320626,2430.209721995622,104
1251,2026-08-10 15:00:00+00:00,BTC_USDT,short,short,sell,64555.3214347826,0.0005,32.2776607173913,0.000645553214347826,0.0,grid_short,0.0,2430.3382871597996,104
1252,2026-08-10 16:00:00+00:00,BTC_USDT,long,long,funding,64296.8,0.0012000000000000001,77.15616000000001,0.0,0.0,funding,-0.0077156160000000015,2430.3305015437995,118
1253,2026-08-10 16:00:00+00:00,BTC_USDT,short,short,funding,64296.8,0.0005,32.1484,0.0,0.0,funding,0.0032148400000000005,2430.3337163837996,104
1254,2026-08-10 16:00:00+00:00,BTC_USDT,short,short,buy,64214.6902,0.0005,32.107345099999996,0.000642146902,0.0,trailing_tp,0.1696734704893012,2429.9028891368976,105
1255,2026-08-10 16:00:00+00:00,BTC_USDT,long,long,buy,63984.53347826086,0.001,63.984533478260865,0.0012796906695652175,0.0,grid_buy,0.0,2429.821175967967,118
1256,2026-08-10 16:00:00+00:00,BTC_USDT,short,short,sell,63984.53347826086,0.0005,31.992266739130432,0.0006398453347826088,0.0,grid_short,0.0,2429.8607528617626,105
1257,2026-08-11 00:00:00+00:00,BTC_USDT,long,long,funding,63973.8,0.0022,140.74236000000002,0.0,0.0,funding,-0.014074236000000002,2429.9651686257625,118
1258,2026-08-11 00:00:00+00:00,BTC_USDT,short,short,funding,63973.8,0.0005,31.986900000000002,0.0,0.0,funding,0.0031986900000000006,2429.968367315763,105
1259,2026-08-11 08:00:00+00:00,BTC_USDT,long,long,funding,64057.7,0.0022,140.92694,0.0,0.0,funding,-0.014092694000000001,2430.0969046217624,118
1260,2026-08-11 08:00:00+00:00,BTC_USDT,short,short,funding,64057.7,0.0005,32.02885,0.0,0.0,funding,0.003202885,2430.1001075067625,105
1261,2026-08-11 15:00:00+00:00,BTC_USDT,short,short,buy,63829.392199999995,0.0005,31.914696099999997,0.000638293922,0.0,trailing_tp,0.07693234520843385,2429.2218631128408,106
1262,2026-08-11 16:00:00+00:00,BTC_USDT,long,long,funding,63607.0,0.0022,139.93540000000002,0.0,0.0,funding,-0.013993540000000002,2429.2080895728404,118
1263,2026-08-11 18:00:00+00:00,BTC_USDT,long,long,buy,63413.745521739125,0.0015,95.12061828260869,0.001902412365652174,0.0,grid_buy,0.0,2428.6469188778665,118
1264,2026-08-11 18:00:00+00:00,BTC_USDT,short,short,sell,63413.745521739125,0.0005,31.70687276086956,0.0006341374552173912,0.0,grid_short,0.0,2428.6644075012805,106
1265,2026-08-12 00:00:00+00:00,BTC_USDT,long,long,funding,63598.1,0.0037,235.31297,0.0,0.0,funding,-0.023531297000000003,2429.3467962042805,118
1266,2026-08-12 00:00:00+00:00,BTC_USDT,short,short,funding,63598.1,0.0005,31.79905,0.0,0.0,funding,0.0031799050000000002,2429.3499761092808,106
1267,2026-08-12 08:00:00+00:00,BTC_USDT,long,long,funding,63837.5,0.0037,236.19875000000002,0.0,0.0,funding,-0.023619875000000002,2430.0924362342807,118
1268,2026-08-12 08:00:00+00:00,BTC_USDT,short,short,funding,63837.5,0.0005,31.91875,0.0,0.0,funding,0.0031918750000000003,2430.095628109281,106
1269,2026-08-12 09:00:00+00:00,BTC_USDT,long,long,sell,63984.53347826086,0.0015,95.9768002173913,0.0019195360043478263,0.0,grid_sell_tp,-0.04819964058718608,2430.7720687906676,118
1270,2026-08-12 09:00:00+00:00,BTC_USDT,short,short,sell,63984.53347826086,0.0007,44.789173434782604,0.0008957834686956522,0.0,grid_short,0.0,2430.6855864419813,106
1271,2026-08-12 12:00:00+00:00,BTC_USDT,long,long,sell,64399.47920260399,0.0011,70.8394271228644,0.001416788542457288,0.0,scaled_tp_0,0.4210847648742314,2431.0046867763035,118
1272,2026-08-12 14:00:00+00:00,BTC_USDT,short,short,buy,63364.224932065204,0.0006000000000000001,38.018534959239126,0.0007603706991847826,0.0,scaled_tp_0,0.22872776788777172,2431.082151446365,106
1273,2026-08-12 14:00:00+00:00,BTC_USDT,long,long,buy,63413.745521739125,0.0015,95.12061828260869,0.001902412365652174,0.0,grid_buy,0.0,2431.0135807513907,118
1274,2026-08-12 14:00:00+00:00,BTC_USDT,short,short,buy,63413.745521739125,0.0006000000000000001,38.048247313043476,0.0007609649462608696,0.0,grid_cover_tp,0.19901481983634317,2430.986152473401,107
1275,2026-08-12 15:00:00+00:00,BTC_USDT,short,short,sell,63413.745521739125,0.0005,31.70687276086956,0.0006341374552173912,0.0,grid_short,0.0,2431.160831096815,107
1276,2026-08-12 16:00:00+00:00,BTC_USDT,long,long,funding,63442.3,0.0026,164.94998,0.0,0.0,funding,-0.016494998,2431.144546098815,118
1277,2026-08-12 16:00:00+00:00,BTC_USDT,short,short,funding,63442.3,0.0005,31.72115,0.0,0.0,funding,0.003172115,2431.147718213815,107
1278,2026-08-13 00:00:00+00:00,BTC_USDT,long,long,funding,63480.7,0.0026,165.04981999999998,0.0,0.0,funding,-0.016504981999999998,2431.2118532318154,118
1279,2026-08-13 00:00:00+00:00,BTC_USDT,short,short,funding,63480.7,0.0005,31.74035,0.0,0.0,funding,0.003174035,2431.215027266815,107
1280,2026-08-13 05:00:00+00:00,BTC_USDT,long,long,sell,63984.53347826086,0.0015,95.9768002173913,0.0019195360043478263,0.0,grid_sell_tp,0.47245153596979883,2432.2072979482023,118
1281,2026-08-13 05:00:00+00:00,BTC_USDT,short,short,sell,63984.53347826086,0.0007,44.789173434782604,0.0008957834686956522,0.0,grid_short,0.0,2432.280905599516,107
1282,2026-08-13 08:00:00+00:00,BTC_USDT,long,long,funding,63860.0,0.0010999999999999998,70.246,0.0,0.0,funding,-0.0070246,2432.275690999516,118
1283,2026-08-13 08:00:00+00:00,BTC_USDT,short,short,funding,63860.0,0.0012000000000000001,76.632,0.0,0.0,funding,0.007663200000000001,2432.283354199516,107
1284,2026-08-13 11:00:00+00:00,BTC_USDT,short,short,buy,63364.224932065204,0.0006000000000000001,38.018534959239126,0.0007603706991847826,0.0,scaled_tp_0,0.22872776788777172,2432.3927088695777,107
1285,2026-08-13 11:00:00+00:00,BTC_USDT,long,long,buy,63413.745521739125,0.0015,95.12061828260869,0.001902412365652174,0.0,grid_buy,0.0,2432.4981381746034,118
1286,2026-08-13 11:00:00+00:00,BTC_USDT,short,short,buy,63413.745521739125,0.0006000000000000001,38.048247313043476,0.0007609649462608696,0.0,grid_cover_tp,0.19901481983634317,2432.5403098966135,108
1287,2026-08-13 14:00:00+00:00,BTC_USDT,long,long,sell,63984.53347826086,0.0015,95.9768002173913,0.0019195360043478263,0.0,grid_sell_tp,0.6927270337439049,2433.7010605780006,118
1288,2026-08-13 14:00:00+00:00,BTC_USDT,short,short,sell,63984.53347826086,0.0005,31.992266739130432,0.0006398453347826088,0.0,grid_short,0.0,2433.761937471796,108
1289,2026-08-13 15:00:00+00:00,BTC_USDT,short,short,buy,63800.6206,0.0005,31.9003103,0.000638006206,0.0,trailing_tp,0.09131843292443022,2433.30619916559,109
1290,2026-08-13 16:00:00+00:00,BTC_USDT,long,long,funding,63420.1,0.0010999999999999998,69.76210999999999,0.0,0.0,funding,-0.0069762109999999995,2433.29922295459,118
1291,2026-08-13 16:00:00+00:00,BTC_USDT,short,short,sell,63413.745521739125,0.0005,31.70687276086956,0.0006341374552173912,0.0,grid_short,0.0,2433.1386915780045,109
1292,2026-08-13 19:00:00+00:00,BTC_USDT,long,long,buy,63413.745521739125,0.0015,95.12061828260869,0.001902412365652174,0.0,grid_buy,0.0,2433.26923088303,118
1293,2026-08-14 00:00:00+00:00,BTC_USDT,long,long,funding,63486.5,0.0026,165.0649,0.0,0.0,funding,-0.01650649,2433.4259743930297,118
1294,2026-08-14 00:00:00+00:00,BTC_USDT,short,short,funding,63486.5,0.0005,31.74325,0.0,0.0,funding,0.003174325,2433.42914871803,109
1295,2026-08-14 06:00:00+00:00,BTC_USDT,short,short,buy,63033.26304860869,0.00025,15.758315762152174,0.0003151663152430435,0.0,scaled_tp_0,0.09480545196736508,2432.3401177895626,109
1296,2026-08-14 08:00:00+00:00,BTC_USDT,long,long,funding,62920.0,0.0026,163.59199999999998,0.0,0.0,funding,-0.0163592,2432.1945085895622,118
1297,2026-08-14 08:00:00+00:00,BTC_USDT,short,short,funding,62920.0,0.00025,15.73,0.0,0.0,funding,0.0015730000000000002,2432.1960815895623,109
1298,2026-08-14 08:00:00+00:00,BTC_USDT,long,long,buy,62842.95756521739,0.0021000000000000003,131.97021088695652,0.0026394042177391307,0.0,grid_buy,0.0,2432.4415612983885,118
1299,2026-08-14 08:00:00+00:00,BTC_USDT,short,short,sell,62842.95756521739,0.0007,43.990070295652174,0.0008798014059130436,0.0,grid_short,0.0,2432.373171792635,109
1300,2026-08-14 08:00:00+00:00,BTC_USDT,short,short,buy,62842.95756521739,0.0005,31.421478782608695,0.0006284295756521739,0.0,grid_cover_tp,0.07447524891405201,2432.4207645804504,109
1301,2026-08-14 15:00:00+00:00,BTC_USDT,short,short,buy,62913.3286,0.00045,28.310997869999998,0.0005662199574,0.0,trailing_tp,0.03536012503115805,2432.662700490493,110
1302,2026-08-14 16:00:00+00:00,BTC_USDT,long,long,funding,62988.5,0.0047,296.04595,0.0,0.0,funding,-0.029604595,2432.6330958954927,118
1303,2026-08-14 19:00:00+00:00,BTC_USDT,short,short,sell,62842.95756521739,0.0005,31.421478782608695,0.0006284295756521739,0.0,grid_short,0.0,2432.4719162485258,110
1304,2026-08-15 00:00:00+00:00,BTC_USDT,long,long,funding,63039.9,0.0047,296.28753,0.0,0.0,funding,-0.029628753,2432.745947495526,118
1305,2026-08-15 00:00:00+00:00,BTC_USDT,short,short,funding,63039.9,0.0005,31.51995,0.0,0.0,funding,0.0031519950000000003,2432.7490994905256,110
1306,2026-08-15 08:00:00+00:00,BTC_USDT,long,long,funding,63070.5,0.0047,296.43135,0.0,0.0,funding,-0.029643135,2432.847976355526,118
1307,2026-08-15 08:00:00+00:00,BTC_USDT,short,short,funding,63070.5,0.0005,31.53525,0.0,0.0,funding,0.0031535250000000003,2432.851129880526,110
1308,2026-08-15 16:00:00+00:00,BTC_USDT,long,long,funding,63096.3,0.0047,296.55261,0.0,0.0,funding,-0.029655261000000002,2432.929834619526,118
1309,2026-08-15 16:00:00+00:00,BTC_USDT,short,short,funding,63096.3,0.0005,31.548150000000003,0.0,0.0,funding,0.0031548150000000005,2432.932989434526,110
1310,2026-08-16 00:00:00+00:00,BTC_USDT,long,long,funding,63083.5,0.0047,296.49245,0.0,0.0,funding,-0.029649245000000005,2432.849580189526,118
1311,2026-08-16 00:00:00+00:00,BTC_USDT,short,short,funding,63083.5,0.0005,31.54175,0.0,0.0,funding,0.0031541750000000004,2432.852734364526,110
1312,2026-08-16 08:00:00+00:00,BTC_USDT,long,long,funding,63059.5,0.0047,296.37965,0.0,0.0,funding,-0.029637965000000006,2432.7222963995255,118
1313,2026-08-16 08:00:00+00:00,BTC_USDT,short,short,funding,63059.5,0.0005,31.52975,0.0,0.0,funding,0.003152975,2432.725449374526,110
1314,2026-08-16 16:00:00+00:00,BTC_USDT,long,long,funding,63141.4,0.0047,296.76458,0.0,0.0,funding,-0.029676458000000003,2433.0397529165257,118
1315,2026-08-16 16:00:00+00:00,BTC_USDT,short,short,funding,63141.4,0.0005,31.570700000000002,0.0,0.0,funding,0.0031570700000000005,2433.0429099865255,110
1316,2026-08-17 00:00:00+00:00,BTC_USDT,long,long,funding,62898.4,0.0047,295.62248,0.0,0.0,funding,-0.029562248,2431.992747738526,118
1317,2026-08-17 00:00:00+00:00,BTC_USDT,short,short,funding,62898.4,0.0005,31.4492,0.0,0.0,funding,0.0031449200000000003,2431.995892658526,110
1318,2026-08-17 02:00:00+00:00,BTC_USDT,long,long,sell,63413.745521739125,0.0021000000000000003,133.1688655956522,0.002663377311913044,0.0,grid_sell_tp,0.4799771388812974,2434.1363748768663,118
1319,2026-08-17 02:00:00+00:00,BTC_USDT,short,short,sell,63413.745521739125,0.0007,44.389621865217386,0.0008877924373043478,0.0,grid_short,0.0,2434.142588949646,110
1320,2026-08-17 08:00:00+00:00,BTC_USDT,long,long,funding,63518.8,0.0026,165.14888,0.0,0.0,funding,-0.016514888,2434.287354061646,118
1321,2026-08-17 08:00:00+00:00,BTC_USDT,short,short,funding,63518.8,0.0012000000000000001,76.22256000000002,0.0,0.0,funding,0.007622256000000002,2434.294976317646,110
1322,2026-08-17 09:00:00+00:00,BTC_USDT,long,long,sell,63331.8154,0.0026,164.66272003999998,0.0032932544007999998,0.0,trailing_tp,0.38124335388811437,2434.0434831032453,119
1323,2026-08-17 09:00:00+00:00,BTC_USDT,long,long,buy,63413.745521739125,0.0005,31.70687276086956,0.0006341374552173912,0.0,grid_buy,0.0,2433.9962262049203,119
1324,2026-08-17 13:00:00+00:00,BTC_USDT,long,long,sell,63794.22799486956,0.00025,15.94855699871739,0.0003189711399743478,0.0,scaled_tp_0,0.09480164714263377,2433.7844042324978,119
1325,2026-08-17 15:00:00+00:00,BTC_USDT,long,long,sell,63847.7014,0.00025,15.96192535,0.00031923850700000004,0.0,trailing_tp,0.10816973105821821,2433.188620343991,120
1326,2026-08-17 15:00:00+00:00,BTC_USDT,long,long,buy,63984.53347826086,0.0005,31.992266739130432,0.0006398453347826088,0.0,grid_buy,0.0,2433.2964637595255,120
1327,2026-08-17 16:00:00+00:00,BTC_USDT,long,long,funding,64201.6,0.0005,32.1008,0.0,0.0,funding,-0.00321008,2433.2931836795256,120
1328,2026-08-17 16:00:00+00:00,BTC_USDT,short,short,funding,64201.6,0.0012000000000000001,77.04192,0.0,0.0,funding,0.007704192000000001,2433.3008878715254,110
1329,2026-08-17 17:00:00+00:00,BTC_USDT,long,long,sell,64368.44067913043,0.00025,16.092110169782607,0.0003218422033956522,0.0,scaled_tp_0,0.09565495801399578,2433.2224811991045,120
1330,2026-08-17 18:00:00+00:00,BTC_USDT,long,long,buy,64555.3214347826,0.0007,45.188725004347816,0.0009037745000869564,0.0,grid_buy,0.0,2433.0369424202568,120
1331,2026-08-17 18:00:00+00:00,BTC_USDT,long,long,sell,64555.3214347826,0.0005,32.2776607173913,0.000645553214347826,0.0,grid_sell_tp,0.07445812527535636,2433.099507584434,120
1332,2026-08-17 18:00:00+00:00,BTC_USDT,short,short,sell,64555.3214347826,0.001,64.5553214347826,0.001291106428695652,0.0,grid_short,0.0,2433.224637912788,110
1333,2026-08-18 00:00:00+00:00,BTC_USDT,long,long,funding,64536.6,0.00045,29.041469999999997,0.0,0.0,funding,-0.0029041469999999997,2433.0332587657877,120
1334,2026-08-18 00:00:00+00:00,BTC_USDT,short,short,funding,64536.6,0.0022,141.98052,0.0,0.0,funding,0.014198052000000003,2433.047456817788,110
1335,2026-08-18 01:00:00+00:00,BTC_USDT,long,long,sell,64242.816399999996,0.00045,28.909267379999996,0.0005781853475999999,0.0,trailing_tp,-0.07361214035903786,2433.64705601244,121
1336,2026-08-18 08:00:00+00:00,BTC_USDT,short,short,funding,64194.0,0.0022,141.2268,0.0,0.0,funding,0.01412268,2433.6825186924398,110
1337,2026-08-18 14:00:00+00:00,BTC_USDT,long,long,buy,64555.3214347826,0.0005,32.2776607173913,0.000645553214347826,0.0,grid_buy,0.0,2432.6078624218344,121
1338,2026-08-18 16:00:00+00:00,BTC_USDT,long,long,funding,64855.6,0.0005,32.4278,0.0,0.0,funding,-0.00324278,2432.3732496418343,121
1339,2026-08-18 16:00:00+00:00,BTC_USDT,short,short,funding,64855.6,0.0022,142.68232,0.0,0.0,funding,0.014268232,2432.3875178738344,110
1340,2026-08-19 00:00:00+00:00,BTC_USDT,long,long,funding,64727.4,0.0005,32.3637,0.0,0.0,funding,-0.00323637,2432.6022215038342,121
1341,2026-08-19 00:00:00+00:00,BTC_USDT,short,short,funding,64727.4,0.0022,142.40028,0.0,0.0,funding,0.014240028000000002,2432.6164615318344,110
1342,2026-08-19 08:00:00+00:00,BTC_USDT,long,long,funding,64298.1,0.0005,32.14905,0.0,0.0,funding,-0.0032149050000000005,2433.3430566268344,121
1343,2026-08-19 08:00:00+00:00,BTC_USDT,short,short,funding,64298.1,0.0022,141.45582000000002,0.0,0.0,funding,0.014145582000000002,2433.357202208834,110
1344,2026-08-19 12:00:00+00:00,BTC_USDT,long,long,sell,64942.6533633913,0.00025,16.235663340847825,0.0003247132668169565,0.0,scaled_tp_0,0.09650826888535778,2432.378630836415,121
1345,2026-08-19 13:00:00+00:00,BTC_USDT,long,long,sell,64825.698,0.00025,16.2064245,0.00032412849,0.0,trailing_tp,0.06727001281434924,2432.086271207925,122
1346,2026-08-19 13:00:00+00:00,BTC_USDT,long,long,buy,65126.109391304344,0.0005,32.56305469565217,0.0006512610939130434,0.0,grid_buy,0.0,2432.026915251179,122
1347,2026-08-19 13:00:00+00:00,BTC_USDT,short,short,sell,65126.109391304344,0.0014,91.17655314782608,0.001823531062956522,0.0,grid_short,0.0,2432.189464867942,110
1348,2026-08-19 14:00:00+00:00,BTC_USDT,long,long,sell,65584.7164,0.0005,32.7923582,0.0006558471640000001,0.0,trailing_tp,0.22864765718383395,2429.1903772207784,123
1349,2026-08-19 14:00:00+00:00,BTC_USDT,long,long,buy,65126.109391304344,0.0005,32.56305469565217,0.0006512610939130434,0.0,grid_buy,0.0,2429.587471264032,123
1350,2026-08-19 14:00:00+00:00,BTC_USDT,long,long,buy,65696.89734782607,0.0005,32.84844867391304,0.0006569689734782609,0.0,grid_buy,0.0,2429.6991656211458,123
1351,2026-08-19 15:00:00+00:00,BTC_USDT,long,long,sell,69205.0632,0.001,69.20506320000001,0.0013841012640000005,0.0,trailing_tp,3.792175729170795,2423.5172047198816,124
1352,2026-08-19 15:00:00+00:00,BTC_USDT,long,long,buy,66267.68530434782,0.0005,33.13384265217391,0.0006626768530434783,0.0,grid_buy,0.0,2424.657949390855,124
1353,2026-08-19 15:00:00+00:00,BTC_USDT,long,long,buy,66838.47326086956,0.0005,33.41923663043478,0.0006683847326086957,0.0,grid_buy,0.0,2425.513294375687,124
1354,2026-08-19 15:00:00+00:00,BTC_USDT,long,long,buy,67409.2612173913,0.0005,33.704630608695645,0.000674092612173913,0.0,grid_buy,0.0,2426.0832396743795,124
1355,2026-08-19 15:00:00+00:00,BTC_USDT,long,long,buy,67980.04917391304,0.0005,33.99002458695652,0.0006798004917391305,0.0,grid_buy,0.0,2426.3677852869314,124
1356,2026-08-19 15:00:00+00:00,BTC_USDT,long,long,buy,68550.83713043478,0.0005,34.27541856521739,0.0006855083713043479,0.0,grid_buy,0.0,2426.3669312133425,124
1357,2026-08-19 15:00:00+00:00,BTC_USDT,short,short,sell,69121.62508695651,0.0019,131.33108766521738,0.0026266217533043477,0.0,grid_short,0.0,2427.4494422568064,110
1358,2026-08-19 15:00:00+00:00,BTC_USDT,short,short,sell,68550.83713043478,0.0019,130.2465905478261,0.002604931810956522,0.0,grid_short,0.0,2427.4474778728218,110
1359,2026-08-19 16:00:00+00:00,BTC_USDT,long,long,funding,68550.5,0.0025,171.37625,0.0,0.0,funding,-0.017137625,2427.4303402478217,124
1360,2026-08-19 16:00:00+00:00,BTC_USDT,short,short,funding,68550.5,0.0073999999999999995,507.27369999999996,0.0,0.0,funding,0.05072737,2427.4810676178217,110
1361,2026-08-19 16:00:00+00:00,BTC_USDT,long,long,sell,68573.078,0.0025,171.432695,0.0034286539,0.0,trailing_tp,2.9061133026217165,2428.1963839639216,125
1362,2026-08-19 16:00:00+00:00,BTC_USDT,long,long,buy,68550.83713043478,0.0005,34.27541856521739,0.0006855083713043479,0.0,grid_buy,0.0,2428.150779890333,125
1363,2026-08-19 16:00:00+00:00,BTC_USDT,short,short,buy,68550.83713043478,0.0019,130.2465905478261,0.002604931810956522,0.0,grid_cover_tp,-3.6371358117169352,2427.977484410696,110
1364,2026-08-19 17:00:00+00:00,BTC_USDT,long,long,buy,67980.04917391304,0.0007,47.58603442173913,0.0009517206884347827,0.0,grid_buy,0.0,2429.4612982682684,125
1365,2026-08-19 17:00:00+00:00,BTC_USDT,short,short,buy,67980.04917391304,0.0019,129.16209343043477,0.0025832418686086954,0.0,grid_cover_tp,-2.5526170043832725,2429.865221595965,110
1366,2026-08-19 20:00:00+00:00,BTC_USDT,long,long,sell,69169.8756,0.0012000000000000001,83.00385072,0.0016600770144000001,0.0,trailing_tp,1.1407376560290778,2427.9674122389506,126
1367,2026-08-19 20:00:00+00:00,BTC_USDT,long,long,buy,68550.83713043478,0.0005,34.27541856521739,0.0006855083713043479,0.0,grid_buy,0.0,2428.214308165362,126
1368,2026-08-19 20:00:00+00:00,BTC_USDT,long,long,buy,69121.62508695651,0.0005,34.56081254347826,0.0006912162508695652,0.0,grid_buy,0.0,2428.175804405633,126
1369,2026-08-19 20:00:00+00:00,BTC_USDT,short,short,sell,69121.62508695651,0.0019,131.33108766521738,0.0026266217533043477,0.0,grid_short,0.0,2428.316865449097,110
1370,2026-08-19 21:00:00+00:00,BTC_USDT,long,long,sell,69634.8688,0.001,69.63486879999999,0.001392697376,0.0,trailing_tp,0.7972449939283496,2425.214391551721,127
1371,2026-08-19 21:00:00+00:00,BTC_USDT,long,long,buy,69121.62508695651,0.0005,34.56081254347826,0.0006912162508695652,0.0,grid_buy,0.0,2425.5113377919915,127
1372,2026-08-19 21:00:00+00:00,BTC_USDT,long,long,buy,69692.41304347826,0.0005,34.84620652173913,0.0006969241304347826,0.0,grid_buy,0.0,2425.522884346122,127
1373,2026-08-19 21:00:00+00:00,BTC_USDT,short,short,sell,69692.41304347826,0.0027,188.1695152173913,0.0037633903043478266,0.0,grid_short,0.0,2425.4530061732094,110
1374,2026-08-19 22:00:00+00:00,BTC_USDT,long,long,sell,69823.46117960868,0.0005,34.91173058980434,0.0006982346117960869,0.0,scaled_tp_0,0.2075228225838569,2429.0260285284016,127
1375,2026-08-19 22:00:00+00:00,BTC_USDT,long,long,sell,69692.41304347826,0.0005,34.84620652173913,0.0006969241304347826,0.0,grid_sell_tp,0.14200006500000498,2429.24168812601,128
1376,2026-08-19 22:00:00+00:00,BTC_USDT,short,short,buy,69121.62508695651,0.0027,186.6283877347826,0.0037325677546956523,0.0,grid_cover_tp,-2.4403800740413653,2429.610757823473,110
1377,2026-08-20 00:00:00+00:00,BTC_USDT,short,short,funding,69342.9,0.005499999999999999,381.38594999999987,0.0,0.0,funding,0.03813859499999999,2429.191296418473,110
1378,2026-08-20 00:00:00+00:00,BTC_USDT,short,short,sell,69692.41304347826,0.0027,188.1695152173913,0.0037633903043478266,0.0,grid_short,0.0,2429.5145782455597,110
1379,2026-08-20 01:00:00+00:00,BTC_USDT,long,long,buy,69692.41304347826,0.0005,34.84620652173913,0.0006969241304347826,0.0,grid_buy,0.0,2427.0505547996904,128
1380,2026-08-20 03:00:00+00:00,BTC_USDT,long,long,buy,69121.62508695651,0.0007,48.38513756086956,0.0009677027512173912,0.0,grid_buy,0.0,2431.1722895360695,128
1381,2026-08-20 03:00:00+00:00,BTC_USDT,short,short,buy,69121.62508695651,0.0027,186.6283877347826,0.0037325677546956523,0.0,grid_cover_tp,-1.1306248947709165,2431.3561392335323,110
1382,2026-08-20 06:00:00+00:00,BTC_USDT,long,long,sell,69505.45,0.0012000000000000001,83.40654,0.0016681308000000004,0.0,trailing_tp,0.17352778659132304,2428.0549411027328,129
1383,2026-08-20 06:00:00+00:00,BTC_USDT,long,long,buy,69692.41304347826,0.0005,34.84620652173913,0.0006969241304347826,0.0,grid_buy,0.0,2428.137837656863,129
1384,2026-08-20 07:00:00+00:00,BTC_USDT,short,short,sell,69692.41304347826,0.0027,188.1695152173913,0.0037633903043478266,0.0,grid_short,0.0,2427.8951894839497,110
1385,2026-08-20 08:00:00+00:00,BTC_USDT,long,long,funding,69832.0,0.0005,34.916000000000004,0.0,0.0,funding,-0.0034916000000000005,2427.8916978839497,129
1386,2026-08-20 08:00:00+00:00,BTC_USDT,short,short,funding,69832.0,0.008199999999999999,572.6224,0.0,0.0,funding,0.05726224,2427.9489601239497,110
1387,2026-08-20 08:00:00+00:00,BTC_USDT,long,long,sell,71382.0226,0.0005,35.6910113,0.0007138202260000001,0.0,trailing_tp,0.8440909580348701,2414.3658776037237,130
1388,2026-08-20 08:00:00+00:00,BTC_USDT,long,long,buy,70263.201,0.0004,28.1052804,0.0005621056080000001,0.0,grid_buy,0.0,2414.893195098116,130
1389,2026-08-20 08:00:00+00:00,BTC_USDT,long,long,buy,70833.98895652173,0.0004,28.333595582608694,0.0005666719116521739,0.0,grid_buy,0.0,2415.1921928435954,130
1390,2026-08-20 08:00:00+00:00,BTC_USDT,long,long,buy,71404.77691304348,0.0004,28.56191076521739,0.0005712382153043479,0.0,grid_buy,0.0,2415.2628708401626,130
1391,2026-08-20 09:00:00+00:00,BTC_USDT,long,long,sell,71634.2998,0.0012000000000000001,85.96115976,0.0017192231952000002,0.0,trailing_tp,0.9586537889787151,2413.6344513769677,131
1392,2026-08-20 09:00:00+00:00,BTC_USDT,short,short,sell,71975.56486956522,0.0036000000000000003,259.1120335304348,0.0051822406706086965,0.0,grid_short,0.0,2414.301622666732,110
1393,2026-08-20 10:00:00+00:00,BTC_USDT,long,long,buy,71975.56486956522,0.0004,28.79022594782609,0.0005758045189565218,0.0,grid_buy,0.0,2411.8209409143874,131
1394,2026-08-20 13:00:00+00:00,BTC_USDT,long,long,buy,71404.77691304348,0.0006000000000000001,42.842866147826086,0.0008568573229565218,0.0,grid_buy,0.0,2415.4862179092383,131
1395,2026-08-20 13:00:00+00:00,BTC_USDT,short,short,buy,71404.77691304348,0.0036000000000000003,257.05719688695655,0.005141143937739131,0.0,grid_cover_tp,-5.320145221646152,2416.520119878344,110
1396,2026-08-20 14:00:00+00:00,BTC_USDT,long,long,sell,71975.56486956522,0.0006000000000000001,43.18533892173914,0.0008637067784347828,0.0,grid_sell_tp,0.20461995756939325,2415.7049750933043,131
1397,2026-08-20 14:00:00+00:00,BTC_USDT,short,short,sell,71975.56486956522,0.0036000000000000003,259.1120335304348,0.0051822406706086965,0.0,grid_short,0.0,2416.2616263830687,110
1398,2026-08-20 15:00:00+00:00,BTC_USDT,long,long,sell,72398.2882,0.00039999999999999996,28.959315279999995,0.0005791863055999999,0.0,trailing_tp,0.30549925543352885,2408.773002476763,132
1399,2026-08-20 15:00:00+00:00,BTC_USDT,long,long,buy,71975.56486956522,0.0004,28.79022594782609,0.0005758045189565218,0.0,grid_buy,0.0,2408.971680724418,132
1400,2026-08-20 15:00:00+00:00,BTC_USDT,long,long,buy,72546.35282608695,0.0004,29.01854113043478,0.0005803708226086957,0.0,grid_buy,0.0,2408.9420392231605,132
1401,2026-08-20 15:00:00+00:00,BTC_USDT,short,short,sell,72546.35282608695,0.005,362.7317641304348,0.007254635282608697,0.0,grid_short,0.0,2409.298048718313,110
1402,2026-08-20 16:00:00+00:00,BTC_USDT,long,long,funding,72473.7,0.0008,57.97896,0.0,0.0,funding,-0.005797896,2409.2922508223132,132
1403,2026-08-20 16:00:00+00:00,BTC_USDT,short,short,funding,72473.7,0.0168,1217.5581599999998,0.0,0.0,funding,0.12175581599999999,2409.414006638313,110
1404,2026-08-20 16:00:00+00:00,BTC_USDT,long,long,sell,72467.37120000001,0.0008,57.97389696000001,0.0011594779392000002,0.0,trailing_tp,0.1639704037999391,2403.342984120374,133
1405,2026-08-20 16:00:00+00:00,BTC_USDT,long,long,buy,72546.35282608695,0.0004,29.01854113043478,0.0005803708226086957,0.0,grid_buy,0.0,2403.4577426191163,133
1406,2026-08-20 20:00:00+00:00,BTC_USDT,long,long,sell,72981.63094304348,0.0002,14.596326188608696,0.00029192652377217393,0.0,scaled_tp_0,0.0867636968675334,2406.0581768812012,133
1407,2026-08-20 20:00:00+00:00,BTC_USDT,long,long,sell,73117.1407826087,0.0002,14.62342815652174,0.0002924685631304348,0.0,grid_sell_tp,0.11386512274121847,2406.1453525691595,134
1408,2026-08-20 22:00:00+00:00,BTC_USDT,long,long,buy,72546.35282608695,0.0004,29.01854113043478,0.0005803708226086957,0.0,grid_buy,0.0,2406.1965110679025,134
1409,2026-08-20 23:00:00+00:00,BTC_USDT,long,long,sell,72957.3138,0.0004,29.18292552,0.0005836585104000001,0.0,trailing_tp,0.1638007310548215,2400.559612929392,135
1410,2026-08-20 23:00:00+00:00,BTC_USDT,long,long,buy,73117.1407826087,0.0004,29.24685631304348,0.0005849371262608696,0.0,grid_buy,0.0,2400.5209716792224,135
1411,2026-08-21 00:00:00+00:00,BTC_USDT,long,long,funding,73028.2,0.0004,29.21128,0.0,0.0,funding,-0.002921128,2400.416370551222,135
1412,2026-08-21 00:00:00+00:00,BTC_USDT,short,short,funding,73028.2,0.0168,1226.87376,0.0,0.0,funding,0.122687376,2400.539057927222,110
1413,2026-08-21 00:00:00+00:00,BTC_USDT,long,long,sell,73543.078,0.0004,29.4172312,0.0005883446240000001,0.0,trailing_tp,0.1697865423325199,2389.402740782598,136
1414,2026-08-21 00:00:00+00:00,BTC_USDT,long,long,buy,73117.1407826087,0.0004,29.24685631304348,0.0005849371262608696,0.0,grid_buy,0.0,2389.636619532428,136
1415,2026-08-21 00:00:00+00:00,BTC_USDT,long,long,buy,73687.92873913042,0.0004,29.47517149565217,0.0005895034299130434,0.0,grid_buy,0.0,2389.6421785333464,136
1416,2026-08-21 01:00:00+00:00,BTC_USDT,long,long,sell,75329.1966,0.0008,60.26335728,0.0012052671456,0.0,trailing_tp,1.5401242041587493,2367.0067305462007,137
1417,2026-08-21 01:00:00+00:00,BTC_USDT,long,long,buy,73687.92873913042,0.0004,29.47517149565217,0.0005895034299130434,0.0,grid_buy,0.0,2367.5821695471186,137
1418,2026-08-21 01:00:00+00:00,BTC_USDT,long,long,buy,74258.71669565217,0.0004,29.70348667826087,0.0005940697335652175,0.0,grid_buy,0.0,2367.929288799124,137
1419,2026-08-21 01:00:00+00:00,BTC_USDT,long,long,buy,74829.5046521739,0.0004,29.931801860869562,0.0005986360372173913,0.0,grid_buy,0.0,2368.0480883022174,137
1420,2026-08-21 02:00:00+00:00,BTC_USDT,long,long,sell,74742.73659999999,0.0012000000000000001,89.69128391999999,0.0017938256784,0.0,trailing_tp,0.5790300595390021,2379.226378396539,138
1421,2026-08-21 03:00:00+00:00,BTC_USDT,long,long,buy,74258.71669565217,0.0004,29.70348667826087,0.0005940697335652175,0.0,grid_buy,0.0,2378.058097648545,138
1422,2026-08-21 04:00:00+00:00,BTC_USDT,long,long,sell,74594.233,0.0004,29.8376932,0.000596753864,0.0,trailing_tp,0.13360976787512968,2369.376834094681,139
1423,2026-08-21 04:00:00+00:00,BTC_USDT,long,long,buy,74829.5046521739,0.0004,29.931801860869562,0.0005986360372173913,0.0,grid_buy,0.0,2369.4561135977738,139
1424,2026-08-21 05:00:00+00:00,BTC_USDT,long,long,sell,75046.8012,0.0004,30.018720480000002,0.0006003744096000001,0.0,trailing_tp,0.08631824472084124,2362.0907137033646,140
1425,2026-08-21 05:00:00+00:00,BTC_USDT,long,long,buy,75400.29260869564,0.0004,30.16011704347826,0.0006032023408695653,0.0,grid_buy,0.0,2362.117193457545,140
1426,2026-08-21 07:00:00+00:00,BTC_USDT,long,long,sell,76455.49799999999,0.0004,30.582199199999998,0.000611643984,0.0,trailing_tp,0.4214705125377397,2348.2567810135615,141
1427,2026-08-21 07:00:00+00:00,BTC_USDT,long,long,buy,75971.08056521739,0.0004,30.388432226086955,0.0006077686445217391,0.0,grid_buy,0.0,2348.39434101883,141
1428,2026-08-21 08:00:00+00:00,BTC_USDT,long,long,funding,76316.5,0.0004,30.526600000000002,0.0,0.0,funding,-0.0030526600000000004,2348.39128835883,141
1429,2026-08-21 08:00:00+00:00,BTC_USDT,short,short,funding,76316.5,0.0168,1282.1172,0.0,0.0,funding,0.12821172,2348.51950007883,110
1430,2026-08-21 08:00:00+00:00,BTC_USDT,long,long,sell,79042.88,0.0004,31.617152000000004,0.0006323430400000001,0.0,trailing_tp,1.228087430873047,2299.91501973579,142
1431,2026-08-21 08:00:00+00:00,BTC_USDT,long,long,buy,76541.86852173912,0.0004,30.616747408695648,0.000612334948173913,0.0,grid_buy,0.0,2301.0074599921463,142
1432,2026-08-21 08:00:00+00:00,BTC_USDT,long,long,buy,77112.65647826086,0.0004,30.845062591304345,0.000616901251826087,0.0,grid_buy,0.0,2301.87158049959,142
1433,2026-08-21 08:00:00+00:00,BTC_USDT,long,long,buy,77683.4444347826,0.0004,31.073377773913045,0.0006214675554782609,0.0,grid_buy,0.0,2302.5073812581213,142
1434,2026-08-21 08:00:00+00:00,BTC_USDT,long,long,buy,78254.23239130434,0.0004,31.301692956521737,0.0006260338591304348,0.0,grid_buy,0.0,2302.9148622677403,142
1435,2026-08-21 08:00:00+00:00,BTC_USDT,long,long,buy,78825.02034782608,0.0004,31.530008139130434,0.0006306001627826087,0.0,grid_buy,0.0,2303.0940235284475,142
1436,2026-08-21 08:00:00+00:00,BTC_USDT,long,long,buy,79395.80830434783,0.0004,31.75832332173913,0.0006351664664347827,0.0,grid_buy,0.0,2303.044865040242,142
1437,2026-08-21 09:00:00+00:00,BTC_USDT,long,long,sell,78903.5212,0.0024000000000000002,189.36845088,0.0037873690176000005,0.0,trailing_tp,2.2394513196781105,2325.0004085512246,143
1438,2026-08-21 09:00:00+00:00,BTC_USDT,long,long,buy,77683.4444347826,0.0004,31.073377773913045,0.0006214675554782609,0.0,grid_buy,0.0,2325.092169309756,143
1439,2026-08-21 10:00:00+00:00,BTC_USDT,long,long,sell,78149.5451013913,0.0002,15.62990902027826,0.00031259818040556525,0.0,scaled_tp_0,0.09290753514133254,2326.8918457318537,143
1440,2026-08-21 11:00:00+00:00,BTC_USDT,long,long,buy,76541.86852173912,0.0006000000000000001,45.925121113043474,0.0009185024222608696,0.0,grid_buy,0.0,2344.670286116388,143
1441,2026-08-21 12:00:00+00:00,BTC_USDT,long,long,sell,77015.12,0.0008,61.612096,0.00123224192,0.0,trailing_tp,0.14905375807999863,2336.921869874468,144
1442,2026-08-21 12:00:00+00:00,BTC_USDT,long,long,buy,76541.86852173912,0.0004,30.616747408695648,0.000612334948173913,0.0,grid_buy,0.0,2337.1921501308243,144
1443,2026-08-21 12:00:00+00:00,BTC_USDT,long,long,buy,77112.65647826086,0.0004,30.845062591304345,0.000616901251826087,0.0,grid_buy,0.0,2337.234110638268,144
1444,2026-08-21 13:00:00+00:00,BTC_USDT,long,long,sell,77249.0082,0.0008,61.79920656,0.0012359841312000002,0.0,trailing_tp,0.3361605758688112,2336.5276812141365,145
1445,2026-08-21 13:00:00+00:00,BTC_USDT,long,long,buy,76541.86852173912,0.0004,30.616747408695648,0.000612334948173913,0.0,grid_buy,0.0,2336.815321470493,145
1446,2026-08-21 13:00:00+00:00,BTC_USDT,long,long,buy,77112.65647826086,0.0004,30.845062591304345,0.000616901251826087,0.0,grid_buy,0.0,2336.874641977937,145
1447,2026-08-21 14:00:00+00:00,BTC_USDT,long,long,sell,77288.22607499998,0.0004,30.915290429999995,0.0006183058086,0.0,scaled_tp_0,0.18376712419140065,2334.868754102128,145
1448,2026-08-21 14:00:00+00:00,BTC_USDT,long,long,sell,77112.65647826086,0.0004,30.845062591304345,0.000616901251826087,0.0,grid_sell_tp,0.11354069005252572,2334.759039792181,146
1449,2026-08-21 16:00:00+00:00,BTC_USDT,short,short,funding,77205.3,0.0168,1297.0490399999999,0.0,0.0,funding,0.12970490399999998,2337.9144246961805,110
1450,2026-08-21 16:00:00+00:00,BTC_USDT,long,long,buy,77112.65647826086,0.0004,30.845062591304345,0.000616901251826087,0.0,grid_buy,0.0,2333.5868252036244,146
1451,2026-08-21 17:00:00+00:00,BTC_USDT,long,long,sell,77575.33241713043,0.0002,15.515066483426086,0.0003103013296685217,0.0,scaled_tp_0,0.09222488644424438,2335.049841385721,146
1452,2026-08-21 17:00:00+00:00,BTC_USDT,long,long,sell,77683.4444347826,0.0002,15.536688886956522,0.00031073377773913047,0.0,grid_sell_tp,0.11384685752660978,2335.1093195389,147
1453,2026-08-21 18:00:00+00:00,BTC_USDT,long,long,buy,77112.65647826086,0.0004,30.845062591304345,0.000616901251826087,0.0,grid_buy,0.0,2339.2633200463433,147
1454,2026-08-21 21:00:00+00:00,BTC_USDT,long,long,sell,78211.9954,0.0004,31.28479816,0.0006256959632000001,0.0,trailing_tp,0.4391098727324551,2316.6310125103805,148
1455,2026-08-21 21:00:00+00:00,BTC_USDT,long,long,buy,77683.4444347826,0.0004,31.073377773913045,0.0006214675554782609,0.0,grid_buy,0.0,2316.9612132689117,148
1456,2026-08-21 21:00:00+00:00,BTC_USDT,long,long,buy,78254.23239130434,0.0004,31.301692956521737,0.0006260338591304348,0.0,grid_buy,0.0,2317.063094278531,148
1457,2026-08-21 22:00:00+00:00,BTC_USDT,long,long,sell,78287.3406,0.0008,62.62987248,0.0012525974496,0.0,trailing_tp,0.2535491521156195,2317.6997941610816,149
1458,2026-08-21 22:00:00+00:00,BTC_USDT,long,long,buy,78254.23239130434,0.0004,31.301692956521737,0.0006260338591304348,0.0,grid_buy,0.0,2317.7822351707005,149
1459,2026-08-21 23:00:00+00:00,BTC_USDT,long,long,sell,78723.75778565217,0.0002,15.744751557130435,0.0003148950311426087,0.0,scaled_tp_0,0.0935901838384236,2319.9225718328,149
1460,2026-08-22 00:00:00+00:00,BTC_USDT,long,long,funding,78336.0,0.0002,15.667200000000001,0.0,0.0,funding,-0.0015667200000000002,2319.9226651127997,149
1461,2026-08-22 00:00:00+00:00,BTC_USDT,short,short,funding,78336.0,0.0168,1316.0448,0.0,0.0,funding,0.13160448,2320.0542695927998,110
1462,2026-08-22 03:00:00+00:00,BTC_USDT,long,long,sell,78825.02034782608,0.0002,15.765004069565217,0.00031530008139130436,0.0,grid_sell_tp,0.11384229122295761,2318.9337583622837,150
1463,2026-08-22 04:00:00+00:00,BTC_USDT,long,long,buy,78254.23239130434,0.0004,31.301692956521737,0.0006260338591304348,0.0,grid_buy,0.0,2318.450359371903,150
1464,2026-08-22 05:00:00+00:00,BTC_USDT,long,long,buy,76541.86852173912,0.0006000000000000001,45.925121113043474,0.0009185024222608696,0.0,grid_buy,0.0,2336.190399756437,150
1465,2026-08-22 05:00:00+00:00,BTC_USDT,long,long,buy,77112.65647826086,0.0006000000000000001,46.26759388695652,0.0009253518777391304,0.0,grid_buy,0.0,2336.356480517603,150
1466,2026-08-22 06:00:00+00:00,BTC_USDT,long,long,sell,77112.65647826086,0.0006000000000000001,46.26759388695652,0.0009253518777391304,0.0,grid_sell_tp,-0.04373444861686888,2334.6243490526813,150
1467,2026-08-22 07:00:00+00:00,BTC_USDT,long,long,sell,77647.10900266304,0.0005,38.82355450133152,0.0007764710900266305,0.0,scaled_tp_0,0.23077554382845467,2337.854547082923,150
1468,2026-08-22 08:00:00+00:00,BTC_USDT,long,long,funding,77298.5,0.0005,38.64925,0.0,0.0,funding,-0.0038649250000000004,2337.819712157923,150
1469,2026-08-22 08:00:00+00:00,BTC_USDT,short,short,funding,77298.5,0.0168,1298.6147999999998,0.0,0.0,funding,0.12986148,2337.949573637923,110
1470,2026-08-22 10:00:00+00:00,BTC_USDT,long,long,buy,76541.86852173912,0.0008,61.233494817391296,0.001224669896347826,0.0,grid_buy,0.0,2343.578754150635,150
1471,2026-08-22 11:00:00+00:00,BTC_USDT,long,long,sell,77112.65647826086,0.0008,61.69012518260869,0.001233802503652174,0.0,grid_sell_tp,0.2578161162254496,2341.1486655307403,150
1472,2026-08-22 16:00:00+00:00,BTC_USDT,long,long,funding,76985.0,0.0004999999999999999,38.49249999999999,0.0,0.0,funding,-0.0038492499999999994,2343.50994628074,150
1473,2026-08-22 16:00:00+00:00,BTC_USDT,short,short,funding,76985.0,0.0168,1293.348,0.0,0.0,funding,0.1293348,2343.63928108074,110
1474,2026-08-22 16:00:00+00:00,BTC_USDT,long,long,sell,77090.167,0.0004999999999999999,38.54508349999999,0.0007709016699999999,0.0,trailing_tp,0.1498905584052582,2338.6090936790706,151
1475,2026-08-22 16:00:00+00:00,BTC_USDT,long,long,buy,77112.65647826086,0.0004,30.845062591304345,0.000616901251826087,0.0,grid_buy,0.0,2338.678414186514,151
1476,2026-08-23 00:00:00+00:00,BTC_USDT,long,long,funding,77078.1,0.0004,30.831240000000005,0.0,0.0,funding,-0.0030831240000000005,2342.109491062514,151
1477,2026-08-23 00:00:00+00:00,BTC_USDT,short,short,funding,77078.1,0.0168,1294.91208,0.0,0.0,funding,0.12949120800000002,2342.238982270514,110
1478,2026-08-23 04:00:00+00:00,BTC_USDT,long,long,buy,76541.86852173912,0.0006000000000000001,45.925121113043474,0.0009185024222608696,0.0,grid_buy,0.0,2350.1185226550483,151
1479,2026-08-23 05:00:00+00:00,BTC_USDT,long,long,buy,75971.08056521739,0.0009000000000000001,68.37397250869566,0.0013674794501739133,0.0,grid_buy,0.0,2358.8004326669025,151
1480,2026-08-23 08:00:00+00:00,BTC_USDT,long,long,funding,76004.3,0.0019000000000000002,144.40817,0.0,0.0,funding,-0.014440817000000002,2359.5399318499026,151
1481,2026-08-23 08:00:00+00:00,BTC_USDT,short,short,funding,76004.3,0.0168,1276.87224,0.0,0.0,funding,0.127687224,2359.6676190739026,110
1482,2026-08-23 08:00:00+00:00,BTC_USDT,long,long,sell,76541.86852173912,0.0009000000000000001,68.88768166956521,0.0013777536333913043,0.0,grid_sell_tp,0.13380886764808278,2352.5850129898345,151
1483,2026-08-23 10:00:00+00:00,BTC_USDT,long,long,sell,76850.01113174827,0.0005,38.42500556587413,0.0007685001113174827,0.0,scaled_tp_0,0.22840648338296457,2347.9363800555975,151
1484,2026-08-23 11:00:00+00:00,BTC_USDT,long,long,sell,76921.28640000001,0.0005,38.46064320000001,0.0007692128640000003,0.0,trailing_tp,0.26404340475615495,2339.2318640427334,152
1485,2026-08-23 11:00:00+00:00,BTC_USDT,long,long,buy,77112.65647826086,0.0004,30.845062591304345,0.000616901251826087,0.0,grid_buy,0.0,2339.306904550177,152
1486,2026-08-23 13:00:00+00:00,BTC_USDT,long,long,sell,77287.7742,0.0004,30.91510968,0.0006183021936,0.0,trailing_tp,0.06942878650205511,2336.3421959279835,153
1487,2026-08-23 14:00:00+00:00,BTC_USDT,long,long,buy,77112.65647826086,0.0004,30.845062591304345,0.000616901251826087,0.0,grid_buy,0.0,2341.192836435427,153
1488,2026-08-23 16:00:00+00:00,BTC_USDT,long,long,funding,77147.9,0.0004,30.85916,0.0,0.0,funding,-0.003085916,2341.8965905194273,153
1489,2026-08-23 16:00:00+00:00,BTC_USDT,short,short,funding,77147.9,0.0168,1296.0847199999998,0.0,0.0,funding,0.129608472,2342.026198991427,110
1490,2026-08-23 21:00:00+00:00,BTC_USDT,long,long,sell,77582.4952,0.0004,31.032998080000002,0.0006206599616000001,0.0,trailing_tp,0.18731482873405714,2330.5922964114657,154
1491,2026-08-23 21:00:00+00:00,BTC_USDT,long,long,buy,77683.4444347826,0.0004,31.073377773913045,0.0006214675554782609,0.0,grid_buy,0.0,2330.653817169997,154
1492,2026-08-24 00:00:00+00:00,BTC_USDT,long,long,funding,77727.0,0.0004,31.0908,0.0,0.0,funding,-0.00310908,2332.484228089997,154
1493,2026-08-24 00:00:00+00:00,BTC_USDT,short,short,funding,77727.0,0.0168,1305.8136,0.0,0.0,funding,0.13058136,2332.614809449997,110
1494,2026-08-24 02:00:00+00:00,BTC_USDT,long,long,buy,77112.65647826086,0.0006000000000000001,46.26759388695652,0.0009253518777391304,0.0,grid_buy,0.0,2336.976730211163,154
1495,2026-08-24 07:00:00+00:00,BTC_USDT,long,long,sell,77683.4444347826,0.0006000000000000001,46.61006666086957,0.0009322013332173915,0.0,grid_sell_tp,0.20455146301460192,2339.702384670699,154
1496,2026-08-24 08:00:00+00:00,BTC_USDT,long,long,funding,77315.7,0.00039999999999999996,30.926279999999995,0.0,0.0,funding,-0.0030926279999999996,2339.6976520426992,154
1497,2026-08-24 08:00:00+00:00,BTC_USDT,short,short,funding,77315.7,0.0168,1298.90376,0.0,0.0,funding,0.129890376,2339.8275424186995,110
1498,2026-08-24 08:00:00+00:00,BTC_USDT,long,long,buy,77112.65647826086,0.0006000000000000001,46.26759388695652,0.0009253518777391304,0.0,grid_buy,0.0,2344.219183179865,154
1499,2026-08-24 10:00:00+00:00,BTC_USDT,long,long,sell,77545.2202,0.001,77.5452202,0.0015509044040000002,0.0,trailing_tp,0.3396867442916491,2335.133052475461,155
1500,2026-08-24 10:00:00+00:00,BTC_USDT,long,long,buy,77683.4444347826,0.0004,31.073377773913045,0.0006214675554782609,0.0,grid_buy,0.0,2335.1054132339927,155
1501,2026-08-24 11:00:00+00:00,BTC_USDT,long,long,sell,78128.4,0.0004,31.25136,0.0006250272,0.0,trailing_tp,0.17735719888695506,2321.491788206793,156
1502,2026-08-24 11:00:00+00:00,BTC_USDT,long,long,buy,77683.4444347826,0.0004,31.073377773913045,0.0006214675554782609,0.0,grid_buy,0.0,2321.7931489653242,156
1503,2026-08-24 11:00:00+00:00,BTC_USDT,long,long,buy,78254.23239130434,0.0004,31.301692956521737,0.0006260338591304348,0.0,grid_buy,0.0,2321.866189974943,156
1504,2026-08-24 12:00:00+00:00,BTC_USDT,long,long,sell,78848.6524,0.0008,63.078921920000006,0.0012615784384000003,0.0,trailing_tp,0.7025896111268278,2310.117290316505,157
1505,2026-08-24 12:00:00+00:00,BTC_USDT,long,long,buy,78254.23239130434,0.0004,31.301692956521737,0.0006260338591304348,0.0,grid_buy,0.0,2310.477851326124,157
1506,2026-08-24 12:00:00+00:00,BTC_USDT,long,long,buy,78825.02034782608,0.0004,31.530008139130434,0.0006306001627826087,0.0,grid_buy,0.0,2310.610092586831,157
1507,2026-08-24 13:00:00+00:00,BTC_USDT,long,long,sell,78944.6728,0.0008,63.155738240000005,0.0012631147648,0.0,trailing_tp,0.3227740295830274,2319.905607712066,158
1508,2026-08-24 13:00:00+00:00,BTC_USDT,long,long,buy,78254.23239130434,0.0004,31.301692956521737,0.0006260338591304348,0.0,grid_buy,0.0,2320.040768721685,158
1509,2026-08-24 14:00:00+00:00,BTC_USDT,long,long,sell,79358.07740000001,0.0004,31.743230960000005,0.0006348646192000002,0.0,trailing_tp,0.4409031388590691,2305.0074848170657,159
1510,2026-08-24 14:00:00+00:00,BTC_USDT,long,long,buy,78825.02034782608,0.0004,31.530008139130434,0.0006306001627826087,0.0,grid_buy,0.0,2305.2795260777725,159
1511,2026-08-24 14:00:00+00:00,BTC_USDT,long,long,buy,79395.80830434783,0.0004,31.75832332173913,0.0006351664664347827,0.0,grid_buy,0.0,2305.323247589567,159
1512,2026-08-24 15:00:00+00:00,BTC_USDT,long,long,sell,79520.0,0.0008,63.616,0.0012723200000000002,0.0,trailing_tp,0.32639621913044325,2312.205495269567,160
1513,2026-08-24 15:00:00+00:00,BTC_USDT,long,long,buy,78825.02034782608,0.0004,31.530008139130434,0.0006306001627826087,0.0,grid_buy,0.0,2312.3138965302737,160
1514,2026-08-24 16:00:00+00:00,BTC_USDT,long,long,funding,79097.6,0.0004,31.639040000000005,0.0,0.0,funding,-0.003163904000000001,2312.3107326262734,160
1515,2026-08-24 16:00:00+00:00,BTC_USDT,short,short,funding,79097.6,0.0168,1328.83968,0.0,0.0,funding,0.13288396800000002,2312.4436165942734,110
1516,2026-08-24 16:00:00+00:00,BTC_USDT,long,long,sell,79381.6352,0.0004,31.752654080000003,0.0006350530816000001,0.0,trailing_tp,0.22201088778796932,2313.3344356211924,161
1517,2026-08-24 17:00:00+00:00,BTC_USDT,long,long,buy,78825.02034782608,0.0004,31.530008139130434,0.0006306001627826087,0.0,grid_buy,0.0,2318.122916881899,161
1518,2026-08-25 00:00:00+00:00,BTC_USDT,long,long,funding,78984.9,0.0004,31.59396,0.0,0.0,funding,-0.003159396,2314.510117485899,161
1519,2026-08-25 00:00:00+00:00,BTC_USDT,short,short,funding,78984.9,0.0168,1326.9463199999998,0.0,0.0,funding,0.13269463199999998,2314.642812117899,110
1520,2026-08-25 00:00:00+00:00,BTC_USDT,long,long,sell,79406.4852,0.0004,31.76259408,0.0006352518816,0.0,trailing_tp,0.23195068898796584,2302.1990509460175,162
1521,2026-08-25 00:00:00+00:00,BTC_USDT,long,long,buy,78825.02034782608,0.0004,31.530008139130434,0.0006306001627826087,0.0,grid_buy,0.0,2302.562652206724,162
1522,2026-08-25 00:00:00+00:00,BTC_USDT,long,long,buy,79395.80830434783,0.0004,31.75832332173913,0.0006351664664347827,0.0,grid_buy,0.0,2302.6979337185185,162
1523,2026-08-25 01:00:00+00:00,BTC_USDT,long,long,sell,79500.12,0.0008,63.600096,0.00127200192,0.0,trailing_tp,0.31049253721043957,2301.0953977165987,163
1524,2026-08-25 01:00:00+00:00,BTC_USDT,long,long,buy,79966.59626086956,0.0004,31.986638504347823,0.0006397327700869565,0.0,grid_buy,0.0,2301.035999479481,163
1525,2026-08-25 02:00:00+00:00,BTC_USDT,long,long,sell,80781.5848,0.0004,32.31263392,0.0006462526784000001,0.0,trailing_tp,0.3253491629737766,2287.5903471468027,164
1526,2026-08-25 02:00:00+00:00,BTC_USDT,long,long,buy,79966.59626086956,0.0004,31.986638504347823,0.0006397327700869565,0.0,grid_buy,0.0,2287.860228909685,164
1527,2026-08-25 02:00:00+00:00,BTC_USDT,long,long,buy,80537.3842173913,0.0004,32.21495368695652,0.0006442990737391304,0.0,grid_buy,0.0,2287.9017909236545,164
1528,2026-08-25 03:00:00+00:00,BTC_USDT,long,long,sell,80465.8904,0.0008,64.37271232,0.0012874542464000002,0.0,trailing_tp,0.16983267444926678,2290.4855357894075,165
1529,2026-08-25 03:00:00+00:00,BTC_USDT,long,long,buy,80537.3842173913,0.0004,32.21495368695652,0.0006442990737391304,0.0,grid_buy,0.0,2290.4621778033775,165
1530,2026-08-25 07:00:00+00:00,BTC_USDT,long,long,buy,79395.80830434783,0.0006000000000000001,47.6374849826087,0.000952749699652174,0.0,grid_buy,0.0,2303.428200071069,165
1531,2026-08-25 08:00:00+00:00,BTC_USDT,long,long,funding,79701.1,0.001,79.70110000000001,0.0,0.0,funding,-0.00797011,2303.4202299610693,165
1532,2026-08-25 08:00:00+00:00,BTC_USDT,short,short,funding,79701.1,0.0168,1338.97848,0.0,0.0,funding,0.133897848,2303.554127809069,110
1533,2026-08-25 08:00:00+00:00,BTC_USDT,long,long,buy,79966.59626086956,0.0008,63.973277008695646,0.001279465540173913,0.0,grid_buy,0.0,2299.8559513348337,165
1534,2026-08-25 08:00:00+00:00,BTC_USDT,long,long,sell,79966.59626086956,0.0006000000000000001,47.979957756521735,0.0009595991551304348,0.0,grid_sell_tp,0.037092931279649625,2299.8749094922,165
1535,2026-08-25 10:00:00+00:00,BTC_USDT,long,long,buy,79395.80830434783,0.0008,63.51664664347826,0.0012703329328695653,0.0,grid_buy,0.0,2309.531512515789,165
1536,2026-08-25 12:00:00+00:00,BTC_USDT,long,long,buy,78825.02034782608,0.0012000000000000001,94.5900244173913,0.0018918004883478263,0.0,grid_buy,0.0,2314.4865962979093,165
1537,2026-08-25 13:00:00+00:00,BTC_USDT,long,long,buy,78254.23239130434,0.0017000000000000001,133.0321950652174,0.0026606439013043483,0.0,grid_buy,0.0,2319.7003305887906,165
1538,2026-08-25 14:00:00+00:00,BTC_USDT,long,long,sell,78825.02034782608,0.0017000000000000001,134.00253459130434,0.002680050691826087,0.0,grid_sell_tp,-0.27331896613105994,2312.1331951294032,165
1539,2026-08-25 15:00:00+00:00,BTC_USDT,long,long,sell,79458.12502810826,0.0015999999999999999,127.1330000449732,0.002542660000899464,0.0,scaled_tp_0,0.7557058492136629,2308.4778125143753,165
1540,2026-08-25 15:00:00+00:00,BTC_USDT,long,long,sell,79395.80830434783,0.0012000000000000001,95.2749699652174,0.001905499399304348,0.0,grid_sell_tp,0.4920008139990946,2308.3553169801935,165
1541,2026-08-25 16:00:00+00:00,BTC_USDT,long,long,funding,79496.3,0.00039999999999999975,31.798519999999982,0.0,0.0,funding,-0.003179851999999998,2308.352137128193,165
1542,2026-08-25 16:00:00+00:00,BTC_USDT,short,short,funding,79496.3,0.0168,1335.53784,0.0,0.0,funding,0.133553784,2308.4856909121936,110
1543,2026-08-25 17:00:00+00:00,BTC_USDT,long,long,buy,78825.02034782608,0.0012000000000000001,94.5900244173913,0.0018918004883478263,0.0,grid_buy,0.0,2313.309734694314,165
1544,2026-08-25 20:00:00+00:00,BTC_USDT,long,long,buy,78254.23239130434,0.0017000000000000001,133.0321950652174,0.0026606439013043483,0.0,grid_buy,0.0,2328.8374889851953,165
1545,2026-08-25 22:00:00+00:00,BTC_USDT,long,long,sell,78825.02034782608,0.0017000000000000001,134.00253459130434,0.002680050691826087,0.0,grid_sell_tp,0.46438710936035726,2319.462493525808,165
1546,2026-08-26 00:00:00+00:00,BTC_USDT,long,long,funding,78529.9,0.0015999999999999999,125.64783999999997,0.0,0.0,funding,-0.012564783999999997,2324.931048741808,165
1547,2026-08-26 00:00:00+00:00,BTC_USDT,short,short,funding,78529.9,0.0168,1319.3023199999998,0.0,0.0,funding,0.13193023199999998,2325.0629789738077,110
1548,2026-08-26 02:00:00+00:00,BTC_USDT,long,long,sell,78760.4846,0.0015999999999999999,126.01677535999998,0.0025203355071999997,0.0,trailing_tp,0.33381508919664854,2315.6921139983006,166
1549,2026-08-26 02:00:00+00:00,BTC_USDT,long,long,buy,78825.02034782608,0.0004,31.530008139130434,0.0006306001627826087,0.0,grid_buy,0.0,2315.8052752590074,166
1550,2026-08-26 08:00:00+00:00,BTC_USDT,long,long,funding,78929.7,0.0004,31.57188,0.0,0.0,funding,-0.003157188,2318.7508380710074,166
1551,2026-08-26 08:00:00+00:00,BTC_USDT,short,short,funding,78929.7,0.0168,1326.0189599999999,0.0,0.0,funding,0.132601896,2318.8834399670077,110
1552,2026-08-26 09:00:00+00:00,BTC_USDT,long,long,buy,78254.23239130434,0.0006000000000000001,46.95253943478261,0.0009390507886956523,0.0,grid_buy,0.0,2326.879681481436,166
1553,2026-08-26 10:00:00+00:00,BTC_USDT,long,long,sell,78825.02034782608,0.0006000000000000001,47.29501220869565,0.0009459002441739131,0.0,grid_sell_tp,0.20453776410365412,2322.5893077898872,166
1554,2026-08-26 12:00:00+00:00,BTC_USDT,long,long,buy,78254.23239130434,0.0006000000000000001,46.95253943478261,0.0009390507886956523,0.0,grid_buy,0.0,2329.3548493043163,166
1555,2026-08-26 15:00:00+00:00,BTC_USDT,long,long,buy,77683.4444347826,0.0008,62.14675554782609,0.0012429351109565219,0.0,grid_buy,0.0,2334.430130821379,166
1556,2026-08-26 16:00:00+00:00,BTC_USDT,long,long,funding,78009.2,0.0018,140.41656,0.0,0.0,funding,-0.014041656000000001,2334.4175891653795,166
1557,2026-08-26 16:00:00+00:00,BTC_USDT,short,short,funding,78009.2,0.0168,1310.5545599999998,0.0,0.0,funding,0.131055456,2334.548644621379,110
1558,2026-08-26 17:00:00+00:00,BTC_USDT,long,long,sell,78519.59327569275,0.0009,70.66763394812348,0.0014133526789624697,0.0,scaled_tp_0,0.4200635893575596,2328.1600452168236,166
1559,2026-08-26 17:00:00+00:00,BTC_USDT,long,long,sell,78254.23239130434,0.0008,62.603385913043475,0.0012520677182608696,0.0,grid_sell_tp,0.16110539547013872,2328.010339062149,166
1560,2026-08-26 21:00:00+00:00,BTC_USDT,long,long,sell,78825.02034782608,9.999999999999994e-05,7.882502034782603,0.00015765004069565207,0.0,grid_sell_tp,0.0772158285100287,2323.321183446891,167
1561,2026-08-26 22:00:00+00:00,BTC_USDT,long,long,buy,78825.02034782608,0.0004,31.530008139130434,0.0006306001627826087,0.0,grid_buy,0.0,2323.398744707598,167
1562,2026-08-27 00:00:00+00:00,BTC_USDT,long,long,funding,79027.3,0.0004,31.610920000000004,0.0,0.0,funding,-0.0031610920000000003,2318.2558236155974,167
1563,2026-08-27 00:00:00+00:00,BTC_USDT,short,short,funding,79027.3,0.0168,1327.6586399999999,0.0,0.0,funding,0.13276586399999998,2318.3885894795976,110
1564,2026-08-27 08:00:00+00:00,BTC_USDT,long,long,funding,79083.0,0.0004,31.633200000000002,0.0,0.0,funding,-0.0031633200000000003,2317.471946159598,167
1565,2026-08-27 08:00:00+00:00,BTC_USDT,short,short,funding,79083.0,0.0168,1328.5944,0.0,0.0,funding,0.13285944,2317.604805599598,110
1566,2026-08-27 08:00:00+00:00,BTC_USDT,long,long,sell,79540.9734,0.0004,31.816389360000002,0.0006363277872000001,0.0,trailing_tp,0.2857448930823686,2306.3616786318103,168
1567,2026-08-27 08:00:00+00:00,BTC_USDT,long,long,buy,79395.80830434783,0.0004,31.75832332173913,0.0006351664664347827,0.0,grid_buy,0.0,2306.5079601436046,168
1568,2026-08-27 09:00:00+00:00,BTC_USDT,long,long,sell,80037.77459999999,0.0004,32.01510984,0.0006403021968,0.0,trailing_tp,0.25614621606406573,2302.8321496814083,169
1569,2026-08-27 09:00:00+00:00,BTC_USDT,long,long,buy,79966.59626086956,0.0004,31.986638504347823,0.0006397327700869565,0.0,grid_buy,0.0,2302.84023144429,169
1570,2026-08-27 10:00:00+00:00,BTC_USDT,long,long,buy,79395.80830434783,0.0006000000000000001,47.6374849826087,0.000952749699652174,0.0,grid_buy,0.0,2309.010813711982,169
1571,2026-08-27 14:00:00+00:00,BTC_USDT,long,long,sell,79907.66,0.001,79.90766,0.0015981532000000002,0.0,trailing_tp,0.2819383598434802,2299.431615558782,170
1572,2026-08-27 14:00:00+00:00,BTC_USDT,long,long,buy,79395.80830434783,0.0004,31.75832332173913,0.0006351664664347827,0.0,grid_buy,0.0,2299.7556570705765,170
1573,2026-08-27 14:00:00+00:00,BTC_USDT,long,long,buy,79966.59626086956,0.0004,31.986638504347823,0.0006397327700869565,0.0,grid_buy,0.0,2299.8513788334585,170
1574,2026-08-27 15:00:00+00:00,BTC_USDT,long,long,sell,80315.10059999999,0.0008,64.25208047999999,0.0012850416095999998,0.0,trailing_tp,0.5058336123034403,2298.3468942718487,171
1575,2026-08-27 16:00:00+00:00,BTC_USDT,short,short,funding,80302.1,0.0168,1349.07528,0.0,0.0,funding,0.134907528,2298.4818017998487,110
1576,2026-08-27 17:00:00+00:00,BTC_USDT,long,long,buy,80537.3842173913,0.0004,32.21495368695652,0.0006442990737391304,0.0,grid_buy,0.0,2296.112363813819,171
1577,2026-08-27 18:00:00+00:00,BTC_USDT,long,long,buy,79966.59626086956,0.0006000000000000001,47.979957756521735,0.0009595991551304348,0.0,grid_buy,0.0,2300.8420464581413,171
1578,2026-08-28 00:00:00+00:00,BTC_USDT,long,long,funding,80256.4,0.001,80.2564,0.0,0.0,funding,-0.00802564,2299.3014208181417,171
1579,2026-08-28 00:00:00+00:00,BTC_USDT,short,short,funding,80256.4,0.0168,1348.3075199999998,0.0,0.0,funding,0.134830752,2299.4362515701414,110
1580,2026-08-28 00:00:00+00:00,BTC_USDT,long,long,sell,80676.0809121391,0.0005,40.33804045606956,0.0008067608091213912,0.0,scaled_tp_0,0.2397779735213126,2294.4895952654024,171
1581,2026-08-28 00:00:00+00:00,BTC_USDT,long,long,sell,80537.3842173913,0.0005,40.26869210869565,0.0008053738421739131,0.0,grid_sell_tp,0.1704310131143567,2294.4711320002552,172
1582,2026-08-28 01:00:00+00:00,BTC_USDT,long,long,buy,80537.3842173913,0.0004,32.21495368695652,0.0006442990737391304,0.0,grid_buy,0.0,2295.6555740142253,172
1583,2026-08-28 02:00:00+00:00,BTC_USDT,long,long,buy,79966.59626086956,0.0006000000000000001,47.979957756521735,0.0009595991551304348,0.0,grid_buy,0.0,2305.0019766585483,172
1584,2026-08-28 08:00:00+00:00,BTC_USDT,long,long,funding,79667.0,0.001,79.667,0.0,0.0,funding,-0.0079667,2309.1494099585484,172
1585,2026-08-28 08:00:00+00:00,BTC_USDT,short,short,funding,79667.0,0.0168,1338.4055999999998,0.0,0.0,funding,0.13384056,2309.2832505185484,110
1586,2026-08-28 09:00:00+00:00,BTC_USDT,long,long,buy,79395.80830434783,0.0008,63.51664664347826,0.0012703329328695653,0.0,grid_buy,0.0,2315.3219335421372,172
1587,2026-08-28 14:00:00+00:00,BTC_USDT,long,long,buy,78825.02034782608,0.0012000000000000001,94.5900244173913,0.0018918004883478263,0.0,grid_buy,0.0,2312.1744573242577,172
1588,2026-08-28 15:00:00+00:00,BTC_USDT,long,long,sell,79395.80830434783,0.0012000000000000001,95.2749699652174,0.001905499399304348,0.0,grid_sell_tp,-0.047568535921026445,2330.3025817900757,172
1589,2026-08-28 16:00:00+00:00,BTC_USDT,long,long,funding,78325.5,0.0018,140.9859,0.0,0.0,funding,-0.01409859,2330.2884832000755,172
1590,2026-08-28 16:00:00+00:00,BTC_USDT,short,short,funding,78325.5,0.0168,1315.8683999999998,0.0,0.0,funding,0.13158683999999998,2330.4200700400756,110
1591,2026-08-28 16:00:00+00:00,BTC_USDT,long,long,buy,77112.65647826086,0.0012000000000000001,92.53518777391304,0.0018507037554782609,0.0,grid_buy,0.0,2339.2345515624074,172
1592,2026-08-28 16:00:00+00:00,BTC_USDT,long,long,buy,77683.4444347826,0.0012000000000000001,93.22013332173914,0.001864402666434783,0.0,grid_buy,0.0,2339.3630738380016,172
1593,2026-08-28 17:00:00+00:00,BTC_USDT,long,long,sell,77683.4444347826,0.0012000000000000001,93.22013332173914,0.001864402666434783,0.0,grid_sell_tp,-0.706379823287527,2337.594142757074,172
1594,2026-08-29 00:00:00+00:00,BTC_USDT,long,long,funding,77845.5,0.0030000000000000005,233.53650000000005,0.0,0.0,funding,-0.023353650000000007,2338.4705491070745,172
1595,2026-08-29 00:00:00+00:00,BTC_USDT,short,short,funding,77845.5,0.0168,1307.8044,0.0,0.0,funding,0.13078044,2338.6013295470743,110
1596,2026-08-29 08:00:00+00:00,BTC_USDT,long,long,funding,77626.0,0.0030000000000000005,232.87800000000004,0.0,0.0,funding,-0.023287800000000004,2341.6071417470744,172
1597,2026-08-29 08:00:00+00:00,BTC_USDT,short,short,funding,77626.0,0.0168,1304.1168,0.0,0.0,funding,0.13041168,2341.737553427074,110
1598,2026-08-29 16:00:00+00:00,BTC_USDT,long,long,funding,77861.4,0.0030000000000000005,233.5842,0.0,0.0,funding,-0.02335842,2338.4656750070744,172
1599,2026-08-29 16:00:00+00:00,BTC_USDT,short,short,funding,77861.4,0.0168,1308.0715199999997,0.0,0.0,funding,0.13080715199999998,2338.596482159074,110
1600,2026-08-29 18:00:00+00:00,BTC_USDT,long,long,buy,78254.23239130434,0.0017000000000000001,133.0321950652174,0.0026606439013043483,0.0,grid_buy,0.0,2334.2355064499557,172
1601,2026-08-29 18:00:00+00:00,BTC_USDT,long,long,sell,78254.23239130434,0.0012000000000000001,93.90507886956522,0.0018781015773913045,0.0,grid_sell_tp,-0.014369509744414052,2334.3390272179436,172
1602,2026-08-30 00:00:00+00:00,BTC_USDT,long,long,funding,78230.8,0.003500000000000001,273.8078000000001,0.0,0.0,funding,-0.02738078000000001,2333.4551264379434,172
1603,2026-08-30 00:00:00+00:00,BTC_USDT,short,short,funding,78230.8,0.0168,1314.27744,0.0,0.0,funding,0.131427744,2333.586554181943,110
1604,2026-08-30 08:00:00+00:00,BTC_USDT,long,long,funding,78110.5,0.003500000000000001,273.38675000000006,0.0,0.0,funding,-0.027338675000000007,2335.159205506943,172
1605,2026-08-30 08:00:00+00:00,BTC_USDT,short,short,funding,78110.5,0.0168,1312.2564,0.0,0.0,funding,0.13122564,2335.290431146943,110
1606,2026-08-30 12:00:00+00:00,BTC_USDT,long,long,sell,78734.22974949885,0.0017500000000000005,137.78490206162303,0.002755698041232461,0.0,scaled_tp_0,0.8190230418889165,2326.285167510525,172
1607,2026-08-30 12:00:00+00:00,BTC_USDT,long,long,buy,78825.02034782608,0.0017000000000000001,134.00253459130434,0.002680050691826087,0.0,grid_buy,0.0,2326.207992868529,172
1608,2026-08-30 12:00:00+00:00,BTC_USDT,long,long,sell,78825.02034782608,0.0017000000000000001,134.00253459130434,0.002680050691826087,0.0,grid_sell_tp,0.4805448443530311,2326.2798074091415,172
1609,2026-08-30 16:00:00+00:00,BTC_USDT,long,long,funding,78824.2,0.0017500000000000007,137.94235000000006,0.0,0.0,funding,-0.013794235000000007,2325.6188631741416,172
1610,2026-08-30 16:00:00+00:00,BTC_USDT,short,short,funding,78824.2,0.0168,1324.2465599999998,0.0,0.0,funding,0.132424656,2325.7512878301413,110
1611,2026-08-30 16:00:00+00:00,BTC_USDT,long,long,sell,78923.20240000001,0.0017500000000000007,138.11560420000006,0.0027623120840000017,0.0,trailing_tp,0.6664936711783158,2317.338659718057,173
1612,2026-08-30 16:00:00+00:00,BTC_USDT,long,long,buy,78825.02034782608,0.0004,31.530008139130434,0.0006306001627826087,0.0,grid_buy,0.0,2317.542060978764,173
1613,2026-08-30 16:00:00+00:00,BTC_USDT,long,long,buy,79395.80830434783,0.0004,31.75832332173913,0.0006351664664347827,0.0,grid_buy,0.0,2317.5171424905584,173
1614,2026-08-30 21:00:00+00:00,BTC_USDT,long,long,buy,78254.23239130434,0.0008,62.603385913043475,0.0012520677182608696,0.0,grid_buy,0.0,2328.713544509797,173
1615,2026-08-30 23:00:00+00:00,BTC_USDT,long,long,buy,77112.65647826086,0.0012000000000000001,92.53518777391304,0.0018507037554782609,0.0,grid_buy,0.0,2344.169466032128,173
1616,2026-08-30 23:00:00+00:00,BTC_USDT,long,long,buy,77683.4444347826,0.0012000000000000001,93.22013332173914,0.001864402666434783,0.0,grid_buy,0.0,2344.1675483077233,173
1617,2026-08-31 00:00:00+00:00,BTC_USDT,long,long,funding,77683.3,0.004,310.7332,0.0,0.0,funding,-0.03107332,2344.1377549877225,173
1618,2026-08-31 00:00:00+00:00,BTC_USDT,short,short,funding,77683.3,0.0168,1305.07944,0.0,0.0,funding,0.13050794400000001,2344.268262931723,110
1619,2026-08-31 00:00:00+00:00,BTC_USDT,long,long,sell,77683.4444347826,0.0012000000000000001,93.22013332173914,0.001864402666434783,0.0,grid_sell_tp,-0.2758426217968547,2340.7609718507956,173
1620,2026-08-31 07:00:00+00:00,BTC_USDT,long,long,sell,78254.23239130434,0.0012000000000000001,93.90507886956522,0.0018781015773913045,0.0,grid_sell_tp,0.40908922711826473,2337.2342926187835,173
1621,2026-08-31 08:00:00+00:00,BTC_USDT,long,long,funding,78191.0,0.0015999999999999999,125.1056,0.0,0.0,funding,-0.01251056,2337.220262058783,173
1622,2026-08-31 08:00:00+00:00,BTC_USDT,short,short,funding,78191.0,0.0168,1313.6088,0.0,0.0,funding,0.13136088,2337.3516229387833,110
1623,2026-08-31 08:00:00+00:00,BTC_USDT,long,long,sell,78379.23017509564,0.0007999999999999999,62.70338414007651,0.0012540676828015304,0.0,scaled_tp_0,0.3727223784806782,2332.9633530111773,173
1624,2026-08-31 10:00:00+00:00,BTC_USDT,long,long,sell,78327.10059999999,0.0007999999999999999,62.66168047999999,0.0012532336096,0.0,trailing_tp,0.33101955247736065,2328.933060257568,174
1625,2026-08-31 14:00:00+00:00,BTC_USDT,long,long,buy,78254.23239130434,0.0004,31.301692956521737,0.0006260338591304348,0.0,grid_buy,0.0,2330.748781267187,174
1626,2026-08-31 15:00:00+00:00,BTC_USDT,long,long,sell,78723.75778565217,0.0002,15.744751557130435,0.0003148950311426087,0.0,scaled_tp_0,0.0935901838384236,2331.268017929286,174
1627,2026-08-31 16:00:00+00:00,BTC_USDT,long,long,funding,78577.8,0.0002,15.715560000000002,0.0,0.0,funding,-0.0015715560000000002,2331.2664463732863,174
1628,2026-08-31 16:00:00+00:00,BTC_USDT,short,short,funding,78577.8,0.0168,1320.1070399999999,0.0,0.0,funding,0.132010704,2331.3984570772864,110
1629,2026-08-31 16:00:00+00:00,BTC_USDT,long,long,sell,78825.02034782608,0.0002,15.765004069565217,0.00031530008139130436,0.0,grid_sell_tp,0.11384229122295761,2330.4328658467703,175
1630,2026-08-31 17:00:00+00:00,BTC_USDT,long,long,buy,78825.02034782608,0.0004,31.530008139130434,0.0006306001627826087,0.0,grid_buy,0.0,2326.1361471074765,175
1631,2026-09-01 00:00:00+00:00,BTC_USDT,long,long,funding,78583.2,0.0004,31.43328,0.0,0.0,funding,-0.0031433280000000004,2331.256363779477,175
1632,2026-09-01 00:00:00+00:00,BTC_USDT,short,short,funding,78583.2,0.0168,1320.1977599999998,0.0,0.0,funding,0.13201977599999998,2331.388383555477,110
1633,2026-09-01 02:00:00+00:00,BTC_USDT,long,long,buy,78254.23239130434,0.0006000000000000001,46.95253943478261,0.0009390507886956523,0.0,grid_buy,0.0,2333.6893850699057,175
1634,2026-09-01 03:00:00+00:00,BTC_USDT,long,long,sell,78825.02034782608,0.0006000000000000001,47.29501220869565,0.0009459002441739131,0.0,grid_sell_tp,0.20453776410365412,2330.1922913783574,175
1635,2026-09-01 05:00:00+00:00,BTC_USDT,long,long,sell,78738.3184,0.00039999999999999996,31.495327359999997,0.0006299065472,0.0,trailing_tp,0.10167842388758778,2321.78094883181,176
1636,2026-09-01 05:00:00+00:00,BTC_USDT,long,long,buy,78825.02034782608,0.0004,31.530008139130434,0.0006306001627826087,0.0,grid_buy,0.0,2321.9219100925166,176
1637,2026-09-01 08:00:00+00:00,BTC_USDT,long,long,funding,78634.4,0.0004,31.45376,0.0,0.0,funding,-0.003145376,2330.8502047165166,176
1638,2026-09-01 08:00:00+00:00,BTC_USDT,short,short,funding,78634.4,0.0168,1321.0579199999997,0.0,0.0,funding,0.13210579199999997,2330.982310508517,110
1639,2026-09-01 13:00:00+00:00,BTC_USDT,long,long,buy,77683.4444347826,0.0006000000000000001,46.61006666086957,0.0009322013332173915,0.0,grid_buy,0.0,2340.385731646314,176
1640,2026-09-01 14:00:00+00:00,BTC_USDT,long,long,buy,78254.23239130434,0.0008,62.603385913043475,0.0012520677182608696,0.0,grid_buy,0.0,2338.9273336655524,176
1641,2026-09-01 14:00:00+00:00,BTC_USDT,long,long,sell,78254.23239130434,0.0006000000000000001,46.95253943478261,0.0009390507886956523,0.0,grid_sell_tp,0.03711347964607568,2338.9811940495465,176
1642,2026-09-01 16:00:00+00:00,BTC_USDT,long,long,funding,77918.3,0.0012,93.50196,0.0,0.0,funding,-0.009350196,2342.787603853546,176
1643,2026-09-01 16:00:00+00:00,BTC_USDT,short,short,funding,77918.3,0.0168,1309.02744,0.0,0.0,funding,0.13090274400000002,2342.918506597546,110
1644,2026-09-01 16:00:00+00:00,BTC_USDT,long,long,buy,77683.4444347826,0.0008,62.14675554782609,0.0012429351109565219,0.0,grid_buy,0.0,2347.870748114609,176
1645,2026-09-01 18:00:00+00:00,BTC_USDT,long,long,buy,76541.86852173912,0.0012000000000000001,91.85024222608695,0.0018370048445217392,0.0,grid_buy,0.0,2355.2107088836774,176
1646,2026-09-01 18:00:00+00:00,BTC_USDT,long,long,buy,77112.65647826086,0.0012000000000000001,92.53518777391304,0.0018507037554782609,0.0,grid_buy,0.0,2355.253070406009,176
1647,2026-09-01 19:00:00+00:00,BTC_USDT,long,long,sell,77112.65647826086,0.0012000000000000001,92.53518777391304,0.0018507037554782609,0.0,grid_sell_tp,-0.2924336634392707,2353.0378074761666,176
1648,2026-09-02 00:00:00+00:00,BTC_USDT,long,long,funding,77437.5,0.0032,247.8,0.0,0.0,funding,-0.024780000000000003,2351.265427476167,176
1649,2026-09-02 00:00:00+00:00,BTC_USDT,short,short,funding,77437.5,0.0168,1300.9499999999998,0.0,0.0,funding,0.130095,2351.3955224761667,110
1650,2026-09-02 03:00:00+00:00,BTC_USDT,long,long,sell,77683.4444347826,0.0012000000000000001,93.22013332173914,0.001864402666434783,0.0,grid_sell_tp,0.39249818547586623,2349.934991395239,176
1651,2026-09-02 08:00:00+00:00,BTC_USDT,long,long,funding,77474.1,0.002,154.9482,0.0,0.0,funding,-0.015494820000000003,2351.1316165752396,176
1652,2026-09-02 08:00:00+00:00,BTC_USDT,short,short,funding,77474.1,0.0168,1301.5648800000001,0.0,0.0,funding,0.13015648800000001,2351.2617730632396,110
1653,2026-09-02 09:00:00+00:00,BTC_USDT,long,long,buy,76541.86852173912,0.0012000000000000001,91.85024222608695,0.0018370048445217392,0.0,grid_buy,0.0,2362.127093832308,176
1654,2026-09-02 13:00:00+00:00,BTC_USDT,long,long,buy,77112.65647826086,0.0017000000000000001,131.09151601304347,0.00262183032026087,0.0,grid_buy,0.0,2356.8519959889445,176
1655,2026-09-02 13:00:00+00:00,BTC_USDT,long,long,sell,77112.65647826086,0.0012000000000000001,92.53518777391304,0.0018507037554782609,0.0,grid_sell_tp,0.04728577339220478,2356.8058130591016,176
1656,2026-09-02 16:00:00+00:00,BTC_USDT,long,long,funding,77291.9,0.0036999999999999997,285.98002999999994,0.0,0.0,funding,-0.028598002999999997,2354.913085056102,176
1657,2026-09-02 16:00:00+00:00,BTC_USDT,short,short,funding,77291.9,0.0168,1298.5039199999999,0.0,0.0,funding,0.12985039199999998,2355.042935448102,110
1658,2026-09-02 16:00:00+00:00,BTC_USDT,long,long,sell,77534.13967045496,0.0018499999999999999,143.43815839034167,0.002868763167806834,0.0,scaled_tp_0,0.8526272113272768,2357.228390075276,176
1659,2026-09-03 00:00:00+00:00,BTC_USDT,long,long,funding,77335.7,0.0018499999999999999,143.071045,0.0,0.0,funding,-0.0143071045,2354.819092970776,176
1660,2026-09-03 00:00:00+00:00,BTC_USDT,short,short,funding,77335.7,0.0168,1299.23976,0.0,0.0,funding,0.129923976,2354.9490169467763,110
1661,2026-09-03 02:00:00+00:00,BTC_USDT,long,long,sell,77434.68740000001,0.0018499999999999999,143.25417169000002,0.0028650834338000007,0.0,trailing_tp,0.6686441907196347,2347.0871185533424,177
1662,2026-09-03 02:00:00+00:00,BTC_USDT,long,long,buy,77683.4444347826,0.0004,31.073377773913045,0.0006214675554782609,0.0,grid_buy,0.0,2347.138879311874,177
1663,2026-09-03 05:00:00+00:00,BTC_USDT,long,long,buy,77112.65647826086,0.0006000000000000001,46.26759388695652,0.0009253518777391304,0.0,grid_buy,0.0,2347.5842800730397,177
1664,2026-09-03 06:00:00+00:00,BTC_USDT,long,long,sell,77805.0174908348,0.0005,38.9025087454174,0.0007780501749083481,0.0,scaled_tp_0,0.2312448648077035,2347.2862107682818,177
1665,2026-09-03 06:00:00+00:00,BTC_USDT,long,long,sell,77683.4444347826,0.0005,38.84172221739131,0.0007768344443478262,0.0,grid_sell_tp,0.17045955251216827,2347.2117561512287,178
1666,2026-09-03 07:00:00+00:00,BTC_USDT,long,long,buy,77683.4444347826,0.0004,31.073377773913045,0.0006214675554782609,0.0,grid_buy,0.0,2350.125316909761,178
1667,2026-09-03 08:00:00+00:00,BTC_USDT,long,long,funding,77665.3,0.0004,31.06612,0.0,0.0,funding,-0.0031066120000000003,2349.9811702977604,178
1668,2026-09-03 08:00:00+00:00,BTC_USDT,short,short,funding,77665.3,0.0168,1304.77704,0.0,0.0,funding,0.130477704,2350.1116480017604,110
1669,2026-09-03 12:00:00+00:00,BTC_USDT,long,long,sell,78312.29,0.0004,31.324915999999998,0.00062649832,0.0,trailing_tp,0.2509117277669548,2333.7730975034406,179
1670,2026-09-03 12:00:00+00:00,BTC_USDT,long,long,buy,78254.23239130434,0.0004,31.301692956521737,0.0006260338591304348,0.0,grid_buy,0.0,2333.93205851306,179
1671,2026-09-03 13:00:00+00:00,BTC_USDT,long,long,sell,78518.9426,0.0004,31.40757704,0.0006281515408,0.0,trailing_tp,0.10525593193746335,2330.7025274015186,180
1672,2026-09-03 13:00:00+00:00,BTC_USDT,long,long,buy,78825.02034782608,0.0004,31.530008139130434,0.0006306001627826087,0.0,grid_buy,0.0,2330.708768662226,180
1673,2026-09-03 14:00:00+00:00,BTC_USDT,long,long,sell,80085.28779999999,0.0004,32.034115119999996,0.0006406823024,0.0,trailing_tp,0.5034662985671641,2302.4639230999232,181
1674,2026-09-03 14:00:00+00:00,BTC_USDT,long,long,buy,78825.02034782608,0.0004,31.530008139130434,0.0006306001627826087,0.0,grid_buy,0.0,2303.1544843606302,181
1675,2026-09-03 14:00:00+00:00,BTC_USDT,long,long,buy,79395.80830434783,0.0004,31.75832332173913,0.0006351664664347827,0.0,grid_buy,0.0,2303.6167258724245,181
1676,2026-09-03 14:00:00+00:00,BTC_USDT,long,long,buy,79966.59626086956,0.0004,31.986638504347823,0.0006397327700869565,0.0,grid_buy,0.0,2303.850647635307,181
1677,2026-09-03 14:00:00+00:00,BTC_USDT,long,long,buy,80537.3842173913,0.0004,32.21495368695652,0.0006442990737391304,0.0,grid_buy,0.0,2303.8562496492764,181
1678,2026-09-03 15:00:00+00:00,BTC_USDT,long,long,sell,80879.4938,0.0016,129.40719008,0.0025881438016,0.0,trailing_tp,1.9146782840244898,2291.070451585475,182
1679,2026-09-03 15:00:00+00:00,BTC_USDT,long,long,buy,80537.3842173913,0.0004,32.21495368695652,0.0006442990737391304,0.0,grid_buy,0.0,2291.3928535994446,182
1680,2026-09-03 15:00:00+00:00,BTC_USDT,long,long,buy,81108.17217391304,0.0004,32.443268869565216,0.0006488653773913044,0.0,grid_buy,0.0,2291.486935864502,182
1681,2026-09-03 16:00:00+00:00,BTC_USDT,long,long,funding,81345.0,0.0008,65.07600000000001,0.0,0.0,funding,-0.006507600000000001,2291.480428264502,182
1682,2026-09-03 16:00:00+00:00,BTC_USDT,short,short,funding,81345.0,0.0168,1366.596,0.0,0.0,funding,0.13665960000000002,2291.617087864502,110
1683,2026-09-03 16:00:00+00:00,BTC_USDT,long,long,sell,81307.71486482608,0.0004,32.52308594593043,0.0006504617189186087,0.0,scaled_tp_0,0.19332420595064634,2297.7400433487137,182
1684,2026-09-03 16:00:00+00:00,BTC_USDT,long,long,sell,81108.17217391304,0.0004,32.443268869565216,0.0006488653773913044,0.0,grid_sell_tp,0.1135087259269605,2297.7943833529016,183
1685,2026-09-03 17:00:00+00:00,BTC_USDT,long,long,buy,81108.17217391304,0.0004,32.443268869565216,0.0006488653773913044,0.0,grid_buy,0.0,2296.484145617959,183
1686,2026-09-03 19:00:00+00:00,BTC_USDT,long,long,sell,81303.33540000001,0.0004,32.52133416000001,0.0006504266832000002,0.0,trailing_tp,0.0774148637515924,2284.6747493512758,184
1687,2026-09-03 19:00:00+00:00,BTC_USDT,long,long,buy,81678.96013043477,0.0004,32.67158405217391,0.0006534316810434783,0.0,grid_buy,0.0,2284.704991867421,184
1688,2026-09-03 21:00:00+00:00,BTC_USDT,long,long,sell,82169.03389121739,0.0002,16.43380677824348,0.00032867613556486963,0.0,scaled_tp_0,0.09768607602095832,2287.6490699695287,184
1689,2026-09-03 21:00:00+00:00,BTC_USDT,long,long,sell,82249.74808695652,0.0002,16.449949617391304,0.00032899899234782614,0.0,grid_sell_tp,0.11382859231200108,2287.7819305879275,185
1690,2026-09-03 22:00:00+00:00,BTC_USDT,long,long,buy,81108.17217391304,0.0004,32.443268869565216,0.0006488653773913044,0.0,grid_buy,0.0,2295.2186928529854,185
1691,2026-09-04 00:00:00+00:00,BTC_USDT,long,long,funding,81262.5,0.0004,32.505,0.0,0.0,funding,-0.0032505000000000004,2293.237602352985,185
1692,2026-09-04 00:00:00+00:00,BTC_USDT,short,short,funding,81262.5,0.0168,1365.2099999999998,0.0,0.0,funding,0.13652099999999998,2293.374123352985,110
1693,2026-09-04 08:00:00+00:00,BTC_USDT,long,long,funding,80662.0,0.0004,32.2648,0.0,0.0,funding,-0.0032264800000000003,2303.2190968729847,185
1694,2026-09-04 08:00:00+00:00,BTC_USDT,short,short,funding,80662.0,0.0168,1355.1216,0.0,0.0,funding,0.13551216,2303.3546090329846,110
1695,2026-09-04 08:00:00+00:00,BTC_USDT,long,long,buy,80537.3842173913,0.0006000000000000001,48.32243053043479,0.0009664486106086958,0.0,grid_buy,0.0,2295.7590920539396,185
1696,2026-09-04 09:00:00+00:00,BTC_USDT,long,long,sell,81250.29359639999,0.0005,40.6251467982,0.0008125029359640001,0.0,scaled_tp_0,0.241484595264033,2297.354966349203,185
1697,2026-09-04 09:00:00+00:00,BTC_USDT,long,long,sell,81108.17217391304,0.0005,40.554086086956524,0.0008110817217391305,0.0,grid_sell_tp,0.17042530523478422,2297.381941354438,186
1698,2026-09-04 10:00:00+00:00,BTC_USDT,long,long,buy,81108.17217391304,0.0004,32.443268869565216,0.0006488653773913044,0.0,grid_buy,0.0,2295.218863619496,186
1699,2026-09-04 12:00:00+00:00,BTC_USDT,long,long,buy,79395.80830434783,0.0006000000000000001,47.6374849826087,0.000952749699652174,0.0,grid_buy,0.0,2323.5152658871875,186
1700,2026-09-04 14:00:00+00:00,BTC_USDT,long,long,buy,78825.02034782608,0.0008,63.06001627826087,0.0012612003255652174,0.0,grid_buy,0.0,2332.289988408601,186
1701,2026-09-04 15:00:00+00:00,BTC_USDT,long,long,sell,79395.80830434783,0.0008,63.51664664347826,0.0012703329328695653,0.0,grid_sell_tp,-0.10274374742562803,2324.5571247191465,186
1702,2026-09-04 16:00:00+00:00,BTC_USDT,long,long,funding,79422.8,0.001,79.42280000000001,0.0,0.0,funding,-0.007942280000000001,2324.5491824391465,186
1703,2026-09-04 16:00:00+00:00,BTC_USDT,short,short,funding,79422.8,0.0168,1334.30304,0.0,0.0,funding,0.133430304,2324.6826127431464,110
1704,2026-09-05 00:00:00+00:00,BTC_USDT,long,long,funding,79656.7,0.001,79.6567,0.0,0.0,funding,-0.007965670000000001,2320.9790270731464,186
1705,2026-09-05 00:00:00+00:00,BTC_USDT,short,short,funding,79656.7,0.0168,1338.23256,0.0,0.0,funding,0.133823256,2321.1128503291466,110
1706,2026-09-05 08:00:00+00:00,BTC_USDT,long,long,funding,79715.2,0.001,79.7152,0.0,0.0,funding,-0.00797152,2320.1805788091465,186
1707,2026-09-05 08:00:00+00:00,BTC_USDT,short,short,funding,79715.2,0.0168,1339.21536,0.0,0.0,funding,0.133921536,2320.3145003451464,110
1708,2026-09-05 16:00:00+00:00,BTC_USDT,long,long,funding,79802.2,0.001,79.8022,0.0,0.0,funding,-0.00798022,2318.9319201251465,186
1709,2026-09-05 16:00:00+00:00,BTC_USDT,short,short,funding,79802.2,0.0168,1340.6769599999998,0.0,0.0,funding,0.134067696,2319.0659878211463,110
1710,2026-09-05 16:00:00+00:00,BTC_USDT,long,long,sell,79999.78597289855,0.0005,39.999892986449275,0.0007999978597289856,0.0,scaled_tp_0,0.23776795235765902,2315.2438308097358,186
1711,2026-09-05 16:00:00+00:00,BTC_USDT,long,long,buy,79966.59626086956,0.0008,63.973277008695646,0.001279465540173913,0.0,grid_buy,0.0,2315.3034343355002,186
1712,2026-09-05 16:00:00+00:00,BTC_USDT,long,long,sell,79966.59626086956,0.0006000000000000001,47.979957756521735,0.0009595991551304348,0.0,grid_sell_tp,0.10148952124620453,2315.2568124928666,186
