symbol,window,range_down_pct,range_up_pct,grid_count,move,sells_only,n_prints,first_px,last_px,arb,n_win,n_loss,grid_profit,mtm,net,equity,max_dd_pct,shifts,n_base,end_quote,inv,gap
SNXX3S_USDT,late,0.0,0.05,10,none,False,13950,0.01135,0.010265,9,9,0,44.0982,0.0,44.0982,2044.0982,0.372995,0,9,2044.0982,0.0,0.0
SNXX3L_USDT,late,0.0,0.05,10,none,False,19375,2.60438,1.0969,9,9,0,44.0982,0.0,44.0982,2044.0982,0.013342,0,9,2044.0982,0.0,0.0
SNXX3S_USDT,full,0.0,0.05,10,none,False,27829,1.0107,0.010265,9,9,0,44.0982,0.0,44.0982,2044.0982,0.066975,0,9,2044.0982,0.0,0.0
SNXX3L_USDT,full,0.0,0.05,10,none,False,37108,1.00171,1.0969,9,9,0,44.0982,0.0,44.0982,2044.0982,0.0,0,9,2044.0982,0.0,-0.0
SOXL3S_USDT,late,0.0,0.05,10,none,False,33373,3.5857,0.8326,9,9,0,44.0982,0.0,44.0982,2044.0982,0.184329,0,9,2044.0982,0.0,-0.0
SOXL3L_USDT,late,0.0,0.05,10,none,False,30577,0.01701,0.01545,9,9,0,44.0982,0.0,44.0982,2044.0982,0.008468,0,9,2044.0982,0.0,0.0
SOXL3S_USDT,full,0.0,0.05,10,none,False,62331,1.01083,0.8326,9,9,0,44.0982,0.0,44.0982,2044.0982,0.094702,0,9,2044.0982,0.0,0.0
SOXL3L_USDT,full,0.0,0.05,10,none,False,71701,1.00644,0.01545,9,9,0,44.0982,0.0,44.0982,2044.0982,0.01312,0,9,2044.0982,0.0,-0.0
SNXX3L_USDT,late,0.0,0.05,10,none,True,19375,2.60438,1.0969,9,9,0,44.0982,0.0,44.0982,2044.0982,0.013342,0,9,2044.0982,0.0,0.0
SOXL3L_USDT,late,0.0,0.05,10,none,True,30577,0.01701,0.01545,9,9,0,44.0982,0.0,44.0982,2044.0982,0.008468,0,9,2044.0982,0.0,0.0
SOXL3S_USDT,late,0.0,0.05,10,none,True,33373,3.5857,0.8326,9,9,0,44.0982,0.0,44.0982,2044.0982,0.184329,0,9,2044.0982,0.0,-0.0
SNXX3L_USDT,full,0.0,0.05,10,none,True,37108,1.00171,1.0969,9,9,0,44.0982,0.0,44.0982,2044.0982,0.0,0,9,2044.0982,0.0,-0.0
SNXX3S_USDT,full,0.0,0.05,10,none,True,27829,1.0107,0.010265,9,9,0,44.0982,0.0,44.0982,2044.0982,0.066975,0,9,2044.0982,0.0,0.0
SOXL3S_USDT,full,0.0,0.05,10,none,True,62331,1.01083,0.8326,9,9,0,44.0982,0.0,44.0982,2044.0982,0.094702,0,9,2044.0982,0.0,0.0
SOXL3L_USDT,full,0.0,0.05,10,none,True,71701,1.00644,0.01545,9,9,0,44.0982,0.0,44.0982,2044.0982,0.01312,0,9,2044.0982,0.0,-0.0
SNXX3S_USDT,late,0.0,0.05,10,none,True,13950,0.01135,0.010265,9,9,0,44.0982,0.0,44.0982,2044.0982,0.372995,0,9,2044.0982,0.0,0.0
SNXX3S_USDT,late,0.0,0.05,10,up,False,13950,0.01135,0.010265,265,265,0,229.8076,-971.6783,-742.3987,1257.6013,0.521597,119,9,29.2796,1228.3217,-0.0
SNXX3L_USDT,late,0.0,0.05,10,up,False,19375,2.60438,1.0969,255,255,0,210.7632,-1638.3816,-1428.1464,571.8536,0.837847,125,9,10.2352,561.6184,0.0
SNXX3S_USDT,full,0.0,0.05,10,up,False,27829,1.0107,0.010265,27,27,0,56.5103,-1985.09,-1929.0597,70.9403,0.968962,67,9,56.0303,14.91,-0.0
SNXX3L_USDT,full,0.0,0.05,10,up,False,37108,1.00171,1.0969,525,525,0,224.8943,-1643.6276,-1419.2613,580.7387,0.834004,661,9,24.3663,556.3724,-0.0
SOXL3L_USDT,late,0.0,0.05,10,up,False,30577,0.01701,0.01545,632,632,0,320.696,-1490.1246,-1169.9565,830.0435,0.68956,358,9,120.168,709.8754,-0.0
SOXL3S_USDT,late,0.0,0.05,10,up,False,33373,3.5857,0.8326,30,30,0,61.4012,-1580.6064,-1519.6853,480.3147,0.865042,16,9,60.9212,419.3936,-0.0
SOXL3S_USDT,full,0.0,0.05,10,up,False,62331,1.01083,0.8326,628,628,0,280.427,-1745.2639,-1465.3649,534.6351,0.861859,592,9,79.899,454.7361,-0.0
SNXX3L_USDT,late,0.0,0.05,10,up,True,19375,2.60438,1.0969,9,9,0,44.0982,0.0,44.0982,2044.0982,0.013342,125,9,2044.0982,0.0,0.0
SOXL3L_USDT,full,0.0,0.05,10,up,False,71701,1.00644,0.01545,22,22,0,55.0676,-1970.9618,-1916.3741,83.6259,0.963363,6,9,54.5876,29.0382,-0.0
SOXL3L_USDT,late,0.0,0.05,10,up,True,30577,0.01701,0.01545,9,9,0,44.0982,0.0,44.0982,2044.0982,0.008468,358,9,2044.0982,0.0,0.0
SNXX3L_USDT,full,0.0,0.05,10,up,True,37108,1.00171,1.0969,9,9,0,44.0982,0.0,44.0982,2044.0982,0.0,661,9,2044.0982,0.0,-0.0
SOXL3S_USDT,late,0.0,0.05,10,up,True,33373,3.5857,0.8326,9,9,0,44.0982,0.0,44.0982,2044.0982,0.184329,16,9,2044.0982,0.0,-0.0
SNXX3S_USDT,late,0.0,0.05,10,up,True,13950,0.01135,0.010265,9,9,0,44.0982,0.0,44.0982,2044.0982,0.372995,119,9,2044.0982,0.0,0.0
SNXX3S_USDT,full,0.0,0.05,10,up,True,27829,1.0107,0.010265,9,9,0,44.0982,0.0,44.0982,2044.0982,0.066975,67,9,2044.0982,0.0,0.0
SOXL3S_USDT,full,0.0,0.05,10,up,True,62331,1.01083,0.8326,9,9,0,44.0982,0.0,44.0982,2044.0982,0.094702,592,9,2044.0982,0.0,0.0
SOXL3L_USDT,full,0.0,0.05,10,up,True,71701,1.00644,0.01545,9,9,0,44.0982,0.0,44.0982,2044.0982,0.01312,6,9,2044.0982,0.0,-0.0
SNXX3S_USDT,late,0.0,0.05,10,both,False,13950,0.01135,0.010265,524,326,198,-1798.4069,0.0,-1798.4069,201.5931,0.900147,3142,9,201.5931,0.0,-0.0
SNXX3S_USDT,full,0.0,0.05,10,both,False,27829,1.0107,0.010265,154,43,111,-1848.3117,0.0,-1848.3117,151.6883,0.924138,1156,9,151.6883,0.0,0.0
SNXX3L_USDT,late,0.0,0.05,10,both,False,19375,2.60438,1.0969,609,326,283,-1798.2136,0.0,-1798.2136,201.7864,0.900054,1669,9,201.7864,0.0,0.0
SOXL3L_USDT,late,0.0,0.05,10,both,False,30577,0.01701,0.01545,577,340,237,-1813.9561,0.0,-1813.9561,186.0439,0.908695,9984,9,186.0439,0.0,-0.0
SOXL3S_USDT,late,0.0,0.05,10,both,False,33373,3.5857,0.8326,495,252,243,-1801.8705,0.0,-1801.8705,198.1295,0.901593,849,9,198.1295,0.0,-0.0
SNXX3L_USDT,full,0.0,0.05,10,both,False,37108,1.00171,1.0969,199,80,119,-1799.9482,0.0,-1799.9482,200.0518,0.9028,19317,9,200.0518,0.0,-0.0
SOXL3L_USDT,full,0.0,0.05,10,both,False,71701,1.00644,0.01545,309,152,157,-1804.9932,0.0,-1804.9932,195.0068,0.910406,931,9,195.0068,0.0,-0.0
SOXL3S_USDT,full,0.0,0.05,10,both,False,62331,1.01083,0.8326,449,213,236,-1803.0221,0.0,-1803.0221,196.9779,0.901695,22167,9,196.9779,0.0,-0.0
SNXX3L_USDT,late,0.0,0.05,10,both,True,19375,2.60438,1.0969,9,5,4,6.1073,0.0,6.1073,2006.1073,0.012837,1669,9,2006.1073,0.0,0.0
SNXX3S_USDT,full,0.0,0.05,10,both,True,27829,1.0107,0.010265,9,0,9,-54.878,0.0,-54.878,1945.122,0.045398,1156,9,1945.122,0.0,-0.0
SOXL3L_USDT,late,0.0,0.05,10,both,True,30577,0.01701,0.01545,9,7,2,26.1025,0.0,26.1025,2026.1025,0.008468,9984,9,2026.1025,0.0,0.0
SNXX3S_USDT,late,0.0,0.05,10,both,True,13950,0.01135,0.010265,9,2,7,-12.8881,0.0,-12.8881,1987.1119,0.013653,3142,9,1987.1119,0.0,-0.0
SNXX3L_USDT,full,0.0,0.05,10,both,True,37108,1.00171,1.0969,9,9,0,44.0982,0.0,44.0982,2044.0982,0.0,19317,9,2044.0982,0.0,-0.0
SOXL3S_USDT,late,0.0,0.05,10,both,True,33373,3.5857,0.8326,9,3,6,-24.8852,0.0,-24.8852,1975.1148,0.024831,849,9,1975.1148,0.0,0.0
SOXL3L_USDT,full,0.0,0.05,10,both,True,71701,1.00644,0.01545,9,6,3,17.1047,0.0,17.1047,2017.1047,0.01312,931,9,2017.1047,0.0,-0.0
SOXL3S_USDT,full,0.0,0.05,10,both,True,62331,1.01083,0.8326,9,0,9,-65.8754,0.0,-65.8754,1934.1246,0.034853,22167,9,1934.1246,0.0,0.0
SNXX3L_USDT,late,0.0,0.05,20,none,False,19375,2.60438,1.0969,19,19,0,46.5481,0.0,46.5481,2046.5481,0.014174,0,19,2046.5481,0.0,-0.0
SNXX3S_USDT,late,0.0,0.05,20,none,False,13950,0.01135,0.010265,19,19,0,46.5481,0.0,46.5481,2046.5481,0.399532,0,19,2046.5481,0.0,0.0
SNXX3L_USDT,full,0.0,0.05,20,none,False,37108,1.00171,1.0969,19,19,0,46.5481,0.0,46.5481,2046.5481,0.0,0,19,2046.5481,0.0,-0.0
SNXX3S_USDT,full,0.0,0.05,20,none,False,27829,1.0107,0.010265,19,19,0,46.5481,0.0,46.5481,2046.5481,0.06696,0,19,2046.5481,0.0,-0.0
SOXL3L_USDT,late,0.0,0.05,20,none,False,30577,0.01701,0.01545,19,19,0,46.5481,0.0,46.5481,2046.5481,0.008938,0,19,2046.5481,0.0,-0.0
SOXL3S_USDT,late,0.0,0.05,20,none,False,33373,3.5857,0.8326,19,19,0,46.5481,0.0,46.5481,2046.5481,0.197431,0,19,2046.5481,0.0,0.0
SOXL3L_USDT,full,0.0,0.05,20,none,False,71701,1.00644,0.01545,19,19,0,46.5481,0.0,46.5481,2046.5481,0.013109,0,19,2046.5481,0.0,0.0
SOXL3S_USDT,full,0.0,0.05,20,none,False,62331,1.01083,0.8326,19,19,0,46.5481,0.0,46.5481,2046.5481,0.099965,0,19,2046.5481,0.0,0.0
SNXX3L_USDT,late,0.0,0.05,20,none,True,19375,2.60438,1.0969,19,19,0,46.5481,0.0,46.5481,2046.5481,0.014174,0,19,2046.5481,0.0,-0.0
SNXX3S_USDT,late,0.0,0.05,20,none,True,13950,0.01135,0.010265,19,19,0,46.5481,0.0,46.5481,2046.5481,0.399532,0,19,2046.5481,0.0,0.0
SNXX3L_USDT,full,0.0,0.05,20,none,True,37108,1.00171,1.0969,19,19,0,46.5481,0.0,46.5481,2046.5481,0.0,0,19,2046.5481,0.0,-0.0
SNXX3S_USDT,full,0.0,0.05,20,none,True,27829,1.0107,0.010265,19,19,0,46.5481,0.0,46.5481,2046.5481,0.06696,0,19,2046.5481,0.0,-0.0
SOXL3S_USDT,late,0.0,0.05,20,none,True,33373,3.5857,0.8326,19,19,0,46.5481,0.0,46.5481,2046.5481,0.197431,0,19,2046.5481,0.0,0.0
SOXL3L_USDT,late,0.0,0.05,20,none,True,30577,0.01701,0.01545,19,19,0,46.5481,0.0,46.5481,2046.5481,0.008938,0,19,2046.5481,0.0,-0.0
SOXL3S_USDT,full,0.0,0.05,20,none,True,62331,1.01083,0.8326,19,19,0,46.5481,0.0,46.5481,2046.5481,0.099965,0,19,2046.5481,0.0,0.0
SOXL3L_USDT,full,0.0,0.05,20,none,True,71701,1.00644,0.01545,19,19,0,46.5481,0.0,46.5481,2046.5481,0.013109,0,19,2046.5481,0.0,0.0
SNXX3L_USDT,late,0.0,0.05,20,up,False,19375,2.60438,1.0969,608,608,0,132.7617,-1563.9138,-1431.6562,568.3438,0.829018,250,19,32.2577,536.0862,-0.0
SNXX3S_USDT,late,0.0,0.05,20,up,False,13950,0.01135,0.010265,611,611,0,140.5813,-929.3273,-789.25,1210.75,0.519245,239,19,40.0773,1170.6727,-0.0
SNXX3S_USDT,full,0.0,0.05,20,up,False,27829,1.0107,0.010265,57,57,0,52.1812,-1985.1036,-1933.4024,66.5976,0.971009,135,19,51.7012,14.8964,0.0
SNXX3L_USDT,full,0.0,0.05,20,up,False,37108,1.00171,1.0969,1110,1110,0,115.6028,-1568.9178,-1453.819,546.181,0.837238,1322,19,15.0988,531.0822,-0.0
SOXL3L_USDT,late,0.0,0.05,20,up,False,30577,0.01701,0.01545,1351,1351,0,163.3786,-1422.3934,-1259.5188,740.4812,0.706227,716,19,62.8746,677.6066,-0.0
SOXL3S_USDT,late,0.0,0.05,20,up,False,33373,3.5857,0.8326,69,69,0,55.6273,-1580.1318,-1524.9845,475.0155,0.86739,32,19,55.1473,419.8681,0.0
SOXL3S_USDT,full,0.0,0.05,20,up,False,62331,1.01083,0.8326,1340,1340,0,144.1185,-1666.2064,-1522.5919,477.4081,0.875046,1185,19,43.6145,433.7936,0.0
SOXL3L_USDT,full,0.0,0.05,20,up,False,71701,1.00644,0.01545,51,51,0,52.5313,-1970.996,-1918.9448,81.0552,0.964561,13,19,52.0513,29.004,-0.0
SNXX3L_USDT,late,0.0,0.05,20,up,True,19375,2.60438,1.0969,19,19,0,46.5481,0.0,46.5481,2046.5481,0.014174,250,19,2046.5481,0.0,-0.0
SOXL3L_USDT,late,0.0,0.05,20,up,True,30577,0.01701,0.01545,19,19,0,46.5481,0.0,46.5481,2046.5481,0.008938,716,19,2046.5481,0.0,-0.0
SNXX3L_USDT,full,0.0,0.05,20,up,True,37108,1.00171,1.0969,19,19,0,46.5481,0.0,46.5481,2046.5481,0.0,1322,19,2046.5481,0.0,-0.0
SOXL3S_USDT,late,0.0,0.05,20,up,True,33373,3.5857,0.8326,19,19,0,46.5481,0.0,46.5481,2046.5481,0.197431,32,19,2046.5481,0.0,0.0
SNXX3S_USDT,late,0.0,0.05,20,up,True,13950,0.01135,0.010265,19,19,0,46.5481,0.0,46.5481,2046.5481,0.399532,239,19,2046.5481,0.0,0.0
SOXL3L_USDT,full,0.0,0.05,20,up,True,71701,1.00644,0.01545,19,19,0,46.5481,0.0,46.5481,2046.5481,0.013109,13,19,2046.5481,0.0,0.0
SNXX3S_USDT,full,0.0,0.05,20,up,True,27829,1.0107,0.010265,19,19,0,46.5481,0.0,46.5481,2046.5481,0.06696,135,19,2046.5481,0.0,-0.0
SOXL3S_USDT,full,0.0,0.05,20,up,True,62331,1.01083,0.8326,19,19,0,46.5481,0.0,46.5481,2046.5481,0.099965,1185,19,2046.5481,0.0,0.0
SNXX3S_USDT,late,0.0,0.05,20,both,False,13950,0.01135,0.010265,1207,831,376,-1901.8328,0.0,-1901.8328,98.1672,0.951279,6511,19,98.1672,0.0,0.0
SNXX3L_USDT,late,0.0,0.05,20,both,False,19375,2.60438,1.0969,1277,732,545,-1901.3474,0.0,-1901.3474,98.6526,0.951007,3466,19,98.6526,0.0,-0.0
SNXX3S_USDT,full,0.0,0.05,20,both,False,27829,1.0107,0.010265,339,111,228,-1905.0692,0.0,-1905.0692,94.9308,0.952523,2359,19,94.9308,0.0,-0.0
SOXL3L_USDT,late,0.0,0.05,20,both,False,30577,0.01701,0.01545,1192,718,474,-1899.0245,0.0,-1899.0245,100.9755,0.9503,20599,19,100.9755,0.0,-0.0
SOXL3S_USDT,late,0.0,0.05,20,both,False,33373,3.5857,0.8326,1052,598,454,-1907.771,0.0,-1907.771,92.229,0.954222,1770,19,92.229,0.0,-0.0
SNXX3L_USDT,full,0.0,0.05,20,both,False,37108,1.00171,1.0969,471,207,264,-1903.3644,0.0,-1903.3644,96.6356,0.952881,39616,19,96.6356,0.0,-0.0
SOXL3L_USDT,full,0.0,0.05,20,both,False,71701,1.00644,0.01545,678,378,300,-1899.4036,0.0,-1899.4036,100.5964,0.95125,1917,19,100.5964,0.0,-0.0
SOXL3S_USDT,full,0.0,0.05,20,both,False,62331,1.01083,0.8326,983,504,479,-1899.8595,0.0,-1899.8595,100.1405,0.949918,45615,19,100.1405,0.0,0.0
SNXX3L_USDT,late,0.0,0.05,20,both,True,19375,2.60438,1.0969,19,9,10,1.059,0.0,1.059,2001.059,0.011912,3466,19,2001.059,0.0,-0.0
SNXX3S_USDT,full,0.0,0.05,20,both,True,27829,1.0107,0.010265,19,0,19,-53.178,0.0,-53.178,1946.822,0.04792,2359,19,1946.822,0.0,-0.0
SOXL3S_USDT,late,0.0,0.05,20,both,True,33373,3.5857,0.8326,19,7,12,-25.9345,0.0,-25.9345,1974.0655,0.024825,1770,19,1974.0655,0.0,0.0
SOXL3L_USDT,late,0.0,0.05,20,both,True,30577,0.01701,0.01545,19,15,4,27.5527,0.0,27.5527,2027.5527,0.008938,20599,19,2027.5527,0.0,-0.0
SNXX3L_USDT,full,0.0,0.05,20,both,True,37108,1.00171,1.0969,19,19,0,46.5481,0.0,46.5481,2046.5481,0.0,39616,19,2046.5481,0.0,-0.0
SNXX3S_USDT,late,0.0,0.05,20,both,True,13950,0.01135,0.010265,19,4,15,-14.1873,0.0,-14.1873,1985.8127,0.013586,6511,19,1985.8127,0.0,-0.0
SOXL3L_USDT,full,0.0,0.05,20,both,True,71701,1.00644,0.01545,19,14,5,19.5546,0.0,19.5546,2019.5546,0.013109,1917,19,2019.5546,0.0,0.0
SOXL3S_USDT,full,0.0,0.05,20,both,True,62331,1.01083,0.8326,19,0,19,-69.4241,0.0,-69.4241,1930.5759,0.035867,45615,19,1930.5759,0.0,0.0
SNXX3L_USDT,late,0.0,0.1,10,none,False,19375,2.60438,1.0969,9,9,0,89.0874,0.0,89.0874,2089.0874,0.015007,0,9,2089.0874,0.0,0.0
SNXX3L_USDT,full,0.0,0.1,10,none,False,37108,1.00171,1.0969,9,9,0,89.0874,0.0,89.0874,2089.0874,0.035394,0,9,2089.0874,0.0,-0.0
SNXX3S_USDT,full,0.0,0.1,10,none,False,27829,1.0107,0.010265,9,9,0,89.0874,0.0,89.0874,2089.0874,0.152291,0,9,2089.0874,0.0,0.0
SNXX3S_USDT,late,0.0,0.1,10,none,False,13950,0.01135,0.010265,9,9,0,89.0874,0.0,89.0874,2089.0874,0.426035,0,9,2089.0874,0.0,0.0
SOXL3S_USDT,late,0.0,0.1,10,none,False,33373,3.5857,0.8326,9,9,0,89.0874,0.0,89.0874,2089.0874,0.210514,0,9,2089.0874,0.0,-0.0
SOXL3L_USDT,late,0.0,0.1,10,none,False,30577,0.01701,0.01545,9,9,0,89.0874,0.0,89.0874,2089.0874,0.036816,0,9,2089.0874,0.0,-0.0
SOXL3S_USDT,full,0.0,0.1,10,none,False,62331,1.01083,0.8326,9,9,0,89.0874,0.0,89.0874,2089.0874,0.094702,0,9,2089.0874,0.0,0.0
SOXL3L_USDT,full,0.0,0.1,10,none,False,71701,1.00644,0.01545,8,8,0,71.1907,-196.9298,-125.7901,1874.2099,0.10268,0,9,1871.1397,3.0702,-0.0
SNXX3L_USDT,late,0.0,0.1,10,none,True,19375,2.60438,1.0969,9,9,0,89.0874,0.0,89.0874,2089.0874,0.015007,0,9,2089.0874,0.0,0.0
SNXX3L_USDT,full,0.0,0.1,10,none,True,37108,1.00171,1.0969,9,9,0,89.0874,0.0,89.0874,2089.0874,0.035394,0,9,2089.0874,0.0,-0.0
SNXX3S_USDT,full,0.0,0.1,10,none,True,27829,1.0107,0.010265,9,9,0,89.0874,0.0,89.0874,2089.0874,0.152291,0,9,2089.0874,0.0,0.0
SOXL3S_USDT,late,0.0,0.1,10,none,True,33373,3.5857,0.8326,9,9,0,89.0874,0.0,89.0874,2089.0874,0.210514,0,9,2089.0874,0.0,-0.0
SNXX3S_USDT,late,0.0,0.1,10,none,True,13950,0.01135,0.010265,9,9,0,89.0874,0.0,89.0874,2089.0874,0.426035,0,9,2089.0874,0.0,0.0
SOXL3L_USDT,late,0.0,0.1,10,none,True,30577,0.01701,0.01545,9,9,0,89.0874,0.0,89.0874,2089.0874,0.036816,0,9,2089.0874,0.0,-0.0
SOXL3S_USDT,full,0.0,0.1,10,none,True,62331,1.01083,0.8326,9,9,0,89.0874,0.0,89.0874,2089.0874,0.094702,0,9,2089.0874,0.0,0.0
SOXL3L_USDT,full,0.0,0.1,10,none,True,71701,1.00644,0.01545,8,8,0,71.1907,-196.9298,-125.7901,1874.2099,0.10268,0,9,1871.1397,3.0702,-0.0
SNXX3L_USDT,late,0.0,0.1,10,up,False,19375,2.60438,1.0969,141,141,0,272.3256,-1627.8157,-1356.0181,643.9819,0.81124,57,9,71.7976,572.1843,0.0
SNXX3S_USDT,late,0.0,0.1,10,up,False,13950,0.01135,0.010265,150,150,0,304.8325,-948.1263,-643.8218,1356.1782,0.494199,54,9,104.3045,1251.8737,-0.0
SNXX3L_USDT,full,0.0,0.1,10,up,False,37108,1.00171,1.0969,468,468,0,424.9267,-1639.7231,-1215.3244,784.6756,0.795686,325,9,224.3987,560.2769,-0.0
SNXX3S_USDT,full,0.0,0.1,10,up,False,27829,1.0107,0.010265,25,25,0,113.1437,-1984.7775,-1872.1138,127.8862,0.942916,28,9,112.6637,15.2225,-0.0
SOXL3L_USDT,late,0.0,0.1,10,up,False,30577,0.01701,0.01545,554,554,0,618.2322,-1483.6942,-865.9901,1134.0099,0.608479,174,9,417.7042,716.3058,-0.0
SOXL3S_USDT,late,0.0,0.1,10,up,False,33373,3.5857,0.8326,25,25,0,117.3649,-1571.681,-1454.7961,545.2039,0.839215,3,9,116.8849,428.319,0.0
SOXL3L_USDT,full,0.0,0.1,10,up,False,71701,1.00644,0.01545,8,8,0,71.1907,-196.9298,-125.7901,1874.2099,0.10268,0,9,1871.1397,3.0702,-0.0
SOXL3S_USDT,full,0.0,0.1,10,up,False,62331,1.01083,0.8326,656,656,0,652.1362,-1742.3711,-1090.7629,909.2371,0.740461,291,9,451.6082,457.6289,-0.0
SNXX3L_USDT,late,0.0,0.1,10,up,True,19375,2.60438,1.0969,9,9,0,89.0874,0.0,89.0874,2089.0874,0.015007,57,9,2089.0874,0.0,0.0
SNXX3L_USDT,full,0.0,0.1,10,up,True,37108,1.00171,1.0969,9,9,0,89.0874,0.0,89.0874,2089.0874,0.035394,325,9,2089.0874,0.0,-0.0
SNXX3S_USDT,full,0.0,0.1,10,up,True,27829,1.0107,0.010265,9,9,0,89.0874,0.0,89.0874,2089.0874,0.152291,28,9,2089.0874,0.0,0.0
SOXL3L_USDT,late,0.0,0.1,10,up,True,30577,0.01701,0.01545,9,9,0,89.0874,0.0,89.0874,2089.0874,0.036816,174,9,2089.0874,0.0,-0.0
SOXL3S_USDT,late,0.0,0.1,10,up,True,33373,3.5857,0.8326,9,9,0,89.0874,0.0,89.0874,2089.0874,0.210514,3,9,2089.0874,0.0,-0.0
SNXX3S_USDT,late,0.0,0.1,10,up,True,13950,0.01135,0.010265,9,9,0,89.0874,0.0,89.0874,2089.0874,0.426035,54,9,2089.0874,0.0,0.0
SOXL3L_USDT,full,0.0,0.1,10,up,True,71701,1.00644,0.01545,8,8,0,71.1907,-196.9298,-125.7901,1874.2099,0.10268,0,9,1871.1397,3.0702,-0.0
SOXL3S_USDT,full,0.0,0.1,10,up,True,62331,1.01083,0.8326,9,9,0,89.0874,0.0,89.0874,2089.0874,0.094702,291,9,2089.0874,0.0,0.0
SNXX3L_USDT,late,0.0,0.1,10,both,False,19375,2.60438,1.0969,404,258,146,-1798.0327,0.0,-1798.0327,201.9673,0.911479,471,9,201.9673,0.0,0.0
SNXX3S_USDT,late,0.0,0.1,10,both,False,13950,0.01135,0.010265,627,409,218,-1804.0022,0.0,-1804.0022,195.9978,0.90316,950,9,195.9978,0.0,-0.0
SNXX3S_USDT,full,0.0,0.1,10,both,False,27829,1.0107,0.010265,131,45,86,-1803.6597,0.0,-1803.6597,196.3403,0.911536,415,9,196.3403,0.0,-0.0
SNXX3L_USDT,full,0.0,0.1,10,both,False,37108,1.00171,1.0969,231,124,107,-1826.5486,0.0,-1826.5486,173.4514,0.916556,6168,9,173.4514,0.0,-0.0
SOXL3S_USDT,late,0.0,0.1,10,both,False,33373,3.5857,0.8326,282,155,127,-1449.6281,0.0,-1449.6281,550.3719,0.741305,262,9,550.3719,0.0,-0.0
SOXL3L_USDT,late,0.0,0.1,10,both,False,30577,0.01701,0.01545,585,396,189,-1802.4802,0.0,-1802.4802,197.5198,0.904191,2956,9,197.5198,0.0,-0.0
SOXL3L_USDT,full,0.0,0.1,10,both,False,71701,1.00644,0.01545,295,180,115,-1575.5086,0.0,-1575.5086,424.4914,0.795419,270,9,424.4914,0.0,0.0
SOXL3S_USDT,full,0.0,0.1,10,both,False,62331,1.01083,0.8326,474,273,201,-1798.336,0.0,-1798.336,201.664,0.899145,7127,9,201.664,0.0,0.0
SNXX3L_USDT,late,0.0,0.1,10,both,True,19375,2.60438,1.0969,9,7,2,53.096,0.0,53.096,2053.096,0.015007,471,9,2053.096,0.0,0.0
SNXX3L_USDT,full,0.0,0.1,10,both,True,37108,1.00171,1.0969,9,6,3,35.1004,0.0,35.1004,2035.1004,0.025309,6168,9,2035.1004,0.0,-0.0
SOXL3S_USDT,late,0.0,0.1,10,both,True,33373,3.5857,0.8326,9,1,8,-90.8694,0.0,-90.8694,1909.1306,0.053757,262,9,1909.1306,0.0,-0.0
SOXL3L_USDT,late,0.0,0.1,10,both,True,30577,0.01701,0.01545,9,5,4,9.1066,0.0,9.1066,2009.1066,0.036816,2956,9,2009.1066,0.0,0.0
SNXX3S_USDT,late,0.0,0.1,10,both,True,13950,0.01135,0.010265,9,1,8,-70.8742,0.0,-70.8742,1929.1258,0.046931,950,9,1929.1258,0.0,-0.0
SNXX3S_USDT,full,0.0,0.1,10,both,True,27829,1.0107,0.010265,9,0,9,-66.8752,0.0,-66.8752,1933.1248,0.045398,415,9,1933.1248,0.0,-0.0
SOXL3L_USDT,full,0.0,0.1,10,both,True,71701,1.00644,0.01545,9,7,2,29.1018,0.0,29.1018,2029.1018,0.026096,270,9,2029.1018,0.0,-0.0
SOXL3S_USDT,full,0.0,0.1,10,both,True,62331,1.01083,0.8326,9,0,9,-68.8747,0.0,-68.8747,1931.1253,0.039428,7127,9,1931.1253,0.0,0.0
SNXX3L_USDT,late,0.0,0.1,20,none,False,19375,2.60438,1.0969,19,19,0,94.0367,0.0,94.0367,2094.0367,0.015004,0,19,2094.0367,0.0,-0.0
SNXX3L_USDT,full,0.0,0.1,20,none,False,37108,1.00171,1.0969,19,19,0,94.0367,0.0,94.0367,2094.0367,0.04123,0,19,2094.0367,0.0,-0.0
SNXX3S_USDT,full,0.0,0.1,20,none,False,27829,1.0107,0.010265,19,19,0,94.0367,0.0,94.0367,2094.0367,0.171116,0,19,2094.0367,0.0,-0.0
SNXX3S_USDT,late,0.0,0.1,20,none,False,13950,0.01135,0.010265,19,19,0,94.0367,0.0,94.0367,2094.0367,0.452542,0,19,2094.0367,0.0,0.0
SOXL3L_USDT,late,0.0,0.1,20,none,False,30577,0.01701,0.01545,19,19,0,94.0367,0.0,94.0367,2094.0367,0.040458,0,19,2094.0367,0.0,-0.0
SOXL3S_USDT,late,0.0,0.1,20,none,False,33373,3.5857,0.8326,19,19,0,94.0367,0.0,94.0367,2094.0367,0.223598,0,19,2094.0367,0.0,0.0
SOXL3S_USDT,full,0.0,0.1,20,none,False,62331,1.01083,0.8326,19,19,0,94.0367,0.0,94.0367,2094.0367,0.099965,0,19,2094.0367,0.0,0.0
SOXL3L_USDT,full,0.0,0.1,20,none,False,71701,1.00644,0.01545,16,16,0,67.1917,-295.3947,-228.2795,1771.7205,0.153708,0,19,1767.1152,4.6053,0.0
SNXX3L_USDT,late,0.0,0.1,20,none,True,19375,2.60438,1.0969,19,19,0,94.0367,0.0,94.0367,2094.0367,0.015004,0,19,2094.0367,0.0,-0.0
SNXX3L_USDT,full,0.0,0.1,20,none,True,37108,1.00171,1.0969,19,19,0,94.0367,0.0,94.0367,2094.0367,0.04123,0,19,2094.0367,0.0,-0.0
SNXX3S_USDT,late,0.0,0.1,20,none,True,13950,0.01135,0.010265,19,19,0,94.0367,0.0,94.0367,2094.0367,0.452542,0,19,2094.0367,0.0,0.0
SOXL3L_USDT,late,0.0,0.1,20,none,True,30577,0.01701,0.01545,19,19,0,94.0367,0.0,94.0367,2094.0367,0.040458,0,19,2094.0367,0.0,-0.0
SOXL3S_USDT,late,0.0,0.1,20,none,True,33373,3.5857,0.8326,19,19,0,94.0367,0.0,94.0367,2094.0367,0.223598,0,19,2094.0367,0.0,0.0
SNXX3S_USDT,full,0.0,0.1,20,none,True,27829,1.0107,0.010265,19,19,0,94.0367,0.0,94.0367,2094.0367,0.171116,0,19,2094.0367,0.0,-0.0
SOXL3S_USDT,full,0.0,0.1,20,none,True,62331,1.01083,0.8326,19,19,0,94.0367,0.0,94.0367,2094.0367,0.099965,0,19,2094.0367,0.0,0.0
SOXL3L_USDT,full,0.0,0.1,20,none,True,71701,1.00644,0.01545,16,16,0,67.1917,-295.3947,-228.2795,1771.7205,0.153708,0,19,1767.1152,4.6053,0.0
SNXX3L_USDT,late,0.0,0.1,20,up,False,19375,2.60438,1.0969,338,338,0,197.1051,-1555.5231,-1358.9221,641.0779,0.80166,115,19,96.6011,544.4769,-0.0
SNXX3S_USDT,late,0.0,0.1,20,up,False,13950,0.01135,0.010265,366,366,0,219.6141,-908.8176,-689.7075,1310.2925,0.492166,109,19,119.1101,1191.1824,0.0
SNXX3S_USDT,full,0.0,0.1,20,up,False,27829,1.0107,0.010265,54,54,0,106.4422,-2084.0155,-1978.0773,21.9227,0.993211,57,19,5.9382,15.9845,-0.0
SNXX3L_USDT,full,0.0,0.1,20,up,False,37108,1.00171,1.0969,1015,1015,0,254.4143,-1565.8138,-1311.9035,688.0965,0.793452,651,19,153.9103,534.1862,-0.0
SOXL3L_USDT,late,0.0,0.1,20,up,False,30577,0.01701,0.01545,1251,1251,0,364.4894,-1416.2609,-1052.2755,947.7245,0.643564,348,19,263.9854,683.7391,-0.0
SOXL3S_USDT,late,0.0,0.1,20,up,False,33373,3.5857,0.8326,63,63,0,112.4796,-1648.1444,-1536.1688,463.8312,0.883058,6,19,11.9756,451.8556,0.0
SOXL3L_USDT,full,0.0,0.1,20,up,False,71701,1.00644,0.01545,16,16,0,67.1917,-295.3947,-228.2795,1771.7205,0.153708,0,19,1767.1152,4.6053,0.0
SOXL3S_USDT,full,0.0,0.1,20,up,False,62331,1.01083,0.8326,1456,1456,0,377.5073,-1663.1747,-1286.1714,713.8286,0.78847,582,19,277.0033,436.8253,-0.0
SNXX3L_USDT,late,0.0,0.1,20,up,True,19375,2.60438,1.0969,19,19,0,94.0367,0.0,94.0367,2094.0367,0.015004,115,19,2094.0367,0.0,-0.0
SNXX3L_USDT,full,0.0,0.1,20,up,True,37108,1.00171,1.0969,19,19,0,94.0367,0.0,94.0367,2094.0367,0.04123,651,19,2094.0367,0.0,-0.0
SOXL3L_USDT,late,0.0,0.1,20,up,True,30577,0.01701,0.01545,19,19,0,94.0367,0.0,94.0367,2094.0367,0.040458,348,19,2094.0367,0.0,-0.0
SNXX3S_USDT,full,0.0,0.1,20,up,True,27829,1.0107,0.010265,19,19,0,94.0367,0.0,94.0367,2094.0367,0.171116,57,19,2094.0367,0.0,-0.0
SOXL3S_USDT,late,0.0,0.1,20,up,True,33373,3.5857,0.8326,19,19,0,94.0367,0.0,94.0367,2094.0367,0.223598,6,19,2094.0367,0.0,0.0
SNXX3S_USDT,late,0.0,0.1,20,up,True,13950,0.01135,0.010265,19,19,0,94.0367,0.0,94.0367,2094.0367,0.452542,109,19,2094.0367,0.0,0.0
SOXL3L_USDT,full,0.0,0.1,20,up,True,71701,1.00644,0.01545,16,16,0,67.1917,-295.3947,-228.2795,1771.7205,0.153708,0,19,1767.1152,4.6053,0.0
SOXL3S_USDT,full,0.0,0.1,20,up,True,62331,1.01083,0.8326,19,19,0,94.0367,0.0,94.0367,2094.0367,0.099965,582,19,2094.0367,0.0,0.0
SNXX3L_USDT,late,0.0,0.1,20,both,False,19375,2.60438,1.0969,993,707,286,-1868.3293,-7.434,-1875.7874,124.2126,0.941183,977,19,31.6467,92.566,-0.0
SNXX3S_USDT,late,0.0,0.1,20,both,False,13950,0.01135,0.010265,1398,1018,380,-1899.028,0.0,-1899.028,100.972,0.950127,1952,19,100.972,0.0,0.0
SNXX3S_USDT,full,0.0,0.1,20,both,False,27829,1.0107,0.010265,315,132,183,-1725.3284,0.0,-1725.3284,274.6716,0.871191,846,19,274.6716,0.0,-0.0
SOXL3S_USDT,late,0.0,0.1,20,both,False,33373,3.5857,0.8326,668,440,228,-1572.7969,-39.1306,-1612.0236,387.9764,0.816307,545,19,27.1071,360.8694,-0.0
SNXX3L_USDT,full,0.0,0.1,20,both,False,37108,1.00171,1.0969,510,287,223,-1901.5969,0.0,-1901.5969,98.4031,0.9528,12757,19,98.4031,0.0,0.0
SOXL3L_USDT,late,0.0,0.1,20,both,False,30577,0.01701,0.01545,1193,851,342,-1905.317,0.0,-1905.317,94.683,0.953887,6137,19,94.683,0.0,-0.0
SOXL3L_USDT,full,0.0,0.1,20,both,False,71701,1.00644,0.01545,687,469,218,-1523.5986,0.0,-1523.5986,476.4014,0.771728,563,19,476.4014,0.0,0.0
SOXL3S_USDT,full,0.0,0.1,20,both,False,62331,1.01083,0.8326,985,632,353,-1901.1109,0.0,-1901.1109,98.8891,0.950543,14695,19,98.8891,0.0,0.0
SNXX3L_USDT,late,0.0,0.1,20,both,True,19375,2.60438,1.0969,19,15,4,50.0473,0.0,50.0473,2050.0473,0.014751,977,19,2050.0473,0.0,-0.0
SNXX3L_USDT,full,0.0,0.1,20,both,True,37108,1.00171,1.0969,19,12,7,24.5534,0.0,24.5534,2024.5534,0.029481,12757,19,2024.5534,0.0,-0.0
SOXL3S_USDT,late,0.0,0.1,20,both,True,33373,3.5857,0.8326,19,3,16,-95.4178,0.0,-95.4178,1904.5822,0.057971,545,19,1904.5822,0.0,0.0
SNXX3S_USDT,full,0.0,0.1,20,both,True,27829,1.0107,0.010265,19,1,18,-69.9239,0.0,-69.9239,1930.0761,0.04792,846,19,1930.0761,0.0,-0.0
SOXL3L_USDT,late,0.0,0.1,20,both,True,30577,0.01701,0.01545,19,8,11,1.059,0.0,1.059,2001.059,0.032266,6137,19,2001.059,0.0,-0.0
SNXX3S_USDT,late,0.0,0.1,20,both,True,13950,0.01135,0.010265,19,2,17,-61.426,0.0,-61.426,1938.574,0.040788,1952,19,1938.574,0.0,0.0
SOXL3L_USDT,full,0.0,0.1,20,both,True,71701,1.00644,0.01545,19,16,3,35.5507,0.0,35.5507,2035.5507,0.028246,563,19,2035.5507,0.0,0.0
SOXL3S_USDT,full,0.0,0.1,20,both,True,62331,1.01083,0.8326,19,0,19,-80.9213,0.0,-80.9213,1919.0787,0.041941,14695,19,1919.0787,0.0,0.0
SNXX3L_USDT,late,0.0,0.15,10,none,False,19375,2.60438,1.0969,9,9,0,134.0766,0.0,134.0766,2134.0766,0.02402,0,9,2134.0766,0.0,0.0
SNXX3L_USDT,full,0.0,0.15,10,none,False,37108,1.00171,1.0969,9,9,0,134.0766,0.0,134.0766,2134.0766,0.058623,0,9,2134.0766,0.0,-0.0
SNXX3S_USDT,late,0.0,0.15,10,none,False,13950,0.01135,0.010265,9,9,0,134.0766,0.0,134.0766,2134.0766,0.47925,0,9,2134.0766,0.0,0.0
SNXX3S_USDT,full,0.0,0.15,10,none,False,27829,1.0107,0.010265,9,9,0,134.0766,0.0,134.0766,2134.0766,0.22751,0,9,2134.0766,0.0,-0.0
SOXL3L_USDT,late,0.0,0.15,10,none,False,30577,0.01701,0.01545,9,9,0,134.0766,0.0,134.0766,2134.0766,0.05141,0,9,2134.0766,0.0,0.0
SOXL3S_USDT,late,0.0,0.15,10,none,False,33373,3.5857,0.8326,8,8,0,107.1821,-153.56,-46.4289,1953.5711,0.236779,0,9,1907.1311,46.44,-0.0
SOXL3S_USDT,full,0.0,0.15,10,none,False,62331,1.01083,0.8326,9,9,0,134.0766,0.0,134.0766,2134.0766,0.094702,0,9,2134.0766,0.0,-0.0
SOXL3L_USDT,full,0.0,0.15,10,none,False,71701,1.00644,0.01545,5,5,0,44.4942,-787.7191,-743.4289,1256.5711,0.406282,0,9,1244.2902,12.2809,-0.0
SNXX3L_USDT,late,0.0,0.15,10,none,True,19375,2.60438,1.0969,9,9,0,134.0766,0.0,134.0766,2134.0766,0.02402,0,9,2134.0766,0.0,0.0
SNXX3L_USDT,full,0.0,0.15,10,none,True,37108,1.00171,1.0969,9,9,0,134.0766,0.0,134.0766,2134.0766,0.058623,0,9,2134.0766,0.0,-0.0
SNXX3S_USDT,late,0.0,0.15,10,none,True,13950,0.01135,0.010265,9,9,0,134.0766,0.0,134.0766,2134.0766,0.47925,0,9,2134.0766,0.0,0.0
SOXL3L_USDT,late,0.0,0.15,10,none,True,30577,0.01701,0.01545,9,9,0,134.0766,0.0,134.0766,2134.0766,0.05141,0,9,2134.0766,0.0,0.0
SNXX3S_USDT,full,0.0,0.15,10,none,True,27829,1.0107,0.010265,9,9,0,134.0766,0.0,134.0766,2134.0766,0.22751,0,9,2134.0766,0.0,-0.0
SOXL3S_USDT,late,0.0,0.15,10,none,True,33373,3.5857,0.8326,8,8,0,107.1821,-153.56,-46.4289,1953.5711,0.236779,0,9,1907.1311,46.44,-0.0
SOXL3S_USDT,full,0.0,0.15,10,none,True,62331,1.01083,0.8326,9,9,0,134.0766,0.0,134.0766,2134.0766,0.094702,0,9,2134.0766,0.0,-0.0
SOXL3L_USDT,full,0.0,0.15,10,none,True,71701,1.00644,0.01545,5,5,0,44.4942,-787.7191,-743.4289,1256.5711,0.406282,0,9,1244.2902,12.2809,-0.0
SNXX3L_USDT,late,0.0,0.15,10,up,False,19375,2.60438,1.0969,100,100,0,322.1336,-1620.3745,-1298.7689,701.2311,0.790611,35,9,121.6056,579.6255,0.0
SNXX3S_USDT,late,0.0,0.15,10,up,False,13950,0.01135,0.010265,77,77,0,281.9016,-931.5218,-650.1482,1349.8518,0.491357,33,9,81.3736,1268.4782,-0.0
SNXX3L_USDT,full,0.0,0.15,10,up,False,37108,1.00171,1.0969,438,438,0,636.6659,-1635.7476,-999.6097,1000.3903,0.74609,213,9,436.1379,564.2524,-0.0
SNXX3S_USDT,full,0.0,0.15,10,up,False,27829,1.0107,0.010265,20,20,0,159.7651,-1984.4476,-1825.1625,174.8375,0.922482,15,9,159.2851,15.5524,-0.0
SOXL3S_USDT,late,0.0,0.15,10,up,False,33373,3.5857,0.8326,8,8,0,107.1821,-153.56,-46.4289,1953.5711,0.236779,0,9,1907.1311,46.44,-0.0
SOXL3L_USDT,late,0.0,0.15,10,up,False,30577,0.01701,0.01545,489,489,0,853.3517,-1474.4722,-621.6485,1378.3515,0.555401,112,9,652.8237,725.5278,0.0
SOXL3L_USDT,full,0.0,0.15,10,up,False,71701,1.00644,0.01545,5,5,0,44.4942,-787.7191,-743.4289,1256.5711,0.406282,0,9,1244.2902,12.2809,-0.0
SOXL3S_USDT,full,0.0,0.15,10,up,False,62331,1.01083,0.8326,625,625,0,968.1316,-1738.2523,-770.6487,1229.3513,0.66054,190,9,767.6036,461.7477,-0.0
SNXX3L_USDT,late,0.0,0.15,10,up,True,19375,2.60438,1.0969,9,9,0,134.0766,0.0,134.0766,2134.0766,0.02402,35,9,2134.0766,0.0,0.0
SNXX3L_USDT,full,0.0,0.15,10,up,True,37108,1.00171,1.0969,9,9,0,134.0766,0.0,134.0766,2134.0766,0.058623,213,9,2134.0766,0.0,-0.0
SOXL3L_USDT,late,0.0,0.15,10,up,True,30577,0.01701,0.01545,9,9,0,134.0766,0.0,134.0766,2134.0766,0.05141,112,9,2134.0766,0.0,0.0
SNXX3S_USDT,full,0.0,0.15,10,up,True,27829,1.0107,0.010265,9,9,0,134.0766,0.0,134.0766,2134.0766,0.22751,15,9,2134.0766,0.0,-0.0
SOXL3S_USDT,late,0.0,0.15,10,up,True,33373,3.5857,0.8326,8,8,0,107.1821,-153.56,-46.4289,1953.5711,0.236779,0,9,1907.1311,46.44,-0.0
SNXX3S_USDT,late,0.0,0.15,10,up,True,13950,0.01135,0.010265,9,9,0,134.0766,0.0,134.0766,2134.0766,0.47925,33,9,2134.0766,0.0,0.0
SOXL3S_USDT,full,0.0,0.15,10,up,True,62331,1.01083,0.8326,9,9,0,134.0766,0.0,134.0766,2134.0766,0.094702,190,9,2134.0766,0.0,-0.0
SOXL3L_USDT,full,0.0,0.15,10,up,True,71701,1.00644,0.01545,5,5,0,44.4942,-787.7191,-743.4289,1256.5711,0.406282,0,9,1244.2902,12.2809,-0.0
SNXX3L_USDT,late,0.0,0.15,10,both,False,19375,2.60438,1.0969,231,136,95,-1696.2062,-10.7078,-1706.962,293.038,0.86632,215,9,103.7458,189.2922,0.0
SNXX3S_USDT,late,0.0,0.15,10,both,False,13950,0.01135,0.010265,372,228,144,-1740.9089,0.0,-1740.9089,259.0911,0.872597,448,9,259.0911,0.0,-0.0
SNXX3S_USDT,full,0.0,0.15,10,both,False,27829,1.0107,0.010265,133,56,77,-1551.0603,0.0,-1551.0603,448.9397,0.790314,228,9,448.9397,0.0,0.0
SNXX3L_USDT,full,0.0,0.15,10,both,False,37108,1.00171,1.0969,167,84,83,-1799.4432,0.0,-1799.4432,200.5568,0.904229,3026,9,200.5568,0.0,0.0
SOXL3L_USDT,late,0.0,0.15,10,both,False,30577,0.01701,0.01545,553,374,179,-1800.221,0.0,-1800.221,199.779,0.907157,1405,9,199.779,0.0,0.0
SOXL3S_USDT,late,0.0,0.15,10,both,False,33373,3.5857,0.8326,125,51,74,-849.2725,0.0,-849.2725,1150.7275,0.474641,130,9,1150.7275,0.0,0.0
SOXL3L_USDT,full,0.0,0.15,10,both,False,71701,1.00644,0.01545,140,73,67,-1582.6753,0.0,-1582.6753,417.3247,0.812725,135,9,417.3247,0.0,-0.0
SOXL3S_USDT,full,0.0,0.15,10,both,False,62331,1.01083,0.8326,564,358,206,-1804.8626,0.0,-1804.8626,195.1374,0.902409,3516,9,195.1374,0.0,0.0
SNXX3L_USDT,late,0.0,0.15,10,both,True,19375,2.60438,1.0969,9,9,0,134.0766,0.0,134.0766,2134.0766,0.02402,215,9,2134.0766,0.0,0.0
SNXX3L_USDT,full,0.0,0.15,10,both,True,37108,1.00171,1.0969,9,4,5,-0.891,0.0,-0.891,1999.109,0.048576,3026,9,1999.109,0.0,0.0
SNXX3S_USDT,full,0.0,0.15,10,both,True,27829,1.0107,0.010265,9,0,9,-63.8759,0.0,-63.8759,1936.1241,0.046737,228,9,1936.1241,0.0,-0.0
SOXL3S_USDT,late,0.0,0.15,10,both,True,33373,3.5857,0.8326,9,0,9,-156.8536,0.0,-156.8536,1843.1464,0.090124,130,9,1843.1464,0.0,-0.0
SOXL3L_USDT,late,0.0,0.15,10,both,True,30577,0.01701,0.01545,9,5,4,14.1054,0.0,14.1054,2014.1054,0.049469,1405,9,2014.1054,0.0,0.0
SNXX3S_USDT,late,0.0,0.15,10,both,True,13950,0.01135,0.010265,9,0,9,-138.8579,0.0,-138.8579,1861.1421,0.082846,448,9,1861.1421,0.0,0.0
SOXL3L_USDT,full,0.0,0.15,10,both,True,71701,1.00644,0.01545,9,5,4,-225.837,0.0,-225.837,1774.163,0.168527,135,9,1774.163,0.0,-0.0
SOXL3S_USDT,full,0.0,0.15,10,both,True,62331,1.01083,0.8326,9,0,9,-99.8672,0.0,-99.8672,1900.1328,0.064708,3516,9,1900.1328,0.0,0.0
SNXX3L_USDT,late,0.0,0.15,20,none,False,19375,2.60438,1.0969,19,19,0,141.5253,0.0,141.5253,2141.5253,0.026971,0,19,2141.5253,0.0,-0.0
SNXX3L_USDT,full,0.0,0.15,20,none,False,37108,1.00171,1.0969,19,19,0,141.5253,0.0,141.5253,2141.5253,0.064386,0,19,2141.5253,0.0,-0.0
SNXX3S_USDT,late,0.0,0.15,20,none,False,13950,0.01135,0.010265,19,19,0,141.5253,0.0,141.5253,2141.5253,0.479084,0,19,2141.5253,0.0,-0.0
SNXX3S_USDT,full,0.0,0.15,20,none,False,27829,1.0107,0.010265,19,19,0,141.5253,0.0,141.5253,2141.5253,0.246136,0,19,2141.5253,0.0,-0.0
SOXL3L_USDT,late,0.0,0.15,20,none,False,30577,0.01701,0.01545,19,19,0,141.5253,0.0,141.5253,2141.5253,0.051355,0,19,2141.5253,0.0,-0.0
SOXL3S_USDT,late,0.0,0.15,20,none,False,33373,3.5857,0.8326,17,17,0,113.881,-153.56,-39.73,1960.27,0.236697,0,19,1913.83,46.44,0.0
SOXL3S_USDT,full,0.0,0.15,20,none,False,62331,1.01083,0.8326,19,19,0,141.5253,0.0,141.5253,2141.5253,0.099965,0,19,2141.5253,0.0,0.0
SOXL3L_USDT,full,0.0,0.15,20,none,False,71701,1.00644,0.01545,11,11,0,48.9436,-787.7191,-738.9795,1261.0205,0.405427,0,19,1248.7396,12.2809,0.0
SNXX3L_USDT,late,0.0,0.15,20,none,True,19375,2.60438,1.0969,19,19,0,141.5253,0.0,141.5253,2141.5253,0.026971,0,19,2141.5253,0.0,-0.0
SNXX3L_USDT,full,0.0,0.15,20,none,True,37108,1.00171,1.0969,19,19,0,141.5253,0.0,141.5253,2141.5253,0.064386,0,19,2141.5253,0.0,-0.0
SNXX3S_USDT,full,0.0,0.15,20,none,True,27829,1.0107,0.010265,19,19,0,141.5253,0.0,141.5253,2141.5253,0.246136,0,19,2141.5253,0.0,-0.0
SOXL3L_USDT,late,0.0,0.15,20,none,True,30577,0.01701,0.01545,19,19,0,141.5253,0.0,141.5253,2141.5253,0.051355,0,19,2141.5253,0.0,-0.0
SNXX3S_USDT,late,0.0,0.15,20,none,True,13950,0.01135,0.010265,19,19,0,141.5253,0.0,141.5253,2141.5253,0.479084,0,19,2141.5253,0.0,-0.0
SOXL3S_USDT,late,0.0,0.15,20,none,True,33373,3.5857,0.8326,17,17,0,113.881,-153.56,-39.73,1960.27,0.236697,0,19,1913.83,46.44,0.0
SOXL3S_USDT,full,0.0,0.15,20,none,True,62331,1.01083,0.8326,19,19,0,141.5253,0.0,141.5253,2141.5253,0.099965,0,19,2141.5253,0.0,0.0
SOXL3L_USDT,full,0.0,0.15,20,none,True,71701,1.00644,0.01545,11,11,0,48.9436,-787.7191,-738.9795,1261.0205,0.405427,0,19,1248.7396,12.2809,0.0
SNXX3L_USDT,late,0.0,0.15,20,up,False,19375,2.60438,1.0969,246,246,0,253.6931,-1546.7617,-1293.5726,706.4274,0.778099,70,19,153.1891,553.2383,0.0
SOXL3S_USDT,late,0.0,0.15,20,up,False,33373,3.5857,0.8326,17,17,0,113.881,-153.56,-39.73,1960.27,0.236697,0,19,1913.83,46.44,0.0
SNXX3S_USDT,full,0.0,0.15,20,up,False,27829,1.0107,0.010265,49,49,0,158.402,-2083.668,-1925.77,74.23,0.969209,31,19,57.898,16.332,-0.0
SNXX3S_USDT,late,0.0,0.15,20,up,False,13950,0.01135,0.010265,187,187,0,230.0625,-889.2722,-659.7137,1340.2863,0.48121,66,19,129.5585,1210.7278,-0.0
SNXX3L_USDT,full,0.0,0.15,20,up,False,37108,1.00171,1.0969,975,975,0,398.4783,-1562.3455,-1164.3712,835.6288,0.755503,427,19,297.9743,537.6545,0.0
SOXL3L_USDT,late,0.0,0.15,20,up,False,30577,0.01701,0.01545,1165,1165,0,540.5814,-1409.3491,-869.2716,1130.7284,0.596411,225,19,440.0774,690.6509,0.0
SOXL3L_USDT,full,0.0,0.15,20,up,False,71701,1.00644,0.01545,11,11,0,48.9436,-787.7191,-738.9795,1261.0205,0.405427,0,19,1248.7396,12.2809,0.0
SNXX3L_USDT,late,0.0,0.15,20,up,True,19375,2.60438,1.0969,19,19,0,141.5253,0.0,141.5253,2141.5253,0.026971,70,19,2141.5253,0.0,-0.0
SOXL3S_USDT,full,0.0,0.15,20,up,False,62331,1.01083,0.8326,1412,1412,0,586.9293,-1660.087,-1073.6617,926.3383,0.723832,381,19,486.4253,439.913,0.0
SNXX3L_USDT,full,0.0,0.15,20,up,True,37108,1.00171,1.0969,19,19,0,141.5253,0.0,141.5253,2141.5253,0.064386,427,19,2141.5253,0.0,-0.0
SOXL3L_USDT,late,0.0,0.15,20,up,True,30577,0.01701,0.01545,19,19,0,141.5253,0.0,141.5253,2141.5253,0.051355,225,19,2141.5253,0.0,-0.0
SOXL3S_USDT,late,0.0,0.15,20,up,True,33373,3.5857,0.8326,17,17,0,113.881,-153.56,-39.73,1960.27,0.236697,0,19,1913.83,46.44,0.0
SNXX3S_USDT,full,0.0,0.15,20,up,True,27829,1.0107,0.010265,19,19,0,141.5253,0.0,141.5253,2141.5253,0.246136,31,19,2141.5253,0.0,-0.0
SNXX3S_USDT,late,0.0,0.15,20,up,True,13950,0.01135,0.010265,19,19,0,141.5253,0.0,141.5253,2141.5253,0.479084,66,19,2141.5253,0.0,-0.0
SOXL3S_USDT,full,0.0,0.15,20,up,True,62331,1.01083,0.8326,19,19,0,141.5253,0.0,141.5253,2141.5253,0.099965,381,19,2141.5253,0.0,0.0
SOXL3L_USDT,full,0.0,0.15,20,up,True,71701,1.00644,0.01545,11,11,0,48.9436,-787.7191,-738.9795,1261.0205,0.405427,0,19,1248.7396,12.2809,0.0
SNXX3L_USDT,late,0.0,0.15,20,both,False,19375,2.60438,1.0969,598,412,186,-1741.0383,-12.2765,-1753.3628,246.6372,0.885494,447,19,58.9137,187.7235,-0.0
SNXX3S_USDT,full,0.0,0.15,20,both,False,27829,1.0107,0.010265,278,143,135,-1576.1638,0.0,-1576.1638,423.8362,0.79028,464,19,423.8362,0.0,-0.0
SNXX3L_USDT,full,0.0,0.15,20,both,False,37108,1.00171,1.0969,392,220,172,-1900.2028,0.0,-1900.2028,99.7972,0.952414,6263,19,99.7972,0.0,-0.0
SOXL3S_USDT,late,0.0,0.15,20,both,False,33373,3.5857,0.8326,396,260,136,-552.7671,-85.8563,-638.8154,1361.1846,0.546564,269,19,647.0409,714.1437,-0.0
SNXX3S_USDT,late,0.0,0.15,20,both,False,13950,0.01135,0.010265,848,598,250,-1837.3381,0.0,-1837.3381,162.6619,0.919894,935,19,162.6619,0.0,-0.0
SOXL3L_USDT,late,0.0,0.15,20,both,False,30577,0.01701,0.01545,1155,846,309,-1900.1282,0.0,-1900.1282,99.8718,0.951797,2937,19,99.8718,0.0,0.0
SOXL3L_USDT,full,0.0,0.15,20,both,False,71701,1.00644,0.01545,335,213,122,-1543.5381,0.0,-1543.5381,456.4619,0.782886,275,19,456.4619,0.0,0.0
SOXL3S_USDT,full,0.0,0.15,20,both,False,62331,1.01083,0.8326,1231,846,385,-1901.7908,0.0,-1901.7908,98.2092,0.950883,7305,19,98.2092,0.0,0.0
SNXX3L_USDT,late,0.0,0.15,20,both,True,19375,2.60438,1.0969,19,17,2,113.0321,0.0,113.0321,2113.0321,0.021141,447,19,2113.0321,0.0,-0.0
SNXX3L_USDT,full,0.0,0.15,20,both,True,37108,1.00171,1.0969,19,8,11,-4.6896,0.0,-4.6896,1995.3104,0.05507,6263,19,1995.3104,0.0,-0.0
SNXX3S_USDT,full,0.0,0.15,20,both,True,27829,1.0107,0.010265,19,1,18,-57.177,0.0,-57.177,1942.823,0.049002,464,19,1942.823,0.0,-0.0
SOXL3S_USDT,late,0.0,0.15,20,both,True,33373,3.5857,0.8326,19,2,17,-114.9131,0.0,-114.9131,1885.0869,0.068866,269,19,1885.0869,0.0,0.0
SOXL3L_USDT,late,0.0,0.15,20,both,True,30577,0.01701,0.01545,19,11,8,16.3054,0.0,16.3054,2016.3054,0.043236,2937,19,2016.3054,0.0,-0.0
SNXX3S_USDT,late,0.0,0.15,20,both,True,13950,0.01135,0.010265,19,1,18,-72.9232,0.0,-72.9232,1927.0768,0.05634,935,19,1927.0768,0.0,-0.0
SOXL3L_USDT,full,0.0,0.15,20,both,True,71701,1.00644,0.01545,19,15,4,-15.9369,0.0,-15.9369,1984.0631,0.042917,275,19,1984.0631,0.0,0.0
SOXL3S_USDT,full,0.0,0.15,20,both,True,62331,1.01083,0.8326,19,0,19,-99.9167,0.0,-99.9167,1900.0833,0.063222,7305,19,1900.0833,0.0,0.0
SNXX3L_USDT,late,0.0,0.2,10,none,False,19375,2.60438,1.0969,9,9,0,179.0658,0.0,179.0658,2179.0658,0.035855,0,9,2179.0658,0.0,-0.0
SNXX3L_USDT,full,0.0,0.2,10,none,False,37108,1.00171,1.0969,9,9,0,179.0658,0.0,179.0658,2179.0658,0.070129,0,9,2179.0658,0.0,-0.0
SNXX3S_USDT,late,0.0,0.2,10,none,False,13950,0.01135,0.010265,9,9,0,179.0658,0.0,179.0658,2179.0658,0.47925,0,9,2179.0658,0.0,0.0
SOXL3L_USDT,late,0.0,0.2,10,none,False,30577,0.01701,0.01545,9,9,0,179.0658,0.0,179.0658,2179.0658,0.051335,0,9,2179.0658,0.0,0.0
SNXX3S_USDT,full,0.0,0.2,10,none,False,27829,1.0107,0.010265,9,9,0,179.0658,0.0,179.0658,2179.0658,0.264891,0,9,2179.0658,0.0,-0.0
SOXL3S_USDT,late,0.0,0.2,10,none,False,33373,3.5857,0.8326,6,6,0,83.3858,-460.6799,-377.4471,1622.5529,0.280081,0,9,1483.2328,139.3201,-0.0
SOXL3S_USDT,full,0.0,0.2,10,none,False,62331,1.01083,0.8326,9,9,0,179.0658,0.0,179.0658,2179.0658,0.094702,0,9,2179.0658,0.0,-0.0
SOXL3L_USDT,full,0.0,0.2,10,none,False,71701,1.00644,0.01545,4,4,0,39.5944,-984.6489,-945.3095,1054.6905,0.505075,0,9,1039.3394,15.3511,0.0
SNXX3L_USDT,late,0.0,0.2,10,none,True,19375,2.60438,1.0969,9,9,0,179.0658,0.0,179.0658,2179.0658,0.035855,0,9,2179.0658,0.0,-0.0
SNXX3L_USDT,full,0.0,0.2,10,none,True,37108,1.00171,1.0969,9,9,0,179.0658,0.0,179.0658,2179.0658,0.070129,0,9,2179.0658,0.0,-0.0
SNXX3S_USDT,full,0.0,0.2,10,none,True,27829,1.0107,0.010265,9,9,0,179.0658,0.0,179.0658,2179.0658,0.264891,0,9,2179.0658,0.0,-0.0
SNXX3S_USDT,late,0.0,0.2,10,none,True,13950,0.01135,0.010265,9,9,0,179.0658,0.0,179.0658,2179.0658,0.47925,0,9,2179.0658,0.0,0.0
SOXL3L_USDT,late,0.0,0.2,10,none,True,30577,0.01701,0.01545,9,9,0,179.0658,0.0,179.0658,2179.0658,0.051335,0,9,2179.0658,0.0,0.0
SOXL3S_USDT,late,0.0,0.2,10,none,True,33373,3.5857,0.8326,6,6,0,83.3858,-460.6799,-377.4471,1622.5529,0.280081,0,9,1483.2328,139.3201,-0.0
SOXL3S_USDT,full,0.0,0.2,10,none,True,62331,1.01083,0.8326,9,9,0,179.0658,0.0,179.0658,2179.0658,0.094702,0,9,2179.0658,0.0,-0.0
SOXL3L_USDT,full,0.0,0.2,10,none,True,71701,1.00644,0.01545,4,4,0,39.5944,-984.6489,-945.3095,1054.6905,0.505075,0,9,1039.3394,15.3511,0.0
SNXX3L_USDT,late,0.0,0.2,10,up,False,19375,2.60438,1.0969,95,95,0,421.4715,-1605.056,-1184.1125,815.8875,0.755059,23,9,220.9435,594.944,0.0
SNXX3S_USDT,late,0.0,0.2,10,up,False,13950,0.01135,0.010265,65,65,0,353.059,-905.8068,-553.2758,1446.7242,0.47925,22,9,152.531,1294.1932,0.0
SOXL3S_USDT,late,0.0,0.2,10,up,False,33373,3.5857,0.8326,6,6,0,83.3858,-460.6799,-377.4471,1622.5529,0.280081,0,9,1483.2328,139.3201,-0.0
SNXX3L_USDT,full,0.0,0.2,10,up,False,37108,1.00171,1.0969,381,381,0,808.1626,-1631.6989,-824.0643,1175.9357,0.700033,157,9,607.6346,568.3011,-0.0
SNXX3S_USDT,full,0.0,0.2,10,up,False,27829,1.0107,0.010265,20,20,0,214.0382,-2182.501,-1968.9908,31.0092,0.989718,9,9,13.5102,17.499,-0.0
SOXL3L_USDT,late,0.0,0.2,10,up,False,30577,0.01701,0.01545,459,459,0,1058.5817,-1470.3277,-412.2741,1587.7259,0.516047,82,9,858.0537,729.6723,0.0
SOXL3L_USDT,full,0.0,0.2,10,up,False,71701,1.00644,0.01545,4,4,0,39.5944,-984.6489,-945.3095,1054.6905,0.505075,0,9,1039.3394,15.3511,0.0
SOXL3S_USDT,full,0.0,0.2,10,up,False,62331,1.01083,0.8326,568,568,0,1208.2496,-1735.238,-527.5164,1472.4836,0.609797,140,9,1007.7216,464.762,0.0
SNXX3L_USDT,late,0.0,0.2,10,up,True,19375,2.60438,1.0969,9,9,0,179.0658,0.0,179.0658,2179.0658,0.035855,23,9,2179.0658,0.0,-0.0
SNXX3L_USDT,full,0.0,0.2,10,up,True,37108,1.00171,1.0969,9,9,0,179.0658,0.0,179.0658,2179.0658,0.070129,157,9,2179.0658,0.0,-0.0
SOXL3L_USDT,late,0.0,0.2,10,up,True,30577,0.01701,0.01545,9,9,0,179.0658,0.0,179.0658,2179.0658,0.051335,82,9,2179.0658,0.0,0.0
SNXX3S_USDT,late,0.0,0.2,10,up,True,13950,0.01135,0.010265,9,9,0,179.0658,0.0,179.0658,2179.0658,0.47925,22,9,2179.0658,0.0,0.0
SOXL3S_USDT,late,0.0,0.2,10,up,True,33373,3.5857,0.8326,6,6,0,83.3858,-460.6799,-377.4471,1622.5529,0.280081,0,9,1483.2328,139.3201,-0.0
SNXX3S_USDT,full,0.0,0.2,10,up,True,27829,1.0107,0.010265,9,9,0,179.0658,0.0,179.0658,2179.0658,0.264891,9,9,2179.0658,0.0,-0.0
SOXL3S_USDT,full,0.0,0.2,10,up,True,62331,1.01083,0.8326,9,9,0,179.0658,0.0,179.0658,2179.0658,0.094702,140,9,2179.0658,0.0,-0.0
SOXL3L_USDT,full,0.0,0.2,10,up,True,71701,1.00644,0.01545,4,4,0,39.5944,-984.6489,-945.3095,1054.6905,0.505075,0,9,1039.3394,15.3511,0.0
SNXX3L_USDT,late,0.0,0.2,10,both,False,19375,2.60438,1.0969,231,161,70,-1070.522,0.0,-1070.522,929.478,0.67489,116,9,929.478,0.0,0.0
SNXX3S_USDT,full,0.0,0.2,10,both,False,27829,1.0107,0.010265,96,34,62,-1477.7584,0.0,-1477.7584,522.2416,0.756035,147,9,522.2416,0.0,-0.0
SNXX3S_USDT,late,0.0,0.2,10,both,False,13950,0.01135,0.010265,294,199,95,-1524.3326,0.0,-1524.3326,475.6674,0.769537,262,9,475.6674,0.0,-0.0
SNXX3L_USDT,full,0.0,0.2,10,both,False,37108,1.00171,1.0969,186,98,88,-1823.7901,0.0,-1823.7901,176.2099,0.916574,1823,9,176.2099,0.0,-0.0
SOXL3L_USDT,late,0.0,0.2,10,both,False,30577,0.01701,0.01545,569,388,181,-1810.7206,0.0,-1810.7206,189.2794,0.91249,824,9,189.2794,0.0,-0.0
SOXL3S_USDT,late,0.0,0.2,10,both,False,33373,3.5857,0.8326,84,27,57,-638.1588,0.0,-638.1588,1361.8412,0.329047,77,9,1361.8412,0.0,-0.0
SOXL3L_USDT,full,0.0,0.2,10,both,False,71701,1.00644,0.01545,93,45,48,-1035.3539,0.0,-1035.3539,964.6461,0.545677,87,9,964.6461,0.0,0.0
SOXL3S_USDT,full,0.0,0.2,10,both,False,62331,1.01083,0.8326,617,416,201,-1802.1608,0.0,-1802.1608,197.8392,0.901329,2101,9,197.8392,0.0,-0.0
SNXX3L_USDT,late,0.0,0.2,10,both,True,19375,2.60438,1.0969,9,9,0,179.0658,0.0,179.0658,2179.0658,0.035855,116,9,2179.0658,0.0,-0.0
SNXX3L_USDT,full,0.0,0.2,10,both,True,37108,1.00171,1.0969,9,3,6,-4.89,0.0,-4.89,1995.11,0.060589,1823,9,1995.11,0.0,-0.0
SOXL3S_USDT,late,0.0,0.2,10,both,True,33373,3.5857,0.8326,9,0,9,-140.8574,0.0,-140.8574,1859.1426,0.085266,77,9,1859.1426,0.0,-0.0
SNXX3S_USDT,full,0.0,0.2,10,both,True,27829,1.0107,0.010265,9,2,7,-24.8852,0.0,-24.8852,1975.1148,0.051241,147,9,1975.1148,0.0,-0.0
SNXX3S_USDT,late,0.0,0.2,10,both,True,13950,0.01135,0.010265,9,0,9,-128.8603,0.0,-128.8603,1871.1397,0.082351,262,9,1871.1397,0.0,0.0
SOXL3L_USDT,late,0.0,0.2,10,both,True,30577,0.01701,0.01545,9,7,2,67.0927,0.0,67.0927,2067.0927,0.051335,824,9,2067.0927,0.0,0.0
SOXL3L_USDT,full,0.0,0.2,10,both,True,71701,1.00644,0.01545,9,4,5,-280.8238,0.0,-280.8238,1719.1762,0.209506,87,9,1719.1762,0.0,-0.0
SOXL3S_USDT,full,0.0,0.2,10,both,True,62331,1.01083,0.8326,9,1,8,-68.8747,0.0,-68.8747,1931.1253,0.079705,2101,9,1931.1253,0.0,-0.0
SNXX3L_USDT,late,0.0,0.2,20,none,False,19375,2.60438,1.0969,19,19,0,189.0139,0.0,189.0139,2189.0139,0.035789,0,19,2189.0139,0.0,-0.0
SNXX3L_USDT,full,0.0,0.2,20,none,False,37108,1.00171,1.0969,19,19,0,189.0139,0.0,189.0139,2189.0139,0.075857,0,19,2189.0139,0.0,-0.0
SNXX3S_USDT,late,0.0,0.2,20,none,False,13950,0.01135,0.010265,19,19,0,189.0139,0.0,189.0139,2189.0139,0.479025,0,19,2189.0139,0.0,-0.0
SNXX3S_USDT,full,0.0,0.2,20,none,False,27829,1.0107,0.010265,19,19,0,189.0139,0.0,189.0139,2189.0139,0.264516,0,19,2189.0139,0.0,-0.0
SOXL3L_USDT,late,0.0,0.2,20,none,False,30577,0.01701,0.01545,19,19,0,189.0139,0.0,189.0139,2189.0139,0.054948,0,19,2189.0139,0.0,-0.0
SOXL3S_USDT,late,0.0,0.2,20,none,False,33373,3.5857,0.8326,13,13,0,90.3347,-460.6799,-370.4983,1629.5017,0.279734,0,19,1490.1817,139.3201,0.0
SOXL3S_USDT,full,0.0,0.2,20,none,False,62331,1.01083,0.8326,19,19,0,189.0139,0.0,189.0139,2189.0139,0.099965,0,19,2189.0139,0.0,0.0
SOXL3L_USDT,full,0.0,0.2,20,none,False,71701,1.00644,0.01545,8,8,0,35.5954,-1083.1137,-1047.7989,952.2011,0.554471,0,19,935.3149,16.8863,0.0
SNXX3L_USDT,late,0.0,0.2,20,none,True,19375,2.60438,1.0969,19,19,0,189.0139,0.0,189.0139,2189.0139,0.035789,0,19,2189.0139,0.0,-0.0
SNXX3L_USDT,full,0.0,0.2,20,none,True,37108,1.00171,1.0969,19,19,0,189.0139,0.0,189.0139,2189.0139,0.075857,0,19,2189.0139,0.0,-0.0
SOXL3L_USDT,late,0.0,0.2,20,none,True,30577,0.01701,0.01545,19,19,0,189.0139,0.0,189.0139,2189.0139,0.054948,0,19,2189.0139,0.0,-0.0
SNXX3S_USDT,late,0.0,0.2,20,none,True,13950,0.01135,0.010265,19,19,0,189.0139,0.0,189.0139,2189.0139,0.479025,0,19,2189.0139,0.0,-0.0
SNXX3S_USDT,full,0.0,0.2,20,none,True,27829,1.0107,0.010265,19,19,0,189.0139,0.0,189.0139,2189.0139,0.264516,0,19,2189.0139,0.0,-0.0
SOXL3S_USDT,late,0.0,0.2,20,none,True,33373,3.5857,0.8326,13,13,0,90.3347,-460.6799,-370.4983,1629.5017,0.279734,0,19,1490.1817,139.3201,0.0
SOXL3S_USDT,full,0.0,0.2,20,none,True,62331,1.01083,0.8326,19,19,0,189.0139,0.0,189.0139,2189.0139,0.099965,0,19,2189.0139,0.0,0.0
SOXL3L_USDT,full,0.0,0.2,20,none,True,71701,1.00644,0.01545,8,8,0,35.5954,-1083.1137,-1047.7989,952.2011,0.554471,0,19,935.3149,16.8863,0.0
SNXX3L_USDT,late,0.0,0.2,20,up,False,19375,2.60438,1.0969,228,228,0,329.8725,-1535.8045,-1206.436,793.564,0.749991,47,19,229.3685,564.1955,0.0
SNXX3S_USDT,full,0.0,0.2,20,up,False,27829,1.0107,0.010265,49,49,0,212.0297,-2083.2998,-1871.7741,128.2259,0.945441,18,19,111.5257,16.7002,-0.0
SNXX3L_USDT,full,0.0,0.2,20,up,False,37108,1.00171,1.0969,868,868,0,520.1394,-1558.8177,-1039.1823,960.8177,0.721912,315,19,419.6354,541.1823,0.0
SNXX3S_USDT,late,0.0,0.2,20,up,False,13950,0.01135,0.010265,165,165,0,299.6227,-864.808,-565.6893,1434.3107,0.479025,44,19,199.1187,1235.192,-0.0
SOXL3S_USDT,late,0.0,0.2,20,up,False,33373,3.5857,0.8326,13,13,0,90.3347,-460.6799,-370.4983,1629.5017,0.279734,0,19,1490.1817,139.3201,0.0
SOXL3L_USDT,late,0.0,0.2,20,up,False,30577,0.01701,0.01545,1132,1132,0,703.5161,-1403.5256,-700.5135,1299.4865,0.558006,164,19,603.0121,696.4744,-0.0
SOXL3L_USDT,full,0.0,0.2,20,up,False,71701,1.00644,0.01545,8,8,0,35.5954,-1083.1137,-1047.7989,952.2011,0.554471,0,19,935.3149,16.8863,0.0
SOXL3S_USDT,full,0.0,0.2,20,up,False,62331,1.01083,0.8326,1351,1351,0,778.2103,-1657.5084,-879.8021,1120.1979,0.673063,281,19,677.7063,442.4916,-0.0
SNXX3L_USDT,late,0.0,0.2,20,up,True,19375,2.60438,1.0969,19,19,0,189.0139,0.0,189.0139,2189.0139,0.035789,47,19,2189.0139,0.0,-0.0
SNXX3L_USDT,full,0.0,0.2,20,up,True,37108,1.00171,1.0969,19,19,0,189.0139,0.0,189.0139,2189.0139,0.075857,315,19,2189.0139,0.0,-0.0
SOXL3L_USDT,late,0.0,0.2,20,up,True,30577,0.01701,0.01545,19,19,0,189.0139,0.0,189.0139,2189.0139,0.054948,164,19,2189.0139,0.0,-0.0
SNXX3S_USDT,full,0.0,0.2,20,up,True,27829,1.0107,0.010265,19,19,0,189.0139,0.0,189.0139,2189.0139,0.264516,18,19,2189.0139,0.0,-0.0
SOXL3S_USDT,late,0.0,0.2,20,up,True,33373,3.5857,0.8326,13,13,0,90.3347,-460.6799,-370.4983,1629.5017,0.279734,0,19,1490.1817,139.3201,0.0
SNXX3S_USDT,late,0.0,0.2,20,up,True,13950,0.01135,0.010265,19,19,0,189.0139,0.0,189.0139,2189.0139,0.479025,44,19,2189.0139,0.0,-0.0
SOXL3S_USDT,full,0.0,0.2,20,up,True,62331,1.01083,0.8326,19,19,0,189.0139,0.0,189.0139,2189.0139,0.099965,281,19,2189.0139,0.0,0.0
SOXL3L_USDT,full,0.0,0.2,20,up,True,71701,1.00644,0.01545,8,8,0,35.5954,-1083.1137,-1047.7989,952.2011,0.554471,0,19,935.3149,16.8863,0.0
SNXX3L_USDT,late,0.0,0.2,20,both,False,19375,2.60438,1.0969,505,380,125,-1168.6886,-43.5401,-1212.3967,787.6033,0.774071,242,19,131.1434,656.4599,0.0
SNXX3S_USDT,full,0.0,0.2,20,both,False,27829,1.0107,0.010265,196,89,107,-1370.2856,0.0,-1370.2856,629.7144,0.690781,301,19,629.7144,0.0,-0.0
SOXL3L_USDT,late,0.0,0.2,20,both,False,30577,0.01701,0.01545,1300,975,325,-1911.342,0.0,-1911.342,88.658,0.958334,1717,19,88.658,0.0,-0.0
SNXX3S_USDT,late,0.0,0.2,20,both,False,13950,0.01135,0.010265,696,522,174,-1664.3634,0.0,-1664.3634,335.6366,0.836398,544,19,335.6366,0.0,-0.0
SNXX3L_USDT,full,0.0,0.2,20,both,False,37108,1.00171,1.0969,401,240,161,-1908.5411,0.0,-1908.5411,91.4589,0.956694,3780,19,91.4589,0.0,0.0
SOXL3S_USDT,late,0.0,0.2,20,both,False,33373,3.5857,0.8326,206,95,111,-1177.6924,0.0,-1177.6924,822.3076,0.639023,167,19,822.3076,0.0,0.0
SOXL3L_USDT,full,0.0,0.2,20,both,False,71701,1.00644,0.01545,225,135,90,-893.8365,0.0,-893.8365,1106.1635,0.470948,174,19,1106.1635,0.0,-0.0
SOXL3S_USDT,full,0.0,0.2,20,both,False,62331,1.01083,0.8326,1145,812,333,-1899.4045,0.0,-1899.4045,100.5955,0.950045,4376,19,100.5955,0.0,0.0
SNXX3L_USDT,late,0.0,0.2,20,both,True,19375,2.60438,1.0969,19,17,2,151.023,0.0,151.023,2151.023,0.030059,242,19,2151.023,0.0,-0.0
SNXX3S_USDT,full,0.0,0.2,20,both,True,27829,1.0107,0.010265,19,5,14,-28.9338,0.0,-28.9338,1971.0662,0.056506,301,19,1971.0662,0.0,-0.0
SNXX3L_USDT,full,0.0,0.2,20,both,True,37108,1.00171,1.0969,19,9,10,2.0588,0.0,2.0588,2002.0588,0.068713,3780,19,2002.0588,0.0,-0.0
SOXL3S_USDT,late,0.0,0.2,20,both,True,33373,3.5857,0.8326,19,1,18,-153.9038,0.0,-153.9038,1846.0962,0.086531,167,19,1846.0962,0.0,0.0
SOXL3L_USDT,late,0.0,0.2,20,both,True,30577,0.01701,0.01545,19,15,4,69.0427,0.0,69.0427,2069.0427,0.054948,1717,19,2069.0427,0.0,-0.0
SNXX3S_USDT,late,0.0,0.2,20,both,True,13950,0.01135,0.010265,19,1,18,-124.9107,0.0,-124.9107,1875.0893,0.079342,544,19,1875.0893,0.0,-0.0
SOXL3L_USDT,full,0.0,0.2,20,both,True,71701,1.00644,0.01545,19,11,8,-160.9021,0.0,-160.9021,1839.0979,0.127644,174,19,1839.0979,0.0,0.0
SOXL3S_USDT,full,0.0,0.2,20,both,True,62331,1.01083,0.8326,19,0,19,-79.9215,0.0,-79.9215,1920.0785,0.06997,4376,19,1920.0785,0.0,0.0
SNXX3L_USDT,late,0.02,0.05,10,none,False,19375,2.60438,1.0969,23,23,0,59.8303,-343.9579,-284.2717,1715.7283,0.214552,0,8,1459.6863,256.0421,-0.0
SNXX3L_USDT,full,0.02,0.05,10,none,False,37108,1.00171,1.0969,157,157,0,237.0583,0.0,237.0583,2237.0583,0.154403,0,8,2237.0583,0.0,0.0
SOXL3L_USDT,late,0.02,0.05,10,none,False,30577,0.01701,0.01545,121,121,0,189.2201,-47.83,141.2461,2141.2461,0.099453,0,8,1589.0761,552.17,0.0
SNXX3S_USDT,late,0.02,0.05,10,none,False,13950,0.01135,0.010265,195,195,0,287.4005,-50.1911,237.0654,2237.0654,0.471793,0,8,1687.2565,549.8089,0.0
SNXX3S_USDT,full,0.02,0.05,10,none,False,27829,1.0107,0.010265,28,28,0,66.4211,-593.8257,-527.5487,1472.4513,0.288864,0,8,1466.2771,6.1743,0.0
SOXL3S_USDT,late,0.02,0.05,10,none,False,33373,3.5857,0.8326,36,36,0,76.9882,-458.8402,-381.996,1618.004,0.253902,0,8,1476.8442,141.1598,0.0
SOXL3L_USDT,full,0.02,0.05,10,none,False,71701,1.00644,0.01545,9,9,0,41.3103,-590.6677,-549.5014,1450.4986,0.290739,0,8,1441.1663,9.3323,0.0
SOXL3S_USDT,full,0.02,0.05,10,none,False,62331,1.01083,0.8326,114,114,0,179.9948,-99.2662,80.5846,2080.5846,0.157678,0,8,1579.8508,500.7338,0.0
SNXX3L_USDT,late,0.02,0.05,10,none,True,19375,2.60438,1.0969,8,8,0,39.9982,0.0,39.9982,2039.9982,0.011686,0,8,2039.9982,0.0,-0.0
SNXX3S_USDT,late,0.02,0.05,10,none,True,13950,0.01135,0.010265,8,8,0,39.9982,0.0,39.9982,2039.9982,0.320228,0,8,2039.9982,0.0,-0.0
SNXX3L_USDT,full,0.02,0.05,10,none,True,37108,1.00171,1.0969,8,8,0,39.9982,0.0,39.9982,2039.9982,0.0,0,8,2039.9982,0.0,-0.0
SNXX3S_USDT,full,0.02,0.05,10,none,True,27829,1.0107,0.010265,8,8,0,39.9982,0.0,39.9982,2039.9982,0.050302,0,8,2039.9982,0.0,-0.0
SOXL3S_USDT,late,0.02,0.05,10,none,True,33373,3.5857,0.8326,8,8,0,39.9982,0.0,39.9982,2039.9982,0.158272,0,8,2039.9982,0.0,0.0
SOXL3L_USDT,late,0.02,0.05,10,none,True,30577,0.01701,0.01545,8,8,0,39.9982,0.0,39.9982,2039.9982,0.007728,0,8,2039.9982,0.0,0.0
SOXL3S_USDT,full,0.02,0.05,10,none,True,62331,1.01083,0.8326,8,8,0,39.9982,0.0,39.9982,2039.9982,0.084178,0,8,2039.9982,0.0,-0.0
SOXL3L_USDT,full,0.02,0.05,10,none,True,71701,1.00644,0.01545,8,8,0,39.9982,0.0,39.9982,2039.9982,0.013158,0,8,2039.9982,0.0,-0.0
SNXX3L_USDT,late,0.02,0.05,10,up,False,19375,2.60438,1.0969,211,211,0,240.3583,-1634.2158,-1394.3856,605.6144,0.825302,89,8,39.8303,565.7842,0.0
SNXX3S_USDT,late,0.02,0.05,10,up,False,13950,0.01135,0.010265,241,241,0,292.7692,-963.933,-671.6917,1328.3083,0.504303,85,8,92.2412,1236.067,0.0
SNXX3L_USDT,full,0.02,0.05,10,up,False,37108,1.00171,1.0969,516,516,0,300.3986,-1642.2033,-1342.3327,657.6673,0.826085,472,8,99.8706,557.7967,0.0
SNXX3S_USDT,full,0.02,0.05,10,up,False,27829,1.0107,0.010265,31,31,0,65.4093,-1985.0003,-1920.0709,79.9291,0.964764,48,8,64.9293,14.9997,0.0
SOXL3L_USDT,late,0.02,0.05,10,up,False,30577,0.01701,0.01545,591,591,0,421.8255,-1488.0796,-1066.7821,933.2179,0.65954,256,8,221.2975,711.9204,-0.0
SOXL3S_USDT,late,0.02,0.05,10,up,False,33373,3.5857,0.8326,50,50,0,92.7282,-1575.9409,-1483.6927,516.3073,0.850507,11,8,92.2482,424.0591,0.0
SOXL3S_USDT,full,0.02,0.05,10,up,False,62331,1.01083,0.8326,685,685,0,433.9148,-1744.2276,-1310.8408,689.1592,0.807284,423,8,233.3868,455.7724,-0.0
SOXL3L_USDT,full,0.02,0.05,10,up,False,71701,1.00644,0.01545,17,17,0,51.0926,-1970.6511,-1920.0385,79.9615,0.965128,4,8,50.6126,29.3489,0.0
SNXX3L_USDT,late,0.02,0.05,10,up,True,19375,2.60438,1.0969,8,8,0,39.9982,0.0,39.9982,2039.9982,0.011686,89,8,2039.9982,0.0,-0.0
SNXX3L_USDT,full,0.02,0.05,10,up,True,37108,1.00171,1.0969,8,8,0,39.9982,0.0,39.9982,2039.9982,0.0,472,8,2039.9982,0.0,-0.0
SOXL3L_USDT,late,0.02,0.05,10,up,True,30577,0.01701,0.01545,8,8,0,39.9982,0.0,39.9982,2039.9982,0.007728,256,8,2039.9982,0.0,0.0
SOXL3S_USDT,late,0.02,0.05,10,up,True,33373,3.5857,0.8326,8,8,0,39.9982,0.0,39.9982,2039.9982,0.158272,11,8,2039.9982,0.0,0.0
SNXX3S_USDT,late,0.02,0.05,10,up,True,13950,0.01135,0.010265,8,8,0,39.9982,0.0,39.9982,2039.9982,0.320228,85,8,2039.9982,0.0,-0.0
SNXX3S_USDT,full,0.02,0.05,10,up,True,27829,1.0107,0.010265,8,8,0,39.9982,0.0,39.9982,2039.9982,0.050302,48,8,2039.9982,0.0,-0.0
SOXL3L_USDT,full,0.02,0.05,10,up,True,71701,1.00644,0.01545,8,8,0,39.9982,0.0,39.9982,2039.9982,0.013158,4,8,2039.9982,0.0,-0.0
SOXL3S_USDT,full,0.02,0.05,10,up,True,62331,1.01083,0.8326,8,8,0,39.9982,0.0,39.9982,2039.9982,0.084178,423,8,2039.9982,0.0,-0.0
SNXX3L_USDT,late,0.02,0.05,10,both,False,19375,2.60438,1.0969,577,376,201,-1830.5648,0.0,-1830.5648,169.4352,0.921506,901,8,169.4352,0.0,0.0
SNXX3S_USDT,late,0.02,0.05,10,both,False,13950,0.01135,0.010265,612,385,227,-1798.0749,0.0,-1798.0749,201.9251,0.899898,1770,8,201.9251,0.0,0.0
SNXX3S_USDT,full,0.02,0.05,10,both,False,27829,1.0107,0.010265,141,37,104,-1804.4709,0.0,-1804.4709,195.5291,0.902216,691,8,195.5291,0.0,-0.0
SNXX3L_USDT,full,0.02,0.05,10,both,False,37108,1.00171,1.0969,218,100,118,-1802.9767,0.0,-1802.9767,197.0233,0.903918,11307,8,197.0233,0.0,-0.0
SOXL3L_USDT,late,0.02,0.05,10,both,False,30577,0.01701,0.01545,544,334,210,-1809.2541,0.0,-1809.2541,190.7459,0.906662,5575,8,190.7459,0.0,0.0
SOXL3S_USDT,late,0.02,0.05,10,both,False,33373,3.5857,0.8326,409,228,181,-1617.4425,-25.4134,-1642.9039,357.0961,0.837168,486,8,182.5095,174.5866,-0.0
SOXL3L_USDT,full,0.02,0.05,10,both,False,71701,1.00644,0.01545,273,148,125,-1825.3496,0.0,-1825.3496,174.6504,0.914875,506,8,174.6504,0.0,-0.0
SOXL3S_USDT,full,0.02,0.05,10,both,False,62331,1.01083,0.8326,484,287,197,-1806.6765,0.0,-1806.6765,193.3235,0.90375,12863,8,193.3235,0.0,0.0
SNXX3L_USDT,late,0.02,0.05,10,both,True,19375,2.60438,1.0969,8,8,0,39.9982,0.0,39.9982,2039.9982,0.011686,901,8,2039.9982,0.0,-0.0
SNXX3S_USDT,full,0.02,0.05,10,both,True,27829,1.0107,0.010265,8,1,7,-38.383,0.0,-38.383,1961.617,0.040353,691,8,1961.617,0.0,-0.0
SNXX3S_USDT,late,0.02,0.05,10,both,True,13950,0.01135,0.010265,8,2,6,-71.9749,0.0,-71.9749,1928.0251,0.051156,1770,8,1928.0251,0.0,0.0
SOXL3S_USDT,late,0.02,0.05,10,both,True,33373,3.5857,0.8326,8,2,6,-99.9682,0.0,-99.9682,1900.0318,0.060838,486,8,1900.0318,0.0,-0.0
SOXL3L_USDT,late,0.02,0.05,10,both,True,30577,0.01701,0.01545,8,7,1,23.2022,0.0,23.2022,2023.2022,0.007728,5575,8,2023.2022,0.0,0.0
SNXX3L_USDT,full,0.02,0.05,10,both,True,37108,1.00171,1.0969,8,8,0,39.9982,0.0,39.9982,2039.9982,0.0,11307,8,2039.9982,0.0,-0.0
SOXL3S_USDT,full,0.02,0.05,10,both,True,62331,1.01083,0.8326,8,0,8,-56.5786,0.0,-56.5786,1943.4214,0.030951,12863,8,1943.4214,0.0,-0.0
SOXL3L_USDT,full,0.02,0.05,10,both,True,71701,1.00644,0.01545,8,8,0,39.9982,0.0,39.9982,2039.9982,0.013158,506,8,2039.9982,0.0,-0.0
SNXX3L_USDT,late,0.02,0.05,20,none,False,19375,2.60438,1.0969,52,52,0,48.815,-344.4103,-295.7393,1704.2607,0.21558,0,15,1448.671,255.5897,-0.0
SNXX3L_USDT,full,0.02,0.05,20,none,False,37108,1.00171,1.0969,354,354,0,141.235,0.0,141.235,2141.235,0.156092,0,15,2141.235,0.0,0.0
SNXX3S_USDT,late,0.02,0.05,20,none,False,13950,0.01135,0.010265,458,458,0,173.1098,-51.1626,121.8033,2121.8033,0.472554,0,15,1572.9658,548.8374,0.0
SOXL3L_USDT,late,0.02,0.05,20,none,False,30577,0.01701,0.01545,286,286,0,120.2754,-48.8056,71.3258,2071.3258,0.100732,0,15,1520.1314,551.1944,0.0
SOXL3S_USDT,late,0.02,0.05,20,none,False,33373,3.5857,0.8326,88,88,0,59.8166,-459.0896,-399.417,1600.583,0.255902,0,15,1459.6726,140.9104,-0.0
SNXX3S_USDT,full,0.02,0.05,20,none,False,27829,1.0107,0.010265,58,58,0,50.6393,-593.8366,-543.3413,1456.6587,0.29109,0,15,1450.4953,6.1634,-0.0
SOXL3L_USDT,full,0.02,0.05,20,none,False,71701,1.00644,0.01545,18,18,0,38.4104,-590.6842,-552.4178,1447.5822,0.291158,0,15,1438.2664,9.3158,0.0
SOXL3S_USDT,full,0.02,0.05,20,none,False,62331,1.01083,0.8326,279,279,0,118.1959,-100.1509,17.901,2017.901,0.161945,0,15,1518.0519,499.8491,-0.0
SNXX3L_USDT,late,0.02,0.05,20,none,True,19375,2.60438,1.0969,15,15,0,37.4983,0.0,37.4983,2037.4983,0.010853,0,15,2037.4983,0.0,-0.0
SNXX3S_USDT,late,0.02,0.05,20,none,True,13950,0.01135,0.010265,15,15,0,37.4983,0.0,37.4983,2037.4983,0.320292,0,15,2037.4983,0.0,-0.0
SNXX3L_USDT,full,0.02,0.05,20,none,True,37108,1.00171,1.0969,15,15,0,37.4983,0.0,37.4983,2037.4983,0.0,0,15,2037.4983,0.0,-0.0
SOXL3L_USDT,late,0.02,0.05,20,none,True,30577,0.01701,0.01545,15,15,0,37.4983,0.0,37.4983,2037.4983,0.007736,0,15,2037.4983,0.0,-0.0
SOXL3S_USDT,late,0.02,0.05,20,none,True,33373,3.5857,0.8326,15,15,0,37.4983,0.0,37.4983,2037.4983,0.145116,0,15,2037.4983,0.0,0.0
SNXX3S_USDT,full,0.02,0.05,20,none,True,27829,1.0107,0.010265,15,15,0,37.4983,0.0,37.4983,2037.4983,0.050312,0,15,2037.4983,0.0,-0.0
SOXL3L_USDT,full,0.02,0.05,20,none,True,71701,1.00644,0.01545,15,15,0,37.4983,0.0,37.4983,2037.4983,0.010973,0,15,2037.4983,0.0,0.0
SOXL3S_USDT,full,0.02,0.05,20,none,True,62331,1.01083,0.8326,15,15,0,37.4983,0.0,37.4983,2037.4983,0.078916,0,15,2037.4983,0.0,0.0
SNXX3L_USDT,late,0.02,0.05,20,up,False,19375,2.60438,1.0969,493,493,0,144.3239,-1559.9415,-1416.1216,583.8784,0.823238,178,15,43.8199,540.0585,-0.0
SNXX3S_USDT,late,0.02,0.05,20,up,False,13950,0.01135,0.010265,581,581,0,178.9933,-922.6967,-744.2074,1255.7926,0.507481,171,15,78.4893,1177.3033,0.0
SNXX3S_USDT,full,0.02,0.05,20,up,False,27829,1.0107,0.010265,64,64,0,49.9157,-1984.9808,-1935.5451,64.4549,0.972051,96,15,49.4357,15.0192,-0.0
SNXX3L_USDT,full,0.02,0.05,20,up,False,37108,1.00171,1.0969,1068,1068,0,147.5499,-1567.5589,-1420.513,579.487,0.825155,944,15,47.0459,532.4411,-0.0
SOXL3L_USDT,late,0.02,0.05,20,up,False,30577,0.01701,0.01545,1294,1294,0,216.7702,-1420.4431,-1204.1769,795.8231,0.688227,512,15,116.2662,679.5569,-0.0
SOXL3S_USDT,late,0.02,0.05,20,up,False,33373,3.5857,0.8326,114,114,0,66.1743,-1576.6166,-1510.9223,489.0777,0.861755,23,15,65.6943,423.3834,-0.0
SOXL3L_USDT,full,0.02,0.05,20,up,False,71701,1.00644,0.01545,40,40,0,44.5975,-1970.7001,-1926.5826,73.4174,0.968201,9,15,44.1175,29.2999,0.0
SOXL3S_USDT,full,0.02,0.05,20,up,False,62331,1.01083,0.8326,1485,1485,0,220.0732,-1664.9456,-1445.3764,554.6236,0.844816,846,15,119.5692,435.0544,0.0
SNXX3L_USDT,late,0.02,0.05,20,up,True,19375,2.60438,1.0969,15,15,0,37.4983,0.0,37.4983,2037.4983,0.010853,178,15,2037.4983,0.0,-0.0
SOXL3L_USDT,late,0.02,0.05,20,up,True,30577,0.01701,0.01545,15,15,0,37.4983,0.0,37.4983,2037.4983,0.007736,512,15,2037.4983,0.0,-0.0
SNXX3L_USDT,full,0.02,0.05,20,up,True,37108,1.00171,1.0969,15,15,0,37.4983,0.0,37.4983,2037.4983,0.0,944,15,2037.4983,0.0,-0.0
SOXL3S_USDT,late,0.02,0.05,20,up,True,33373,3.5857,0.8326,15,15,0,37.4983,0.0,37.4983,2037.4983,0.145116,23,15,2037.4983,0.0,0.0
SNXX3S_USDT,late,0.02,0.05,20,up,True,13950,0.01135,0.010265,15,15,0,37.4983,0.0,37.4983,2037.4983,0.320292,171,15,2037.4983,0.0,-0.0
SOXL3L_USDT,full,0.02,0.05,20,up,True,71701,1.00644,0.01545,15,15,0,37.4983,0.0,37.4983,2037.4983,0.010973,9,15,2037.4983,0.0,0.0
SNXX3S_USDT,full,0.02,0.05,20,up,True,27829,1.0107,0.010265,15,15,0,37.4983,0.0,37.4983,2037.4983,0.050312,96,15,2037.4983,0.0,-0.0
SOXL3S_USDT,full,0.02,0.05,20,up,True,62331,1.01083,0.8326,15,15,0,37.4983,0.0,37.4983,2037.4983,0.078916,846,15,2037.4983,0.0,0.0
SNXX3S_USDT,late,0.02,0.05,20,both,False,13950,0.01135,0.010265,1308,903,405,-1901.9915,0.0,-1901.9915,98.0085,0.951414,3678,15,98.0085,0.0,0.0
SNXX3L_USDT,late,0.02,0.05,20,both,False,19375,2.60438,1.0969,1206,836,370,-1912.1577,0.0,-1912.1577,87.8423,0.958237,1878,15,87.8423,0.0,-0.0
SNXX3S_USDT,full,0.02,0.05,20,both,False,27829,1.0107,0.010265,345,122,223,-1900.4814,0.0,-1900.4814,99.5186,0.950231,1412,15,99.5186,0.0,-0.0
SOXL3L_USDT,late,0.02,0.05,20,both,False,30577,0.01701,0.01545,1143,745,398,-1906.3906,0.0,-1906.3906,93.6094,0.95405,11567,15,93.6094,0.0,-0.0
SOXL3S_USDT,late,0.02,0.05,20,both,False,33373,3.5857,0.8326,944,629,315,-1651.149,-34.597,-1685.818,314.182,0.850305,996,15,48.779,265.403,-0.0
SNXX3L_USDT,full,0.02,0.05,20,both,False,37108,1.00171,1.0969,585,312,273,-1902.3544,0.0,-1902.3544,97.6456,0.952214,23286,15,97.6456,0.0,-0.0
SOXL3L_USDT,full,0.02,0.05,20,both,False,71701,1.00644,0.01545,698,437,261,-1920.0017,0.0,-1920.0017,79.9983,0.960873,1048,15,79.9983,0.0,-0.0
SOXL3S_USDT,full,0.02,0.05,20,both,False,62331,1.01083,0.8326,1077,697,380,-1900.4779,0.0,-1900.4779,99.5221,0.950229,26492,15,99.5221,0.0,-0.0
SNXX3L_USDT,late,0.02,0.05,20,both,True,19375,2.60438,1.0969,15,15,0,37.4983,0.0,37.4983,2037.4983,0.010853,1878,15,2037.4983,0.0,-0.0
SNXX3L_USDT,full,0.02,0.05,20,both,True,37108,1.00171,1.0969,15,15,0,37.4983,0.0,37.4983,2037.4983,0.0,23286,15,2037.4983,0.0,-0.0
SOXL3S_USDT,late,0.02,0.05,20,both,True,33373,3.5857,0.8326,15,6,9,-24.4368,0.0,-24.4368,1975.5632,0.020202,996,15,1975.5632,0.0,0.0
SOXL3L_USDT,late,0.02,0.05,20,both,True,30577,0.01701,0.01545,15,13,2,21.4022,0.0,21.4022,2021.4022,0.007736,11567,15,2021.4022,0.0,-0.0
SNXX3S_USDT,full,0.02,0.05,20,both,True,27829,1.0107,0.010265,15,1,14,-35.984,0.0,-35.984,1964.016,0.03783,1412,15,1964.016,0.0,-0.0
SNXX3S_USDT,late,0.02,0.05,20,both,True,13950,0.01135,0.010265,15,3,12,-51.3803,0.0,-51.3803,1948.6197,0.03272,3678,15,1948.6197,0.0,0.0
SOXL3S_USDT,full,0.02,0.05,20,both,True,62331,1.01083,0.8326,15,0,15,-51.7303,0.0,-51.7303,1948.2697,0.029419,26492,15,1948.2697,0.0,0.0
SOXL3L_USDT,full,0.02,0.05,20,both,True,71701,1.00644,0.01545,15,15,0,37.4983,0.0,37.4983,2037.4983,0.010973,1048,15,2037.4983,0.0,0.0
SNXX3L_USDT,late,0.02,0.1,10,none,False,19375,2.60438,1.0969,17,17,0,111.3872,-229.1316,-117.8404,1882.1596,0.139763,0,9,1711.2912,170.8684,0.0
SNXX3L_USDT,full,0.02,0.1,10,none,False,37108,1.00171,1.0969,89,89,0,279.7524,0.0,279.7524,2279.7524,0.100246,0,9,2279.7524,0.0,-0.0
SNXX3S_USDT,late,0.02,0.1,10,none,False,13950,0.01135,0.010265,104,104,0,314.831,-33.0877,281.6472,2281.6472,0.478171,0,9,1914.735,366.9123,0.0
SOXL3L_USDT,late,0.02,0.1,10,none,False,30577,0.01701,0.01545,71,71,0,237.4982,-31.512,205.8902,2205.8902,0.064443,0,9,1837.4022,368.488,-0.0
SOXL3S_USDT,late,0.02,0.1,10,none,False,33373,3.5857,0.8326,24,24,0,127.7059,-305.7977,-178.1878,1821.8122,0.258597,0,9,1727.6099,94.2023,0.0
SNXX3S_USDT,full,0.02,0.1,10,none,False,27829,1.0107,0.010265,20,20,0,118.3851,-395.8796,-277.5905,1722.4095,0.25491,0,9,1718.2891,4.1204,-0.0
SOXL3S_USDT,full,0.02,0.1,10,none,False,62331,1.01083,0.8326,68,68,0,230.4114,-65.8377,164.4777,2164.4777,0.102669,0,9,1830.3154,334.1623,-0.0
SOXL3L_USDT,full,0.02,0.1,10,none,False,71701,1.00644,0.01545,8,8,0,57.6163,-787.6317,-730.2133,1269.7867,0.394325,0,9,1257.4183,12.3683,-0.0
SNXX3L_USDT,late,0.02,0.1,10,none,True,19375,2.60438,1.0969,9,9,0,92.6865,0.0,92.6865,2092.6865,0.013344,0,9,2092.6865,0.0,0.0
SNXX3L_USDT,full,0.02,0.1,10,none,True,37108,1.00171,1.0969,9,9,0,92.6865,0.0,92.6865,2092.6865,0.047226,0,9,2092.6865,0.0,-0.0
SNXX3S_USDT,full,0.02,0.1,10,none,True,27829,1.0107,0.010265,9,9,0,92.6865,0.0,92.6865,2092.6865,0.190564,0,9,2092.6865,0.0,-0.0
SOXL3L_USDT,late,0.02,0.1,10,none,True,30577,0.01701,0.01545,9,9,0,92.6865,0.0,92.6865,2092.6865,0.036859,0,9,2092.6865,0.0,-0.0
SNXX3S_USDT,late,0.02,0.1,10,none,True,13950,0.01135,0.010265,9,9,0,92.6865,0.0,92.6865,2092.6865,0.426288,0,9,2092.6865,0.0,0.0
SOXL3S_USDT,late,0.02,0.1,10,none,True,33373,3.5857,0.8326,9,9,0,92.6865,0.0,92.6865,2092.6865,0.210639,0,9,2092.6865,0.0,-0.0
SOXL3S_USDT,full,0.02,0.1,10,none,True,62331,1.01083,0.8326,9,9,0,92.6865,0.0,92.6865,2092.6865,0.094702,0,9,2092.6865,0.0,0.0
SOXL3L_USDT,full,0.02,0.1,10,none,True,71701,1.00644,0.01545,7,7,0,55.2936,-393.8595,-338.668,1661.332,0.205301,0,9,1655.1916,6.1405,-0.0
SNXX3L_USDT,late,0.02,0.1,10,up,False,19375,2.60438,1.0969,129,129,0,292.6239,-1622.0048,-1329.9088,670.0912,0.801779,47,9,92.0959,577.9952,0.0
SNXX3S_USDT,full,0.02,0.1,10,up,False,27829,1.0107,0.010265,28,28,0,128.9894,-1984.6244,-1856.1151,143.8849,0.93586,23,9,128.5094,15.3756,-0.0
SNXX3L_USDT,full,0.02,0.1,10,up,False,37108,1.00171,1.0969,453,453,0,502.0545,-1638.6652,-1137.1387,862.8613,0.776749,271,9,301.5265,561.3348,0.0
SNXX3S_USDT,late,0.02,0.1,10,up,False,13950,0.01135,0.010265,145,145,0,354.2547,-939.9744,-586.2477,1413.7523,0.479789,45,9,153.7267,1260.0256,0.0
SOXL3S_USDT,late,0.02,0.1,10,up,False,33373,3.5857,0.8326,34,34,0,148.7048,-1565.5299,-1417.3051,582.6949,0.825411,2,9,148.2248,434.4701,-0.0
SOXL3L_USDT,late,0.02,0.1,10,up,False,30577,0.01701,0.01545,531,531,0,712.7794,-1481.076,-768.8246,1231.1754,0.586625,145,9,512.2514,718.924,0.0
SOXL3L_USDT,full,0.02,0.1,10,up,False,71701,1.00644,0.01545,8,8,0,57.6163,-787.6317,-730.2133,1269.7867,0.394325,0,9,1257.4183,12.3683,-0.0
SOXL3S_USDT,full,0.02,0.1,10,up,False,62331,1.01083,0.8326,628,628,0,747.1371,-1740.5013,-993.8922,1006.1078,0.714411,242,9,546.6091,459.4987,0.0
SNXX3L_USDT,late,0.02,0.1,10,up,True,19375,2.60438,1.0969,9,9,0,92.6865,0.0,92.6865,2092.6865,0.013344,47,9,2092.6865,0.0,0.0
SOXL3S_USDT,late,0.02,0.1,10,up,True,33373,3.5857,0.8326,9,9,0,92.6865,0.0,92.6865,2092.6865,0.210639,2,9,2092.6865,0.0,-0.0
SNXX3L_USDT,full,0.02,0.1,10,up,True,37108,1.00171,1.0969,9,9,0,92.6865,0.0,92.6865,2092.6865,0.047226,271,9,2092.6865,0.0,-0.0
SNXX3S_USDT,full,0.02,0.1,10,up,True,27829,1.0107,0.010265,9,9,0,92.6865,0.0,92.6865,2092.6865,0.190564,23,9,2092.6865,0.0,-0.0
SOXL3L_USDT,late,0.02,0.1,10,up,True,30577,0.01701,0.01545,9,9,0,92.6865,0.0,92.6865,2092.6865,0.036859,145,9,2092.6865,0.0,-0.0
SNXX3S_USDT,late,0.02,0.1,10,up,True,13950,0.01135,0.010265,9,9,0,92.6865,0.0,92.6865,2092.6865,0.426288,45,9,2092.6865,0.0,0.0
SOXL3S_USDT,full,0.02,0.1,10,up,True,62331,1.01083,0.8326,9,9,0,92.6865,0.0,92.6865,2092.6865,0.094702,242,9,2092.6865,0.0,0.0
SOXL3L_USDT,full,0.02,0.1,10,up,True,71701,1.00644,0.01545,7,7,0,55.2936,-393.8595,-338.668,1661.332,0.205301,0,9,1655.1916,6.1405,-0.0
SNXX3L_USDT,late,0.02,0.1,10,both,False,19375,2.60438,1.0969,349,232,117,-1697.7789,-13.6393,-1711.4662,288.5338,0.891646,332,9,102.1731,186.3607,0.0
SNXX3S_USDT,late,0.02,0.1,10,both,False,13950,0.01135,0.010265,433,266,167,-1809.7134,0.0,-1809.7134,190.2866,0.905876,681,9,190.2866,0.0,-0.0
SNXX3S_USDT,full,0.02,0.1,10,both,False,27829,1.0107,0.010265,172,86,86,-1393.1872,0.0,-1393.1872,606.8128,0.707236,311,9,606.8128,0.0,-0.0
SNXX3L_USDT,full,0.02,0.1,10,both,False,37108,1.00171,1.0969,232,135,97,-1815.2103,0.0,-1815.2103,184.7897,0.911064,4495,9,184.7897,0.0,-0.0
SOXL3S_USDT,late,0.02,0.1,10,both,False,33373,3.5857,0.8326,200,99,101,-1456.5728,-65.7434,-1522.4122,477.5878,0.818387,194,9,143.3312,334.2566,-0.0
SOXL3L_USDT,late,0.02,0.1,10,both,False,30577,0.01701,0.01545,678,467,211,-1806.6964,0.0,-1806.6964,193.3036,0.908634,2132,9,193.3036,0.0,-0.0
SOXL3L_USDT,full,0.02,0.1,10,both,False,71701,1.00644,0.01545,188,99,89,-1818.8343,0.0,-1818.8343,181.1657,0.913738,194,9,181.1657,0.0,0.0
SOXL3S_USDT,full,0.02,0.1,10,both,False,62331,1.01083,0.8326,517,303,214,-1809.2989,0.0,-1809.2989,190.7011,0.904722,5202,9,190.7011,0.0,-0.0
SNXX3L_USDT,late,0.02,0.1,10,both,True,19375,2.60438,1.0969,9,9,0,92.6865,0.0,92.6865,2092.6865,0.013344,332,9,2092.6865,0.0,0.0
SOXL3S_USDT,late,0.02,0.1,10,both,True,33373,3.5857,0.8326,9,1,8,-132.8593,0.0,-132.8593,1867.1407,0.083113,194,9,1867.1407,0.0,-0.0
SOXL3L_USDT,late,0.02,0.1,10,both,True,30577,0.01701,0.01545,9,6,3,8.7067,0.0,8.7067,2008.7067,0.036859,2132,9,2008.7067,0.0,0.0
SNXX3L_USDT,full,0.02,0.1,10,both,True,37108,1.00171,1.0969,9,5,4,-3.2904,0.0,-3.2904,1996.7096,0.047226,4495,9,1996.7096,0.0,-0.0
SNXX3S_USDT,full,0.02,0.1,10,both,True,27829,1.0107,0.010265,9,1,8,-60.8766,0.0,-60.8766,1939.1234,0.045398,311,9,1939.1234,0.0,0.0
SNXX3S_USDT,late,0.02,0.1,10,both,True,13950,0.01135,0.010265,9,1,8,-99.2674,0.0,-99.2674,1900.7326,0.068994,681,9,1900.7326,0.0,-0.0
SOXL3L_USDT,full,0.02,0.1,10,both,True,71701,1.00644,0.01545,9,7,2,-84.8708,0.0,-84.8708,1915.1292,0.085159,194,9,1915.1292,0.0,-0.0
SOXL3S_USDT,full,0.02,0.1,10,both,True,62331,1.01083,0.8326,9,0,9,-87.2703,0.0,-87.2703,1912.7297,0.047311,5202,9,1912.7297,0.0,0.0
SNXX3L_USDT,late,0.02,0.1,20,none,False,19375,2.60438,1.0969,39,39,0,99.8145,-229.6483,-129.9299,1870.0701,0.140438,0,17,1699.7185,170.3517,-0.0
SNXX3L_USDT,full,0.02,0.1,20,none,False,37108,1.00171,1.0969,218,218,0,199.842,0.0,199.842,2199.842,0.101521,0,17,2199.842,0.0,0.0
SNXX3S_USDT,late,0.02,0.1,20,none,False,13950,0.01135,0.010265,277,277,0,232.9015,-34.1974,198.6081,2198.6081,0.500722,0,17,1832.8055,365.8026,-0.0
SNXX3S_USDT,full,0.02,0.1,20,none,False,27829,1.0107,0.010265,43,43,0,102.0413,-395.8921,-293.9468,1706.0532,0.236515,0,17,1701.9453,4.1079,-0.0
SOXL3S_USDT,late,0.02,0.1,20,none,False,33373,3.5857,0.8326,57,57,0,109.8611,-306.0826,-196.3175,1803.6825,0.246047,0,17,1709.7651,93.9174,0.0
SOXL3L_USDT,late,0.02,0.1,20,none,False,30577,0.01701,0.01545,174,174,0,175.1292,-32.6265,142.4067,2142.4067,0.065488,0,17,1775.0332,367.3735,-0.0
SOXL3S_USDT,full,0.02,0.1,20,none,False,62331,1.01083,0.8326,170,170,0,172.9243,-66.8484,105.98,2105.98,0.105287,0,17,1772.8283,333.1516,0.0
SOXL3L_USDT,full,0.02,0.1,20,none,False,71701,1.00644,0.01545,16,16,0,60.6023,-689.1856,-628.7558,1371.2442,0.343929,0,17,1360.4298,10.8144,0.0
SNXX3L_USDT,late,0.02,0.1,20,none,True,19375,2.60438,1.0969,17,17,0,87.5373,0.0,87.5373,2087.5373,0.013346,0,17,2087.5373,0.0,-0.0
SNXX3L_USDT,full,0.02,0.1,20,none,True,37108,1.00171,1.0969,17,17,0,87.5373,0.0,87.5373,2087.5373,0.041387,0,17,2087.5373,0.0,-0.0
SOXL3L_USDT,late,0.02,0.1,20,none,True,30577,0.01701,0.01545,17,17,0,87.5373,0.0,87.5373,2087.5373,0.036898,0,17,2087.5373,0.0,-0.0
SNXX3S_USDT,full,0.02,0.1,20,none,True,27829,1.0107,0.010265,17,17,0,87.5373,0.0,87.5373,2087.5373,0.171729,0,17,2087.5373,0.0,-0.0
SNXX3S_USDT,late,0.02,0.1,20,none,True,13950,0.01135,0.010265,17,17,0,87.5373,0.0,87.5373,2087.5373,0.399731,0,17,2087.5373,0.0,-0.0
SOXL3S_USDT,late,0.02,0.1,20,none,True,33373,3.5857,0.8326,17,17,0,87.5373,0.0,87.5373,2087.5373,0.197529,0,17,2087.5373,0.0,0.0
SOXL3S_USDT,full,0.02,0.1,20,none,True,62331,1.01083,0.8326,17,17,0,87.5373,0.0,87.5373,2087.5373,0.08944,0,17,2087.5373,0.0,0.0
SOXL3L_USDT,full,0.02,0.1,20,none,True,71701,1.00644,0.01545,14,14,0,59.4926,-295.3947,-235.9786,1764.0214,0.154275,0,17,1759.4161,4.6053,0.0
SNXX3L_USDT,late,0.02,0.1,20,up,False,19375,2.60438,1.0969,307,307,0,202.1408,-1550.3612,-1348.7244,651.2756,0.797743,95,17,101.6368,549.6388,-0.0
SNXX3S_USDT,late,0.02,0.1,20,up,False,13950,0.01135,0.010265,372,372,0,252.274,-901.8608,-650.0909,1349.9091,0.500722,91,17,151.77,1198.1392,0.0
SNXX3S_USDT,full,0.02,0.1,20,up,False,27829,1.0107,0.010265,61,61,0,107.8232,-2083.8544,-1976.5352,23.4648,0.99252,47,17,7.3192,16.1456,-0.0
SNXX3L_USDT,full,0.02,0.1,20,up,False,37108,1.00171,1.0969,987,987,0,287.7481,-1564.1839,-1276.9398,723.0602,0.786163,542,17,187.2441,535.8161,-0.0
SOXL3L_USDT,late,0.02,0.1,20,up,False,30577,0.01701,0.01545,1201,1201,0,410.9884,-1413.765,-1003.2806,996.7194,0.630203,290,17,310.4844,686.235,0.0
SOXL3S_USDT,late,0.02,0.1,20,up,False,33373,3.5857,0.8326,83,83,0,122.6582,-1643.7536,-1521.5995,478.4005,0.877701,5,17,22.1542,456.2464,0.0
SOXL3L_USDT,full,0.02,0.1,20,up,False,71701,1.00644,0.01545,16,16,0,60.6023,-689.1856,-628.7558,1371.2442,0.343929,0,17,1360.4298,10.8144,0.0
SOXL3S_USDT,full,0.02,0.1,20,up,False,62331,1.01083,0.8326,1405,1405,0,428.735,-1662.0574,-1233.8264,766.1736,0.771562,485,17,328.231,437.9426,-0.0
SNXX3L_USDT,late,0.02,0.1,20,up,True,19375,2.60438,1.0969,17,17,0,87.5373,0.0,87.5373,2087.5373,0.013346,95,17,2087.5373,0.0,-0.0
SOXL3L_USDT,late,0.02,0.1,20,up,True,30577,0.01701,0.01545,17,17,0,87.5373,0.0,87.5373,2087.5373,0.036898,290,17,2087.5373,0.0,-0.0
SNXX3L_USDT,full,0.02,0.1,20,up,True,37108,1.00171,1.0969,17,17,0,87.5373,0.0,87.5373,2087.5373,0.041387,542,17,2087.5373,0.0,-0.0
SOXL3S_USDT,late,0.02,0.1,20,up,True,33373,3.5857,0.8326,17,17,0,87.5373,0.0,87.5373,2087.5373,0.197529,5,17,2087.5373,0.0,0.0
SNXX3S_USDT,full,0.02,0.1,20,up,True,27829,1.0107,0.010265,17,17,0,87.5373,0.0,87.5373,2087.5373,0.171729,47,17,2087.5373,0.0,-0.0
SNXX3S_USDT,late,0.02,0.1,20,up,True,13950,0.01135,0.010265,17,17,0,87.5373,0.0,87.5373,2087.5373,0.399731,91,17,2087.5373,0.0,-0.0
SOXL3S_USDT,full,0.02,0.1,20,up,True,62331,1.01083,0.8326,17,17,0,87.5373,0.0,87.5373,2087.5373,0.08944,485,17,2087.5373,0.0,0.0
SOXL3L_USDT,full,0.02,0.1,20,up,True,71701,1.00644,0.01545,14,14,0,59.4926,-295.3947,-235.9786,1764.0214,0.154275,0,17,1759.4161,4.6053,0.0
SNXX3L_USDT,late,0.02,0.1,20,both,False,19375,2.60438,1.0969,807,587,220,-1743.539,-12.3858,-1755.9728,244.0272,0.909741,688,17,56.413,187.6142,-0.0
SNXX3S_USDT,late,0.02,0.1,20,both,False,13950,0.01135,0.010265,1059,776,283,-1902.1303,0.0,-1902.1303,97.8697,0.951589,1411,17,97.8697,0.0,-0.0
SNXX3S_USDT,full,0.02,0.1,20,both,False,27829,1.0107,0.010265,344,192,152,-1444.4038,0.0,-1444.4038,555.5962,0.727473,634,17,555.5962,0.0,-0.0
SNXX3L_USDT,full,0.02,0.1,20,both,False,37108,1.00171,1.0969,483,298,185,-1899.3159,0.0,-1899.3159,100.6841,0.951453,9288,17,100.6841,0.0,0.0
SOXL3S_USDT,late,0.02,0.1,20,both,False,33373,3.5857,0.8326,451,270,181,-1630.7378,0.0,-1630.7378,369.2622,0.830226,399,17,369.2622,0.0,-0.0
SOXL3L_USDT,late,0.02,0.1,20,both,False,30577,0.01701,0.01545,1429,1072,357,-1902.4392,0.0,-1902.4392,97.5608,0.952843,4413,17,97.5608,0.0,0.0
SOXL3L_USDT,full,0.02,0.1,20,both,False,71701,1.00644,0.01545,488,308,180,-1653.7195,0.0,-1653.7195,346.2805,0.843524,405,17,346.2805,0.0,0.0
SOXL3S_USDT,full,0.02,0.1,20,both,False,62331,1.01083,0.8326,990,616,374,-1903.3882,0.0,-1903.3882,96.6118,0.951731,10782,17,96.6118,0.0,0.0
SNXX3L_USDT,late,0.02,0.1,20,both,True,19375,2.60438,1.0969,17,17,0,87.5373,0.0,87.5373,2087.5373,0.013346,688,17,2087.5373,0.0,-0.0
SNXX3L_USDT,full,0.02,0.1,20,both,True,37108,1.00171,1.0969,17,10,7,3.5574,0.0,3.5574,2003.5574,0.041387,9288,17,2003.5574,0.0,-0.0
SOXL3S_USDT,late,0.02,0.1,20,both,True,33373,3.5857,0.8326,17,2,15,-126.0115,0.0,-126.0115,1873.9885,0.078224,399,17,1873.9885,0.0,0.0
SOXL3L_USDT,late,0.02,0.1,20,both,True,30577,0.01701,0.01545,17,11,6,9.556,0.0,9.556,2009.556,0.036898,4413,17,2009.556,0.0,-0.0
SNXX3S_USDT,full,0.02,0.1,20,both,True,27829,1.0107,0.010265,17,1,16,-63.0266,0.0,-63.0266,1936.9734,0.042875,634,17,1936.9734,0.0,-0.0
SNXX3S_USDT,late,0.02,0.1,20,both,True,13950,0.01135,0.010265,17,2,15,-81.6221,0.0,-81.6221,1918.3779,0.064255,1411,17,1918.3779,0.0,0.0
SOXL3L_USDT,full,0.02,0.1,20,both,True,71701,1.00644,0.01545,17,14,3,-45.6307,0.0,-45.6307,1954.3693,0.063994,405,17,1954.3693,0.0,0.0
SOXL3S_USDT,full,0.02,0.1,20,both,True,62331,1.01083,0.8326,17,0,17,-78.023,0.0,-78.023,1921.977,0.0408,10782,17,1921.977,0.0,0.0
SNXX3L_USDT,late,0.02,0.15,10,none,False,19375,2.60438,1.0969,15,15,0,166.7315,-229.5574,-62.9219,1937.0781,0.135914,0,9,1766.6355,170.4426,0.0
SNXX3L_USDT,full,0.02,0.15,10,none,False,37108,1.00171,1.0969,84,84,0,397.4269,0.0,397.4269,2397.4269,0.097941,0,9,2397.4269,0.0,0.0
SNXX3S_USDT,late,0.02,0.15,10,none,False,13950,0.01135,0.010265,84,84,0,397.6044,-34.0022,363.5062,2363.5062,0.47925,0,9,1997.5084,365.9978,0.0
SOXL3L_USDT,late,0.02,0.15,10,none,False,30577,0.01701,0.01545,65,65,0,333.6441,-32.4304,301.1177,2301.1177,0.062879,0,9,1933.5481,367.5696,0.0
SNXX3S_USDT,full,0.02,0.15,10,none,False,27829,1.0107,0.010265,19,19,0,180.1034,-395.8899,-215.8825,1784.1175,0.292046,0,9,1780.0074,4.1101,-0.0
SOXL3S_USDT,late,0.02,0.15,10,none,False,33373,3.5857,0.8326,13,13,0,110.4022,-613.1524,-502.9482,1497.0518,0.346168,0,9,1310.2042,186.8476,-0.0
SOXL3L_USDT,full,0.02,0.15,10,none,False,71701,1.00644,0.01545,6,6,0,50.8069,-1181.5067,-1130.9998,869.0002,0.591984,0,9,850.5069,18.4933,0.0
SOXL3S_USDT,full,0.02,0.15,10,none,False,62331,1.01083,0.8326,57,57,0,306.9594,-66.6705,240.1928,2240.1928,0.099587,0,9,1906.8634,333.3295,-0.0
SNXX3L_USDT,late,0.02,0.15,10,none,True,19375,2.60438,1.0969,9,9,0,146.6736,0.0,146.6736,2146.6736,0.029993,0,9,2146.6736,0.0,0.0
SNXX3L_USDT,full,0.02,0.15,10,none,True,37108,1.00171,1.0969,9,9,0,146.6736,0.0,146.6736,2146.6736,0.07031,0,9,2146.6736,0.0,-0.0
SOXL3L_USDT,late,0.02,0.15,10,none,True,30577,0.01701,0.01545,9,9,0,146.6736,0.0,146.6736,2146.6736,0.05141,0,9,2146.6736,0.0,0.0
SNXX3S_USDT,late,0.02,0.15,10,none,True,13950,0.01135,0.010265,9,9,0,146.6736,0.0,146.6736,2146.6736,0.47925,0,9,2146.6736,0.0,-0.0
SOXL3S_USDT,late,0.02,0.15,10,none,True,33373,3.5857,0.8326,7,7,0,90.2852,-307.1199,-216.9368,1783.0632,0.236779,0,9,1690.1832,92.8801,-0.0
SNXX3S_USDT,full,0.02,0.15,10,none,True,27829,1.0107,0.010265,9,9,0,146.6736,0.0,146.6736,2146.6736,0.227444,0,9,2146.6736,0.0,0.0
SOXL3S_USDT,full,0.02,0.15,10,none,True,62331,1.01083,0.8326,9,9,0,146.6736,0.0,146.6736,2146.6736,0.094702,0,9,2146.6736,0.0,-0.0
SOXL3L_USDT,full,0.02,0.15,10,none,True,71701,1.00644,0.01545,5,5,0,47.4935,-787.7191,-740.4296,1259.5704,0.405705,0,9,1247.2895,12.2809,-0.0
SNXX3L_USDT,late,0.02,0.15,10,up,False,19375,2.60438,1.0969,95,95,0,349.3489,-1611.0051,-1262.1842,737.8158,0.779602,30,9,148.8209,588.9949,-0.0
SNXX3S_USDT,late,0.02,0.15,10,up,False,13950,0.01135,0.010265,95,95,0,383.8522,-921.3957,-538.0714,1461.9286,0.47925,29,9,183.3242,1278.6043,0.0
SOXL3S_USDT,late,0.02,0.15,10,up,False,33373,3.5857,0.8326,13,13,0,110.4022,-613.1524,-502.9482,1497.0518,0.346168,0,9,1310.2042,186.8476,-0.0
SNXX3S_USDT,full,0.02,0.15,10,up,False,27829,1.0107,0.010265,21,21,0,179.9805,-1984.2861,-1804.7856,195.2144,0.913782,13,9,179.5005,15.7139,-0.0
SNXX3L_USDT,full,0.02,0.15,10,up,False,37108,1.00171,1.0969,411,411,0,707.5392,-1634.5355,-927.5244,1072.4756,0.726524,188,9,507.0112,565.4645,0.0
SOXL3L_USDT,late,0.02,0.15,10,up,False,30577,0.01701,0.01545,501,501,0,974.7882,-1472.5613,-498.3011,1501.6989,0.531635,99,9,774.2602,727.4387,-0.0
SOXL3L_USDT,full,0.02,0.15,10,up,False,71701,1.00644,0.01545,6,6,0,50.8069,-1181.5067,-1130.9998,869.0002,0.591984,0,9,850.5069,18.4933,0.0
SOXL3S_USDT,full,0.02,0.15,10,up,False,62331,1.01083,0.8326,605,605,0,1060.1606,-1737.7619,-678.1292,1321.8708,0.640459,168,9,859.6326,462.2381,0.0
SNXX3L_USDT,late,0.02,0.15,10,up,True,19375,2.60438,1.0969,9,9,0,146.6736,0.0,146.6736,2146.6736,0.029993,30,9,2146.6736,0.0,0.0
SNXX3L_USDT,full,0.02,0.15,10,up,True,37108,1.00171,1.0969,9,9,0,146.6736,0.0,146.6736,2146.6736,0.07031,188,9,2146.6736,0.0,-0.0
SOXL3L_USDT,late,0.02,0.15,10,up,True,30577,0.01701,0.01545,9,9,0,146.6736,0.0,146.6736,2146.6736,0.05141,99,9,2146.6736,0.0,0.0
SNXX3S_USDT,late,0.02,0.15,10,up,True,13950,0.01135,0.010265,9,9,0,146.6736,0.0,146.6736,2146.6736,0.47925,29,9,2146.6736,0.0,-0.0
SNXX3S_USDT,full,0.02,0.15,10,up,True,27829,1.0107,0.010265,9,9,0,146.6736,0.0,146.6736,2146.6736,0.227444,13,9,2146.6736,0.0,0.0
SOXL3S_USDT,late,0.02,0.15,10,up,True,33373,3.5857,0.8326,7,7,0,90.2852,-307.1199,-216.9368,1783.0632,0.236779,0,9,1690.1832,92.8801,-0.0
SOXL3S_USDT,full,0.02,0.15,10,up,True,62331,1.01083,0.8326,9,9,0,146.6736,0.0,146.6736,2146.6736,0.094702,168,9,2146.6736,0.0,-0.0
SOXL3L_USDT,full,0.02,0.15,10,up,True,71701,1.00644,0.01545,5,5,0,47.4935,-787.7191,-740.4296,1259.5704,0.405705,0,9,1247.2895,12.2809,-0.0
SNXX3L_USDT,late,0.02,0.15,10,both,False,19375,2.60438,1.0969,245,166,79,-1396.6799,0.0,-1396.6799,603.3201,0.759388,159,9,603.3201,0.0,-0.0
SNXX3S_USDT,late,0.02,0.15,10,both,False,13950,0.01135,0.010265,306,190,116,-1790.2576,0.0,-1790.2576,209.7424,0.896467,360,9,209.7424,0.0,-0.0
SNXX3S_USDT,full,0.02,0.15,10,both,False,27829,1.0107,0.010265,111,48,63,-1492.3289,0.0,-1492.3289,507.6711,0.747997,185,9,507.6711,0.0,-0.0
SNXX3L_USDT,full,0.02,0.15,10,both,False,37108,1.00171,1.0969,183,101,82,-1800.7163,0.0,-1800.7163,199.2837,0.904928,2426,9,199.2837,0.0,0.0
SOXL3L_USDT,late,0.02,0.15,10,both,False,30577,0.01701,0.01545,635,446,189,-1799.8995,0.0,-1799.8995,200.1005,0.91209,1115,9,200.1005,0.0,0.0
SOXL3S_USDT,late,0.02,0.15,10,both,False,33373,3.5857,0.8326,103,37,66,-1185.211,0.0,-1185.211,814.789,0.656376,104,9,814.789,0.0,-0.0
SOXL3L_USDT,full,0.02,0.15,10,both,False,71701,1.00644,0.01545,122,59,63,-1401.9296,0.0,-1401.9296,598.0704,0.718508,109,9,598.0704,0.0,0.0
SOXL3S_USDT,full,0.02,0.15,10,both,False,62331,1.01083,0.8326,580,365,215,-1798.422,0.0,-1798.422,201.578,0.899639,2822,9,201.578,0.0,-0.0
SNXX3L_USDT,late,0.02,0.15,10,both,True,19375,2.60438,1.0969,9,9,0,146.6736,0.0,146.6736,2146.6736,0.029993,159,9,2146.6736,0.0,0.0
SNXX3S_USDT,full,0.02,0.15,10,both,True,27829,1.0107,0.010265,9,1,8,-47.0799,0.0,-47.0799,1952.9201,0.051241,185,9,1952.9201,0.0,-0.0
SNXX3L_USDT,full,0.02,0.15,10,both,True,37108,1.00171,1.0969,9,5,4,3.9078,0.0,3.9078,2003.9078,0.07031,2426,9,2003.9078,0.0,-0.0
SNXX3S_USDT,late,0.02,0.15,10,both,True,13950,0.01135,0.010265,9,0,9,-166.0514,0.0,-166.0514,1833.9486,0.092983,360,9,1833.9486,0.0,0.0
SOXL3S_USDT,late,0.02,0.15,10,both,True,33373,3.5857,0.8326,9,0,9,-206.8416,0.0,-206.8416,1793.1584,0.12174,104,9,1793.1584,0.0,-0.0
SOXL3L_USDT,late,0.02,0.15,10,both,True,30577,0.01701,0.01545,9,9,0,146.6736,0.0,146.6736,2146.6736,0.05141,1115,9,2146.6736,0.0,0.0
SOXL3L_USDT,full,0.02,0.15,10,both,True,71701,1.00644,0.01545,9,5,4,-220.4383,0.0,-220.4383,1779.5617,0.168287,109,9,1779.5617,0.0,-0.0
SOXL3S_USDT,full,0.02,0.15,10,both,True,62331,1.01083,0.8326,9,0,9,-87.8701,0.0,-87.8701,1912.1299,0.079405,2822,9,1912.1299,0.0,0.0
SNXX3L_USDT,late,0.02,0.15,20,none,False,19375,2.60438,1.0969,30,30,0,148.7661,-172.1712,-23.4771,1976.5229,0.102783,0,18,1848.6941,127.8288,-0.0
SNXX3L_USDT,full,0.02,0.15,20,none,False,37108,1.00171,1.0969,152,152,0,247.8409,0.0,247.8409,2247.8409,0.074279,0,18,2247.8409,0.0,-0.0
SNXX3S_USDT,late,0.02,0.15,20,none,False,13950,0.01135,0.010265,189,189,0,277.9486,-25.5084,252.3682,2252.3682,0.528858,0,18,1977.8766,274.4916,-0.0
SOXL3L_USDT,late,0.02,0.15,20,none,False,30577,0.01701,0.01545,126,126,0,226.6104,-24.3296,202.2088,2202.2088,0.051284,0,18,1926.5384,275.6704,0.0
SNXX3S_USDT,full,0.02,0.15,20,none,False,27829,1.0107,0.010265,36,36,0,153.6217,-296.9175,-143.3678,1856.6322,0.275915,0,18,1853.5497,3.0825,-0.0
SOXL3S_USDT,late,0.02,0.15,20,none,False,33373,3.5857,0.8326,42,42,0,118.6432,-459.866,-341.3713,1658.6287,0.26023,0,18,1518.4947,140.134,0.0
SOXL3S_USDT,full,0.02,0.15,20,none,False,62331,1.01083,0.8326,113,113,0,216.065,-50.0091,165.9839,2165.9839,0.099841,0,18,1915.993,249.9909,-0.0
SOXL3L_USDT,full,0.02,0.15,20,none,False,71701,1.00644,0.01545,11,11,0,44.0489,-1083.0599,-1039.2871,960.7129,0.547002,0,18,943.7729,16.9401,0.0
SNXX3L_USDT,late,0.02,0.15,20,none,True,19375,2.60438,1.0969,18,18,0,139.0254,0.0,139.0254,2139.0254,0.027043,0,18,2139.0254,0.0,-0.0
SNXX3L_USDT,full,0.02,0.15,20,none,True,37108,1.00171,1.0969,18,18,0,139.0254,0.0,139.0254,2139.0254,0.064548,0,18,2139.0254,0.0,-0.0
SOXL3L_USDT,late,0.02,0.15,20,none,True,30577,0.01701,0.01545,18,18,0,139.0254,0.0,139.0254,2139.0254,0.04778,0,18,2139.0254,0.0,-0.0
SNXX3S_USDT,late,0.02,0.15,20,none,True,13950,0.01135,0.010265,18,18,0,139.0254,0.0,139.0254,2139.0254,0.452744,0,18,2139.0254,0.0,-0.0
SOXL3S_USDT,late,0.02,0.15,20,none,True,33373,3.5857,0.8326,15,15,0,96.7341,-230.34,-133.6824,1866.3176,0.223697,0,18,1796.6576,69.66,0.0
SNXX3S_USDT,full,0.02,0.15,20,none,True,27829,1.0107,0.010265,18,18,0,139.0254,0.0,139.0254,2139.0254,0.227723,0,18,2139.0254,0.0,-0.0
SOXL3S_USDT,full,0.02,0.15,20,none,True,62331,1.01083,0.8326,18,18,0,139.0254,0.0,139.0254,2139.0254,0.094702,0,18,2139.0254,0.0,0.0
SOXL3L_USDT,full,0.02,0.15,20,none,True,71701,1.00644,0.01545,10,10,0,43.2445,-787.7191,-744.6786,1255.3214,0.406522,0,18,1243.0405,12.2809,0.0
SNXX3L_USDT,late,0.02,0.15,20,up,False,19375,2.60438,1.0969,239,239,0,264.4134,-1540.8564,-1276.9469,723.0531,0.772988,61,18,163.9094,559.1436,-0.0
SNXX3S_USDT,full,0.02,0.15,20,up,False,27829,1.0107,0.010265,53,53,0,162.6293,-2083.4978,-1921.3725,78.6275,0.967212,27,18,62.1253,16.5022,-0.0
SNXX3S_USDT,late,0.02,0.15,20,up,False,13950,0.01135,0.010265,233,233,0,283.2869,-879.6355,-596.8525,1403.1475,0.528858,58,18,182.7829,1220.3645,0.0
SOXL3S_USDT,late,0.02,0.15,20,up,False,33373,3.5857,0.8326,42,42,0,118.6432,-459.866,-341.3713,1658.6287,0.26023,0,18,1518.4947,140.134,0.0
SOXL3L_USDT,late,0.02,0.15,20,up,False,30577,0.01701,0.01545,1183,1183,0,602.2527,-1407.7915,-806.0428,1193.9572,0.581491,199,18,501.7487,692.2085,-0.0
SNXX3L_USDT,full,0.02,0.15,20,up,False,37108,1.00171,1.0969,949,949,0,438.0134,-1561.3205,-1123.8111,876.1889,0.745689,377,18,337.5094,538.6795,0.0
SOXL3L_USDT,full,0.02,0.15,20,up,False,71701,1.00644,0.01545,11,11,0,44.0489,-1083.0599,-1039.2871,960.7129,0.547002,0,18,943.7729,16.9401,0.0
SOXL3S_USDT,full,0.02,0.15,20,up,False,62331,1.01083,0.8326,1402,1402,0,645.0766,-1658.7796,-1014.207,985.793,0.70752,336,18,544.5726,441.2204,-0.0
SNXX3L_USDT,late,0.02,0.15,20,up,True,19375,2.60438,1.0969,18,18,0,139.0254,0.0,139.0254,2139.0254,0.027043,61,18,2139.0254,0.0,-0.0
SNXX3L_USDT,full,0.02,0.15,20,up,True,37108,1.00171,1.0969,18,18,0,139.0254,0.0,139.0254,2139.0254,0.064548,377,18,2139.0254,0.0,-0.0
SOXL3L_USDT,late,0.02,0.15,20,up,True,30577,0.01701,0.01545,18,18,0,139.0254,0.0,139.0254,2139.0254,0.04778,199,18,2139.0254,0.0,-0.0
SOXL3S_USDT,late,0.02,0.15,20,up,True,33373,3.5857,0.8326,15,15,0,96.7341,-230.34,-133.6824,1866.3176,0.223697,0,18,1796.6576,69.66,0.0
SNXX3S_USDT,full,0.02,0.15,20,up,True,27829,1.0107,0.010265,18,18,0,139.0254,0.0,139.0254,2139.0254,0.227723,27,18,2139.0254,0.0,-0.0
SNXX3S_USDT,late,0.02,0.15,20,up,True,13950,0.01135,0.010265,18,18,0,139.0254,0.0,139.0254,2139.0254,0.452744,58,18,2139.0254,0.0,-0.0
SOXL3S_USDT,full,0.02,0.15,20,up,True,62331,1.01083,0.8326,18,18,0,139.0254,0.0,139.0254,2139.0254,0.094702,336,18,2139.0254,0.0,0.0
SOXL3L_USDT,full,0.02,0.15,20,up,True,71701,1.00644,0.01545,10,10,0,43.2445,-787.7191,-744.6786,1255.3214,0.406522,0,18,1243.0405,12.2809,0.0
SNXX3L_USDT,late,0.02,0.15,20,both,False,19375,2.60438,1.0969,528,371,157,-1473.7809,-16.6334,-1490.5343,509.4657,0.778034,340,18,26.0991,483.3666,-0.0
SNXX3S_USDT,full,0.02,0.15,20,both,False,27829,1.0107,0.010265,235,115,120,-1634.2229,0.0,-1634.2229,365.7771,0.828166,384,18,365.7771,0.0,-0.0
SNXX3S_USDT,late,0.02,0.15,20,both,False,13950,0.01135,0.010265,736,534,202,-1823.7594,0.0,-1823.7594,176.2406,0.913443,742,18,176.2406,0.0,0.0
SOXL3S_USDT,late,0.02,0.15,20,both,False,33373,3.5857,0.8326,272,144,128,-1120.1315,0.0,-1120.1315,879.8685,0.564816,219,18,879.8685,0.0,-0.0
SNXX3L_USDT,full,0.02,0.15,20,both,False,37108,1.00171,1.0969,364,212,152,-1908.2775,0.0,-1908.2775,91.7225,0.956159,5020,18,91.7225,0.0,0.0
SOXL3L_USDT,late,0.02,0.15,20,both,False,30577,0.01701,0.01545,1389,1067,322,-1901.1165,0.0,-1901.1165,98.8835,0.953995,2328,18,98.8835,0.0,0.0
SOXL3L_USDT,full,0.02,0.15,20,both,False,71701,1.00644,0.01545,276,160,116,-1374.302,0.0,-1374.302,625.698,0.705769,222,18,625.698,0.0,-0.0
SOXL3S_USDT,full,0.02,0.15,20,both,False,62331,1.01083,0.8326,1192,819,373,-1899.7519,0.0,-1899.7519,100.2481,0.949864,5842,18,100.2481,0.0,-0.0
SNXX3L_USDT,late,0.02,0.15,20,both,True,19375,2.60438,1.0969,18,18,0,139.0254,0.0,139.0254,2139.0254,0.027043,340,18,2139.0254,0.0,-0.0
SNXX3S_USDT,full,0.02,0.15,20,both,True,27829,1.0107,0.010265,18,3,15,-46.2301,0.0,-46.2301,1953.7699,0.048489,384,18,1953.7699,0.0,-0.0
SNXX3L_USDT,full,0.02,0.15,20,both,True,37108,1.00171,1.0969,18,11,7,8.1568,0.0,8.1568,2008.1568,0.064548,5020,18,2008.1568,0.0,-0.0
SOXL3L_USDT,late,0.02,0.15,20,both,True,30577,0.01701,0.01545,18,14,4,39.5993,0.0,39.5993,2039.5993,0.04778,2328,18,2039.5993,0.0,-0.0
SOXL3S_USDT,late,0.02,0.15,20,both,True,33373,3.5857,0.8326,18,1,17,-167.7509,0.0,-167.7509,1832.2491,0.102242,219,18,1832.2491,0.0,0.0
SNXX3S_USDT,late,0.02,0.15,20,both,True,13950,0.01135,0.010265,18,1,17,-154.1542,0.0,-154.1542,1845.8458,0.091481,742,18,1845.8458,0.0,-0.0
SOXL3L_USDT,full,0.02,0.15,20,both,True,71701,1.00644,0.01545,18,10,8,-221.2881,0.0,-221.2881,1778.7119,0.168626,222,18,1778.7119,0.0,0.0
SOXL3S_USDT,full,0.02,0.15,20,both,True,62331,1.01083,0.8326,18,0,18,-97.2179,0.0,-97.2179,1902.7821,0.063684,5842,18,1902.7821,0.0,0.0
SNXX3L_USDT,late,0.02,0.2,10,none,False,19375,2.60438,1.0969,11,11,0,169.8556,-114.0459,55.7617,2055.7617,0.067637,0,9,1969.8076,85.9541,0.0
SNXX3L_USDT,full,0.02,0.2,10,none,False,37108,1.00171,1.0969,43,43,0,310.4225,0.0,310.4225,2310.4225,0.072306,0,9,2310.4225,0.0,-0.0
SNXX3S_USDT,late,0.02,0.2,10,none,False,13950,0.01135,0.010265,46,46,0,323.6007,-15.4275,308.1252,2308.1252,0.477687,0,9,2123.5527,184.5725,0.0
SOXL3L_USDT,late,0.02,0.2,10,none,False,30577,0.01701,0.01545,30,30,0,253.3172,-14.6348,238.6344,2238.6344,0.05304,0,9,2053.2692,185.3652,0.0
SNXX3S_USDT,full,0.02,0.2,10,none,False,27829,1.0107,0.010265,15,15,0,187.4264,-197.9273,-10.5488,1989.4512,0.259171,0,9,1987.3784,2.0727,0.0
SOXL3S_USDT,late,0.02,0.2,10,none,False,33373,3.5857,0.8326,12,12,0,94.1459,-613.2921,-519.3472,1480.6528,0.35825,0,9,1293.9449,186.7079,0.0
SOXL3S_USDT,full,0.02,0.2,10,none,False,62331,1.01083,0.8326,29,29,0,248.9245,-31.9021,216.9744,2216.9744,0.094702,0,9,2048.8765,168.0979,0.0
SOXL3L_USDT,full,0.02,0.2,10,none,False,71701,1.00644,0.01545,4,4,0,27.5973,-1181.516,-1154.2217,845.7783,0.601692,0,9,827.2943,18.484,-0.0
SNXX3L_USDT,late,0.02,0.2,10,none,True,19375,2.60438,1.0969,9,9,0,161.0701,0.0,161.0701,2161.0701,0.030044,0,9,2161.0701,0.0,0.0
SNXX3L_USDT,full,0.02,0.2,10,none,True,37108,1.00171,1.0969,9,9,0,161.0701,0.0,161.0701,2161.0701,0.070451,0,9,2161.0701,0.0,0.0
SNXX3S_USDT,full,0.02,0.2,10,none,True,27829,1.0107,0.010265,9,9,0,161.0701,0.0,161.0701,2161.0701,0.227904,0,9,2161.0701,0.0,-0.0
SOXL3L_USDT,late,0.02,0.2,10,none,True,30577,0.01701,0.01545,9,9,0,161.0701,0.0,161.0701,2161.0701,0.051504,0,9,2161.0701,0.0,0.0
SNXX3S_USDT,late,0.02,0.2,10,none,True,13950,0.01135,0.010265,9,9,0,161.0701,0.0,161.0701,2161.0701,0.426372,0,9,2161.0701,0.0,0.0
SOXL3S_USDT,late,0.02,0.2,10,none,True,33373,3.5857,0.8326,6,6,0,67.7896,-460.6799,-393.0433,1606.9567,0.282118,0,9,1467.6366,139.3201,-0.0
SOXL3S_USDT,full,0.02,0.2,10,none,True,62331,1.01083,0.8326,9,9,0,161.0701,0.0,161.0701,2161.0701,0.094702,0,9,2161.0701,0.0,0.0
SOXL3L_USDT,full,0.02,0.2,10,none,True,71701,1.00644,0.01545,4,4,0,27.5973,-984.6489,-957.3066,1042.6934,0.507946,0,9,1027.3423,15.3511,0.0
SNXX3L_USDT,late,0.02,0.2,10,up,False,19375,2.60438,1.0969,87,87,0,403.315,-1601.7695,-1198.9825,801.0175,0.759774,21,9,202.787,598.2305,0.0
SNXX3S_USDT,late,0.02,0.2,10,up,False,13950,0.01135,0.010265,63,63,0,360.797,-896.8492,-536.5802,1463.4198,0.477687,20,9,160.269,1303.1508,0.0
SNXX3L_USDT,full,0.02,0.2,10,up,False,37108,1.00171,1.0969,357,357,0,808.2633,-1631.1354,-823.4,1176.6,0.704465,143,9,607.7353,568.8646,0.0
SNXX3S_USDT,full,0.02,0.2,10,up,False,27829,1.0107,0.010265,21,21,0,204.862,-2182.2972,-1977.9632,22.0368,0.993814,8,9,4.334,17.7028,-0.0
SOXL3S_USDT,late,0.02,0.2,10,up,False,33373,3.5857,0.8326,12,12,0,94.1459,-613.2921,-519.3472,1480.6528,0.35825,0,9,1293.9449,186.7079,0.0
SOXL3L_USDT,late,0.02,0.2,10,up,False,30577,0.01701,0.01545,442,442,0,1089.6951,-1464.3315,-375.1643,1624.8357,0.50875,74,9,889.1671,735.6685,-0.0
SOXL3L_USDT,full,0.02,0.2,10,up,False,71701,1.00644,0.01545,4,4,0,27.5973,-1181.516,-1154.2217,845.7783,0.601692,0,9,827.2943,18.484,-0.0
SOXL3S_USDT,full,0.02,0.2,10,up,False,62331,1.01083,0.8326,546,546,0,1244.8639,-1733.2964,-488.9605,1511.0395,0.602653,127,9,1044.3359,466.7036,0.0
SNXX3L_USDT,late,0.02,0.2,10,up,True,19375,2.60438,1.0969,9,9,0,161.0701,0.0,161.0701,2161.0701,0.030044,21,9,2161.0701,0.0,0.0
SNXX3L_USDT,full,0.02,0.2,10,up,True,37108,1.00171,1.0969,9,9,0,161.0701,0.0,161.0701,2161.0701,0.070451,143,9,2161.0701,0.0,0.0
SOXL3L_USDT,late,0.02,0.2,10,up,True,30577,0.01701,0.01545,9,9,0,161.0701,0.0,161.0701,2161.0701,0.051504,74,9,2161.0701,0.0,0.0
SNXX3S_USDT,late,0.02,0.2,10,up,True,13950,0.01135,0.010265,9,9,0,161.0701,0.0,161.0701,2161.0701,0.426372,20,9,2161.0701,0.0,0.0
SOXL3S_USDT,late,0.02,0.2,10,up,True,33373,3.5857,0.8326,6,6,0,67.7896,-460.6799,-393.0433,1606.9567,0.282118,0,9,1467.6366,139.3201,-0.0
SNXX3S_USDT,full,0.02,0.2,10,up,True,27829,1.0107,0.010265,9,9,0,161.0701,0.0,161.0701,2161.0701,0.227904,8,9,2161.0701,0.0,-0.0
SOXL3S_USDT,full,0.02,0.2,10,up,True,62331,1.01083,0.8326,9,9,0,161.0701,0.0,161.0701,2161.0701,0.094702,127,9,2161.0701,0.0,0.0
SOXL3L_USDT,full,0.02,0.2,10,up,True,71701,1.00644,0.01545,4,4,0,27.5973,-984.6489,-957.3066,1042.6934,0.507946,0,9,1027.3423,15.3511,0.0
SNXX3L_USDT,late,0.02,0.2,10,both,False,19375,2.60438,1.0969,150,93,57,-988.3899,0.0,-988.3899,1011.6101,0.58738,98,9,1011.6101,0.0,-0.0
SNXX3S_USDT,late,0.02,0.2,10,both,False,13950,0.01135,0.010265,240,143,97,-1610.0117,0.0,-1610.0117,389.9883,0.809631,214,9,389.9883,0.0,0.0
SNXX3S_USDT,full,0.02,0.2,10,both,False,27829,1.0107,0.010265,88,41,47,-1005.3552,0.0,-1005.3552,994.6448,0.511703,124,9,994.6448,0.0,-0.0
SNXX3L_USDT,full,0.02,0.2,10,both,False,37108,1.00171,1.0969,215,134,81,-1822.7895,0.0,-1822.7895,177.2105,0.916549,1535,9,177.2105,0.0,-0.0
SOXL3L_USDT,late,0.02,0.2,10,both,False,30577,0.01701,0.01545,603,409,194,-1826.6586,0.0,-1826.6586,173.3414,0.923158,694,9,173.3414,0.0,0.0
SOXL3S_USDT,late,0.02,0.2,10,both,False,33373,3.5857,0.8326,82,30,52,-1052.1072,0.0,-1052.1072,947.8928,0.557078,67,9,947.8928,0.0,0.0
SOXL3L_USDT,full,0.02,0.2,10,both,False,71701,1.00644,0.01545,73,28,45,-661.5966,0.0,-661.5966,1338.4034,0.41065,72,9,1338.4034,0.0,0.0
SOXL3S_USDT,full,0.02,0.2,10,both,False,62331,1.01083,0.8326,633,437,196,-1816.7636,0.0,-1816.7636,183.2364,0.910711,1778,9,183.2364,0.0,0.0
SNXX3L_USDT,late,0.02,0.2,10,both,True,19375,2.60438,1.0969,9,9,0,161.0701,0.0,161.0701,2161.0701,0.030044,98,9,2161.0701,0.0,0.0
SNXX3L_USDT,full,0.02,0.2,10,both,True,37108,1.00171,1.0969,9,7,2,29.1018,0.0,29.1018,2029.1018,0.070451,1535,9,2029.1018,0.0,0.0
SNXX3S_USDT,full,0.02,0.2,10,both,True,27829,1.0107,0.010265,9,4,5,-23.6855,0.0,-23.6855,1976.3145,0.051241,124,9,1976.3145,0.0,-0.0
SOXL3L_USDT,late,0.02,0.2,10,both,True,30577,0.01701,0.01545,9,9,0,161.0701,0.0,161.0701,2161.0701,0.051504,694,9,2161.0701,0.0,0.0
SOXL3S_USDT,late,0.02,0.2,10,both,True,33373,3.5857,0.8326,9,1,8,-186.4465,0.0,-186.4465,1813.5535,0.113533,67,9,1813.5535,0.0,0.0
SNXX3S_USDT,late,0.02,0.2,10,both,True,13950,0.01135,0.010265,9,1,8,-146.856,0.0,-146.856,1853.144,0.083191,214,9,1853.144,0.0,-0.0
SOXL3L_USDT,full,0.02,0.2,10,both,True,71701,1.00644,0.01545,9,4,5,-278.8243,0.0,-278.8243,1721.1757,0.210697,72,9,1721.1757,0.0,-0.0
SOXL3S_USDT,full,0.02,0.2,10,both,True,62331,1.01083,0.8326,9,3,6,-41.2813,0.0,-41.2813,1958.7187,0.079905,1778,9,1958.7187,0.0,0.0
SNXX3L_USDT,late,0.02,0.2,20,none,False,19375,2.60438,1.0969,27,27,0,199.4571,-114.5229,84.8861,2084.8861,0.067132,0,19,1999.4091,85.4771,-0.0
SNXX3L_USDT,full,0.02,0.2,20,none,False,37108,1.00171,1.0969,102,102,0,279.5846,0.0,279.5846,2279.5846,0.079406,0,19,2279.5846,0.0,0.0
SNXX3S_USDT,late,0.02,0.2,20,none,False,13950,0.01135,0.010265,117,117,0,295.5976,-16.4519,279.0977,2279.0977,0.505113,0,19,2095.5496,183.5481,-0.0
SOXL3L_USDT,late,0.02,0.2,20,none,False,30577,0.01701,0.01545,85,85,0,261.336,-15.6636,245.6244,2245.6244,0.057076,0,19,2061.288,184.3364,-0.0
SNXX3S_USDT,full,0.02,0.2,20,none,False,27829,1.0107,0.010265,30,30,0,202.6547,-197.9388,4.6679,2004.6679,0.2968,0,19,2002.6067,2.0612,-0.0
SOXL3S_USDT,late,0.02,0.2,20,none,False,33373,3.5857,0.8326,27,27,0,90.3886,-690.3351,-600.173,1399.827,0.402907,0,19,1190.1621,209.6649,0.0
SOXL3S_USDT,full,0.02,0.2,20,none,False,62331,1.01083,0.8326,75,75,0,250.6565,-32.8351,217.7734,2217.7734,0.099965,0,19,2050.6085,167.1649,0.0
SOXL3L_USDT,full,0.02,0.2,20,none,False,71701,1.00644,0.01545,9,9,0,33.0579,-1279.9982,-1247.2688,752.7312,0.648279,0,19,732.7294,20.0018,0.0
SNXX3L_USDT,late,0.02,0.2,20,none,True,19375,2.60438,1.0969,19,19,0,190.9134,0.0,190.9134,2190.9134,0.035848,0,19,2190.9134,0.0,-0.0
SNXX3L_USDT,full,0.02,0.2,20,none,True,37108,1.00171,1.0969,19,19,0,190.9134,0.0,190.9134,2190.9134,0.075976,0,19,2190.9134,0.0,-0.0
SNXX3S_USDT,full,0.02,0.2,20,none,True,27829,1.0107,0.010265,19,19,0,190.9134,0.0,190.9134,2190.9134,0.264897,0,19,2190.9134,0.0,-0.0
SOXL3L_USDT,late,0.02,0.2,20,none,True,30577,0.01701,0.01545,19,19,0,190.9134,0.0,190.9134,2190.9134,0.055017,0,19,2190.9134,0.0,-0.0
SOXL3S_USDT,late,0.02,0.2,20,none,True,33373,3.5857,0.8326,12,12,0,74.388,-537.4599,-463.2504,1536.7496,0.326183,0,19,1374.2095,162.5401,0.0
SNXX3S_USDT,late,0.02,0.2,20,none,True,13950,0.01135,0.010265,19,19,0,190.9134,0.0,190.9134,2190.9134,0.479214,0,19,2190.9134,0.0,-0.0
SOXL3S_USDT,full,0.02,0.2,20,none,True,62331,1.01083,0.8326,19,19,0,190.9134,0.0,190.9134,2190.9134,0.099965,0,19,2190.9134,0.0,0.0
SOXL3L_USDT,full,0.02,0.2,20,none,True,71701,1.00644,0.01545,8,8,0,31.9962,-1083.1137,-1051.398,948.602,0.555411,0,19,931.7157,16.8863,0.0
SNXX3L_USDT,late,0.02,0.2,20,up,False,19375,2.60438,1.0969,215,215,0,337.6254,-1533.0907,-1195.9693,804.0307,0.746507,43,19,237.1214,566.9093,-0.0
SNXX3S_USDT,full,0.02,0.2,20,up,False,27829,1.0107,0.010265,48,48,0,216.296,-2083.2525,-1867.4605,132.5395,0.943602,17,19,115.792,16.7475,-0.0
SNXX3S_USDT,late,0.02,0.2,20,up,False,13950,0.01135,0.010265,213,213,0,368.5093,-856.2987,-488.2934,1511.7066,0.505113,40,19,268.0053,1243.7013,0.0
SOXL3S_USDT,late,0.02,0.2,20,up,False,33373,3.5857,0.8326,27,27,0,90.3886,-690.3351,-600.173,1399.827,0.402907,0,19,1190.1621,209.6649,0.0
SOXL3L_USDT,late,0.02,0.2,20,up,False,30577,0.01701,0.01545,1120,1120,0,752.2275,-1400.6431,-648.9196,1351.0804,0.546954,149,19,651.7235,699.3569,0.0
SNXX3L_USDT,full,0.02,0.2,20,up,False,37108,1.00171,1.0969,828,828,0,543.879,-1557.0051,-1013.6301,986.3699,0.717332,286,19,443.375,542.9949,-0.0
SOXL3L_USDT,full,0.02,0.2,20,up,False,71701,1.00644,0.01545,9,9,0,33.0579,-1279.9982,-1247.2688,752.7312,0.648279,0,19,732.7294,20.0018,0.0
SOXL3S_USDT,full,0.02,0.2,20,up,False,62331,1.01083,0.8326,1301,1301,0,817.4831,-1655.781,-838.8019,1161.1981,0.663105,255,19,716.9791,444.219,-0.0
SNXX3L_USDT,late,0.02,0.2,20,up,True,19375,2.60438,1.0969,19,19,0,190.9134,0.0,190.9134,2190.9134,0.035848,43,19,2190.9134,0.0,-0.0
SNXX3L_USDT,full,0.02,0.2,20,up,True,37108,1.00171,1.0969,19,19,0,190.9134,0.0,190.9134,2190.9134,0.075976,286,19,2190.9134,0.0,-0.0
SOXL3L_USDT,late,0.02,0.2,20,up,True,30577,0.01701,0.01545,19,19,0,190.9134,0.0,190.9134,2190.9134,0.055017,149,19,2190.9134,0.0,-0.0
SOXL3S_USDT,late,0.02,0.2,20,up,True,33373,3.5857,0.8326,12,12,0,74.388,-537.4599,-463.2504,1536.7496,0.326183,0,19,1374.2095,162.5401,0.0
SNXX3S_USDT,late,0.02,0.2,20,up,True,13950,0.01135,0.010265,19,19,0,190.9134,0.0,190.9134,2190.9134,0.479214,40,19,2190.9134,0.0,-0.0
SNXX3S_USDT,full,0.02,0.2,20,up,True,27829,1.0107,0.010265,19,19,0,190.9134,0.0,190.9134,2190.9134,0.264897,17,19,2190.9134,0.0,-0.0
SOXL3S_USDT,full,0.02,0.2,20,up,True,62331,1.01083,0.8326,19,19,0,190.9134,0.0,190.9134,2190.9134,0.099965,255,19,2190.9134,0.0,0.0
SOXL3L_USDT,full,0.02,0.2,20,up,True,71701,1.00644,0.01545,8,8,0,31.9962,-1083.1137,-1051.398,948.602,0.555411,0,19,931.7157,16.8863,0.0
SNXX3L_USDT,late,0.02,0.2,20,both,False,19375,2.60438,1.0969,345,243,102,-797.896,0.0,-797.896,1202.104,0.475519,201,19,1202.104,0.0,-0.0
SNXX3S_USDT,full,0.02,0.2,20,both,False,27829,1.0107,0.010265,189,88,101,-1398.6838,0.0,-1398.6838,601.3162,0.699757,256,19,601.3162,0.0,-0.0
SOXL3L_USDT,late,0.02,0.2,20,both,False,30577,0.01701,0.01545,1341,996,345,-1900.5536,0.0,-1900.5536,99.4464,0.954051,1439,19,99.4464,0.0,-0.0
SNXX3S_USDT,late,0.02,0.2,20,both,False,13950,0.01135,0.010265,639,463,176,-1633.0901,0.0,-1633.0901,366.9099,0.82215,450,19,366.9099,0.0,0.0
SOXL3S_USDT,late,0.02,0.2,20,both,False,33373,3.5857,0.8326,163,66,97,-675.5033,0.0,-675.5033,1324.4967,0.360703,140,19,1324.4967,0.0,-0.0
SNXX3L_USDT,full,0.02,0.2,20,both,False,37108,1.00171,1.0969,394,249,145,-1900.8347,0.0,-1900.8347,99.1653,0.953017,3196,19,99.1653,0.0,0.0
SOXL3L_USDT,full,0.02,0.2,20,both,False,71701,1.00644,0.01545,206,112,94,-941.5785,0.0,-941.5785,1058.4215,0.515783,150,19,1058.4215,0.0,-0.0
SOXL3S_USDT,full,0.02,0.2,20,both,False,62331,1.01083,0.8326,1351,1012,339,-1901.5714,0.0,-1901.5714,98.4286,0.950822,3690,19,98.4286,0.0,-0.0
SNXX3L_USDT,late,0.02,0.2,20,both,True,19375,2.60438,1.0969,19,19,0,190.9134,0.0,190.9134,2190.9134,0.035848,201,19,2190.9134,0.0,-0.0
SNXX3L_USDT,full,0.02,0.2,20,both,True,37108,1.00171,1.0969,19,14,5,33.6512,0.0,33.6512,2033.6512,0.075976,3196,19,2033.6512,0.0,-0.0
SNXX3S_USDT,full,0.02,0.2,20,both,True,27829,1.0107,0.010265,19,6,13,-84.0206,0.0,-84.0206,1915.9794,0.058981,256,19,1915.9794,0.0,-0.0
SOXL3L_USDT,late,0.02,0.2,20,both,True,30577,0.01701,0.01545,19,16,3,75.4412,0.0,75.4412,2075.4412,0.055017,1439,19,2075.4412,0.0,-0.0
SOXL3S_USDT,late,0.02,0.2,20,both,True,33373,3.5857,0.8326,19,1,18,-185.1963,0.0,-185.1963,1814.8037,0.11803,140,19,1814.8037,0.0,0.0
SNXX3S_USDT,late,0.02,0.2,20,both,True,13950,0.01135,0.010265,19,1,18,-166.5008,0.0,-166.5008,1833.4992,0.093247,450,19,1833.4992,0.0,-0.0
SOXL3L_USDT,full,0.02,0.2,20,both,True,71701,1.00644,0.01545,19,8,11,-305.0675,0.0,-305.0675,1694.9325,0.230386,150,19,1694.9325,0.0,0.0
SOXL3S_USDT,full,0.02,0.2,20,both,True,62331,1.01083,0.8326,19,4,15,-56.5272,0.0,-56.5272,1943.4728,0.076119,3690,19,1943.4728,0.0,0.0
SNXX3L_USDT,late,0.05,0.05,10,none,False,19375,2.60438,1.0969,32,32,0,82.8746,-565.7065,-483.0719,1516.9281,0.351422,0,5,1082.6346,434.2935,0.0
SNXX3L_USDT,full,0.05,0.05,10,none,False,37108,1.00171,1.0969,223,223,0,458.17,0.0,458.17,2458.17,0.250866,0,5,2458.17,0.0,-0.0
SNXX3S_USDT,late,0.05,0.05,10,none,False,13950,0.01135,0.010265,283,283,0,576.0299,-67.4252,508.3647,2508.3647,0.462918,0,5,1575.7899,932.5748,-0.0
SNXX3S_USDT,full,0.05,0.05,10,none,False,27829,1.0107,0.010265,37,37,0,92.3179,-989.5273,-897.4494,1102.5506,0.475435,0,5,1092.0779,10.4727,0.0
SOXL3L_USDT,late,0.05,0.05,10,none,False,30577,0.01701,0.01545,132,132,0,278.2251,-63.4202,214.5648,2214.5648,0.158579,0,5,1277.9851,936.5798,-0.0
SOXL3S_USDT,late,0.05,0.05,10,none,False,33373,3.5857,0.8326,48,48,0,114.0254,-760.5675,-646.7821,1353.2179,0.413665,0,5,1113.7854,239.4325,-0.0
SOXL3L_USDT,full,0.05,0.05,10,none,False,71701,1.00644,0.01545,6,6,0,31.4215,-984.1707,-952.9892,1047.0108,0.486826,0,5,1031.1815,15.8293,-0.0
SOXL3S_USDT,full,0.05,0.05,10,none,False,62331,1.01083,0.8326,145,145,0,304.1363,-150.6653,153.231,2153.231,0.246665,0,5,1303.8963,849.3347,0.0
SNXX3L_USDT,late,0.05,0.05,10,none,True,19375,2.60438,1.0969,5,5,0,29.4978,0.0,29.4978,2029.4978,0.008358,0,5,2029.4978,0.0,0.0
SNXX3L_USDT,full,0.05,0.05,10,none,True,37108,1.00171,1.0969,5,5,0,29.4978,0.0,29.4978,2029.4978,0.0,0,5,2029.4978,0.0,-0.0
SNXX3S_USDT,late,0.05,0.05,10,none,True,13950,0.01135,0.010265,5,5,0,29.4978,0.0,29.4978,2029.4978,0.213892,0,5,2029.4978,0.0,0.0
SOXL3L_USDT,late,0.05,0.05,10,none,True,30577,0.01701,0.01545,5,5,0,29.4978,0.0,29.4978,2029.4978,0.00748,0,5,2029.4978,0.0,0.0
SOXL3S_USDT,late,0.05,0.05,10,none,True,33373,3.5857,0.8326,5,5,0,29.4978,0.0,29.4978,2029.4978,0.105742,0,5,2029.4978,0.0,-0.0
SNXX3S_USDT,full,0.05,0.05,10,none,True,27829,1.0107,0.010265,5,5,0,29.4978,0.0,29.4978,2029.4978,0.041988,0,5,2029.4978,0.0,0.0
SOXL3L_USDT,full,0.05,0.05,10,none,True,71701,1.00644,0.01545,5,5,0,29.4978,0.0,29.4978,2029.4978,0.008813,0,5,2029.4978,0.0,-0.0
SOXL3S_USDT,full,0.05,0.05,10,none,True,62331,1.01083,0.8326,5,5,0,29.4978,0.0,29.4978,2029.4978,0.052607,0,5,2029.4978,0.0,-0.0
SNXX3L_USDT,late,0.05,0.05,10,up,False,19375,2.60438,1.0969,150,150,0,236.311,-1627.8157,-1392.0327,607.9673,0.82438,62,5,35.783,572.1843,-0.0
SNXX3S_USDT,late,0.05,0.05,10,up,False,13950,0.01135,0.010265,202,202,0,352.0663,-948.1263,-596.5879,1403.4121,0.484241,59,5,151.5383,1251.8737,0.0
SNXX3L_USDT,full,0.05,0.05,10,up,False,37108,1.00171,1.0969,480,480,0,397.4269,-1639.7231,-1242.8242,757.1758,0.805329,330,5,196.8989,560.2769,-0.0
SNXX3S_USDT,full,0.05,0.05,10,up,False,27829,1.0107,0.010265,37,37,0,85.0279,-1984.7775,-1900.2295,99.7705,0.955631,33,5,84.5479,15.2225,0.0
SOXL3L_USDT,late,0.05,0.05,10,up,False,30577,0.01701,0.01545,542,542,0,550.3103,-1483.6942,-933.9119,1066.0881,0.624722,179,5,349.7823,716.3058,-0.0
SOXL3S_USDT,late,0.05,0.05,10,up,False,33373,3.5857,0.8326,43,43,0,100.0852,-1571.681,-1472.0758,527.9242,0.846163,8,5,99.6052,428.319,-0.0
SOXL3L_USDT,full,0.05,0.05,10,up,False,71701,1.00644,0.01545,11,11,0,40.3559,-1970.3131,-1930.4372,69.5628,0.970082,3,5,39.8759,29.6869,-0.0
SOXL3S_USDT,full,0.05,0.05,10,up,False,62331,1.01083,0.8326,658,658,0,608.1357,-1742.3711,-1134.7634,865.2366,0.752955,296,5,407.6077,457.6289,0.0
SNXX3L_USDT,late,0.05,0.05,10,up,True,19375,2.60438,1.0969,5,5,0,29.4978,0.0,29.4978,2029.4978,0.008358,62,5,2029.4978,0.0,0.0
SNXX3L_USDT,full,0.05,0.05,10,up,True,37108,1.00171,1.0969,5,5,0,29.4978,0.0,29.4978,2029.4978,0.0,330,5,2029.4978,0.0,-0.0
SOXL3L_USDT,late,0.05,0.05,10,up,True,30577,0.01701,0.01545,5,5,0,29.4978,0.0,29.4978,2029.4978,0.00748,179,5,2029.4978,0.0,0.0
SNXX3S_USDT,late,0.05,0.05,10,up,True,13950,0.01135,0.010265,5,5,0,29.4978,0.0,29.4978,2029.4978,0.213892,59,5,2029.4978,0.0,0.0
SOXL3S_USDT,late,0.05,0.05,10,up,True,33373,3.5857,0.8326,5,5,0,29.4978,0.0,29.4978,2029.4978,0.105742,8,5,2029.4978,0.0,-0.0
SNXX3S_USDT,full,0.05,0.05,10,up,True,27829,1.0107,0.010265,5,5,0,29.4978,0.0,29.4978,2029.4978,0.041988,33,5,2029.4978,0.0,0.0
SOXL3L_USDT,full,0.05,0.05,10,up,True,71701,1.00644,0.01545,5,5,0,29.4978,0.0,29.4978,2029.4978,0.008813,3,5,2029.4978,0.0,-0.0
SOXL3S_USDT,full,0.05,0.05,10,up,True,62331,1.01083,0.8326,5,5,0,29.4978,0.0,29.4978,2029.4978,0.052607,296,5,2029.4978,0.0,-0.0
SNXX3L_USDT,late,0.05,0.05,10,both,False,19375,2.60438,1.0969,413,269,144,-1798.056,0.0,-1798.056,201.944,0.911489,474,5,201.944,0.0,-0.0
SNXX3S_USDT,late,0.05,0.05,10,both,False,13950,0.01135,0.010265,628,412,216,-1805.1432,0.0,-1805.1432,194.8568,0.90333,945,5,194.8568,0.0,-0.0
SNXX3S_USDT,full,0.05,0.05,10,both,False,27829,1.0107,0.010265,149,53,96,-1841.7071,0.0,-1841.7071,158.2929,0.932887,410,5,158.2929,0.0,-0.0
SNXX3L_USDT,full,0.05,0.05,10,both,False,37108,1.00171,1.0969,237,130,107,-1799.9518,0.0,-1799.9518,200.0482,0.901872,6165,5,200.0482,0.0,-0.0
SOXL3S_USDT,late,0.05,0.05,10,both,False,33373,3.5857,0.8326,283,157,126,-1453.5477,0.0,-1453.5477,546.4523,0.743482,257,5,546.4523,0.0,-0.0
SOXL3L_USDT,late,0.05,0.05,10,both,False,30577,0.01701,0.01545,596,410,186,-1806.8143,0.0,-1806.8143,193.1857,0.907005,2955,5,193.1857,0.0,-0.0
SOXL3L_USDT,full,0.05,0.05,10,both,False,71701,1.00644,0.01545,244,132,112,-1758.7177,0.0,-1758.7177,241.2823,0.882268,271,5,241.2823,0.0,-0.0
SOXL3S_USDT,full,0.05,0.05,10,both,False,62331,1.01083,0.8326,480,281,199,-1805.9183,0.0,-1805.9183,194.0817,0.903599,7122,5,194.0817,0.0,0.0
SNXX3L_USDT,late,0.05,0.05,10,both,True,19375,2.60438,1.0969,5,5,0,29.4978,0.0,29.4978,2029.4978,0.008358,474,5,2029.4978,0.0,0.0
SNXX3L_USDT,full,0.05,0.05,10,both,True,37108,1.00171,1.0969,5,5,0,29.4978,0.0,29.4978,2029.4978,0.0,6165,5,2029.4978,0.0,-0.0
SOXL3L_USDT,late,0.05,0.05,10,both,True,30577,0.01701,0.01545,5,5,0,29.4978,0.0,29.4978,2029.4978,0.00748,2955,5,2029.4978,0.0,0.0
SNXX3S_USDT,late,0.05,0.05,10,both,True,13950,0.01135,0.010265,5,1,4,-50.483,0.0,-50.483,1949.517,0.030976,945,5,1949.517,0.0,0.0
SNXX3S_USDT,full,0.05,0.05,10,both,True,27829,1.0107,0.010265,5,0,5,-50.483,0.0,-50.483,1949.517,0.041988,410,5,1949.517,0.0,0.0
SOXL3S_USDT,late,0.05,0.05,10,both,True,33373,3.5857,0.8326,5,1,4,-66.4792,0.0,-66.4792,1933.5208,0.040646,257,5,1933.5208,0.0,0.0
SOXL3S_USDT,full,0.05,0.05,10,both,True,62331,1.01083,0.8326,5,0,5,-80.4758,0.0,-80.4758,1919.5242,0.052607,7122,5,1919.5242,0.0,-0.0
SOXL3L_USDT,full,0.05,0.05,10,both,True,71701,1.00644,0.01545,5,5,0,29.4978,0.0,29.4978,2029.4978,0.008813,271,5,2029.4978,0.0,-0.0
SNXX3L_USDT,late,0.05,0.05,20,none,False,19375,2.60438,1.0969,78,78,0,58.8498,-566.8206,-508.2108,1491.7892,0.355465,0,10,1058.6098,433.1794,0.0
SNXX3S_USDT,late,0.05,0.05,20,none,False,13950,0.01135,0.010265,701,701,0,349.1512,-69.8174,279.0938,2279.0938,0.464321,0,10,1348.9112,930.1826,-0.0
SNXX3L_USDT,full,0.05,0.05,20,none,False,37108,1.00171,1.0969,531,531,0,269.92,0.0,269.92,2269.92,0.255729,0,10,2269.92,0.0,0.0
SNXX3S_USDT,full,0.05,0.05,20,none,False,27829,1.0107,0.010265,79,79,0,59.1334,-989.5542,-930.6608,1069.3392,0.482866,0,10,1058.8934,10.4458,-0.0
SOXL3L_USDT,late,0.05,0.05,20,none,False,30577,0.01701,0.01545,326,326,0,173.6761,-65.8227,107.6134,2107.6134,0.161937,0,10,1173.4361,934.1773,0.0
SOXL3S_USDT,late,0.05,0.05,20,none,False,33373,3.5857,0.8326,119,119,0,77.7671,-761.1817,-683.6546,1316.3454,0.420626,0,10,1077.5271,238.8183,-0.0
SOXL3L_USDT,full,0.05,0.05,20,none,False,71701,1.00644,0.01545,12,12,0,27.9097,-984.2113,-956.5416,1043.4584,0.487684,0,10,1027.6697,15.7887,0.0
SOXL3S_USDT,full,0.05,0.05,20,none,False,62331,1.01083,0.8326,376,376,0,197.1937,-152.844,44.1098,2044.1098,0.257735,0,10,1196.9537,847.156,-0.0
SNXX3L_USDT,late,0.05,0.05,20,none,True,19375,2.60438,1.0969,10,10,0,26.9984,0.0,26.9984,2026.9984,0.007523,0,10,2026.9984,0.0,-0.0
SNXX3L_USDT,full,0.05,0.05,20,none,True,37108,1.00171,1.0969,10,10,0,26.9984,0.0,26.9984,2026.9984,0.0,0,10,2026.9984,0.0,-0.0
SNXX3S_USDT,late,0.05,0.05,20,none,True,13950,0.01135,0.010265,10,10,0,26.9984,0.0,26.9984,2026.9984,0.213945,0,10,2026.9984,0.0,0.0
SOXL3L_USDT,late,0.05,0.05,20,none,True,30577,0.01701,0.01545,10,10,0,26.9984,0.0,26.9984,2026.9984,0.007488,0,10,2026.9984,0.0,-0.0
SOXL3S_USDT,late,0.05,0.05,20,none,True,33373,3.5857,0.8326,10,10,0,26.9984,0.0,26.9984,2026.9984,0.105769,0,10,2026.9984,0.0,0.0
SNXX3S_USDT,full,0.05,0.05,20,none,True,27829,1.0107,0.010265,10,10,0,26.9984,0.0,26.9984,2026.9984,0.037798,0,10,2026.9984,0.0,-0.0
SOXL3L_USDT,full,0.05,0.05,20,none,True,71701,1.00644,0.01545,10,10,0,26.9984,0.0,26.9984,2026.9984,0.008819,0,10,2026.9984,0.0,0.0
SOXL3S_USDT,full,0.05,0.05,20,none,True,62331,1.01083,0.8326,10,10,0,26.9984,0.0,26.9984,2026.9984,0.052607,0,10,2026.9984,0.0,0.0
SNXX3L_USDT,late,0.05,0.05,20,up,False,19375,2.60438,1.0969,366,366,0,146.0748,-1555.5231,-1409.9523,590.0477,0.820796,125,10,45.5708,544.4769,-0.0
SNXX3S_USDT,late,0.05,0.05,20,up,False,13950,0.01135,0.010265,504,504,0,219.4089,-908.8176,-689.9127,1310.0873,0.492211,119,10,118.9049,1191.1824,-0.0
SNXX3S_USDT,full,0.05,0.05,20,up,False,27829,1.0107,0.010265,79,79,0,55.2733,-1984.8059,-1930.0127,69.9873,0.969473,67,10,54.7933,15.1941,-0.0
SNXX3L_USDT,full,0.05,0.05,20,up,False,37108,1.00171,1.0969,1038,1038,0,202.8935,-1565.8138,-1363.4243,636.5757,0.812487,661,10,102.3895,534.1862,0.0
SOXL3L_USDT,late,0.05,0.05,20,up,False,30577,0.01701,0.01545,1241,1241,0,298.1815,-1416.2609,-1118.5834,881.4166,0.662161,358,10,197.6775,683.7391,-0.0
SOXL3S_USDT,late,0.05,0.05,20,up,False,33373,3.5857,0.8326,107,107,0,69.6759,-1570.6881,-1501.4922,498.5078,0.858509,16,10,69.1959,429.3119,0.0
SOXL3L_USDT,full,0.05,0.05,20,up,False,71701,1.00644,0.01545,26,26,0,33.8463,-1970.2409,-1936.8746,63.1254,0.973154,6,10,33.3663,29.7591,-0.0
SNXX3L_USDT,late,0.05,0.05,20,up,True,19375,2.60438,1.0969,10,10,0,26.9984,0.0,26.9984,2026.9984,0.007523,125,10,2026.9984,0.0,-0.0
SOXL3S_USDT,full,0.05,0.05,20,up,False,62331,1.01083,0.8326,1462,1462,0,319.0607,-1663.1747,-1344.618,655.382,0.808343,592,10,218.5567,436.8253,-0.0
SOXL3L_USDT,late,0.05,0.05,20,up,True,30577,0.01701,0.01545,10,10,0,26.9984,0.0,26.9984,2026.9984,0.007488,358,10,2026.9984,0.0,-0.0
SNXX3L_USDT,full,0.05,0.05,20,up,True,37108,1.00171,1.0969,10,10,0,26.9984,0.0,26.9984,2026.9984,0.0,661,10,2026.9984,0.0,-0.0
SOXL3S_USDT,late,0.05,0.05,20,up,True,33373,3.5857,0.8326,10,10,0,26.9984,0.0,26.9984,2026.9984,0.105769,16,10,2026.9984,0.0,0.0
SNXX3S_USDT,late,0.05,0.05,20,up,True,13950,0.01135,0.010265,10,10,0,26.9984,0.0,26.9984,2026.9984,0.213945,119,10,2026.9984,0.0,0.0
SNXX3S_USDT,full,0.05,0.05,20,up,True,27829,1.0107,0.010265,10,10,0,26.9984,0.0,26.9984,2026.9984,0.037798,67,10,2026.9984,0.0,-0.0
SOXL3S_USDT,full,0.05,0.05,20,up,True,62331,1.01083,0.8326,10,10,0,26.9984,0.0,26.9984,2026.9984,0.052607,592,10,2026.9984,0.0,0.0
SOXL3L_USDT,full,0.05,0.05,20,up,True,71701,1.00644,0.01545,10,10,0,26.9984,0.0,26.9984,2026.9984,0.008819,6,10,2026.9984,0.0,0.0
SNXX3S_USDT,late,0.05,0.05,20,both,False,13950,0.01135,0.010265,1403,1031,372,-1900.3208,0.0,-1900.3208,99.6792,0.950411,1942,10,99.6792,0.0,-0.0
SNXX3L_USDT,late,0.05,0.05,20,both,False,19375,2.60438,1.0969,1009,729,280,-1863.8289,-7.434,-1871.287,128.713,0.9386,983,10,36.1471,92.566,-0.0
SNXX3S_USDT,full,0.05,0.05,20,both,False,27829,1.0107,0.010265,337,158,179,-1715.4959,0.0,-1715.4959,284.5041,0.867141,836,10,284.5041,0.0,-0.0
SOXL3L_USDT,late,0.05,0.05,20,both,False,30577,0.01701,0.01545,1212,876,336,-1903.3488,0.0,-1903.3488,96.6512,0.952882,6133,10,96.6512,0.0,-0.0
SOXL3S_USDT,late,0.05,0.05,20,both,False,33373,3.5857,0.8326,671,442,229,-1583.4793,-39.1306,-1622.7059,377.2941,0.821506,535,10,16.4247,360.8694,-0.0
SNXX3L_USDT,full,0.05,0.05,20,both,False,37108,1.00171,1.0969,528,306,222,-1900.7459,0.0,-1900.7459,99.2541,0.951222,12751,10,99.2541,0.0,-0.0
SOXL3L_USDT,full,0.05,0.05,20,both,False,71701,1.00644,0.01545,559,357,202,-1759.294,0.0,-1759.294,240.706,0.884505,565,10,240.706,0.0,-0.0
SOXL3S_USDT,full,0.05,0.05,20,both,False,62331,1.01083,0.8326,1006,654,352,-1899.0013,0.0,-1899.0013,100.9987,0.949569,14685,10,100.9987,0.0,0.0
SNXX3L_USDT,late,0.05,0.05,20,both,True,19375,2.60438,1.0969,10,10,0,26.9984,0.0,26.9984,2026.9984,0.007523,983,10,2026.9984,0.0,-0.0
SNXX3S_USDT,full,0.05,0.05,20,both,True,27829,1.0107,0.010265,10,1,9,-49.4832,0.0,-49.4832,1950.5168,0.037798,836,10,1950.5168,0.0,-0.0
SOXL3S_USDT,late,0.05,0.05,20,both,True,33373,3.5857,0.8326,10,2,8,-63.9798,0.0,-63.9798,1936.0202,0.040656,535,10,1936.0202,0.0,0.0
SNXX3L_USDT,full,0.05,0.05,20,both,True,37108,1.00171,1.0969,10,10,0,26.9984,0.0,26.9984,2026.9984,0.0,12751,10,2026.9984,0.0,-0.0
SOXL3L_USDT,late,0.05,0.05,20,both,True,30577,0.01701,0.01545,10,10,0,26.9984,0.0,26.9984,2026.9984,0.007488,6133,10,2026.9984,0.0,-0.0
SNXX3S_USDT,late,0.05,0.05,20,both,True,13950,0.01135,0.010265,10,2,8,-50.483,0.0,-50.483,1949.517,0.032182,1942,10,1949.517,0.0,0.0
SOXL3S_USDT,full,0.05,0.05,20,both,True,62331,1.01083,0.8326,10,0,10,-86.4744,0.0,-86.4744,1913.5256,0.052108,14685,10,1913.5256,0.0,0.0
SOXL3L_USDT,full,0.05,0.05,20,both,True,71701,1.00644,0.01545,10,10,0,26.9984,0.0,26.9984,2026.9984,0.008819,565,10,2026.9984,0.0,0.0
SNXX3L_USDT,late,0.05,0.1,10,none,False,19375,2.60438,1.0969,26,26,0,133.3452,-453.429,-320.2758,1679.7242,0.274537,0,7,1333.1532,346.571,0.0
SNXX3S_USDT,late,0.05,0.1,10,none,False,13950,0.01135,0.010265,187,187,0,614.7343,-55.7949,558.7474,2558.7474,0.518921,0,7,1814.5423,744.2051,-0.0
SNXX3L_USDT,full,0.05,0.1,10,none,False,37108,1.00171,1.0969,161,161,0,536.6943,0.0,536.6943,2536.6943,0.196739,0,7,2536.6943,0.0,0.0
SOXL3L_USDT,late,0.05,0.1,10,none,False,30577,0.01701,0.01545,103,103,0,362.0942,-52.5989,309.3033,2309.3033,0.124549,0,7,1561.9022,747.4011,0.0
SNXX3S_USDT,full,0.05,0.1,10,none,False,27829,1.0107,0.010265,29,29,0,141.8549,-791.6427,-649.9798,1350.0202,0.371556,0,7,1341.6629,8.3573,0.0
SOXL3S_USDT,late,0.05,0.1,10,none,False,33373,3.5857,0.8326,34,34,0,157.0625,-608.9302,-452.0598,1547.9402,0.324143,0,7,1356.8705,191.0698,0.0
SOXL3S_USDT,full,0.05,0.1,10,none,False,62331,1.01083,0.8326,102,102,0,359.6503,-122.2214,237.2369,2237.2369,0.193535,0,7,1559.4583,677.7786,-0.0
SOXL3L_USDT,full,0.05,0.1,10,none,False,71701,1.00644,0.01545,6,6,0,42.4138,-1181.2276,-1139.1078,860.8922,0.58779,0,7,842.1198,18.7724,0.0
SNXX3L_USDT,late,0.05,0.1,10,none,True,19375,2.60438,1.0969,7,7,0,76.2885,0.0,76.2885,2076.2885,0.012219,0,7,2076.2885,0.0,0.0
SNXX3L_USDT,full,0.05,0.1,10,none,True,37108,1.00171,1.0969,7,7,0,76.2885,0.0,76.2885,2076.2885,0.035665,0,7,2076.2885,0.0,-0.0
SOXL3L_USDT,late,0.05,0.1,10,none,True,30577,0.01701,0.01545,7,7,0,76.2885,0.0,76.2885,2076.2885,0.029639,0,7,2076.2885,0.0,0.0
SOXL3S_USDT,late,0.05,0.1,10,none,True,33373,3.5857,0.8326,7,7,0,76.2885,0.0,76.2885,2076.2885,0.158249,0,7,2076.2885,0.0,-0.0
SNXX3S_USDT,full,0.05,0.1,10,none,True,27829,1.0107,0.010265,7,7,0,76.2885,0.0,76.2885,2076.2885,0.153387,0,7,2076.2885,0.0,0.0
SNXX3S_USDT,late,0.05,0.1,10,none,True,13950,0.01135,0.010265,7,7,0,76.2885,0.0,76.2885,2076.2885,0.320181,0,7,2076.2885,0.0,-0.0
SOXL3S_USDT,full,0.05,0.1,10,none,True,62331,1.01083,0.8326,7,7,0,76.2885,0.0,76.2885,2076.2885,0.073654,0,7,2076.2885,0.0,0.0
SOXL3L_USDT,full,0.05,0.1,10,none,True,71701,1.00644,0.01545,5,5,0,39.4954,-393.8595,-354.4661,1645.5339,0.206866,0,7,1639.3934,6.1405,-0.0
SNXX3L_USDT,late,0.05,0.1,10,up,False,19375,2.60438,1.0969,102,102,0,277.7214,-1618.5542,-1341.3608,658.6392,0.805677,38,7,77.1934,581.4458,0.0
SNXX3S_USDT,late,0.05,0.1,10,up,False,13950,0.01135,0.010265,161,161,0,470.8675,-927.4617,-457.1221,1542.8779,0.518921,36,7,270.3395,1272.5383,-0.0
SNXX3S_USDT,full,0.05,0.1,10,up,False,27829,1.0107,0.010265,27,27,0,129.0843,-1984.5659,-1855.9616,144.0384,0.935804,19,7,128.6043,15.4341,0.0
SNXX3L_USDT,full,0.05,0.1,10,up,False,37108,1.00171,1.0969,435,435,0,586.8471,-1637.0662,-1050.7471,949.2529,0.75942,217,7,386.3191,562.9338,-0.0
SOXL3L_USDT,late,0.05,0.1,10,up,False,30577,0.01701,0.01545,495,495,0,811.3703,-1477.0977,-666.2554,1333.7446,0.564582,116,7,610.8423,722.9023,-0.0
SOXL3S_USDT,late,0.05,0.1,10,up,False,33373,3.5857,0.8326,32,32,0,147.6338,-1562.1966,-1415.0429,584.9571,0.824682,2,7,147.1538,437.8034,0.0
SOXL3L_USDT,full,0.05,0.1,10,up,False,71701,1.00644,0.01545,6,6,0,42.4138,-1181.2276,-1139.1078,860.8922,0.58779,0,7,842.1198,18.7724,0.0
SOXL3S_USDT,full,0.05,0.1,10,up,False,62331,1.01083,0.8326,617,617,0,899.6009,-1739.4261,-840.3532,1159.6468,0.6764,194,7,699.0729,460.5739,-0.0
SNXX3L_USDT,late,0.05,0.1,10,up,True,19375,2.60438,1.0969,7,7,0,76.2885,0.0,76.2885,2076.2885,0.012219,38,7,2076.2885,0.0,0.0
SOXL3L_USDT,late,0.05,0.1,10,up,True,30577,0.01701,0.01545,7,7,0,76.2885,0.0,76.2885,2076.2885,0.029639,116,7,2076.2885,0.0,0.0
SNXX3L_USDT,full,0.05,0.1,10,up,True,37108,1.00171,1.0969,7,7,0,76.2885,0.0,76.2885,2076.2885,0.035665,217,7,2076.2885,0.0,-0.0
SOXL3S_USDT,late,0.05,0.1,10,up,True,33373,3.5857,0.8326,7,7,0,76.2885,0.0,76.2885,2076.2885,0.158249,2,7,2076.2885,0.0,-0.0
SNXX3S_USDT,late,0.05,0.1,10,up,True,13950,0.01135,0.010265,7,7,0,76.2885,0.0,76.2885,2076.2885,0.320181,36,7,2076.2885,0.0,-0.0
SNXX3S_USDT,full,0.05,0.1,10,up,True,27829,1.0107,0.010265,7,7,0,76.2885,0.0,76.2885,2076.2885,0.153387,19,7,2076.2885,0.0,0.0
SOXL3S_USDT,full,0.05,0.1,10,up,True,62331,1.01083,0.8326,7,7,0,76.2885,0.0,76.2885,2076.2885,0.073654,194,7,2076.2885,0.0,0.0
SOXL3L_USDT,full,0.05,0.1,10,up,True,71701,1.00644,0.01545,5,5,0,39.4954,-393.8595,-354.4661,1645.5339,0.206866,0,7,1639.3934,6.1405,-0.0
SNXX3L_USDT,late,0.05,0.1,10,both,False,19375,2.60438,1.0969,242,151,91,-1521.9738,-23.4249,-1545.4946,454.5054,0.808518,209,7,77.9302,376.5751,0.0
SNXX3S_USDT,late,0.05,0.1,10,both,False,13950,0.01135,0.010265,341,224,117,-1787.3965,0.0,-1787.3965,212.6035,0.894983,445,7,212.6035,0.0,-0.0
SNXX3S_USDT,full,0.05,0.1,10,both,False,27829,1.0107,0.010265,134,62,72,-1611.1374,0.0,-1611.1374,388.8626,0.82437,226,7,388.8626,0.0,-0.0
SNXX3L_USDT,full,0.05,0.1,10,both,False,37108,1.00171,1.0969,192,101,91,-1804.9152,0.0,-1804.9152,195.0848,0.908132,3025,7,195.0848,0.0,0.0
SOXL3S_USDT,late,0.05,0.1,10,both,False,33373,3.5857,0.8326,154,75,79,-720.3567,0.0,-720.3567,1279.6433,0.454061,129,7,1279.6433,0.0,-0.0
SOXL3L_USDT,late,0.05,0.1,10,both,False,30577,0.01701,0.01545,631,435,196,-1803.2554,0.0,-1803.2554,196.7446,0.909384,1425,7,196.7446,0.0,0.0
SOXL3L_USDT,full,0.05,0.1,10,both,False,71701,1.00644,0.01545,136,67,69,-1676.9407,0.0,-1676.9407,323.0593,0.844888,130,7,323.0593,0.0,-0.0
SOXL3S_USDT,full,0.05,0.1,10,both,False,62331,1.01083,0.8326,583,362,221,-1803.9674,0.0,-1803.9674,196.0326,0.901966,3531,7,196.0326,0.0,-0.0
SNXX3L_USDT,late,0.05,0.1,10,both,True,19375,2.60438,1.0969,7,7,0,76.2885,0.0,76.2885,2076.2885,0.012219,209,7,2076.2885,0.0,0.0
SNXX3L_USDT,full,0.05,0.1,10,both,True,37108,1.00171,1.0969,7,7,0,76.2885,0.0,76.2885,2076.2885,0.035665,3025,7,2076.2885,0.0,-0.0
SNXX3S_USDT,full,0.05,0.1,10,both,True,27829,1.0107,0.010265,7,2,5,-28.6863,0.0,-28.6863,1971.3137,0.058681,226,7,1971.3137,0.0,-0.0
SOXL3L_USDT,late,0.05,0.1,10,both,True,30577,0.01701,0.01545,7,7,0,76.2885,0.0,76.2885,2076.2885,0.029639,1425,7,2076.2885,0.0,0.0
SNXX3S_USDT,late,0.05,0.1,10,both,True,13950,0.01135,0.010265,7,1,6,-76.6748,0.0,-76.6748,1923.3252,0.053538,445,7,1923.3252,0.0,0.0
SOXL3S_USDT,late,0.05,0.1,10,both,True,33373,3.5857,0.8326,7,1,6,-85.6726,0.0,-85.6726,1914.3274,0.060899,129,7,1914.3274,0.0,-0.0
SOXL3L_USDT,full,0.05,0.1,10,both,True,71701,1.00644,0.01545,7,5,2,-97.6697,0.0,-97.6697,1902.3303,0.085809,130,7,1902.3303,0.0,-0.0
SOXL3S_USDT,full,0.05,0.1,10,both,True,62331,1.01083,0.8326,7,0,7,-70.6762,0.0,-70.6762,1929.3238,0.072655,3531,7,1929.3238,0.0,0.0
SNXX3L_USDT,late,0.05,0.1,20,none,False,19375,2.60438,1.0969,55,55,0,100.8414,-396.7684,-296.095,1703.905,0.243884,0,14,1400.6734,303.2316,0.0
SNXX3L_USDT,full,0.05,0.1,20,none,False,37108,1.00171,1.0969,350,350,0,314.1788,0.0,314.1788,2314.1788,0.175187,0,14,2314.1788,0.0,0.0
SNXX3S_USDT,late,0.05,0.1,20,none,False,13950,0.01135,0.010265,433,433,0,374.1483,-48.8593,325.121,2325.121,0.495452,0,14,1673.9803,651.1407,0.0
SNXX3S_USDT,full,0.05,0.1,20,none,False,27829,1.0107,0.010265,59,59,0,103.5362,-692.6878,-589.3196,1410.6804,0.3308,0,14,1403.3682,7.3122,-0.0
SOXL3L_USDT,late,0.05,0.1,20,none,False,30577,0.01701,0.01545,213,213,0,214.308,-46.0629,168.077,2168.077,0.110962,0,14,1514.14,653.9371,0.0
SOXL3S_USDT,late,0.05,0.1,20,none,False,33373,3.5857,0.8326,84,84,0,121.6517,-532.8239,-411.3402,1588.6598,0.28802,0,14,1421.4837,167.1761,0.0
SOXL3S_USDT,full,0.05,0.1,20,none,False,62331,1.01083,0.8326,238,238,0,232.6149,-106.979,125.4679,2125.4679,0.177314,0,14,1532.4469,593.021,-0.0
SOXL3L_USDT,full,0.05,0.1,20,none,False,71701,1.00644,0.01545,12,12,0,44.1505,-984.3424,-940.4363,1059.5637,0.490033,0,14,1043.906,15.6576,0.0
SNXX3L_USDT,late,0.05,0.1,20,none,True,19375,2.60438,1.0969,14,14,0,71.0398,0.0,71.0398,2071.0398,0.010854,0,14,2071.0398,0.0,-0.0
SNXX3L_USDT,full,0.05,0.1,20,none,True,37108,1.00171,1.0969,14,14,0,71.0398,0.0,71.0398,2071.0398,0.035717,0,14,2071.0398,0.0,-0.0
SOXL3L_USDT,late,0.05,0.1,20,none,True,30577,0.01701,0.01545,14,14,0,71.0398,0.0,71.0398,2071.0398,0.029672,0,14,2071.0398,0.0,-0.0
SNXX3S_USDT,late,0.05,0.1,20,none,True,13950,0.01135,0.010265,14,14,0,71.0398,0.0,71.0398,2071.0398,0.3203,0,14,2071.0398,0.0,-0.0
SOXL3S_USDT,late,0.05,0.1,20,none,True,33373,3.5857,0.8326,14,14,0,71.0398,0.0,71.0398,2071.0398,0.158308,0,14,2071.0398,0.0,0.0
SNXX3S_USDT,full,0.05,0.1,20,none,True,27829,1.0107,0.010265,14,14,0,71.0398,0.0,71.0398,2071.0398,0.134384,0,14,2071.0398,0.0,-0.0
SOXL3S_USDT,full,0.05,0.1,20,none,True,62331,1.01083,0.8326,14,14,0,71.0398,0.0,71.0398,2071.0398,0.073654,0,14,2071.0398,0.0,0.0
SOXL3L_USDT,full,0.05,0.1,20,none,True,71701,1.00644,0.01545,11,11,0,43.4449,-295.3947,-252.0262,1747.9738,0.155472,0,14,1743.3684,4.6053,0.0
SNXX3L_USDT,late,0.05,0.1,20,up,False,19375,2.60438,1.0969,258,258,0,194.0753,-1545.0246,-1351.4532,648.5468,0.798858,76,14,93.5713,554.9754,-0.0
SNXX3S_USDT,late,0.05,0.1,20,up,False,13950,0.01135,0.010265,385,385,0,299.5173,-891.2002,-592.187,1407.813,0.495452,73,14,199.0133,1208.7998,-0.0
SNXX3S_USDT,full,0.05,0.1,20,up,False,27829,1.0107,0.010265,63,63,0,102.0974,-2083.6993,-1982.1058,17.8942,0.995185,38,14,1.5934,16.3007,-0.0
SNXX3L_USDT,full,0.05,0.1,20,up,False,37108,1.00171,1.0969,965,965,0,330.2563,-1562.6596,-1232.9073,767.0927,0.777916,434,14,229.7523,537.3404,0.0
SOXL3L_USDT,late,0.05,0.1,20,up,False,30577,0.01701,0.01545,1185,1185,0,482.4025,-1409.9739,-928.0753,1071.9247,0.610566,232,14,381.8985,690.0261,-0.0
SOXL3S_USDT,late,0.05,0.1,20,up,False,33373,3.5857,0.8326,83,83,0,118.7185,-1636.9414,-1518.7269,481.2731,0.877319,4,14,18.2145,463.0586,0.0
SOXL3L_USDT,full,0.05,0.1,20,up,False,71701,1.00644,0.01545,12,12,0,44.1505,-984.3424,-940.4363,1059.5637,0.490033,0,14,1043.906,15.6576,0.0
SOXL3S_USDT,full,0.05,0.1,20,up,False,62331,1.01083,0.8326,1404,1404,0,517.2734,-1660.3666,-1143.5971,856.4029,0.743943,388,14,416.7694,439.6334,-0.0
SNXX3L_USDT,late,0.05,0.1,20,up,True,19375,2.60438,1.0969,14,14,0,71.0398,0.0,71.0398,2071.0398,0.010854,76,14,2071.0398,0.0,-0.0
SNXX3L_USDT,full,0.05,0.1,20,up,True,37108,1.00171,1.0969,14,14,0,71.0398,0.0,71.0398,2071.0398,0.035717,434,14,2071.0398,0.0,-0.0
SOXL3L_USDT,late,0.05,0.1,20,up,True,30577,0.01701,0.01545,14,14,0,71.0398,0.0,71.0398,2071.0398,0.029672,232,14,2071.0398,0.0,-0.0
SOXL3S_USDT,late,0.05,0.1,20,up,True,33373,3.5857,0.8326,14,14,0,71.0398,0.0,71.0398,2071.0398,0.158308,4,14,2071.0398,0.0,0.0
SNXX3S_USDT,full,0.05,0.1,20,up,True,27829,1.0107,0.010265,14,14,0,71.0398,0.0,71.0398,2071.0398,0.134384,38,14,2071.0398,0.0,-0.0
SNXX3S_USDT,late,0.05,0.1,20,up,True,13950,0.01135,0.010265,14,14,0,71.0398,0.0,71.0398,2071.0398,0.3203,73,14,2071.0398,0.0,-0.0
SOXL3S_USDT,full,0.05,0.1,20,up,True,62331,1.01083,0.8326,14,14,0,71.0398,0.0,71.0398,2071.0398,0.073654,388,14,2071.0398,0.0,0.0
SOXL3L_USDT,full,0.05,0.1,20,up,True,71701,1.00644,0.01545,11,11,0,43.4449,-295.3947,-252.0262,1747.9738,0.155472,0,14,1743.3684,4.6053,0.0
SNXX3L_USDT,late,0.05,0.1,20,both,False,19375,2.60438,1.0969,557,373,184,-1763.6038,-13.3167,-1776.9685,223.0315,0.894993,446,14,36.3482,186.6833,-0.0
SNXX3S_USDT,late,0.05,0.1,20,both,False,13950,0.01135,0.010265,810,575,235,-1827.0047,0.0,-1827.0047,172.9953,0.914872,927,14,172.9953,0.0,0.0
SNXX3S_USDT,full,0.05,0.1,20,both,False,27829,1.0107,0.010265,291,165,126,-1571.5687,0.0,-1571.5687,428.4313,0.80471,463,14,428.4313,0.0,-0.0
SNXX3L_USDT,full,0.05,0.1,20,both,False,37108,1.00171,1.0969,405,232,173,-1901.7545,0.0,-1901.7545,98.2455,0.952416,6275,14,98.2455,0.0,-0.0
SOXL3S_USDT,late,0.05,0.1,20,both,False,33373,3.5857,0.8326,392,240,152,-756.7383,-72.7528,-829.6591,1170.3409,0.608351,265,14,543.0937,627.2472,-0.0
SOXL3L_USDT,late,0.05,0.1,20,both,False,30577,0.01701,0.01545,1219,901,318,-1899.1442,0.0,-1899.1442,100.8558,0.952343,2940,14,100.8558,0.0,-0.0
SOXL3L_USDT,full,0.05,0.1,20,both,False,71701,1.00644,0.01545,315,187,128,-1818.4943,0.0,-1818.4943,181.5057,0.918683,271,14,181.5057,0.0,0.0
SOXL3S_USDT,full,0.05,0.1,20,both,False,62331,1.01083,0.8326,1212,835,377,-1899.655,0.0,-1899.655,100.345,0.949995,7302,14,100.345,0.0,-0.0
SNXX3L_USDT,late,0.05,0.1,20,both,True,19375,2.60438,1.0969,14,14,0,71.0398,0.0,71.0398,2071.0398,0.010854,446,14,2071.0398,0.0,-0.0
SNXX3L_USDT,full,0.05,0.1,20,both,True,37108,1.00171,1.0969,14,8,6,-0.9429,0.0,-0.9429,1999.0571,0.035717,6275,14,1999.0571,0.0,-0.0
SOXL3L_USDT,late,0.05,0.1,20,both,True,30577,0.01701,0.01545,14,14,0,71.0398,0.0,71.0398,2071.0398,0.029672,2940,14,2071.0398,0.0,-0.0
SNXX3S_USDT,full,0.05,0.1,20,both,True,27829,1.0107,0.010265,14,4,10,-36.1845,0.0,-36.1845,1963.8155,0.054508,463,14,1963.8155,0.0,-0.0
SOXL3S_USDT,late,0.05,0.1,20,both,True,33373,3.5857,0.8326,14,2,12,-99.9192,0.0,-99.9192,1900.0808,0.061666,265,14,1900.0808,0.0,0.0
SNXX3S_USDT,late,0.05,0.1,20,both,True,13950,0.01135,0.010265,14,2,12,-66.9271,0.0,-66.9271,1933.0729,0.051044,927,14,1933.0729,0.0,-0.0
SOXL3L_USDT,full,0.05,0.1,20,both,True,71701,1.00644,0.01545,14,11,3,-61.6784,0.0,-61.6784,1938.3216,0.06449,271,14,1938.3216,0.0,0.0
SOXL3S_USDT,full,0.05,0.1,20,both,True,62331,1.01083,0.8326,14,0,14,-84.9228,0.0,-84.9228,1915.0772,0.073154,7302,14,1915.0772,0.0,0.0
SNXX3L_USDT,late,0.05,0.15,10,none,False,19375,2.60438,1.0969,21,21,0,179.7123,-339.4055,-159.8372,1840.1628,0.201758,0,8,1579.5683,260.5945,0.0
SNXX3L_USDT,full,0.05,0.15,10,none,False,37108,1.00171,1.0969,111,111,0,542.3925,0.0,542.3925,2542.3925,0.143943,0,8,2542.3925,0.0,0.0
SNXX3S_USDT,late,0.05,0.15,10,none,False,13950,0.01135,0.010265,124,124,0,594.6636,-40.4154,554.1042,2554.1042,0.475804,0,8,1994.5196,559.5846,0.0
SOXL3L_USDT,late,0.05,0.15,10,none,False,30577,0.01701,0.01545,69,69,0,371.9437,-38.0123,333.7874,2333.7874,0.090953,0,8,1771.7997,561.9877,0.0
SOXL3S_USDT,late,0.05,0.15,10,none,False,33373,3.5857,0.8326,25,25,0,169.7855,-609.8903,-440.2998,1559.7002,0.325751,0,8,1369.5905,190.1097,-0.0
SNXX3S_USDT,full,0.05,0.15,10,none,False,27829,1.0107,0.010265,22,22,0,183.3988,-593.716,-410.4611,1589.5389,0.28168,0,8,1583.2548,6.284,-0.0
SOXL3S_USDT,full,0.05,0.15,10,none,False,62331,1.01083,0.8326,64,64,0,352.0635,-90.363,261.5565,2261.5565,0.144609,0,8,1751.9195,509.637,-0.0
SOXL3L_USDT,full,0.05,0.15,10,none,False,71701,1.00644,0.01545,5,5,0,35.5398,-1378.2208,-1343.0291,656.9709,0.69036,0,8,635.1918,21.7792,0.0
SNXX3L_USDT,late,0.05,0.15,10,none,True,19375,2.60438,1.0969,8,8,0,127.1773,0.0,127.1773,2127.1773,0.024168,0,8,2127.1773,0.0,0.0
SNXX3L_USDT,full,0.05,0.15,10,none,True,37108,1.00171,1.0969,8,8,0,127.1773,0.0,127.1773,2127.1773,0.058958,0,8,2127.1773,0.0,-0.0
SNXX3S_USDT,late,0.05,0.15,10,none,True,13950,0.01135,0.010265,8,8,0,127.1773,0.0,127.1773,2127.1773,0.373162,0,8,2127.1773,0.0,0.0
SNXX3S_USDT,full,0.05,0.15,10,none,True,27829,1.0107,0.010265,8,8,0,127.1773,0.0,127.1773,2127.1773,0.190519,0,8,2127.1773,0.0,-0.0
SOXL3L_USDT,late,0.05,0.15,10,none,True,30577,0.01701,0.01545,8,8,0,127.1773,0.0,127.1773,2127.1773,0.04426,0,8,2127.1773,0.0,-0.0
SOXL3S_USDT,late,0.05,0.15,10,none,True,33373,3.5857,0.8326,7,7,0,97.2835,-153.56,-56.3275,1943.6725,0.184411,0,8,1897.2325,46.44,-0.0
SOXL3S_USDT,full,0.05,0.15,10,none,True,62331,1.01083,0.8326,8,8,0,127.1773,0.0,127.1773,2127.1773,0.084178,0,8,2127.1773,0.0,0.0
SOXL3L_USDT,full,0.05,0.15,10,none,True,71701,1.00644,0.01545,4,4,0,31.5963,-787.7191,-756.3268,1243.6732,0.40878,0,8,1231.3923,12.2809,0.0
SNXX3L_USDT,late,0.05,0.15,10,up,False,19375,2.60438,1.0969,86,86,0,345.6708,-1608.8578,-1263.715,736.285,0.780042,26,8,145.1428,591.1422,-0.0
SNXX3S_USDT,late,0.05,0.15,10,up,False,13950,0.01135,0.010265,103,103,0,459.0451,-897.319,-438.802,1561.198,0.475804,24,8,258.5171,1302.681,0.0
SNXX3L_USDT,full,0.05,0.15,10,up,False,37108,1.00171,1.0969,370,370,0,733.3569,-1633.0367,-900.2078,1099.7922,0.722669,160,8,532.8289,566.9633,0.0
SNXX3S_USDT,full,0.05,0.15,10,up,False,27829,1.0107,0.010265,25,25,0,185.0304,-1984.0987,-1799.5483,200.4517,0.911339,11,8,184.5504,15.9013,-0.0
SOXL3S_USDT,late,0.05,0.15,10,up,False,33373,3.5857,0.8326,25,25,0,169.7855,-609.8903,-440.2998,1559.7002,0.325751,0,8,1369.5905,190.1097,-0.0
SOXL3L_USDT,late,0.05,0.15,10,up,False,30577,0.01701,0.01545,467,467,0,1020.7112,-1467.6521,-447.4689,1552.5311,0.521455,84,8,820.1832,732.3479,0.0
SOXL3L_USDT,full,0.05,0.15,10,up,False,71701,1.00644,0.01545,5,5,0,35.5398,-1378.2208,-1343.0291,656.9709,0.69036,0,8,635.1918,21.7792,0.0
SOXL3S_USDT,full,0.05,0.15,10,up,False,62331,1.01083,0.8326,568,568,0,1154.5775,-1736.4273,-582.3778,1417.6222,0.620446,143,8,954.0495,463.5727,-0.0
SNXX3L_USDT,late,0.05,0.15,10,up,True,19375,2.60438,1.0969,8,8,0,127.1773,0.0,127.1773,2127.1773,0.024168,26,8,2127.1773,0.0,0.0
SNXX3L_USDT,full,0.05,0.15,10,up,True,37108,1.00171,1.0969,8,8,0,127.1773,0.0,127.1773,2127.1773,0.058958,160,8,2127.1773,0.0,-0.0
SOXL3L_USDT,late,0.05,0.15,10,up,True,30577,0.01701,0.01545,8,8,0,127.1773,0.0,127.1773,2127.1773,0.04426,84,8,2127.1773,0.0,-0.0
SOXL3S_USDT,late,0.05,0.15,10,up,True,33373,3.5857,0.8326,7,7,0,97.2835,-153.56,-56.3275,1943.6725,0.184411,0,8,1897.2325,46.44,-0.0
SNXX3S_USDT,full,0.05,0.15,10,up,True,27829,1.0107,0.010265,8,8,0,127.1773,0.0,127.1773,2127.1773,0.190519,11,8,2127.1773,0.0,-0.0
SNXX3S_USDT,late,0.05,0.15,10,up,True,13950,0.01135,0.010265,8,8,0,127.1773,0.0,127.1773,2127.1773,0.373162,24,8,2127.1773,0.0,0.0
SOXL3S_USDT,full,0.05,0.15,10,up,True,62331,1.01083,0.8326,8,8,0,127.1773,0.0,127.1773,2127.1773,0.084178,143,8,2127.1773,0.0,0.0
SOXL3L_USDT,full,0.05,0.15,10,up,True,71701,1.00644,0.01545,4,4,0,31.5963,-787.7191,-756.3268,1243.6732,0.40878,0,8,1231.3923,12.2809,0.0
SNXX3L_USDT,late,0.05,0.15,10,both,False,19375,2.60438,1.0969,146,86,60,-906.2001,0.0,-906.2001,1093.7999,0.520594,116,8,1093.7999,0.0,-0.0
SNXX3S_USDT,late,0.05,0.15,10,both,False,13950,0.01135,0.010265,261,163,98,-1637.3122,0.0,-1637.3122,362.6878,0.823788,257,8,362.6878,0.0,-0.0
SNXX3S_USDT,full,0.05,0.15,10,both,False,27829,1.0107,0.010265,93,35,58,-1540.4659,0.0,-1540.4659,459.5341,0.773826,143,8,459.5341,0.0,-0.0
SNXX3L_USDT,full,0.05,0.15,10,both,False,37108,1.00171,1.0969,212,131,81,-1802.423,0.0,-1802.423,197.577,0.909047,1821,8,197.577,0.0,-0.0
SOXL3S_USDT,late,0.05,0.15,10,both,False,33373,3.5857,0.8326,89,28,61,-1233.0644,0.0,-1233.0644,766.9356,0.677182,81,8,766.9356,0.0,0.0
SOXL3L_USDT,late,0.05,0.15,10,both,False,30577,0.01701,0.01545,597,399,198,-1814.6275,0.0,-1814.6275,185.3725,0.917964,828,8,185.3725,0.0,0.0
SOXL3L_USDT,full,0.05,0.15,10,both,False,71701,1.00644,0.01545,105,53,52,-883.161,0.0,-883.161,1116.839,0.499853,80,8,1116.839,0.0,0.0
SOXL3S_USDT,full,0.05,0.15,10,both,False,62331,1.01083,0.8326,594,400,194,-1801.1738,0.0,-1801.1738,198.8262,0.900567,2113,8,198.8262,0.0,0.0
SNXX3L_USDT,late,0.05,0.15,10,both,True,19375,2.60438,1.0969,8,8,0,127.1773,0.0,127.1773,2127.1773,0.024168,116,8,2127.1773,0.0,0.0
SNXX3S_USDT,full,0.05,0.15,10,both,True,27829,1.0107,0.010265,8,3,5,-72.7747,0.0,-72.7747,1927.2253,0.067005,143,8,1927.2253,0.0,-0.0
SNXX3S_USDT,late,0.05,0.15,10,both,True,13950,0.01135,0.010265,8,1,7,-124.7622,0.0,-124.7622,1875.2378,0.082412,257,8,1875.2378,0.0,0.0
SNXX3L_USDT,full,0.05,0.15,10,both,True,37108,1.00171,1.0969,8,8,0,127.1773,0.0,127.1773,2127.1773,0.058958,1821,8,2127.1773,0.0,-0.0
SOXL3S_USDT,late,0.05,0.15,10,both,True,33373,3.5857,0.8326,8,1,7,-144.7574,0.0,-144.7574,1855.2426,0.087822,81,8,1855.2426,0.0,-0.0
SOXL3L_USDT,late,0.05,0.15,10,both,True,30577,0.01701,0.01545,8,8,0,127.1773,0.0,127.1773,2127.1773,0.04426,828,8,2127.1773,0.0,-0.0
SOXL3L_USDT,full,0.05,0.15,10,both,True,71701,1.00644,0.01545,8,4,4,-224.7382,0.0,-224.7382,1775.2618,0.169563,80,8,1775.2618,0.0,-0.0
SOXL3S_USDT,full,0.05,0.15,10,both,True,62331,1.01083,0.8326,8,3,5,-32.7843,0.0,-32.7843,1967.2157,0.084178,2113,8,1967.2157,0.0,0.0
SNXX3L_USDT,late,0.05,0.15,20,none,False,19375,2.60438,1.0969,42,42,0,145.9171,-282.8533,-137.0562,1862.9438,0.170611,0,15,1645.7971,217.1467,-0.0
SNXX3S_USDT,late,0.05,0.15,20,none,False,13950,0.01135,0.010265,293,293,0,392.4947,-33.7126,358.6622,2358.6622,0.497527,0,15,1892.3747,466.2874,0.0
SNXX3L_USDT,full,0.05,0.15,20,none,False,37108,1.00171,1.0969,233,233,0,333.5648,0.0,333.5648,2333.5648,0.122029,0,15,2333.5648,0.0,-0.0
SNXX3S_USDT,full,0.05,0.15,20,none,False,27829,1.0107,0.010265,47,47,0,150.6387,-494.7637,-344.2449,1655.7551,0.266879,0,15,1650.5187,5.2363,-0.0
SOXL3L_USDT,late,0.05,0.15,20,none,False,30577,0.01701,0.01545,142,142,0,243.5923,-31.7101,211.7622,2211.7622,0.076948,0,15,1743.4723,468.2899,-0.0
SOXL3S_USDT,late,0.05,0.15,20,none,False,33373,3.5857,0.8326,56,56,0,132.5985,-533.8437,-401.4163,1598.5837,0.289844,0,15,1432.4275,166.1563,0.0
SOXL3S_USDT,full,0.05,0.15,20,none,False,62331,1.01083,0.8326,155,155,0,256.548,-75.3326,181.0953,2181.0953,0.125141,0,15,1756.428,424.6674,0.0
SOXL3L_USDT,full,0.05,0.15,20,none,False,71701,1.00644,0.01545,9,9,0,36.5572,-1181.3396,-1145.0808,854.9192,0.594347,0,15,836.2587,18.6604,0.0
SNXX3L_USDT,late,0.05,0.15,20,none,True,19375,2.60438,1.0969,15,15,0,119.2287,0.0,119.2287,2119.2287,0.024213,0,15,2119.2287,0.0,-0.0
SNXX3L_USDT,full,0.05,0.15,20,none,True,37108,1.00171,1.0969,15,15,0,119.2287,0.0,119.2287,2119.2287,0.053144,0,15,2119.2287,0.0,-0.0
SOXL3L_USDT,late,0.05,0.15,20,none,True,30577,0.01701,0.01545,15,15,0,119.2287,0.0,119.2287,2119.2287,0.040611,0,15,2119.2287,0.0,-0.0
SNXX3S_USDT,full,0.05,0.15,20,none,True,27829,1.0107,0.010265,15,15,0,119.2287,0.0,119.2287,2119.2287,0.190791,0,15,2119.2287,0.0,-0.0
SNXX3S_USDT,late,0.05,0.15,20,none,True,13950,0.01135,0.010265,15,15,0,119.2287,0.0,119.2287,2119.2287,0.373338,0,15,2119.2287,0.0,-0.0
SOXL3S_USDT,late,0.05,0.15,20,none,True,33373,3.5857,0.8326,13,13,0,90.3347,-153.56,-63.2763,1936.7237,0.184498,0,15,1890.2837,46.44,0.0
SOXL3S_USDT,full,0.05,0.15,20,none,True,62331,1.01083,0.8326,15,15,0,119.2287,0.0,119.2287,2119.2287,0.078916,0,15,2119.2287,0.0,0.0
SOXL3L_USDT,full,0.05,0.15,20,none,True,71701,1.00644,0.01545,8,8,0,35.5954,-689.2542,-653.8373,1346.1627,0.358409,0,15,1335.4169,10.7458,0.0
SNXX3L_USDT,late,0.05,0.15,20,up,False,19375,2.60438,1.0969,225,225,0,261.0492,-1535.8045,-1275.2593,724.7407,0.772956,52,15,160.5452,564.1955,0.0
SNXX3S_USDT,late,0.05,0.15,20,up,False,13950,0.01135,0.010265,251,251,0,317.2005,-864.808,-548.1115,1451.8885,0.497527,49,15,216.6965,1235.192,-0.0
SNXX3S_USDT,full,0.05,0.15,20,up,False,27829,1.0107,0.010265,61,61,0,157.9814,-2083.2998,-1925.8224,74.1776,0.969206,23,15,57.4774,16.7002,-0.0
SOXL3L_USDT,late,0.05,0.15,20,up,False,30577,0.01701,0.01545,1142,1142,0,645.9675,-1403.5256,-758.0621,1241.9379,0.57018,169,15,545.4635,696.4744,-0.0
SNXX3L_USDT,full,0.05,0.15,20,up,False,37108,1.00171,1.0969,871,871,0,457.2027,-1558.8177,-1102.119,897.881,0.74134,320,15,356.6987,541.1823,0.0
SOXL3S_USDT,late,0.05,0.15,20,up,False,33373,3.5857,0.8326,56,56,0,132.5985,-533.8437,-401.4163,1598.5837,0.289844,0,15,1432.4275,166.1563,0.0
SOXL3L_USDT,full,0.05,0.15,20,up,False,71701,1.00644,0.01545,9,9,0,36.5572,-1181.3396,-1145.0808,854.9192,0.594347,0,15,836.2587,18.6604,0.0
SNXX3L_USDT,late,0.05,0.15,20,up,True,19375,2.60438,1.0969,15,15,0,119.2287,0.0,119.2287,2119.2287,0.024213,52,15,2119.2287,0.0,-0.0
SOXL3S_USDT,full,0.05,0.15,20,up,False,62331,1.01083,0.8326,1358,1358,0,719.2684,-1657.5084,-938.744,1061.256,0.687682,286,15,618.7644,442.4916,0.0
SNXX3L_USDT,full,0.05,0.15,20,up,True,37108,1.00171,1.0969,15,15,0,119.2287,0.0,119.2287,2119.2287,0.053144,320,15,2119.2287,0.0,-0.0
SOXL3L_USDT,late,0.05,0.15,20,up,True,30577,0.01701,0.01545,15,15,0,119.2287,0.0,119.2287,2119.2287,0.040611,169,15,2119.2287,0.0,-0.0
SOXL3S_USDT,late,0.05,0.15,20,up,True,33373,3.5857,0.8326,13,13,0,90.3347,-153.56,-63.2763,1936.7237,0.184498,0,15,1890.2837,46.44,0.0
SNXX3S_USDT,full,0.05,0.15,20,up,True,27829,1.0107,0.010265,15,15,0,119.2287,0.0,119.2287,2119.2287,0.190791,23,15,2119.2287,0.0,-0.0
SNXX3S_USDT,late,0.05,0.15,20,up,True,13950,0.01135,0.010265,15,15,0,119.2287,0.0,119.2287,2119.2287,0.373338,49,15,2119.2287,0.0,-0.0
SOXL3S_USDT,full,0.05,0.15,20,up,True,62331,1.01083,0.8326,15,15,0,119.2287,0.0,119.2287,2119.2287,0.078916,286,15,2119.2287,0.0,0.0
SOXL3L_USDT,full,0.05,0.15,20,up,True,71701,1.00644,0.01545,8,8,0,35.5954,-689.2542,-653.8373,1346.1627,0.358409,0,15,1335.4169,10.7458,0.0
SNXX3L_USDT,late,0.05,0.15,20,both,False,19375,2.60438,1.0969,501,378,123,-1183.03,-43.5401,-1226.7381,773.2619,0.777397,245,15,116.802,656.4599,0.0
SNXX3S_USDT,late,0.05,0.15,20,both,False,13950,0.01135,0.010265,686,518,168,-1665.9353,0.0,-1665.9353,334.0647,0.836843,539,15,334.0647,0.0,-0.0
SNXX3S_USDT,full,0.05,0.15,20,both,False,27829,1.0107,0.010265,191,88,103,-1401.4113,0.0,-1401.4113,598.5887,0.712463,296,15,598.5887,0.0,-0.0
SOXL3L_USDT,late,0.05,0.15,20,both,False,30577,0.01701,0.01545,1339,1011,328,-1899.7163,0.0,-1899.7163,100.2837,0.954317,1716,15,100.2837,0.0,0.0
SOXL3S_USDT,late,0.05,0.15,20,both,False,33373,3.5857,0.8326,204,91,113,-1210.3574,0.0,-1210.3574,789.6426,0.642334,162,15,789.6426,0.0,0.0
SNXX3L_USDT,full,0.05,0.15,20,both,False,37108,1.00171,1.0969,415,252,163,-1904.2847,0.0,-1904.2847,95.7153,0.953907,3775,15,95.7153,0.0,0.0
SOXL3L_USDT,full,0.05,0.15,20,both,False,71701,1.00644,0.01545,222,131,91,-987.2034,0.0,-987.2034,1012.7966,0.516657,169,15,1012.7966,0.0,-0.0
SOXL3S_USDT,full,0.05,0.15,20,both,False,62331,1.01083,0.8326,1206,868,338,-1900.3924,0.0,-1900.3924,99.6076,0.950762,4371,15,99.6076,0.0,0.0
SNXX3L_USDT,late,0.05,0.15,20,both,True,19375,2.60438,1.0969,15,15,0,119.2287,0.0,119.2287,2119.2287,0.024213,245,15,2119.2287,0.0,-0.0
SNXX3S_USDT,full,0.05,0.15,20,both,True,27829,1.0107,0.010265,15,5,10,-70.7257,0.0,-70.7257,1929.2743,0.062845,296,15,1929.2743,0.0,-0.0
SNXX3L_USDT,full,0.05,0.15,20,both,True,37108,1.00171,1.0969,15,8,7,2.2568,0.0,2.2568,2002.2568,0.053144,3775,15,2002.2568,0.0,-0.0
SOXL3S_USDT,late,0.05,0.15,20,both,True,33373,3.5857,0.8326,15,1,14,-137.7096,0.0,-137.7096,1862.2904,0.078484,162,15,1862.2904,0.0,0.0
SNXX3S_USDT,late,0.05,0.15,20,both,True,13950,0.01135,0.010265,15,1,14,-110.7161,0.0,-110.7161,1889.2839,0.067866,539,15,1889.2839,0.0,-0.0
SOXL3L_USDT,late,0.05,0.15,20,both,True,30577,0.01701,0.01545,15,15,0,119.2287,0.0,119.2287,2119.2287,0.040611,1716,15,2119.2287,0.0,-0.0
SOXL3L_USDT,full,0.05,0.15,20,both,True,71701,1.00644,0.01545,15,8,7,-195.6957,0.0,-195.6957,1804.3043,0.148669,169,15,1804.3043,0.0,0.0
SOXL3S_USDT,full,0.05,0.15,20,both,True,62331,1.01083,0.8326,15,4,11,-45.7317,0.0,-45.7317,1954.2683,0.078916,4371,15,1954.2683,0.0,0.0
SNXX3L_USDT,late,0.05,0.2,10,none,False,19375,2.60438,1.0969,15,15,0,215.0562,-224.9367,-9.9764,1990.0236,0.131699,0,8,1814.9602,175.0633,-0.0
SNXX3S_USDT,late,0.05,0.2,10,none,False,13950,0.01135,0.010265,76,76,0,525.7234,-24.0799,501.5476,2501.5476,0.477513,0,8,2125.6274,375.9201,0.0
SNXX3L_USDT,full,0.05,0.2,10,none,False,37108,1.00171,1.0969,73,73,0,510.7654,0.0,510.7654,2510.7654,0.09306,0,8,2510.7654,0.0,-0.0
SNXX3S_USDT,full,0.05,0.2,10,none,False,27829,1.0107,0.010265,19,19,0,235.1801,-395.7785,-160.6944,1839.3056,0.284491,0,8,1835.0841,4.2215,0.0
SOXL3L_USDT,late,0.05,0.2,10,none,False,30577,0.01701,0.01545,42,42,0,351.9719,-22.4655,329.4104,2329.4104,0.058933,0,8,1951.8759,377.5345,-0.0
SOXL3S_USDT,late,0.05,0.2,10,none,False,33373,3.5857,0.8326,13,13,0,115.2745,-764.1649,-649.1394,1350.8606,0.429494,0,8,1115.0255,235.8351,-0.0
SOXL3S_USDT,full,0.05,0.2,10,none,False,62331,1.01083,0.8326,40,40,0,342.1798,-57.6339,284.4499,2284.4499,0.096079,0,8,1942.0838,342.3661,0.0
SOXL3L_USDT,full,0.05,0.2,10,none,False,71701,1.00644,0.01545,3,3,0,29.6958,-1378.2681,-1348.9233,651.0767,0.694707,0,8,629.3448,21.7319,-0.0
SNXX3L_USDT,late,0.05,0.2,10,none,True,19375,2.60438,1.0969,8,8,0,179.1648,0.0,179.1648,2179.1648,0.030014,0,8,2179.1648,0.0,0.0
SNXX3L_USDT,full,0.05,0.2,10,none,True,37108,1.00171,1.0969,8,8,0,179.1648,0.0,179.1648,2179.1648,0.070427,0,8,2179.1648,0.0,-0.0
SNXX3S_USDT,full,0.05,0.2,10,none,True,27829,1.0107,0.010265,8,8,0,179.1648,0.0,179.1648,2179.1648,0.227828,0,8,2179.1648,0.0,0.0
SNXX3S_USDT,late,0.05,0.2,10,none,True,13950,0.01135,0.010265,8,8,0,179.1648,0.0,179.1648,2179.1648,0.426436,0,8,2179.1648,0.0,0.0
SOXL3L_USDT,late,0.05,0.2,10,none,True,30577,0.01701,0.01545,8,8,0,179.1648,0.0,179.1648,2179.1648,0.051507,0,8,2179.1648,0.0,0.0
SOXL3S_USDT,late,0.05,0.2,10,none,True,33373,3.5857,0.8326,5,5,0,74.487,-460.6799,-386.3459,1613.6541,0.281793,0,8,1474.334,139.3201,-0.0
SOXL3S_USDT,full,0.05,0.2,10,none,True,62331,1.01083,0.8326,8,8,0,179.1648,0.0,179.1648,2179.1648,0.084178,0,8,2179.1648,0.0,-0.0
SOXL3L_USDT,full,0.05,0.2,10,none,True,71701,1.00644,0.01545,3,3,0,29.6958,-984.6489,-955.2081,1044.7919,0.507442,0,8,1029.4408,15.3511,-0.0
SNXX3L_USDT,late,0.05,0.2,10,up,False,19375,2.60438,1.0969,68,68,0,391.9991,-1600.6407,-1209.1696,790.8304,0.762979,19,8,191.4711,599.3593,0.0
SNXX3S_USDT,late,0.05,0.2,10,up,False,13950,0.01135,0.010265,85,85,0,524.7003,-869.836,-345.6637,1654.3363,0.477513,17,8,324.1723,1330.164,0.0
SNXX3S_USDT,full,0.05,0.2,10,up,False,27829,1.0107,0.010265,24,24,0,250.1286,-2182.0528,-1932.4522,67.5478,0.973586,7,8,49.6006,17.9471,0.0
SNXX3L_USDT,full,0.05,0.2,10,up,False,37108,1.00171,1.0969,329,329,0,874.4171,-1629.6084,-755.7193,1244.2807,0.687643,126,8,673.8891,570.3916,-0.0
SOXL3S_USDT,late,0.05,0.2,10,up,False,33373,3.5857,0.8326,13,13,0,115.2745,-764.1649,-649.1394,1350.8606,0.429494,0,8,1115.0255,235.8351,-0.0
SOXL3L_USDT,late,0.05,0.2,10,up,False,30577,0.01701,0.01545,438,438,0,1232.2859,-1459.277,-227.5191,1772.4809,0.483545,65,8,1031.7579,740.723,-0.0
SOXL3L_USDT,full,0.05,0.2,10,up,False,71701,1.00644,0.01545,3,3,0,29.6958,-1378.2681,-1348.9233,651.0767,0.694707,0,8,629.3448,21.7319,-0.0
SOXL3S_USDT,full,0.05,0.2,10,up,False,62331,1.01083,0.8326,507,507,0,1339.0373,-1732.1678,-393.6585,1606.3415,0.585262,112,8,1138.5093,467.8322,-0.0
SNXX3L_USDT,late,0.05,0.2,10,up,True,19375,2.60438,1.0969,8,8,0,179.1648,0.0,179.1648,2179.1648,0.030014,19,8,2179.1648,0.0,0.0
SNXX3L_USDT,full,0.05,0.2,10,up,True,37108,1.00171,1.0969,8,8,0,179.1648,0.0,179.1648,2179.1648,0.070427,126,8,2179.1648,0.0,-0.0
SOXL3L_USDT,late,0.05,0.2,10,up,True,30577,0.01701,0.01545,8,8,0,179.1648,0.0,179.1648,2179.1648,0.051507,65,8,2179.1648,0.0,0.0
SOXL3S_USDT,late,0.05,0.2,10,up,True,33373,3.5857,0.8326,5,5,0,74.487,-460.6799,-386.3459,1613.6541,0.281793,0,8,1474.334,139.3201,-0.0
SNXX3S_USDT,late,0.05,0.2,10,up,True,13950,0.01135,0.010265,8,8,0,179.1648,0.0,179.1648,2179.1648,0.426436,17,8,2179.1648,0.0,0.0
SNXX3S_USDT,full,0.05,0.2,10,up,True,27829,1.0107,0.010265,8,8,0,179.1648,0.0,179.1648,2179.1648,0.227828,7,8,2179.1648,0.0,0.0
SOXL3S_USDT,full,0.05,0.2,10,up,True,62331,1.01083,0.8326,8,8,0,179.1648,0.0,179.1648,2179.1648,0.084178,112,8,2179.1648,0.0,-0.0
SOXL3L_USDT,full,0.05,0.2,10,up,True,71701,1.00644,0.01545,3,3,0,29.6958,-984.6489,-955.2081,1044.7919,0.507442,0,8,1029.4408,15.3511,-0.0
SNXX3L_USDT,late,0.05,0.2,10,both,False,19375,2.60438,1.0969,127,85,42,-287.7059,0.0,-287.7059,1712.2941,0.343547,75,8,1712.2941,0.0,0.0
SNXX3S_USDT,full,0.05,0.2,10,both,False,27829,1.0107,0.010265,61,18,43,-1084.2696,0.0,-1084.2696,915.7304,0.558789,101,8,915.7304,0.0,-0.0
SNXX3L_USDT,full,0.05,0.2,10,both,False,37108,1.00171,1.0969,206,131,75,-1836.5456,0.0,-1836.5456,163.4544,0.930388,1217,8,163.4544,0.0,-0.0
SNXX3S_USDT,late,0.05,0.2,10,both,False,13950,0.01135,0.010265,224,134,90,-1479.5198,0.0,-1479.5198,520.4802,0.750274,164,8,520.4802,0.0,-0.0
SOXL3L_USDT,late,0.05,0.2,10,both,False,30577,0.01701,0.01545,531,362,169,-1803.9888,0.0,-1803.9888,196.0112,0.918134,546,8,196.0112,0.0,-0.0
SOXL3S_USDT,late,0.05,0.2,10,both,False,33373,3.5857,0.8326,74,23,51,-1125.4551,0.0,-1125.4551,874.5449,0.595784,55,8,874.5449,0.0,0.0
SOXL3L_USDT,full,0.05,0.2,10,both,False,71701,1.00644,0.01545,64,24,40,-689.1628,0.0,-689.1628,1310.8372,0.41687,59,8,1310.8372,0.0,-0.0
SOXL3S_USDT,full,0.05,0.2,10,both,False,62331,1.01083,0.8326,615,437,178,-1810.1798,0.0,-1810.1798,189.8202,0.914582,1409,8,189.8202,0.0,-0.0
SNXX3L_USDT,late,0.05,0.2,10,both,True,19375,2.60438,1.0969,8,8,0,179.1648,0.0,179.1648,2179.1648,0.030014,75,8,2179.1648,0.0,0.0
SNXX3S_USDT,full,0.05,0.2,10,both,True,27829,1.0107,0.010265,8,2,6,-120.7632,0.0,-120.7632,1879.2368,0.072481,101,8,1879.2368,0.0,-0.0
SNXX3L_USDT,full,0.05,0.2,10,both,True,37108,1.00171,1.0969,8,8,0,179.1648,0.0,179.1648,2179.1648,0.070427,1217,8,2179.1648,0.0,-0.0
SNXX3S_USDT,late,0.05,0.2,10,both,True,13950,0.01135,0.010265,8,0,8,-205.7428,0.0,-205.7428,1794.2572,0.112197,164,8,1794.2572,0.0,0.0
SOXL3S_USDT,late,0.05,0.2,10,both,True,33373,3.5857,0.8326,8,0,8,-160.7536,0.0,-160.7536,1839.2464,0.097422,55,8,1839.2464,0.0,-0.0
SOXL3L_USDT,late,0.05,0.2,10,both,True,30577,0.01701,0.01545,8,8,0,179.1648,0.0,179.1648,2179.1648,0.051507,546,8,2179.1648,0.0,0.0
SOXL3L_USDT,full,0.05,0.2,10,both,True,71701,1.00644,0.01545,8,3,5,-270.7272,0.0,-270.7272,1729.2728,0.210488,59,8,1729.2728,0.0,-0.0
SOXL3S_USDT,full,0.05,0.2,10,both,True,62331,1.01083,0.8326,8,3,5,-20.7872,0.0,-20.7872,1979.2128,0.084178,1409,8,1979.2128,0.0,0.0
SNXX3L_USDT,late,0.05,0.2,20,none,False,19375,2.60438,1.0969,37,37,0,195.4477,-226.0592,-30.7076,1969.2924,0.133516,0,16,1795.3517,173.9408,0.0
SNXX3L_USDT,full,0.05,0.2,20,none,False,37108,1.00171,1.0969,179,179,0,371.7355,0.0,371.7355,2371.7355,0.095367,0,16,2371.7355,0.0,0.0
SNXX3S_USDT,late,0.05,0.2,20,none,False,13950,0.01135,0.010265,214,214,0,415.0049,-26.4904,388.4185,2388.4185,0.502423,0,16,2014.9089,373.5096,0.0
SNXX3S_USDT,full,0.05,0.2,20,none,False,27829,1.0107,0.010265,41,41,0,200.1824,-395.8055,-195.7192,1804.2808,0.287841,0,16,1800.0864,4.1945,-0.0
SOXL3L_USDT,late,0.05,0.2,20,none,False,30577,0.01701,0.01545,110,110,0,285.5771,-24.8864,260.5947,2260.5947,0.05987,0,16,1885.4811,375.1136,-0.0
SOXL3S_USDT,late,0.05,0.2,20,none,False,33373,3.5857,0.8326,39,39,0,104.2228,-764.7838,-660.81,1339.19,0.432689,0,16,1103.9738,235.2162,0.0
SOXL3S_USDT,full,0.05,0.2,20,none,False,62331,1.01083,0.8326,115,115,0,291.9298,-59.8293,232.0045,2232.0045,0.098358,0,16,1891.8338,340.1707,0.0
SOXL3L_USDT,full,0.05,0.2,20,none,False,71701,1.00644,0.01545,6,6,0,25.9467,-1378.309,-1352.7133,647.2867,0.695956,0,16,625.5957,21.691,0.0
SNXX3L_USDT,late,0.05,0.2,20,none,True,19375,2.60438,1.0969,16,16,0,169.1672,0.0,169.1672,2169.1672,0.030068,0,16,2169.1672,0.0,-0.0
SNXX3L_USDT,full,0.05,0.2,20,none,True,37108,1.00171,1.0969,16,16,0,169.1672,0.0,169.1672,2169.1672,0.070512,0,16,2169.1672,0.0,-0.0
SOXL3L_USDT,late,0.05,0.2,20,none,True,30577,0.01701,0.01545,16,16,0,169.1672,0.0,169.1672,2169.1672,0.047865,0,16,2169.1672,0.0,-0.0
SNXX3S_USDT,full,0.05,0.2,20,none,True,27829,1.0107,0.010265,16,16,0,169.1672,0.0,169.1672,2169.1672,0.228102,0,16,2169.1672,0.0,-0.0
SNXX3S_USDT,late,0.05,0.2,20,none,True,13950,0.01135,0.010265,16,16,0,169.1672,0.0,169.1672,2169.1672,0.426436,0,16,2169.1672,0.0,-0.0
SOXL3S_USDT,late,0.05,0.2,20,none,True,33373,3.5857,0.8326,10,10,0,68.2385,-460.6799,-392.5944,1607.4056,0.282613,0,16,1468.0855,139.3201,0.0
SOXL3S_USDT,full,0.05,0.2,20,none,True,62331,1.01083,0.8326,16,16,0,169.1672,0.0,169.1672,2169.1672,0.084178,0,16,2169.1672,0.0,0.0
SOXL3L_USDT,full,0.05,0.2,20,none,True,71701,1.00644,0.01545,6,6,0,25.9467,-984.6489,-958.9572,1041.0428,0.508344,0,16,1025.6917,15.3511,0.0
SNXX3L_USDT,late,0.05,0.2,20,up,False,19375,2.60438,1.0969,187,187,0,315.5915,-1528.0091,-1212.9216,787.0784,0.752279,38,16,215.0875,571.9909,-0.0
SNXX3S_USDT,full,0.05,0.2,20,up,False,27829,1.0107,0.010265,55,55,0,210.7968,-2083.0452,-1872.7524,127.2476,0.945829,15,16,110.2928,16.9548,-0.0
SNXX3S_USDT,late,0.05,0.2,20,up,False,13950,0.01135,0.010265,287,287,0,467.685,-841.1378,-373.9569,1626.0431,0.502423,35,16,367.181,1258.8622,-0.0
SOXL3L_USDT,late,0.05,0.2,20,up,False,30577,0.01701,0.01545,1110,1110,0,809.2438,-1396.26,-587.5202,1412.4798,0.533696,131,16,708.7398,703.74,-0.0
SOXL3S_USDT,late,0.05,0.2,20,up,False,33373,3.5857,0.8326,39,39,0,104.2228,-764.7838,-660.81,1339.19,0.432689,0,16,1103.9738,235.2162,0.0
SNXX3L_USDT,full,0.05,0.2,20,up,False,37108,1.00171,1.0969,767,767,0,551.5795,-1555.5512,-1004.4757,995.5243,0.716519,252,16,451.0755,544.4488,-0.0
SOXL3L_USDT,full,0.05,0.2,20,up,False,71701,1.00644,0.01545,6,6,0,25.9467,-1378.309,-1352.7133,647.2867,0.695956,0,16,625.5957,21.691,0.0
SOXL3S_USDT,full,0.05,0.2,20,up,False,62331,1.01083,0.8326,1215,1215,0,849.5948,-1654.8853,-805.7945,1194.2055,0.655335,225,16,749.0908,445.1147,0.0
SNXX3L_USDT,late,0.05,0.2,20,up,True,19375,2.60438,1.0969,16,16,0,169.1672,0.0,169.1672,2169.1672,0.030068,38,16,2169.1672,0.0,-0.0
SNXX3L_USDT,full,0.05,0.2,20,up,True,37108,1.00171,1.0969,16,16,0,169.1672,0.0,169.1672,2169.1672,0.070512,252,16,2169.1672,0.0,-0.0
SOXL3L_USDT,late,0.05,0.2,20,up,True,30577,0.01701,0.01545,16,16,0,169.1672,0.0,169.1672,2169.1672,0.047865,131,16,2169.1672,0.0,-0.0
SOXL3S_USDT,late,0.05,0.2,20,up,True,33373,3.5857,0.8326,10,10,0,68.2385,-460.6799,-392.5944,1607.4056,0.282613,0,16,1468.0855,139.3201,0.0
SNXX3S_USDT,full,0.05,0.2,20,up,True,27829,1.0107,0.010265,16,16,0,169.1672,0.0,169.1672,2169.1672,0.228102,15,16,2169.1672,0.0,-0.0
SNXX3S_USDT,late,0.05,0.2,20,up,True,13950,0.01135,0.010265,16,16,0,169.1672,0.0,169.1672,2169.1672,0.426436,35,16,2169.1672,0.0,-0.0
SOXL3S_USDT,full,0.05,0.2,20,up,True,62331,1.01083,0.8326,16,16,0,169.1672,0.0,169.1672,2169.1672,0.084178,225,16,2169.1672,0.0,0.0
SOXL3L_USDT,full,0.05,0.2,20,up,True,71701,1.00644,0.01545,6,6,0,25.9467,-984.6489,-958.9572,1041.0428,0.508344,0,16,1025.6917,15.3511,0.0
SNXX3L_USDT,late,0.05,0.2,20,both,False,19375,2.60438,1.0969,291,211,80,-415.8486,0.0,-415.8486,1584.1514,0.351392,157,16,1584.1514,0.0,-0.0
SNXX3S_USDT,full,0.05,0.2,20,both,False,27829,1.0107,0.010265,123,47,76,-1091.6533,0.0,-1091.6533,908.3467,0.560509,209,16,908.3467,0.0,-0.0
SNXX3S_USDT,late,0.05,0.2,20,both,False,13950,0.01135,0.010265,563,418,145,-1502.9524,0.0,-1502.9524,497.0476,0.762301,341,16,497.0476,0.0,0.0
SOXL3L_USDT,late,0.05,0.2,20,both,False,30577,0.01701,0.01545,1217,918,299,-1899.3592,0.0,-1899.3592,100.6408,0.955132,1135,16,100.6408,0.0,-0.0
SNXX3L_USDT,full,0.05,0.2,20,both,False,37108,1.00171,1.0969,512,366,146,-1907.9376,0.0,-1907.9376,92.0624,0.958145,2531,16,92.0624,0.0,-0.0
SOXL3S_USDT,late,0.05,0.2,20,both,False,33373,3.5857,0.8326,168,71,97,-1098.5121,0.0,-1098.5121,901.4879,0.569775,110,16,901.4879,0.0,-0.0
SOXL3L_USDT,full,0.05,0.2,20,both,False,71701,1.00644,0.01545,144,67,77,-709.7472,0.0,-709.7472,1290.2528,0.429345,123,16,1290.2528,0.0,0.0
SOXL3S_USDT,full,0.05,0.2,20,both,False,62331,1.01083,0.8326,1488,1145,343,-1903.9669,0.0,-1903.9669,96.0331,0.954477,2931,16,96.0331,0.0,-0.0
SNXX3L_USDT,late,0.05,0.2,20,both,True,19375,2.60438,1.0969,16,16,0,169.1672,0.0,169.1672,2169.1672,0.030068,157,16,2169.1672,0.0,-0.0
SNXX3S_USDT,full,0.05,0.2,20,both,True,27829,1.0107,0.010265,16,4,12,-145.7572,0.0,-145.7572,1854.2428,0.086268,209,16,1854.2428,0.0,-0.0
SNXX3L_USDT,full,0.05,0.2,20,both,True,37108,1.00171,1.0969,16,16,0,169.1672,0.0,169.1672,2169.1672,0.070512,2531,16,2169.1672,0.0,-0.0
SOXL3L_USDT,late,0.05,0.2,20,both,True,30577,0.01701,0.01545,16,16,0,169.1672,0.0,169.1672,2169.1672,0.047865,1135,16,2169.1672,0.0,-0.0
SOXL3S_USDT,late,0.05,0.2,20,both,True,33373,3.5857,0.8326,16,0,16,-164.5027,0.0,-164.5027,1835.4973,0.101259,110,16,1835.4973,0.0,0.0
SNXX3S_USDT,late,0.05,0.2,20,both,True,13950,0.01135,0.010265,16,0,16,-238.235,0.0,-238.235,1761.765,0.129301,341,16,1761.765,0.0,-0.0
SOXL3L_USDT,full,0.05,0.2,20,both,True,71701,1.00644,0.01545,16,6,10,-268.2278,0.0,-268.2278,1731.7722,0.210862,123,16,1731.7722,0.0,0.0
SOXL3S_USDT,full,0.05,0.2,20,both,True,62331,1.01083,0.8326,16,7,9,-10.7896,0.0,-10.7896,1989.2104,0.084178,2931,16,1989.2104,0.0,0.0
