symbol,window,range_down_pct,range_up_pct,grid_count,move,sells_only,n_prints,first_px,last_px,arb,n_win,n_loss,grid_profit,mtm,net,equity,max_dd_pct,shifts,n_base,end_quote,inv,gap,scenario,seg_id
SNXX3L_USDT,SNXX3L_open_trough,0.0,0.05,10,none,False,1078,0.53062,2.35386,9,9,0,44.0982,0.0,44.0982,2044.0982,0.0,0,9,2044.0982,0.0,0.0,from_trough,SNXX3L_open_trough
SNXX3L_USDT,SNXX3L_open_high,0.0,0.05,10,none,False,1469,1.00171,2.35386,9,9,0,44.0982,0.0,44.0982,2044.0982,0.0,0,9,2044.0982,0.0,0.0,from_high,SNXX3L_open_high
SOXL3S_USDT,SOXL3S_jun_trough,0.0,0.05,10,none,False,1906,0.72385,1.83695,9,9,0,44.0982,0.0,44.0982,2044.0982,0.002558,0,9,2044.0982,0.0,0.0,from_trough,SOXL3S_jun_trough
SOXL3S_USDT,SOXL3S_jun_high,0.0,0.05,10,none,False,2446,1.12385,1.83695,9,9,0,44.0982,0.0,44.0982,2044.0982,0.002955,0,9,2044.0982,0.0,0.0,from_high,SOXL3S_jun_high
SNXX3L_USDT,SNXX3L_aug_high,0.0,0.05,10,none,False,14773,2.17321,4.04558,9,9,0,44.0982,0.0,44.0982,2044.0982,0.111891,0,9,2044.0982,0.0,-0.0,from_high,SNXX3L_aug_high
SOXL3L_USDT,SOXL3L_jun_high,0.0,0.05,10,none,False,3860,0.80587,0.87982,9,9,0,44.0982,0.0,44.0982,2044.0982,0.296396,0,9,2044.0982,0.0,0.0,from_high,SOXL3L_jun_high
SNXX3L_USDT,SNXX3L_aug_trough,0.0,0.05,10,none,False,7892,0.56854,4.04558,9,9,0,44.0982,0.0,44.0982,2044.0982,0.054806,0,9,2044.0982,0.0,0.0,from_trough,SNXX3L_aug_trough
SOXL3S_USDT,SOXL3S_aug_trough,0.0,0.05,10,none,False,5412,0.465,0.9645,9,9,0,44.0982,0.0,44.0982,2044.0982,0.017007,0,9,2044.0982,0.0,0.0,from_trough,SOXL3S_aug_trough
SOXL3S_USDT,SOXL3S_aug_high,0.0,0.05,10,none,False,6274,0.5717,0.9645,9,9,0,44.0982,0.0,44.0982,2044.0982,0.222335,0,9,2044.0982,0.0,0.0,from_high,SOXL3S_aug_high
SOXL3L_USDT,SOXL3L_jun_trough,0.0,0.05,10,none,True,1906,0.46705,0.87982,9,9,0,44.0982,0.0,44.0982,2044.0982,0.020543,0,9,2044.0982,0.0,-0.0,from_trough,SOXL3L_jun_trough
SOXL3S_USDT,SOXL3S_jun_trough,0.0,0.05,10,none,True,1906,0.72385,1.83695,9,9,0,44.0982,0.0,44.0982,2044.0982,0.002558,0,9,2044.0982,0.0,0.0,from_trough,SOXL3S_jun_trough
SOXL3L_USDT,SOXL3L_jun_high,0.0,0.05,10,none,True,3860,0.80587,0.87982,9,9,0,44.0982,0.0,44.0982,2044.0982,0.296396,0,9,2044.0982,0.0,0.0,from_high,SOXL3L_jun_high
SOXL3S_USDT,SOXL3S_jun_high,0.0,0.05,10,none,True,2446,1.12385,1.83695,9,9,0,44.0982,0.0,44.0982,2044.0982,0.002955,0,9,2044.0982,0.0,0.0,from_high,SOXL3S_jun_high
SNXX3L_USDT,SNXX3L_open_trough,0.0,0.05,10,none,True,1078,0.53062,2.35386,9,9,0,44.0982,0.0,44.0982,2044.0982,0.0,0,9,2044.0982,0.0,0.0,from_trough,SNXX3L_open_trough
SOXL3L_USDT,SOXL3L_jun_trough,0.0,0.05,10,none,False,1906,0.46705,0.87982,9,9,0,44.0982,0.0,44.0982,2044.0982,0.020543,0,9,2044.0982,0.0,-0.0,from_trough,SOXL3L_jun_trough
SNXX3L_USDT,SNXX3L_open_high,0.0,0.05,10,none,True,1469,1.00171,2.35386,9,9,0,44.0982,0.0,44.0982,2044.0982,0.0,0,9,2044.0982,0.0,0.0,from_high,SNXX3L_open_high
SNXX3L_USDT,SNXX3L_aug_high,0.0,0.05,10,none,True,14773,2.17321,4.04558,9,9,0,44.0982,0.0,44.0982,2044.0982,0.111891,0,9,2044.0982,0.0,-0.0,from_high,SNXX3L_aug_high
SNXX3L_USDT,SNXX3L_aug_trough,0.0,0.05,10,none,True,7892,0.56854,4.04558,9,9,0,44.0982,0.0,44.0982,2044.0982,0.054806,0,9,2044.0982,0.0,0.0,from_trough,SNXX3L_aug_trough
SOXL3S_USDT,SOXL3S_aug_high,0.0,0.05,10,none,True,6274,0.5717,0.9645,9,9,0,44.0982,0.0,44.0982,2044.0982,0.222335,0,9,2044.0982,0.0,0.0,from_high,SOXL3S_aug_high
SOXL3S_USDT,SOXL3S_aug_trough,0.0,0.05,10,none,True,5412,0.465,0.9645,9,9,0,44.0982,0.0,44.0982,2044.0982,0.017007,0,9,2044.0982,0.0,0.0,from_trough,SOXL3S_aug_trough
SOXL3L_USDT,SOXL3L_jun_trough,0.0,0.05,10,up,False,1906,0.46705,0.87982,265,265,0,202.9607,-11.51,191.0667,2191.0667,0.360683,173,9,602.5767,1588.49,-0.0,from_trough,SOXL3L_jun_trough
SNXX3L_USDT,SNXX3L_open_trough,0.0,0.05,10,up,False,1078,0.53062,2.35386,270,270,0,127.9701,-68.1113,59.3787,2059.3787,0.260157,713,9,127.4901,1931.8887,0.0,from_trough,SNXX3L_open_trough
SOXL3S_USDT,SOXL3S_jun_high,0.0,0.05,10,up,False,2446,1.12385,1.83695,222,222,0,180.4801,-286.1254,-106.1253,1893.8747,0.418629,176,9,180.0001,1713.8746,-0.0,from_high,SOXL3S_jun_high
SOXL3S_USDT,SOXL3S_jun_trough,0.0,0.05,10,up,False,1906,0.72385,1.83695,420,420,0,243.6131,-320.1323,-77.0472,1922.9528,0.266258,389,9,43.0851,1879.8677,0.0,from_trough,SOXL3S_jun_trough
SNXX3L_USDT,SNXX3L_aug_trough,0.0,0.05,10,up,False,7892,0.56854,4.04558,1101,1101,0,397.0214,-152.2977,244.1957,2244.1957,0.195168,1324,9,196.4934,2047.7023,0.0,from_trough,SNXX3L_aug_trough
SNXX3L_USDT,SNXX3L_aug_high,0.0,0.05,10,up,False,14773,2.17321,4.04558,428,428,0,303.1357,-131.4583,171.1494,2171.1494,0.776077,191,9,102.6077,2068.5417,-0.0,from_high,SNXX3L_aug_high
SNXX3L_USDT,SNXX3L_open_high,0.0,0.05,10,up,False,1469,1.00171,2.35386,228,228,0,165.0986,-59.918,104.7006,2104.7006,0.618404,279,9,164.6186,1940.082,-0.0,from_high,SNXX3L_open_high
SOXL3L_USDT,SOXL3L_jun_high,0.0,0.05,10,up,False,3860,0.80587,0.87982,26,26,0,58.285,-7.4461,50.5989,2050.5989,0.296396,12,9,1058.045,992.5539,-0.0,from_high,SOXL3L_jun_high
SOXL3S_USDT,SOXL3S_aug_high,0.0,0.05,10,up,False,6274,0.5717,0.9645,326,326,0,238.6706,-120.5304,117.6122,2117.6122,0.235305,152,9,38.1426,2079.4696,0.0,from_high,SOXL3S_aug_high
SOXL3S_USDT,SOXL3S_aug_trough,0.0,0.05,10,up,False,5412,0.465,0.9645,394,394,0,244.4157,-125.6993,118.1884,2118.1884,0.233752,235,9,43.8877,2074.3007,-0.0,from_trough,SOXL3S_aug_trough
SOXL3L_USDT,SOXL3L_jun_high,0.0,0.05,10,up,True,3860,0.80587,0.87982,9,9,0,44.0982,0.0,44.0982,2044.0982,0.296396,12,9,2044.0982,0.0,0.0,from_high,SOXL3L_jun_high
SOXL3L_USDT,SOXL3L_jun_trough,0.0,0.05,10,up,True,1906,0.46705,0.87982,9,9,0,44.0982,0.0,44.0982,2044.0982,0.020543,173,9,2044.0982,0.0,-0.0,from_trough,SOXL3L_jun_trough
SNXX3L_USDT,SNXX3L_open_trough,0.0,0.05,10,up,True,1078,0.53062,2.35386,9,9,0,44.0982,0.0,44.0982,2044.0982,0.0,713,9,2044.0982,0.0,0.0,from_trough,SNXX3L_open_trough
SOXL3S_USDT,SOXL3S_jun_high,0.0,0.05,10,up,True,2446,1.12385,1.83695,9,9,0,44.0982,0.0,44.0982,2044.0982,0.002955,176,9,2044.0982,0.0,0.0,from_high,SOXL3S_jun_high
SOXL3S_USDT,SOXL3S_jun_trough,0.0,0.05,10,up,True,1906,0.72385,1.83695,9,9,0,44.0982,0.0,44.0982,2044.0982,0.002558,389,9,2044.0982,0.0,0.0,from_trough,SOXL3S_jun_trough
SNXX3L_USDT,SNXX3L_open_high,0.0,0.05,10,up,True,1469,1.00171,2.35386,9,9,0,44.0982,0.0,44.0982,2044.0982,0.0,279,9,2044.0982,0.0,0.0,from_high,SNXX3L_open_high
SNXX3L_USDT,SNXX3L_aug_trough,0.0,0.05,10,up,True,7892,0.56854,4.04558,9,9,0,44.0982,0.0,44.0982,2044.0982,0.054806,1324,9,2044.0982,0.0,0.0,from_trough,SNXX3L_aug_trough
SOXL3S_USDT,SOXL3S_aug_high,0.0,0.05,10,up,True,6274,0.5717,0.9645,9,9,0,44.0982,0.0,44.0982,2044.0982,0.222335,152,9,2044.0982,0.0,0.0,from_high,SOXL3S_aug_high
SOXL3S_USDT,SOXL3S_aug_trough,0.0,0.05,10,up,True,5412,0.465,0.9645,9,9,0,44.0982,0.0,44.0982,2044.0982,0.017007,235,9,2044.0982,0.0,0.0,from_trough,SOXL3S_aug_trough
SNXX3L_USDT,SNXX3L_aug_high,0.0,0.05,10,up,True,14773,2.17321,4.04558,9,9,0,44.0982,0.0,44.0982,2044.0982,0.111891,191,9,2044.0982,0.0,-0.0,from_high,SNXX3L_aug_high
SNXX3L_USDT,SNXX3L_open_high,0.0,0.05,10,both,False,1469,1.00171,2.35386,199,80,119,-1799.9482,0.0,-1799.9482,200.0518,0.9028,1649,9,200.0518,0.0,-0.0,from_high,SNXX3L_open_high
SOXL3L_USDT,SOXL3L_jun_high,0.0,0.05,10,both,False,3860,0.80587,0.87982,318,194,124,-1126.2585,0.0,-1126.2585,873.7415,0.585306,446,9,873.7415,0.0,0.0,from_high,SOXL3L_jun_high
SOXL3L_USDT,SOXL3L_jun_trough,0.0,0.05,10,both,False,1906,0.46705,0.87982,362,249,113,-988.664,0.2729,-988.487,1011.513,0.502885,561,9,611.24,400.2729,0.0,from_trough,SOXL3L_jun_trough
SOXL3S_USDT,SOXL3S_jun_trough,0.0,0.05,10,both,False,1906,0.72385,1.83695,543,330,213,-1457.0919,0.0,-1457.0919,542.9081,0.735344,1590,9,542.9081,0.0,0.0,from_trough,SOXL3S_jun_trough
SNXX3L_USDT,SNXX3L_open_trough,0.0,0.05,10,both,False,1078,0.53062,2.35386,352,177,175,-1311.6646,0.0,-1311.6646,688.3354,0.66531,2003,9,688.3354,0.0,0.0,from_trough,SNXX3L_open_trough
SOXL3S_USDT,SOXL3S_jun_high,0.0,0.05,10,both,False,2446,1.12385,1.83695,394,236,158,-1542.1427,-0.7282,-1542.9668,457.0332,0.780452,972,9,57.7613,399.2718,0.0,from_high,SOXL3S_jun_high
SNXX3L_USDT,SNXX3L_aug_high,0.0,0.05,10,both,False,14773,2.17321,4.04558,575,341,234,-1799.5995,0.0,-1799.5995,200.4005,0.90053,1713,9,200.4005,0.0,0.0,from_high,SNXX3L_aug_high
SOXL3L_USDT,SOXL3L_jun_trough,0.0,0.05,10,both,True,1906,0.46705,0.87982,9,5,4,2.1083,0.0,2.1083,2002.1083,0.020543,561,9,2002.1083,0.0,-0.0,from_trough,SOXL3L_jun_trough
SOXL3L_USDT,SOXL3L_jun_high,0.0,0.05,10,both,True,3860,0.80587,0.87982,9,4,5,-41.8812,0.0,-41.8812,1958.1188,0.04067,446,9,1958.1188,0.0,0.0,from_high,SOXL3L_jun_high
SOXL3S_USDT,SOXL3S_aug_trough,0.0,0.05,10,both,False,5412,0.465,0.9645,784,478,306,-1812.1048,0.0,-1812.1048,187.8952,0.909792,2052,9,187.8952,0.0,0.0,from_trough,SOXL3S_aug_trough
SOXL3S_USDT,SOXL3S_jun_high,0.0,0.05,10,both,True,2446,1.12385,1.83695,9,9,0,44.0982,0.0,44.0982,2044.0982,0.002955,972,9,2044.0982,0.0,0.0,from_high,SOXL3S_jun_high
SOXL3S_USDT,SOXL3S_jun_trough,0.0,0.05,10,both,True,1906,0.72385,1.83695,9,9,0,44.0982,0.0,44.0982,2044.0982,0.002558,1590,9,2044.0982,0.0,0.0,from_trough,SOXL3S_jun_trough
SNXX3L_USDT,SNXX3L_open_high,0.0,0.05,10,both,True,1469,1.00171,2.35386,9,9,0,44.0982,0.0,44.0982,2044.0982,0.0,1649,9,2044.0982,0.0,0.0,from_high,SNXX3L_open_high
SNXX3L_USDT,SNXX3L_aug_trough,0.0,0.05,10,both,False,7892,0.56854,4.04558,636,371,265,-1803.7019,0.0,-1803.7019,196.2981,0.902648,10028,9,196.2981,0.0,0.0,from_trough,SNXX3L_aug_trough
SNXX3L_USDT,SNXX3L_open_trough,0.0,0.05,10,both,True,1078,0.53062,2.35386,9,9,0,44.0982,0.0,44.0982,2044.0982,0.0,2003,9,2044.0982,0.0,0.0,from_trough,SNXX3L_open_trough
SOXL3S_USDT,SOXL3S_aug_high,0.0,0.05,10,both,False,6274,0.5717,0.9645,702,426,276,-1779.0518,0.0,-1779.0518,220.9482,0.892149,1507,9,220.9482,0.0,-0.0,from_high,SOXL3S_aug_high
SNXX3L_USDT,SNXX3L_aug_high,0.0,0.05,10,both,True,14773,2.17321,4.04558,9,1,8,-55.8778,0.0,-55.8778,1944.1222,0.034921,1713,9,1944.1222,0.0,-0.0,from_high,SNXX3L_aug_high
SOXL3S_USDT,SOXL3S_aug_high,0.0,0.05,10,both,True,6274,0.5717,0.9645,9,0,9,-79.872,0.0,-79.872,1920.128,0.041912,1507,9,1920.128,0.0,0.0,from_high,SOXL3S_aug_high
SOXL3S_USDT,SOXL3S_aug_trough,0.0,0.05,10,both,True,5412,0.465,0.9645,9,6,3,9.1066,0.0,9.1066,2009.1066,0.017007,2052,9,2009.1066,0.0,0.0,from_trough,SOXL3S_aug_trough
SOXL3L_USDT,SOXL3L_jun_high,0.0,0.05,20,none,False,3860,0.80587,0.87982,19,19,0,46.5481,0.0,46.5481,2046.5481,0.296221,0,19,2046.5481,0.0,0.0,from_high,SOXL3L_jun_high
SOXL3L_USDT,SOXL3L_jun_trough,0.0,0.05,20,none,False,1906,0.46705,0.87982,19,19,0,46.5481,0.0,46.5481,2046.5481,0.020536,0,19,2046.5481,0.0,-0.0,from_trough,SOXL3L_jun_trough
SNXX3L_USDT,SNXX3L_aug_trough,0.0,0.05,10,both,True,7892,0.56854,4.04558,9,3,6,-9.8888,0.0,-9.8888,1990.1112,0.020286,10028,9,1990.1112,0.0,0.0,from_trough,SNXX3L_aug_trough
SNXX3L_USDT,SNXX3L_open_high,0.0,0.05,20,none,False,1469,1.00171,2.35386,19,19,0,46.5481,0.0,46.5481,2046.5481,0.0,0,19,2046.5481,0.0,-0.0,from_high,SNXX3L_open_high
SNXX3L_USDT,SNXX3L_open_trough,0.0,0.05,20,none,False,1078,0.53062,2.35386,19,19,0,46.5481,0.0,46.5481,2046.5481,0.0,0,19,2046.5481,0.0,-0.0,from_trough,SNXX3L_open_trough
SOXL3S_USDT,SOXL3S_jun_high,0.0,0.05,20,none,False,2446,1.12385,1.83695,19,19,0,46.5481,0.0,46.5481,2046.5481,0.0032,0,19,2046.5481,0.0,0.0,from_high,SOXL3S_jun_high
SNXX3L_USDT,SNXX3L_aug_trough,0.0,0.05,20,none,False,7892,0.56854,4.04558,19,19,0,46.5481,0.0,46.5481,2046.5481,0.054787,0,19,2046.5481,0.0,0.0,from_trough,SNXX3L_aug_trough
SNXX3L_USDT,SNXX3L_aug_high,0.0,0.05,20,none,False,14773,2.17321,4.04558,19,19,0,46.5481,0.0,46.5481,2046.5481,0.111866,0,19,2046.5481,0.0,-0.0,from_high,SNXX3L_aug_high
SOXL3S_USDT,SOXL3S_jun_trough,0.0,0.05,20,none,False,1906,0.72385,1.83695,19,19,0,46.5481,0.0,46.5481,2046.5481,0.002876,0,19,2046.5481,0.0,-0.0,from_trough,SOXL3S_jun_trough
SOXL3S_USDT,SOXL3S_aug_high,0.0,0.05,20,none,False,6274,0.5717,0.9645,19,19,0,46.5481,0.0,46.5481,2046.5481,0.23469,0,19,2046.5481,0.0,-0.0,from_high,SOXL3S_aug_high
SOXL3S_USDT,SOXL3S_aug_trough,0.0,0.05,20,none,False,5412,0.465,0.9645,19,19,0,46.5481,0.0,46.5481,2046.5481,0.018217,0,19,2046.5481,0.0,0.0,from_trough,SOXL3S_aug_trough
SOXL3L_USDT,SOXL3L_jun_high,0.0,0.05,20,none,True,3860,0.80587,0.87982,19,19,0,46.5481,0.0,46.5481,2046.5481,0.296221,0,19,2046.5481,0.0,0.0,from_high,SOXL3L_jun_high
SOXL3L_USDT,SOXL3L_jun_trough,0.0,0.05,20,none,True,1906,0.46705,0.87982,19,19,0,46.5481,0.0,46.5481,2046.5481,0.020536,0,19,2046.5481,0.0,-0.0,from_trough,SOXL3L_jun_trough
SNXX3L_USDT,SNXX3L_open_trough,0.0,0.05,20,none,True,1078,0.53062,2.35386,19,19,0,46.5481,0.0,46.5481,2046.5481,0.0,0,19,2046.5481,0.0,-0.0,from_trough,SNXX3L_open_trough
SOXL3S_USDT,SOXL3S_jun_high,0.0,0.05,20,none,True,2446,1.12385,1.83695,19,19,0,46.5481,0.0,46.5481,2046.5481,0.0032,0,19,2046.5481,0.0,0.0,from_high,SOXL3S_jun_high
SNXX3L_USDT,SNXX3L_open_high,0.0,0.05,20,none,True,1469,1.00171,2.35386,19,19,0,46.5481,0.0,46.5481,2046.5481,0.0,0,19,2046.5481,0.0,-0.0,from_high,SNXX3L_open_high
SNXX3L_USDT,SNXX3L_aug_trough,0.0,0.05,20,none,True,7892,0.56854,4.04558,19,19,0,46.5481,0.0,46.5481,2046.5481,0.054787,0,19,2046.5481,0.0,0.0,from_trough,SNXX3L_aug_trough
SNXX3L_USDT,SNXX3L_aug_high,0.0,0.05,20,none,True,14773,2.17321,4.04558,19,19,0,46.5481,0.0,46.5481,2046.5481,0.111866,0,19,2046.5481,0.0,-0.0,from_high,SNXX3L_aug_high
SOXL3S_USDT,SOXL3S_aug_high,0.0,0.05,20,none,True,6274,0.5717,0.9645,19,19,0,46.5481,0.0,46.5481,2046.5481,0.23469,0,19,2046.5481,0.0,-0.0,from_high,SOXL3S_aug_high
SOXL3S_USDT,SOXL3S_jun_trough,0.0,0.05,20,none,True,1906,0.72385,1.83695,19,19,0,46.5481,0.0,46.5481,2046.5481,0.002876,0,19,2046.5481,0.0,-0.0,from_trough,SOXL3S_jun_trough
SOXL3S_USDT,SOXL3S_aug_trough,0.0,0.05,20,none,True,5412,0.465,0.9645,19,19,0,46.5481,0.0,46.5481,2046.5481,0.018217,0,19,2046.5481,0.0,0.0,from_trough,SOXL3S_aug_trough
SOXL3L_USDT,SOXL3L_jun_high,0.0,0.05,20,up,False,3860,0.80587,0.87982,58,58,0,53.7417,-6.7076,46.8181,2046.8181,0.296221,24,19,1153.5257,893.2924,0.0,from_high,SOXL3L_jun_high
SOXL3S_USDT,SOXL3S_jun_high,0.0,0.05,20,up,False,2446,1.12385,1.83695,472,472,0,108.6341,-298.0583,-189.9282,1810.0718,0.42077,352,19,8.1301,1801.9417,-0.0,from_high,SOXL3S_jun_high
SOXL3L_USDT,SOXL3L_jun_trough,0.0,0.05,20,up,False,1906,0.46705,0.87982,596,596,0,122.1033,-10.9978,110.7695,2110.7695,0.365936,346,19,721.7673,1389.0022,-0.0,from_trough,SOXL3L_jun_trough
SOXL3S_USDT,SOXL3S_jun_trough,0.0,0.05,20,up,False,1906,0.72385,1.83695,895,895,0,132.3798,-305.585,-173.7092,1826.2908,0.289418,778,19,31.8758,1794.415,-0.0,from_trough,SOXL3S_jun_trough
SNXX3L_USDT,SNXX3L_open_trough,0.0,0.05,20,up,False,1078,0.53062,2.35386,556,556,0,76.8429,-67.5852,8.7776,2008.7776,0.259916,1426,19,76.3629,1932.4148,-0.0,from_trough,SNXX3L_open_trough
SNXX3L_USDT,SNXX3L_open_high,0.0,0.05,20,up,False,1469,1.00171,2.35386,471,471,0,98.6568,-58.9158,39.261,2039.261,0.625776,558,19,98.1768,1941.0842,-0.0,from_high,SNXX3L_open_high
SNXX3L_USDT,SNXX3L_aug_trough,0.0,0.05,20,up,False,7892,0.56854,4.04558,2315,1870,445,185.1462,-146.0148,38.6274,2038.6274,0.197519,2649,19,84.6422,1953.9852,-0.0,from_trough,SNXX3L_aug_trough
SOXL3S_USDT,SOXL3S_aug_trough,0.0,0.05,20,up,False,5412,0.465,0.9645,880,880,0,138.0083,-122.2419,15.2624,2015.2624,0.248988,471,19,37.5043,1977.7581,0.0,from_trough,SOXL3S_aug_trough
SOXL3S_USDT,SOXL3S_jun_trough,0.0,0.05,20,up,True,1906,0.72385,1.83695,19,19,0,46.5481,0.0,46.5481,2046.5481,0.002876,778,19,2046.5481,0.0,-0.0,from_trough,SOXL3S_jun_trough
SOXL3L_USDT,SOXL3L_jun_trough,0.0,0.05,20,up,True,1906,0.46705,0.87982,19,19,0,46.5481,0.0,46.5481,2046.5481,0.020536,346,19,2046.5481,0.0,-0.0,from_trough,SOXL3L_jun_trough
SOXL3L_USDT,SOXL3L_jun_high,0.0,0.05,20,up,True,3860,0.80587,0.87982,19,19,0,46.5481,0.0,46.5481,2046.5481,0.296221,24,19,2046.5481,0.0,0.0,from_high,SOXL3L_jun_high
SNXX3L_USDT,SNXX3L_aug_high,0.0,0.05,20,up,False,14773,2.17321,4.04558,975,975,0,172.132,-127.9836,43.6444,2043.6444,0.778659,383,19,71.628,1972.0164,0.0,from_high,SNXX3L_aug_high
SNXX3L_USDT,SNXX3L_open_high,0.0,0.05,20,up,True,1469,1.00171,2.35386,19,19,0,46.5481,0.0,46.5481,2046.5481,0.0,558,19,2046.5481,0.0,-0.0,from_high,SNXX3L_open_high
SOXL3S_USDT,SOXL3S_jun_high,0.0,0.05,20,up,True,2446,1.12385,1.83695,19,19,0,46.5481,0.0,46.5481,2046.5481,0.0032,352,19,2046.5481,0.0,0.0,from_high,SOXL3S_jun_high
SOXL3S_USDT,SOXL3S_aug_high,0.0,0.05,20,up,False,6274,0.5717,0.9645,734,734,0,139.3443,-117.8412,20.999,2020.999,0.238295,305,19,38.8403,1982.1588,0.0,from_high,SOXL3S_aug_high
SNXX3L_USDT,SNXX3L_open_trough,0.0,0.05,20,up,True,1078,0.53062,2.35386,19,19,0,46.5481,0.0,46.5481,2046.5481,0.0,1426,19,2046.5481,0.0,-0.0,from_trough,SNXX3L_open_trough
SNXX3L_USDT,SNXX3L_aug_high,0.0,0.05,20,up,True,14773,2.17321,4.04558,19,19,0,46.5481,0.0,46.5481,2046.5481,0.111866,383,19,2046.5481,0.0,-0.0,from_high,SNXX3L_aug_high
SNXX3L_USDT,SNXX3L_aug_trough,0.0,0.05,20,up,True,7892,0.56854,4.04558,19,19,0,46.5481,0.0,46.5481,2046.5481,0.054787,2649,19,2046.5481,0.0,0.0,from_trough,SNXX3L_aug_trough
SOXL3S_USDT,SOXL3S_aug_high,0.0,0.05,20,up,True,6274,0.5717,0.9645,19,19,0,46.5481,0.0,46.5481,2046.5481,0.23469,305,19,2046.5481,0.0,-0.0,from_high,SOXL3S_aug_high
SOXL3S_USDT,SOXL3S_aug_trough,0.0,0.05,20,up,True,5412,0.465,0.9645,19,19,0,46.5481,0.0,46.5481,2046.5481,0.018217,471,19,2046.5481,0.0,0.0,from_trough,SOXL3S_aug_trough
SOXL3L_USDT,SOXL3L_jun_trough,0.0,0.05,20,both,False,1906,0.46705,0.87982,827,594,233,-652.4315,-0.1936,-652.6971,1347.3029,0.335641,1147,19,1047.4965,299.8064,-0.0,from_trough,SOXL3L_jun_trough
SOXL3L_USDT,SOXL3L_jun_high,0.0,0.05,20,both,False,3860,0.80587,0.87982,675,432,243,-1240.8376,0.0,-1240.8376,759.1624,0.631154,936,19,759.1624,0.0,-0.0,from_high,SOXL3L_jun_high
SOXL3S_USDT,SOXL3S_jun_high,0.0,0.05,20,both,False,2446,1.12385,1.83695,858,554,304,-1548.5018,-1.0325,-1549.6303,450.3697,0.783968,1991,19,51.4022,398.9675,0.0,from_high,SOXL3S_jun_high
SNXX3L_USDT,SNXX3L_open_high,0.0,0.05,20,both,False,1469,1.00171,2.35386,460,205,255,-1864.8329,0.0,-1864.8329,135.1671,0.934476,3359,19,135.1671,0.0,-0.0,from_high,SNXX3L_open_high
SNXX3L_USDT,SNXX3L_open_trough,0.0,0.05,20,both,False,1078,0.53062,2.35386,730,382,348,-1382.3476,0.0,-1382.3476,617.6524,0.699996,4066,19,617.6524,0.0,0.0,from_trough,SNXX3L_open_trough
SNXX3L_USDT,SNXX3L_aug_trough,0.0,0.05,20,both,False,7892,0.56854,4.04558,1504,979,525,-1899.7598,0.0,-1899.7598,100.2402,0.950285,20507,19,100.2402,0.0,0.0,from_trough,SNXX3L_aug_trough
SOXL3S_USDT,SOXL3S_jun_trough,0.0,0.05,20,both,False,1906,0.72385,1.83695,1079,657,422,-1513.9384,0.0,-1513.9384,486.0616,0.763081,3249,19,486.0616,0.0,0.0,from_trough,SOXL3S_jun_trough
SNXX3L_USDT,SNXX3L_aug_high,0.0,0.05,20,both,False,14773,2.17321,4.04558,1001,619,382,-1903.1591,0.0,-1903.1591,96.8409,0.951925,3567,19,96.8409,0.0,0.0,from_high,SNXX3L_aug_high
SOXL3L_USDT,SOXL3L_jun_high,0.0,0.05,20,both,True,3860,0.80587,0.87982,19,9,10,-38.9314,0.0,-38.9314,1961.0686,0.040646,936,19,1961.0686,0.0,0.0,from_high,SOXL3L_jun_high
SOXL3S_USDT,SOXL3S_aug_trough,0.0,0.05,20,both,False,5412,0.465,0.9645,1663,1086,577,-1842.834,0.0,-1842.834,157.166,0.924255,4243,19,157.166,0.0,-0.0,from_trough,SOXL3S_aug_trough
SOXL3S_USDT,SOXL3S_jun_high,0.0,0.05,20,both,True,2446,1.12385,1.83695,19,19,0,46.5481,0.0,46.5481,2046.5481,0.0032,1991,19,2046.5481,0.0,0.0,from_high,SOXL3S_jun_high
SOXL3S_USDT,SOXL3S_aug_high,0.0,0.05,20,both,False,6274,0.5717,0.9645,1374,891,483,-1854.4049,0.0,-1854.4049,145.5951,0.928483,3116,19,145.5951,0.0,0.0,from_high,SOXL3S_aug_high
SNXX3L_USDT,SNXX3L_open_trough,0.0,0.05,20,both,True,1078,0.53062,2.35386,19,19,0,46.5481,0.0,46.5481,2046.5481,0.0,4066,19,2046.5481,0.0,-0.0,from_trough,SNXX3L_open_trough
SNXX3L_USDT,SNXX3L_open_high,0.0,0.05,20,both,True,1469,1.00171,2.35386,19,19,0,46.5481,0.0,46.5481,2046.5481,0.0,3359,19,2046.5481,0.0,-0.0,from_high,SNXX3L_open_high
SOXL3L_USDT,SOXL3L_jun_trough,0.0,0.05,20,both,True,1906,0.46705,0.87982,19,12,7,4.5582,0.0,4.5582,2004.5582,0.020536,1147,19,2004.5582,0.0,-0.0,from_trough,SOXL3L_jun_trough
SNXX3L_USDT,SNXX3L_aug_high,0.0,0.05,20,both,True,14773,2.17321,4.04558,19,3,16,-55.9273,0.0,-55.9273,1944.0727,0.035293,3567,19,1944.0727,0.0,-0.0,from_high,SNXX3L_aug_high
SNXX3L_USDT,SNXX3L_aug_trough,0.0,0.05,20,both,True,7892,0.56854,4.04558,19,8,11,-4.9395,0.0,-4.9395,1995.0605,0.018836,20507,19,1995.0605,0.0,0.0,from_trough,SNXX3L_aug_trough
SOXL3S_USDT,SOXL3S_aug_trough,0.0,0.05,20,both,True,5412,0.465,0.9645,19,11,8,4.5582,0.0,4.5582,2004.5582,0.017043,4243,19,2004.5582,0.0,-0.0,from_trough,SOXL3S_aug_trough
SOXL3S_USDT,SOXL3S_aug_high,0.0,0.05,20,both,True,6274,0.5717,0.9645,19,0,19,-85.4202,0.0,-85.4202,1914.5798,0.044782,3116,19,1914.5798,0.0,-0.0,from_high,SOXL3S_aug_high
SOXL3S_USDT,SOXL3S_jun_trough,0.0,0.05,20,both,True,1906,0.72385,1.83695,19,19,0,46.5481,0.0,46.5481,2046.5481,0.002876,3249,19,2046.5481,0.0,-0.0,from_trough,SOXL3S_jun_trough
SOXL3S_USDT,SOXL3S_jun_high,0.0,0.1,10,none,False,2446,1.12385,1.83695,9,9,0,89.0874,0.0,89.0874,2089.0874,0.003683,0,9,2089.0874,0.0,0.0,from_high,SOXL3S_jun_high
SOXL3L_USDT,SOXL3L_jun_trough,0.0,0.1,10,none,False,1906,0.46705,0.87982,9,9,0,89.0874,0.0,89.0874,2089.0874,0.023459,0,9,2089.0874,0.0,-0.0,from_trough,SOXL3L_jun_trough
SNXX3L_USDT,SNXX3L_open_high,0.0,0.1,10,none,False,1469,1.00171,2.35386,9,9,0,89.0874,0.0,89.0874,2089.0874,0.035394,0,9,2089.0874,0.0,0.0,from_high,SNXX3L_open_high
SNXX3L_USDT,SNXX3L_open_trough,0.0,0.1,10,none,False,1078,0.53062,2.35386,9,9,0,89.0874,0.0,89.0874,2089.0874,0.0,0,9,2089.0874,0.0,0.0,from_trough,SNXX3L_open_trough
SNXX3L_USDT,SNXX3L_aug_trough,0.0,0.1,10,none,False,7892,0.56854,4.04558,9,9,0,89.0874,0.0,89.0874,2089.0874,0.062579,0,9,2089.0874,0.0,0.0,from_trough,SNXX3L_aug_trough
SOXL3S_USDT,SOXL3S_jun_trough,0.0,0.1,10,none,False,1906,0.72385,1.83695,9,9,0,89.0874,0.0,89.0874,2089.0874,0.010145,0,9,2089.0874,0.0,0.0,from_trough,SOXL3S_jun_trough
SNXX3L_USDT,SNXX3L_aug_high,0.0,0.1,10,none,False,14773,2.17321,4.04558,9,9,0,89.0874,0.0,89.0874,2089.0874,0.119228,0,9,2089.0874,0.0,-0.0,from_high,SNXX3L_aug_high
SOXL3L_USDT,SOXL3L_jun_high,0.0,0.1,10,none,False,3860,0.80587,0.87982,9,9,0,89.0874,0.0,89.0874,2089.0874,0.413727,0,9,2089.0874,0.0,0.0,from_high,SOXL3L_jun_high
SOXL3S_USDT,SOXL3S_aug_trough,0.0,0.1,10,none,False,5412,0.465,0.9645,9,9,0,89.0874,0.0,89.0874,2089.0874,0.019425,0,9,2089.0874,0.0,0.0,from_trough,SOXL3S_aug_trough
SOXL3S_USDT,SOXL3S_aug_high,0.0,0.1,10,none,False,6274,0.5717,0.9645,9,9,0,89.0874,0.0,89.0874,2089.0874,0.222335,0,9,2089.0874,0.0,0.0,from_high,SOXL3S_aug_high
SOXL3L_USDT,SOXL3L_jun_high,0.0,0.1,10,none,True,3860,0.80587,0.87982,9,9,0,89.0874,0.0,89.0874,2089.0874,0.413727,0,9,2089.0874,0.0,0.0,from_high,SOXL3L_jun_high
SOXL3S_USDT,SOXL3S_jun_high,0.0,0.1,10,none,True,2446,1.12385,1.83695,9,9,0,89.0874,0.0,89.0874,2089.0874,0.003683,0,9,2089.0874,0.0,0.0,from_high,SOXL3S_jun_high
SNXX3L_USDT,SNXX3L_open_high,0.0,0.1,10,none,True,1469,1.00171,2.35386,9,9,0,89.0874,0.0,89.0874,2089.0874,0.035394,0,9,2089.0874,0.0,0.0,from_high,SNXX3L_open_high
SNXX3L_USDT,SNXX3L_open_trough,0.0,0.1,10,none,True,1078,0.53062,2.35386,9,9,0,89.0874,0.0,89.0874,2089.0874,0.0,0,9,2089.0874,0.0,0.0,from_trough,SNXX3L_open_trough
SOXL3S_USDT,SOXL3S_jun_trough,0.0,0.1,10,none,True,1906,0.72385,1.83695,9,9,0,89.0874,0.0,89.0874,2089.0874,0.010145,0,9,2089.0874,0.0,0.0,from_trough,SOXL3S_jun_trough
SNXX3L_USDT,SNXX3L_aug_trough,0.0,0.1,10,none,True,7892,0.56854,4.04558,9,9,0,89.0874,0.0,89.0874,2089.0874,0.062579,0,9,2089.0874,0.0,0.0,from_trough,SNXX3L_aug_trough
SNXX3L_USDT,SNXX3L_aug_high,0.0,0.1,10,none,True,14773,2.17321,4.04558,9,9,0,89.0874,0.0,89.0874,2089.0874,0.119228,0,9,2089.0874,0.0,-0.0,from_high,SNXX3L_aug_high
SOXL3L_USDT,SOXL3L_jun_trough,0.0,0.1,10,none,True,1906,0.46705,0.87982,9,9,0,89.0874,0.0,89.0874,2089.0874,0.023459,0,9,2089.0874,0.0,-0.0,from_trough,SOXL3L_jun_trough
SNXX3L_USDT,SNXX3L_open_high,0.0,0.1,10,up,False,1469,1.00171,2.35386,167,167,0,271.9327,-36.5869,234.8177,2234.8177,0.598447,134,9,71.4047,2163.4131,0.0,from_high,SNXX3L_open_high
SOXL3S_USDT,SOXL3S_aug_trough,0.0,0.1,10,none,True,5412,0.465,0.9645,9,9,0,89.0874,0.0,89.0874,2089.0874,0.019425,0,9,2089.0874,0.0,0.0,from_trough,SOXL3S_aug_trough
SOXL3S_USDT,SOXL3S_aug_high,0.0,0.1,10,none,True,6274,0.5717,0.9645,9,9,0,89.0874,0.0,89.0874,2089.0874,0.222335,0,9,2089.0874,0.0,0.0,from_high,SOXL3S_aug_high
SOXL3L_USDT,SOXL3L_jun_trough,0.0,0.1,10,up,False,1906,0.46705,0.87982,182,182,0,324.4452,-4.7085,319.5447,2319.5447,0.337489,81,9,1524.2532,795.2915,-0.0,from_trough,SOXL3L_jun_trough
SOXL3S_USDT,SOXL3S_jun_high,0.0,0.1,10,up,False,2446,1.12385,1.83695,176,176,0,326.0863,-286.7279,38.8304,2038.8304,0.393585,83,9,125.5583,1913.2721,-0.0,from_high,SOXL3S_jun_high
SOXL3L_USDT,SOXL3L_jun_high,0.0,0.1,10,up,False,3860,0.80587,0.87982,15,15,0,99.6743,-4.4595,95.0709,2095.0709,0.413727,1,9,1499.5303,595.5405,-0.0,from_high,SOXL3L_jun_high
SNXX3L_USDT,SNXX3L_open_trough,0.0,0.1,10,up,False,1078,0.53062,2.35386,203,203,0,228.1476,-59.6946,167.9249,2167.9249,0.239157,351,9,27.6196,2140.3054,0.0,from_trough,SNXX3L_open_trough
SOXL3S_USDT,SOXL3S_jun_trough,0.0,0.1,10,up,False,1906,0.72385,1.83695,290,290,0,384.8772,-300.784,83.5652,2083.5652,0.26776,189,9,184.3492,1899.216,0.0,from_trough,SOXL3S_jun_trough
SNXX3L_USDT,SNXX3L_aug_trough,0.0,0.1,10,up,False,7892,0.56854,4.04558,918,918,0,658.371,-145.5529,512.2901,2512.2901,0.17083,657,9,457.843,2054.4471,-0.0,from_trough,SNXX3L_aug_trough
SOXL3S_USDT,SOXL3S_aug_trough,0.0,0.1,10,up,False,5412,0.465,0.9645,344,344,0,456.3128,-96.6842,359.1006,2359.1006,0.213611,112,9,255.7848,2103.3158,-0.0,from_trough,SOXL3S_aug_trough
SNXX3L_USDT,SNXX3L_aug_high,0.0,0.1,10,up,False,14773,2.17321,4.04558,306,306,0,497.0167,-99.2159,397.2728,2397.2728,0.754156,90,9,296.4887,2100.7841,0.0,from_high,SNXX3L_aug_high
SOXL3S_USDT,SOXL3S_jun_high,0.0,0.1,10,up,True,2446,1.12385,1.83695,9,9,0,89.0874,0.0,89.0874,2089.0874,0.003683,83,9,2089.0874,0.0,0.0,from_high,SOXL3S_jun_high
SOXL3L_USDT,SOXL3L_jun_high,0.0,0.1,10,up,True,3860,0.80587,0.87982,9,9,0,89.0874,0.0,89.0874,2089.0874,0.413727,1,9,2089.0874,0.0,0.0,from_high,SOXL3L_jun_high
SOXL3S_USDT,SOXL3S_jun_trough,0.0,0.1,10,up,True,1906,0.72385,1.83695,9,9,0,89.0874,0.0,89.0874,2089.0874,0.010145,189,9,2089.0874,0.0,0.0,from_trough,SOXL3S_jun_trough
SOXL3S_USDT,SOXL3S_aug_high,0.0,0.1,10,up,False,6274,0.5717,0.9645,319,319,0,502.5264,-90.4768,411.5216,2411.5216,0.222335,71,9,301.9984,2109.5232,-0.0,from_high,SOXL3S_aug_high
SNXX3L_USDT,SNXX3L_open_high,0.0,0.1,10,up,True,1469,1.00171,2.35386,9,9,0,89.0874,0.0,89.0874,2089.0874,0.035394,134,9,2089.0874,0.0,0.0,from_high,SNXX3L_open_high
SOXL3L_USDT,SOXL3L_jun_trough,0.0,0.1,10,up,True,1906,0.46705,0.87982,9,9,0,89.0874,0.0,89.0874,2089.0874,0.023459,81,9,2089.0874,0.0,-0.0,from_trough,SOXL3L_jun_trough
SNXX3L_USDT,SNXX3L_aug_trough,0.0,0.1,10,up,True,7892,0.56854,4.04558,9,9,0,89.0874,0.0,89.0874,2089.0874,0.062579,657,9,2089.0874,0.0,0.0,from_trough,SNXX3L_aug_trough
SNXX3L_USDT,SNXX3L_open_trough,0.0,0.1,10,up,True,1078,0.53062,2.35386,9,9,0,89.0874,0.0,89.0874,2089.0874,0.0,351,9,2089.0874,0.0,0.0,from_trough,SNXX3L_open_trough
SOXL3S_USDT,SOXL3S_aug_high,0.0,0.1,10,up,True,6274,0.5717,0.9645,9,9,0,89.0874,0.0,89.0874,2089.0874,0.222335,71,9,2089.0874,0.0,0.0,from_high,SOXL3S_aug_high
SOXL3S_USDT,SOXL3S_aug_trough,0.0,0.1,10,up,True,5412,0.465,0.9645,9,9,0,89.0874,0.0,89.0874,2089.0874,0.019425,112,9,2089.0874,0.0,0.0,from_trough,SOXL3S_aug_trough
SNXX3L_USDT,SNXX3L_aug_high,0.0,0.1,10,up,True,14773,2.17321,4.04558,9,9,0,89.0874,0.0,89.0874,2089.0874,0.119228,90,9,2089.0874,0.0,-0.0,from_high,SNXX3L_aug_high
SOXL3L_USDT,SOXL3L_jun_high,0.0,0.1,10,both,False,3860,0.80587,0.87982,168,114,54,-655.5328,-4.4595,-660.1362,1339.8638,0.462697,143,9,744.3232,595.5405,-0.0,from_high,SOXL3L_jun_high
SNXX3L_USDT,SNXX3L_open_high,0.0,0.1,10,both,False,1469,1.00171,2.35386,201,111,90,-1607.4622,0.0,-1607.4622,392.5378,0.811335,590,9,392.5378,0.0,0.0,from_high,SNXX3L_open_high
SOXL3S_USDT,SOXL3S_jun_high,0.0,0.1,10,both,False,2446,1.12385,1.83695,283,185,98,-768.9939,0.0,-768.9939,1231.0061,0.411348,312,9,1231.0061,0.0,-0.0,from_high,SOXL3S_jun_high
SOXL3L_USDT,SOXL3L_jun_trough,0.0,0.1,10,both,False,1906,0.46705,0.87982,205,159,46,-252.2834,-4.7085,-257.1839,1742.8161,0.194122,183,9,947.5246,795.2915,-0.0,from_trough,SOXL3L_jun_trough
SOXL3S_USDT,SOXL3S_jun_trough,0.0,0.1,10,both,False,1906,0.72385,1.83695,359,235,124,-959.9533,0.0,-959.9533,1040.0467,0.519971,541,9,1040.0467,0.0,-0.0,from_trough,SOXL3S_jun_trough
SNXX3L_USDT,SNXX3L_aug_trough,0.0,0.1,10,both,False,7892,0.56854,4.04558,829,532,297,-1799.8641,0.0,-1799.8641,200.1359,0.900758,3438,9,200.1359,0.0,0.0,from_trough,SNXX3L_aug_trough
SNXX3L_USDT,SNXX3L_open_trough,0.0,0.1,10,both,False,1078,0.53062,2.35386,282,184,98,-907.031,0.0,-907.031,1092.969,0.482462,753,9,1092.969,0.0,0.0,from_trough,SNXX3L_open_trough
SNXX3L_USDT,SNXX3L_aug_high,0.0,0.1,10,both,False,14773,2.17321,4.04558,440,301,139,-1426.1799,-15.177,-1441.4529,558.5471,0.728467,522,9,173.7241,384.823,0.0,from_high,SNXX3L_aug_high
SOXL3S_USDT,SOXL3S_aug_trough,0.0,0.1,10,both,False,5412,0.465,0.9645,459,290,169,-1376.6074,0.0,-1376.6074,623.3926,0.714155,581,9,623.3926,0.0,-0.0,from_trough,SOXL3S_aug_trough
SOXL3S_USDT,SOXL3S_aug_high,0.0,0.1,10,both,False,6274,0.5717,0.9645,377,229,148,-1424.6575,0.0,-1424.6575,575.3425,0.717585,412,9,575.3425,0.0,-0.0,from_high,SOXL3S_aug_high
SOXL3L_USDT,SOXL3L_jun_trough,0.0,0.1,10,both,True,1906,0.46705,0.87982,9,7,2,41.0989,0.0,41.0989,2041.0989,0.023459,183,9,2041.0989,0.0,-0.0,from_trough,SOXL3L_jun_trough
SOXL3L_USDT,SOXL3L_jun_high,0.0,0.1,10,both,True,3860,0.80587,0.87982,9,2,7,-72.8737,0.0,-72.8737,1927.1263,0.058193,143,9,1927.1263,0.0,0.0,from_high,SOXL3L_jun_high
SOXL3S_USDT,SOXL3S_jun_high,0.0,0.1,10,both,True,2446,1.12385,1.83695,9,9,0,89.0874,0.0,89.0874,2089.0874,0.003683,312,9,2089.0874,0.0,0.0,from_high,SOXL3S_jun_high
SNXX3L_USDT,SNXX3L_open_trough,0.0,0.1,10,both,True,1078,0.53062,2.35386,9,9,0,89.0874,0.0,89.0874,2089.0874,0.0,753,9,2089.0874,0.0,0.0,from_trough,SNXX3L_open_trough
SOXL3S_USDT,SOXL3S_jun_trough,0.0,0.1,10,both,True,1906,0.72385,1.83695,9,9,0,89.0874,0.0,89.0874,2089.0874,0.010145,541,9,2089.0874,0.0,0.0,from_trough,SOXL3S_jun_trough
SNXX3L_USDT,SNXX3L_open_high,0.0,0.1,10,both,True,1469,1.00171,2.35386,9,6,3,35.1004,0.0,35.1004,2035.1004,0.025309,590,9,2035.1004,0.0,0.0,from_high,SNXX3L_open_high
SNXX3L_USDT,SNXX3L_aug_high,0.0,0.1,10,both,True,14773,2.17321,4.04558,9,0,9,-74.8732,0.0,-74.8732,1925.1268,0.043683,522,9,1925.1268,0.0,-0.0,from_high,SNXX3L_aug_high
SNXX3L_USDT,SNXX3L_aug_trough,0.0,0.1,10,both,True,7892,0.56854,4.04558,9,1,8,-44.8804,0.0,-44.8804,1955.1196,0.034981,3438,9,1955.1196,0.0,0.0,from_trough,SNXX3L_aug_trough
SOXL3S_USDT,SOXL3S_aug_trough,0.0,0.1,10,both,True,5412,0.465,0.9645,9,7,2,41.0989,0.0,41.0989,2041.0989,0.019425,581,9,2041.0989,0.0,0.0,from_trough,SOXL3S_aug_trough
SNXX3L_USDT,SNXX3L_open_trough,0.0,0.1,20,none,False,1078,0.53062,2.35386,19,19,0,94.0367,0.0,94.0367,2094.0367,0.0,0,19,2094.0367,0.0,0.0,from_trough,SNXX3L_open_trough
SOXL3L_USDT,SOXL3L_jun_high,0.0,0.1,20,none,False,3860,0.80587,0.87982,19,19,0,94.0367,0.0,94.0367,2094.0367,0.442963,0,19,2094.0367,0.0,0.0,from_high,SOXL3L_jun_high
SOXL3S_USDT,SOXL3S_aug_high,0.0,0.1,10,both,True,6274,0.5717,0.9645,9,0,9,-138.8579,0.0,-138.8579,1861.1421,0.074564,412,9,1861.1421,0.0,0.0,from_high,SOXL3S_aug_high
SNXX3L_USDT,SNXX3L_open_high,0.0,0.1,20,none,False,1469,1.00171,2.35386,19,19,0,94.0367,0.0,94.0367,2094.0367,0.04123,0,19,2094.0367,0.0,-0.0,from_high,SNXX3L_open_high
SOXL3L_USDT,SOXL3L_jun_trough,0.0,0.1,20,none,False,1906,0.46705,0.87982,19,19,0,94.0367,0.0,94.0367,2094.0367,0.024915,0,19,2094.0367,0.0,-0.0,from_trough,SOXL3L_jun_trough
SOXL3S_USDT,SOXL3S_jun_trough,0.0,0.1,20,none,False,1906,0.72385,1.83695,19,19,0,94.0367,0.0,94.0367,2094.0367,0.010133,0,19,2094.0367,0.0,0.0,from_trough,SOXL3S_jun_trough
SOXL3S_USDT,SOXL3S_jun_high,0.0,0.1,20,none,False,2446,1.12385,1.83695,19,19,0,94.0367,0.0,94.0367,2094.0367,0.003933,0,19,2094.0367,0.0,0.0,from_high,SOXL3S_jun_high
SNXX3L_USDT,SNXX3L_aug_trough,0.0,0.1,20,none,False,7892,0.56854,4.04558,19,19,0,94.0367,0.0,94.0367,2094.0367,0.066461,0,19,2094.0367,0.0,0.0,from_trough,SNXX3L_aug_trough
SOXL3S_USDT,SOXL3S_aug_trough,0.0,0.1,20,none,False,5412,0.465,0.9645,19,19,0,94.0367,0.0,94.0367,2094.0367,0.020633,0,19,2094.0367,0.0,-0.0,from_trough,SOXL3S_aug_trough
SNXX3L_USDT,SNXX3L_aug_high,0.0,0.1,20,none,False,14773,2.17321,4.04558,19,19,0,94.0367,0.0,94.0367,2094.0367,0.125804,0,19,2094.0367,0.0,-0.0,from_high,SNXX3L_aug_high
SOXL3S_USDT,SOXL3S_aug_high,0.0,0.1,20,none,False,6274,0.5717,0.9645,19,19,0,94.0367,0.0,94.0367,2094.0367,0.23469,0,19,2094.0367,0.0,-0.0,from_high,SOXL3S_aug_high
SOXL3L_USDT,SOXL3L_jun_trough,0.0,0.1,20,none,True,1906,0.46705,0.87982,19,19,0,94.0367,0.0,94.0367,2094.0367,0.024915,0,19,2094.0367,0.0,-0.0,from_trough,SOXL3L_jun_trough
SOXL3S_USDT,SOXL3S_jun_high,0.0,0.1,20,none,True,2446,1.12385,1.83695,19,19,0,94.0367,0.0,94.0367,2094.0367,0.003933,0,19,2094.0367,0.0,0.0,from_high,SOXL3S_jun_high
SNXX3L_USDT,SNXX3L_open_high,0.0,0.1,20,none,True,1469,1.00171,2.35386,19,19,0,94.0367,0.0,94.0367,2094.0367,0.04123,0,19,2094.0367,0.0,-0.0,from_high,SNXX3L_open_high
SOXL3S_USDT,SOXL3S_jun_trough,0.0,0.1,20,none,True,1906,0.72385,1.83695,19,19,0,94.0367,0.0,94.0367,2094.0367,0.010133,0,19,2094.0367,0.0,0.0,from_trough,SOXL3S_jun_trough
SNXX3L_USDT,SNXX3L_open_trough,0.0,0.1,20,none,True,1078,0.53062,2.35386,19,19,0,94.0367,0.0,94.0367,2094.0367,0.0,0,19,2094.0367,0.0,0.0,from_trough,SNXX3L_open_trough
SOXL3L_USDT,SOXL3L_jun_high,0.0,0.1,20,none,True,3860,0.80587,0.87982,19,19,0,94.0367,0.0,94.0367,2094.0367,0.442963,0,19,2094.0367,0.0,0.0,from_high,SOXL3L_jun_high
SNXX3L_USDT,SNXX3L_aug_high,0.0,0.1,20,none,True,14773,2.17321,4.04558,19,19,0,94.0367,0.0,94.0367,2094.0367,0.125804,0,19,2094.0367,0.0,-0.0,from_high,SNXX3L_aug_high
SOXL3S_USDT,SOXL3S_aug_trough,0.0,0.1,20,none,True,5412,0.465,0.9645,19,19,0,94.0367,0.0,94.0367,2094.0367,0.020633,0,19,2094.0367,0.0,-0.0,from_trough,SOXL3S_aug_trough
SOXL3S_USDT,SOXL3S_aug_high,0.0,0.1,20,none,True,6274,0.5717,0.9645,19,19,0,94.0367,0.0,94.0367,2094.0367,0.23469,0,19,2094.0367,0.0,-0.0,from_high,SOXL3S_aug_high
SNXX3L_USDT,SNXX3L_aug_trough,0.0,0.1,20,none,True,7892,0.56854,4.04558,19,19,0,94.0367,0.0,94.0367,2094.0367,0.066461,0,19,2094.0367,0.0,0.0,from_trough,SNXX3L_aug_trough
SOXL3L_USDT,SOXL3L_jun_high,0.0,0.1,20,up,False,3860,0.80587,0.87982,35,35,0,100.7042,-3.723,96.8612,2096.8612,0.442963,2,19,1600.5842,496.277,0.0,from_high,SOXL3L_jun_high
SNXX3L_USDT,SNXX3L_open_high,0.0,0.1,20,up,False,1469,1.00171,2.35386,374,374,0,188.6794,-39.2666,148.9089,2148.9089,0.632311,269,19,88.1754,2060.7334,-0.0,from_high,SNXX3L_open_high
SOXL3S_USDT,SOXL3S_jun_high,0.0,0.1,20,up,False,2446,1.12385,1.83695,403,403,0,224.3837,-273.7379,-49.8582,1950.1418,0.411657,166,19,123.8797,1826.2621,0.0,from_high,SOXL3S_jun_high
SOXL3L_USDT,SOXL3L_jun_trough,0.0,0.1,20,up,False,1906,0.46705,0.87982,456,456,0,233.2702,-5.755,227.3232,2227.3232,0.356107,163,19,1433.0782,794.245,0.0,from_trough,SOXL3L_jun_trough
SOXL3S_USDT,SOXL3S_jun_trough,0.0,0.1,20,up,False,1906,0.72385,1.83695,633,633,0,242.464,-290.208,-48.2481,1951.7519,0.268745,379,19,141.96,1809.792,0.0,from_trough,SOXL3S_jun_trough
SNXX3L_USDT,SNXX3L_open_trough,0.0,0.1,20,up,False,1078,0.53062,2.35386,438,438,0,159.313,-59.2273,99.5817,2099.5817,0.251574,703,19,58.809,2040.7727,0.0,from_trough,SNXX3L_open_trough
SOXL3S_USDT,SOXL3S_jun_high,0.0,0.1,20,up,True,2446,1.12385,1.83695,19,19,0,94.0367,0.0,94.0367,2094.0367,0.003933,166,19,2094.0367,0.0,0.0,from_high,SOXL3S_jun_high
SNXX3L_USDT,SNXX3L_aug_high,0.0,0.1,20,up,False,14773,2.17321,4.04558,732,732,0,324.25,-99.8811,223.865,2223.865,0.791648,181,19,223.746,2000.1189,-0.0,from_high,SNXX3L_aug_high
SOXL3S_USDT,SOXL3S_aug_high,0.0,0.1,20,up,False,6274,0.5717,0.9645,742,742,0,318.2624,-86.4184,231.34,2231.34,0.23469,142,19,217.7584,2013.5816,-0.0,from_high,SOXL3S_aug_high
SNXX3L_USDT,SNXX3L_aug_trough,0.0,0.1,20,up,False,7892,0.56854,4.04558,1979,1979,0,370.8476,-138.9397,231.4039,2231.4039,0.175145,1314,19,270.3436,1961.0603,0.0,from_trough,SNXX3L_aug_trough
SOXL3S_USDT,SOXL3S_aug_trough,0.0,0.1,20,up,False,5412,0.465,0.9645,778,778,0,284.926,-96.9422,187.4799,2187.4799,0.228267,225,19,184.422,2003.0578,0.0,from_trough,SOXL3S_aug_trough
SOXL3L_USDT,SOXL3L_jun_high,0.0,0.1,20,up,True,3860,0.80587,0.87982,19,19,0,94.0367,0.0,94.0367,2094.0367,0.442963,2,19,2094.0367,0.0,0.0,from_high,SOXL3L_jun_high
SOXL3L_USDT,SOXL3L_jun_trough,0.0,0.1,20,up,True,1906,0.46705,0.87982,19,19,0,94.0367,0.0,94.0367,2094.0367,0.024915,163,19,2094.0367,0.0,-0.0,from_trough,SOXL3L_jun_trough
SOXL3S_USDT,SOXL3S_jun_trough,0.0,0.1,20,up,True,1906,0.72385,1.83695,19,19,0,94.0367,0.0,94.0367,2094.0367,0.010133,379,19,2094.0367,0.0,0.0,from_trough,SOXL3S_jun_trough
SNXX3L_USDT,SNXX3L_open_high,0.0,0.1,20,up,True,1469,1.00171,2.35386,19,19,0,94.0367,0.0,94.0367,2094.0367,0.04123,269,19,2094.0367,0.0,-0.0,from_high,SNXX3L_open_high
SNXX3L_USDT,SNXX3L_open_trough,0.0,0.1,20,up,True,1078,0.53062,2.35386,19,19,0,94.0367,0.0,94.0367,2094.0367,0.0,703,19,2094.0367,0.0,0.0,from_trough,SNXX3L_open_trough
SNXX3L_USDT,SNXX3L_aug_trough,0.0,0.1,20,up,True,7892,0.56854,4.04558,19,19,0,94.0367,0.0,94.0367,2094.0367,0.066461,1314,19,2094.0367,0.0,0.0,from_trough,SNXX3L_aug_trough
SNXX3L_USDT,SNXX3L_aug_high,0.0,0.1,20,up,True,14773,2.17321,4.04558,19,19,0,94.0367,0.0,94.0367,2094.0367,0.125804,181,19,2094.0367,0.0,-0.0,from_high,SNXX3L_aug_high
SOXL3S_USDT,SOXL3S_aug_trough,0.0,0.1,20,up,True,5412,0.465,0.9645,19,19,0,94.0367,0.0,94.0367,2094.0367,0.020633,225,19,2094.0367,0.0,-0.0,from_trough,SOXL3S_aug_trough
SNXX3L_USDT,SNXX3L_open_high,0.0,0.1,20,both,False,1469,1.00171,2.35386,425,245,180,-1615.6527,0.0,-1615.6527,384.3473,0.815471,1207,19,384.3473,0.0,0.0,from_high,SNXX3L_open_high
SNXX3L_USDT,SNXX3L_open_trough,0.0,0.1,20,both,False,1078,0.53062,2.35386,621,414,207,-937.9253,0.0,-937.9253,1062.0747,0.495956,1535,19,1062.0747,0.0,0.0,from_trough,SNXX3L_open_trough
SOXL3L_USDT,SOXL3L_jun_trough,0.0,0.1,20,both,False,1906,0.46705,0.87982,478,389,89,-337.4685,-5.755,-343.4155,1656.5845,0.22596,381,19,862.3395,794.245,-0.0,from_trough,SOXL3L_jun_trough
SOXL3L_USDT,SOXL3L_jun_high,0.0,0.1,20,both,False,3860,0.80587,0.87982,395,290,105,-866.1768,-3.723,-870.0198,1129.9802,0.51221,296,19,633.7032,496.277,0.0,from_high,SOXL3L_jun_high
SOXL3S_USDT,SOXL3S_jun_trough,0.0,0.1,20,both,False,1906,0.72385,1.83695,783,556,227,-1048.83,0.0,-1048.83,951.17,0.554593,1102,19,951.17,0.0,0.0,from_trough,SOXL3S_jun_trough
SOXL3S_USDT,SOXL3S_aug_high,0.0,0.1,20,up,True,6274,0.5717,0.9645,19,19,0,94.0367,0.0,94.0367,2094.0367,0.23469,142,19,2094.0367,0.0,-0.0,from_high,SOXL3S_aug_high
SOXL3S_USDT,SOXL3S_jun_high,0.0,0.1,20,both,False,2446,1.12385,1.83695,559,375,184,-1167.1419,0.0,-1167.1419,832.8581,0.602324,648,19,832.8581,0.0,-0.0,from_high,SOXL3S_jun_high
SNXX3L_USDT,SNXX3L_aug_high,0.0,0.1,20,both,False,14773,2.17321,4.04558,1058,791,267,-1490.9619,-18.968,-1510.0499,489.9501,0.761613,1079,19,8.9181,481.032,-0.0,from_high,SNXX3L_aug_high
SNXX3L_USDT,SNXX3L_aug_trough,0.0,0.1,20,both,False,7892,0.56854,4.04558,1458,982,476,-1900.6747,0.0,-1900.6747,99.3253,0.950758,7082,19,99.3253,0.0,0.0,from_trough,SNXX3L_aug_trough
SOXL3S_USDT,SOXL3S_aug_trough,0.0,0.1,20,both,False,5412,0.465,0.9645,1004,676,328,-1506.0532,0.0,-1506.0532,493.9468,0.769003,1210,19,493.9468,0.0,0.0,from_trough,SOXL3S_aug_trough
SNXX3L_USDT,SNXX3L_open_high,0.0,0.1,20,both,True,1469,1.00171,2.35386,19,12,7,24.5534,0.0,24.5534,2024.5534,0.029481,1207,19,2024.5534,0.0,-0.0,from_high,SNXX3L_open_high
SOXL3L_USDT,SOXL3L_jun_high,0.0,0.1,20,both,True,3860,0.80587,0.87982,19,4,15,-84.9203,0.0,-84.9203,1915.0797,0.063836,296,19,1915.0797,0.0,0.0,from_high,SOXL3L_jun_high
SOXL3L_USDT,SOXL3L_jun_trough,0.0,0.1,20,both,True,1906,0.46705,0.87982,19,15,4,43.0489,0.0,43.0489,2043.0489,0.024915,381,19,2043.0489,0.0,-0.0,from_trough,SOXL3L_jun_trough
SOXL3S_USDT,SOXL3S_aug_high,0.0,0.1,20,both,False,6274,0.5717,0.9645,837,551,286,-1480.3426,0.0,-1480.3426,519.6574,0.745508,869,19,519.6574,0.0,-0.0,from_high,SOXL3S_aug_high
SOXL3S_USDT,SOXL3S_jun_trough,0.0,0.1,20,both,True,1906,0.72385,1.83695,19,19,0,94.0367,0.0,94.0367,2094.0367,0.010133,1102,19,2094.0367,0.0,0.0,from_trough,SOXL3S_jun_trough
SNXX3L_USDT,SNXX3L_open_trough,0.0,0.1,20,both,True,1078,0.53062,2.35386,19,19,0,94.0367,0.0,94.0367,2094.0367,0.0,1535,19,2094.0367,0.0,0.0,from_trough,SNXX3L_open_trough
SOXL3S_USDT,SOXL3S_jun_high,0.0,0.1,20,both,True,2446,1.12385,1.83695,19,19,0,94.0367,0.0,94.0367,2094.0367,0.003933,648,19,2094.0367,0.0,0.0,from_high,SOXL3S_jun_high
SNXX3L_USDT,SNXX3L_aug_trough,0.0,0.1,20,both,True,7892,0.56854,4.04558,19,3,16,-48.4291,0.0,-48.4291,1951.5709,0.034971,7082,19,1951.5709,0.0,0.0,from_trough,SNXX3L_aug_trough
SOXL3S_USDT,SOXL3S_aug_trough,0.0,0.1,20,both,True,5412,0.465,0.9645,19,16,3,51.5469,0.0,51.5469,2051.5469,0.020633,1210,19,2051.5469,0.0,-0.0,from_trough,SOXL3S_aug_trough
SOXL3L_USDT,SOXL3L_jun_trough,0.0,0.15,10,none,False,1906,0.46705,0.87982,9,9,0,134.0766,0.0,134.0766,2134.0766,0.026382,0,9,2134.0766,0.0,0.0,from_trough,SOXL3L_jun_trough
SOXL3L_USDT,SOXL3L_jun_high,0.0,0.15,10,none,False,3860,0.80587,0.87982,7,7,0,83.2868,36.7057,119.8905,2119.8905,0.472364,0,9,1683.1848,436.7057,0.0,from_high,SOXL3L_jun_high
SOXL3S_USDT,SOXL3S_jun_high,0.0,0.15,10,none,False,2446,1.12385,1.83695,9,9,0,134.0766,0.0,134.0766,2134.0766,0.047163,0,9,2134.0766,0.0,0.0,from_high,SOXL3S_jun_high
SNXX3L_USDT,SNXX3L_aug_high,0.0,0.1,20,both,True,14773,2.17321,4.04558,19,1,18,-62.4257,0.0,-62.4257,1937.5743,0.04625,1079,19,1937.5743,0.0,-0.0,from_high,SNXX3L_aug_high
SOXL3S_USDT,SOXL3S_aug_high,0.0,0.1,20,both,True,6274,0.5717,0.9645,19,0,19,-138.9074,0.0,-138.9074,1861.0926,0.072436,869,19,1861.0926,0.0,-0.0,from_high,SOXL3S_aug_high
SOXL3S_USDT,SOXL3S_jun_trough,0.0,0.15,10,none,False,1906,0.72385,1.83695,9,9,0,134.0766,0.0,134.0766,2134.0766,0.01213,0,9,2134.0766,0.0,0.0,from_trough,SOXL3S_jun_trough
SNXX3L_USDT,SNXX3L_open_high,0.0,0.15,10,none,False,1469,1.00171,2.35386,9,9,0,134.0766,0.0,134.0766,2134.0766,0.058623,0,9,2134.0766,0.0,0.0,from_high,SNXX3L_open_high
SNXX3L_USDT,SNXX3L_open_trough,0.0,0.15,10,none,False,1078,0.53062,2.35386,9,9,0,134.0766,0.0,134.0766,2134.0766,0.0,0,9,2134.0766,0.0,0.0,from_trough,SNXX3L_open_trough
SNXX3L_USDT,SNXX3L_aug_trough,0.0,0.15,10,none,False,7892,0.56854,4.04558,9,9,0,134.0766,0.0,134.0766,2134.0766,0.101878,0,9,2134.0766,0.0,0.0,from_trough,SNXX3L_aug_trough
SNXX3L_USDT,SNXX3L_aug_high,0.0,0.15,10,none,False,14773,2.17321,4.04558,9,9,0,134.0766,0.0,134.0766,2134.0766,0.119228,0,9,2134.0766,0.0,-0.0,from_high,SNXX3L_aug_high
SOXL3S_USDT,SOXL3S_aug_high,0.0,0.15,10,none,False,6274,0.5717,0.9645,9,9,0,134.0766,0.0,134.0766,2134.0766,0.222335,0,9,2134.0766,0.0,-0.0,from_high,SOXL3S_aug_high
SOXL3S_USDT,SOXL3S_jun_high,0.0,0.15,10,none,True,2446,1.12385,1.83695,9,9,0,134.0766,0.0,134.0766,2134.0766,0.047163,0,9,2134.0766,0.0,0.0,from_high,SOXL3S_jun_high
SOXL3S_USDT,SOXL3S_aug_trough,0.0,0.15,10,none,False,5412,0.465,0.9645,9,9,0,134.0766,0.0,134.0766,2134.0766,0.02185,0,9,2134.0766,0.0,0.0,from_trough,SOXL3S_aug_trough
SOXL3L_USDT,SOXL3L_jun_trough,0.0,0.15,10,none,True,1906,0.46705,0.87982,9,9,0,134.0766,0.0,134.0766,2134.0766,0.026382,0,9,2134.0766,0.0,0.0,from_trough,SOXL3L_jun_trough
SNXX3L_USDT,SNXX3L_open_trough,0.0,0.15,10,none,True,1078,0.53062,2.35386,9,9,0,134.0766,0.0,134.0766,2134.0766,0.0,0,9,2134.0766,0.0,0.0,from_trough,SNXX3L_open_trough
SOXL3S_USDT,SOXL3S_jun_trough,0.0,0.15,10,none,True,1906,0.72385,1.83695,9,9,0,134.0766,0.0,134.0766,2134.0766,0.01213,0,9,2134.0766,0.0,0.0,from_trough,SOXL3S_jun_trough
SNXX3L_USDT,SNXX3L_open_high,0.0,0.15,10,none,True,1469,1.00171,2.35386,9,9,0,134.0766,0.0,134.0766,2134.0766,0.058623,0,9,2134.0766,0.0,0.0,from_high,SNXX3L_open_high
SOXL3L_USDT,SOXL3L_jun_high,0.0,0.15,10,none,True,3860,0.80587,0.87982,7,7,0,83.2868,36.7057,119.8905,2119.8905,0.472364,0,9,1683.1848,436.7057,0.0,from_high,SOXL3L_jun_high
SNXX3L_USDT,SNXX3L_aug_high,0.0,0.15,10,none,True,14773,2.17321,4.04558,9,9,0,134.0766,0.0,134.0766,2134.0766,0.119228,0,9,2134.0766,0.0,-0.0,from_high,SNXX3L_aug_high
SNXX3L_USDT,SNXX3L_aug_trough,0.0,0.15,10,none,True,7892,0.56854,4.04558,9,9,0,134.0766,0.0,134.0766,2134.0766,0.101878,0,9,2134.0766,0.0,0.0,from_trough,SNXX3L_aug_trough
SOXL3S_USDT,SOXL3S_aug_high,0.0,0.15,10,none,True,6274,0.5717,0.9645,9,9,0,134.0766,0.0,134.0766,2134.0766,0.222335,0,9,2134.0766,0.0,-0.0,from_high,SOXL3S_aug_high
SOXL3S_USDT,SOXL3S_jun_high,0.0,0.15,10,up,False,2446,1.12385,1.83695,118,118,0,355.9386,-260.2223,95.1883,2095.1883,0.24632,52,9,155.4106,1939.7777,-0.0,from_high,SOXL3S_jun_high
SNXX3L_USDT,SNXX3L_open_trough,0.0,0.15,10,up,False,1078,0.53062,2.35386,167,167,0,301.6144,-50.1347,250.9517,2250.9517,0.220838,231,9,101.0864,2149.8653,0.0,from_trough,SNXX3L_open_trough
SOXL3L_USDT,SOXL3L_jun_high,0.0,0.15,10,up,False,3860,0.80587,0.87982,7,7,0,83.2868,36.7057,119.8905,2119.8905,0.472364,0,9,1683.1848,436.7057,0.0,from_high,SOXL3L_jun_high
SOXL3S_USDT,SOXL3S_jun_trough,0.0,0.15,10,up,False,1906,0.72385,1.83695,222,222,0,465.2872,-287.4921,177.2671,2177.2671,0.248789,123,9,264.7592,1912.5079,0.0,from_trough,SOXL3S_jun_trough
SOXL3S_USDT,SOXL3S_aug_trough,0.0,0.15,10,none,True,5412,0.465,0.9645,9,9,0,134.0766,0.0,134.0766,2134.0766,0.02185,0,9,2134.0766,0.0,0.0,from_trough,SOXL3S_aug_trough
SOXL3L_USDT,SOXL3L_jun_trough,0.0,0.15,10,up,False,1906,0.46705,0.87982,116,116,0,355.5357,-3.6231,351.7206,2351.7206,0.319911,51,9,1555.3437,796.3769,-0.0,from_trough,SOXL3L_jun_trough
SNXX3L_USDT,SNXX3L_aug_high,0.0,0.15,10,up,False,14773,2.17321,4.04558,203,203,0,544.1065,-77.4295,466.197,2466.197,0.136624,57,9,543.6265,1922.5705,0.0,from_high,SNXX3L_aug_high
SNXX3L_USDT,SNXX3L_open_high,0.0,0.15,10,up,False,1469,1.00171,2.35386,164,164,0,411.2377,-24.9105,385.9432,2385.9432,0.628405,86,9,810.8537,1575.0895,0.0,from_high,SNXX3L_open_high
SNXX3L_USDT,SNXX3L_aug_trough,0.0,0.15,10,up,False,7892,0.56854,4.04558,829,829,0,913.5244,-136.0278,776.9686,2776.9686,0.145546,434,9,712.9964,2063.9722,-0.0,from_trough,SNXX3L_aug_trough
SOXL3S_USDT,SOXL3S_aug_high,0.0,0.15,10,up,False,6274,0.5717,0.9645,318,318,0,790.4982,-62.432,727.5863,2727.5863,0.222335,44,9,790.0182,1937.568,0.0,from_high,SOXL3S_aug_high
SNXX3L_USDT,SNXX3L_open_high,0.0,0.15,10,up,True,1469,1.00171,2.35386,9,9,0,134.0766,0.0,134.0766,2134.0766,0.058623,86,9,2134.0766,0.0,0.0,from_high,SNXX3L_open_high
SOXL3S_USDT,SOXL3S_jun_high,0.0,0.15,10,up,True,2446,1.12385,1.83695,9,9,0,134.0766,0.0,134.0766,2134.0766,0.047163,52,9,2134.0766,0.0,0.0,from_high,SOXL3S_jun_high
SOXL3L_USDT,SOXL3L_jun_trough,0.0,0.15,10,up,True,1906,0.46705,0.87982,9,9,0,134.0766,0.0,134.0766,2134.0766,0.026382,51,9,2134.0766,0.0,0.0,from_trough,SOXL3L_jun_trough
SOXL3L_USDT,SOXL3L_jun_high,0.0,0.15,10,up,True,3860,0.80587,0.87982,7,7,0,83.2868,36.7057,119.8905,2119.8905,0.472364,0,9,1683.1848,436.7057,0.0,from_high,SOXL3L_jun_high
SNXX3L_USDT,SNXX3L_open_trough,0.0,0.15,10,up,True,1078,0.53062,2.35386,9,9,0,134.0766,0.0,134.0766,2134.0766,0.0,231,9,2134.0766,0.0,0.0,from_trough,SNXX3L_open_trough
SOXL3S_USDT,SOXL3S_aug_trough,0.0,0.15,10,up,False,5412,0.465,0.9645,353,353,0,725.7378,-66.6029,658.6068,2658.6068,0.203468,71,9,525.2098,2133.3971,-0.0,from_trough,SOXL3S_aug_trough
SOXL3S_USDT,SOXL3S_jun_trough,0.0,0.15,10,up,True,1906,0.72385,1.83695,9,9,0,134.0766,0.0,134.0766,2134.0766,0.01213,123,9,2134.0766,0.0,0.0,from_trough,SOXL3S_jun_trough
SNXX3L_USDT,SNXX3L_aug_trough,0.0,0.15,10,up,True,7892,0.56854,4.04558,9,9,0,134.0766,0.0,134.0766,2134.0766,0.101878,434,9,2134.0766,0.0,0.0,from_trough,SNXX3L_aug_trough
SNXX3L_USDT,SNXX3L_aug_high,0.0,0.15,10,up,True,14773,2.17321,4.04558,9,9,0,134.0766,0.0,134.0766,2134.0766,0.119228,57,9,2134.0766,0.0,-0.0,from_high,SNXX3L_aug_high
SOXL3S_USDT,SOXL3S_aug_high,0.0,0.15,10,up,True,6274,0.5717,0.9645,9,9,0,134.0766,0.0,134.0766,2134.0766,0.222335,44,9,2134.0766,0.0,-0.0,from_high,SOXL3S_aug_high
SOXL3S_USDT,SOXL3S_aug_trough,0.0,0.15,10,up,True,5412,0.465,0.9645,9,9,0,134.0766,0.0,134.0766,2134.0766,0.02185,71,9,2134.0766,0.0,0.0,from_trough,SOXL3S_aug_trough
SOXL3S_USDT,SOXL3S_jun_high,0.0,0.15,10,both,False,2446,1.12385,1.83695,186,130,56,-398.09,0.0,-398.09,1601.91,0.270103,153,9,1601.91,0.0,-0.0,from_high,SOXL3S_jun_high
SNXX3L_USDT,SNXX3L_open_high,0.0,0.15,10,both,False,1469,1.00171,2.35386,130,70,60,-1501.8567,0.0,-1501.8567,498.1433,0.764763,299,9,498.1433,0.0,0.0,from_high,SNXX3L_open_high
SOXL3L_USDT,SOXL3L_jun_high,0.0,0.15,10,both,False,3860,0.80587,0.87982,82,48,34,-499.5165,-2.0719,-501.6845,1498.3155,0.337196,75,9,1100.3875,397.9281,-0.0,from_high,SOXL3L_jun_high
SOXL3S_USDT,SOXL3S_jun_trough,0.0,0.15,10,both,False,1906,0.72385,1.83695,250,167,83,-549.5314,0.0,-549.5314,1450.4686,0.336267,283,9,1450.4686,0.0,0.0,from_trough,SOXL3S_jun_trough
SNXX3L_USDT,SNXX3L_open_trough,0.0,0.15,10,both,False,1078,0.53062,2.35386,184,112,72,-639.7935,0.0,-639.7935,1360.2065,0.362851,433,9,1360.2065,0.0,0.0,from_trough,SNXX3L_open_trough
SOXL3L_USDT,SOXL3L_jun_trough,0.0,0.15,10,both,False,1906,0.46705,0.87982,127,109,18,-146.0575,-3.6231,-149.8726,1850.1274,0.218602,101,9,1053.7505,796.3769,0.0,from_trough,SOXL3L_jun_trough
SNXX3L_USDT,SNXX3L_aug_trough,0.0,0.15,10,both,False,7892,0.56854,4.04558,813,527,286,-1739.8477,-2.2033,-1742.099,257.901,0.875073,1722,9,60.1043,197.7967,0.0,from_trough,SNXX3L_aug_trough
SOXL3S_USDT,SOXL3S_aug_high,0.0,0.15,10,both,False,6274,0.5717,0.9645,255,174,81,-610.738,0.0,-610.738,1389.262,0.314478,173,9,1389.262,0.0,0.0,from_high,SOXL3S_aug_high
SOXL3S_USDT,SOXL3S_aug_trough,0.0,0.15,10,both,False,5412,0.465,0.9645,339,223,116,-993.0294,0.0,-993.0294,1006.9706,0.552829,237,9,1006.9706,0.0,-0.0,from_trough,SOXL3S_aug_trough
SOXL3S_USDT,SOXL3S_jun_high,0.0,0.15,10,both,True,2446,1.12385,1.83695,9,8,1,104.0838,0.0,104.0838,2104.0838,0.013884,153,9,2104.0838,0.0,0.0,from_high,SOXL3S_jun_high
SNXX3L_USDT,SNXX3L_aug_high,0.0,0.15,10,both,False,14773,2.17321,4.04558,293,203,90,-1260.431,-21.2506,-1281.8256,718.1744,0.64083,259,9,139.425,578.7494,0.0,from_high,SNXX3L_aug_high
SOXL3S_USDT,SOXL3S_jun_trough,0.0,0.15,10,both,True,1906,0.72385,1.83695,9,9,0,134.0766,0.0,134.0766,2134.0766,0.01213,283,9,2134.0766,0.0,0.0,from_trough,SOXL3S_jun_trough
SOXL3L_USDT,SOXL3L_jun_trough,0.0,0.15,10,both,True,1906,0.46705,0.87982,9,7,2,80.0896,0.0,80.0896,2080.0896,0.026382,101,9,2080.0896,0.0,-0.0,from_trough,SOXL3L_jun_trough
SOXL3L_USDT,SOXL3L_jun_high,0.0,0.15,10,both,True,3860,0.80587,0.87982,9,1,8,-156.8536,0.0,-156.8536,1843.1464,0.099634,75,9,1843.1464,0.0,0.0,from_high,SOXL3L_jun_high
SNXX3L_USDT,SNXX3L_open_high,0.0,0.15,10,both,True,1469,1.00171,2.35386,9,4,5,-0.891,0.0,-0.891,1999.109,0.048576,299,9,1999.109,0.0,0.0,from_high,SNXX3L_open_high
SNXX3L_USDT,SNXX3L_open_trough,0.0,0.15,10,both,True,1078,0.53062,2.35386,9,9,0,134.0766,0.0,134.0766,2134.0766,0.0,433,9,2134.0766,0.0,0.0,from_trough,SNXX3L_open_trough
SNXX3L_USDT,SNXX3L_aug_trough,0.0,0.15,10,both,True,7892,0.56854,4.04558,9,1,8,-39.8816,0.0,-39.8816,1960.1184,0.053339,1722,9,1960.1184,0.0,0.0,from_trough,SNXX3L_aug_trough
SOXL3S_USDT,SOXL3S_aug_high,0.0,0.15,10,both,True,6274,0.5717,0.9645,9,0,9,-174.8492,0.0,-174.8492,1825.1508,0.0932,173,9,1825.1508,0.0,0.0,from_high,SOXL3S_aug_high
SNXX3L_USDT,SNXX3L_aug_high,0.0,0.15,10,both,True,14773,2.17321,4.04558,9,0,9,-111.8644,0.0,-111.8644,1888.1356,0.055715,259,9,1888.1356,0.0,-0.0,from_high,SNXX3L_aug_high
SOXL3S_USDT,SOXL3S_aug_trough,0.0,0.15,10,both,True,5412,0.465,0.9645,9,9,0,134.0766,0.0,134.0766,2134.0766,0.02185,237,9,2134.0766,0.0,0.0,from_trough,SOXL3S_aug_trough
SOXL3L_USDT,SOXL3L_jun_trough,0.0,0.15,20,none,False,1906,0.46705,0.87982,19,19,0,141.5253,0.0,141.5253,2141.5253,0.026373,0,19,2141.5253,0.0,-0.0,from_trough,SOXL3L_jun_trough
SNXX3L_USDT,SNXX3L_open_high,0.0,0.15,20,none,False,1469,1.00171,2.35386,19,19,0,141.5253,0.0,141.5253,2141.5253,0.064386,0,19,2141.5253,0.0,-0.0,from_high,SNXX3L_open_high
SOXL3S_USDT,SOXL3S_jun_high,0.0,0.15,20,none,False,2446,1.12385,1.83695,19,19,0,141.5253,0.0,141.5253,2141.5253,0.047016,0,19,2141.5253,0.0,0.0,from_high,SOXL3S_jun_high
SOXL3L_USDT,SOXL3L_jun_high,0.0,0.15,20,none,False,3860,0.80587,0.87982,14,14,0,78.0381,45.8821,123.7927,2123.7927,0.472029,0,19,1577.9106,545.8821,0.0,from_high,SOXL3L_jun_high
SNXX3L_USDT,SNXX3L_open_trough,0.0,0.15,20,none,False,1078,0.53062,2.35386,19,19,0,141.5253,0.0,141.5253,2141.5253,0.0,0,19,2141.5253,0.0,-0.0,from_trough,SNXX3L_open_trough
SOXL3S_USDT,SOXL3S_jun_trough,0.0,0.15,20,none,False,1906,0.72385,1.83695,19,19,0,141.5253,0.0,141.5253,2141.5253,0.013125,0,19,2141.5253,0.0,0.0,from_trough,SOXL3S_jun_trough
SNXX3L_USDT,SNXX3L_aug_high,0.0,0.15,20,none,False,14773,2.17321,4.04558,19,19,0,141.5253,0.0,141.5253,2141.5253,0.125789,0,19,2141.5253,0.0,-0.0,from_high,SNXX3L_aug_high
SNXX3L_USDT,SNXX3L_aug_trough,0.0,0.15,20,none,False,7892,0.56854,4.04558,19,19,0,141.5253,0.0,141.5253,2141.5253,0.103043,0,19,2141.5253,0.0,0.0,from_trough,SNXX3L_aug_trough
SNXX3L_USDT,SNXX3L_open_high,0.0,0.15,20,none,True,1469,1.00171,2.35386,19,19,0,141.5253,0.0,141.5253,2141.5253,0.064386,0,19,2141.5253,0.0,-0.0,from_high,SNXX3L_open_high
SOXL3L_USDT,SOXL3L_jun_trough,0.0,0.15,20,none,True,1906,0.46705,0.87982,19,19,0,141.5253,0.0,141.5253,2141.5253,0.026373,0,19,2141.5253,0.0,-0.0,from_trough,SOXL3L_jun_trough
SOXL3S_USDT,SOXL3S_jun_high,0.0,0.15,20,none,True,2446,1.12385,1.83695,19,19,0,141.5253,0.0,141.5253,2141.5253,0.047016,0,19,2141.5253,0.0,0.0,from_high,SOXL3S_jun_high
SOXL3L_USDT,SOXL3L_jun_high,0.0,0.15,20,none,True,3860,0.80587,0.87982,14,14,0,78.0381,45.8821,123.7927,2123.7927,0.472029,0,19,1577.9106,545.8821,0.0,from_high,SOXL3L_jun_high
SOXL3S_USDT,SOXL3S_aug_high,0.0,0.15,20,none,False,6274,0.5717,0.9645,19,19,0,141.5253,0.0,141.5253,2141.5253,0.23469,0,19,2141.5253,0.0,-0.0,from_high,SOXL3S_aug_high
SOXL3S_USDT,SOXL3S_jun_trough,0.0,0.15,20,none,True,1906,0.72385,1.83695,19,19,0,141.5253,0.0,141.5253,2141.5253,0.013125,0,19,2141.5253,0.0,0.0,from_trough,SOXL3S_jun_trough
SNXX3L_USDT,SNXX3L_open_trough,0.0,0.15,20,none,True,1078,0.53062,2.35386,19,19,0,141.5253,0.0,141.5253,2141.5253,0.0,0,19,2141.5253,0.0,-0.0,from_trough,SNXX3L_open_trough
SOXL3S_USDT,SOXL3S_aug_trough,0.0,0.15,20,none,False,5412,0.465,0.9645,19,19,0,141.5253,0.0,141.5253,2141.5253,0.021842,0,19,2141.5253,0.0,-0.0,from_trough,SOXL3S_aug_trough
SNXX3L_USDT,SNXX3L_aug_trough,0.0,0.15,20,none,True,7892,0.56854,4.04558,19,19,0,141.5253,0.0,141.5253,2141.5253,0.103043,0,19,2141.5253,0.0,0.0,from_trough,SNXX3L_aug_trough
SNXX3L_USDT,SNXX3L_aug_high,0.0,0.15,20,none,True,14773,2.17321,4.04558,19,19,0,141.5253,0.0,141.5253,2141.5253,0.125789,0,19,2141.5253,0.0,-0.0,from_high,SNXX3L_aug_high
SOXL3S_USDT,SOXL3S_aug_trough,0.0,0.15,20,none,True,5412,0.465,0.9645,19,19,0,141.5253,0.0,141.5253,2141.5253,0.021842,0,19,2141.5253,0.0,-0.0,from_trough,SOXL3S_aug_trough
SOXL3L_USDT,SOXL3L_jun_high,0.0,0.15,20,up,False,3860,0.80587,0.87982,14,14,0,78.0381,45.8821,123.7927,2123.7927,0.472029,0,19,1577.9106,545.8821,0.0,from_high,SOXL3L_jun_high
SOXL3S_USDT,SOXL3S_jun_high,0.0,0.15,20,up,False,2446,1.12385,1.83695,272,272,0,264.8439,-248.495,15.8449,2015.8449,0.238487,104,19,164.3399,1851.505,-0.0,from_high,SOXL3S_jun_high
SNXX3L_USDT,SNXX3L_open_high,0.0,0.15,20,up,False,1469,1.00171,2.35386,373,373,0,289.0745,-24.0232,264.7153,2264.7153,0.60595,172,19,888.7385,1375.9768,0.0,from_high,SNXX3L_open_high
SOXL3S_USDT,SOXL3S_jun_trough,0.0,0.15,20,up,False,1906,0.72385,1.83695,501,501,0,319.2349,-274.4645,44.2664,2044.2664,0.248973,246,19,218.7309,1825.5355,-0.0,from_trough,SOXL3S_jun_trough
SNXX3L_USDT,SNXX3L_open_trough,0.0,0.15,20,up,False,1078,0.53062,2.35386,355,355,0,223.2724,-47.8745,174.8939,2174.8939,0.230925,462,19,122.7684,2052.1255,0.0,from_trough,SNXX3L_open_trough
SOXL3L_USDT,SOXL3L_jun_trough,0.0,0.15,20,up,False,1906,0.46705,0.87982,288,288,0,274.7034,-3.9181,270.6413,2270.6413,0.33327,102,19,1674.5594,596.0819,0.0,from_trough,SOXL3L_jun_trough
SOXL3S_USDT,SOXL3S_aug_high,0.0,0.15,20,none,True,6274,0.5717,0.9645,19,19,0,141.5253,0.0,141.5253,2141.5253,0.23469,0,19,2141.5253,0.0,-0.0,from_high,SOXL3S_aug_high
SNXX3L_USDT,SNXX3L_aug_high,0.0,0.15,20,up,False,14773,2.17321,4.04558,518,518,0,393.3082,-73.6902,319.138,2319.138,0.138247,114,19,392.8282,1926.3098,-0.0,from_high,SNXX3L_aug_high
SNXX3L_USDT,SNXX3L_aug_trough,0.0,0.15,20,up,False,7892,0.56854,4.04558,1822,1822,0,545.2663,-131.7974,412.9649,2412.9649,0.154974,869,19,444.7623,1968.2026,-0.0,from_trough,SNXX3L_aug_trough
SOXL3S_USDT,SOXL3S_jun_high,0.0,0.15,20,up,True,2446,1.12385,1.83695,19,19,0,141.5253,0.0,141.5253,2141.5253,0.047016,104,19,2141.5253,0.0,0.0,from_high,SOXL3S_jun_high
SOXL3S_USDT,SOXL3S_aug_high,0.0,0.15,20,up,False,6274,0.5717,0.9645,815,815,0,545.5521,-60.1336,484.9865,2484.9865,0.23469,88,19,745.1201,1739.8664,0.0,from_high,SOXL3S_aug_high
SOXL3L_USDT,SOXL3L_jun_high,0.0,0.15,20,up,True,3860,0.80587,0.87982,14,14,0,78.0381,45.8821,123.7927,2123.7927,0.472029,0,19,1577.9106,545.8821,0.0,from_high,SOXL3L_jun_high
SNXX3L_USDT,SNXX3L_open_high,0.0,0.15,20,up,True,1469,1.00171,2.35386,19,19,0,141.5253,0.0,141.5253,2141.5253,0.064386,172,19,2141.5253,0.0,-0.0,from_high,SNXX3L_open_high
SOXL3L_USDT,SOXL3L_jun_trough,0.0,0.15,20,up,True,1906,0.46705,0.87982,19,19,0,141.5253,0.0,141.5253,2141.5253,0.026373,102,19,2141.5253,0.0,-0.0,from_trough,SOXL3L_jun_trough
SOXL3S_USDT,SOXL3S_aug_trough,0.0,0.15,20,up,False,5412,0.465,0.9645,823,823,0,467.1941,-70.7772,395.913,2395.913,0.204266,143,19,366.6901,2029.2228,0.0,from_trough,SOXL3S_aug_trough
SNXX3L_USDT,SNXX3L_open_trough,0.0,0.15,20,up,True,1078,0.53062,2.35386,19,19,0,141.5253,0.0,141.5253,2141.5253,0.0,462,19,2141.5253,0.0,-0.0,from_trough,SNXX3L_open_trough
SNXX3L_USDT,SNXX3L_aug_high,0.0,0.15,20,up,True,14773,2.17321,4.04558,19,19,0,141.5253,0.0,141.5253,2141.5253,0.125789,114,19,2141.5253,0.0,-0.0,from_high,SNXX3L_aug_high
SNXX3L_USDT,SNXX3L_aug_trough,0.0,0.15,20,up,True,7892,0.56854,4.04558,19,19,0,141.5253,0.0,141.5253,2141.5253,0.103043,869,19,2141.5253,0.0,0.0,from_trough,SNXX3L_aug_trough
SOXL3S_USDT,SOXL3S_jun_trough,0.0,0.15,20,up,True,1906,0.72385,1.83695,19,19,0,141.5253,0.0,141.5253,2141.5253,0.013125,246,19,2141.5253,0.0,0.0,from_trough,SOXL3S_jun_trough
SOXL3L_USDT,SOXL3L_jun_trough,0.0,0.15,20,both,False,1906,0.46705,0.87982,304,275,29,-197.5909,-3.9181,-201.653,1798.347,0.216602,204,19,1202.2651,596.0819,0.0,from_trough,SOXL3L_jun_trough
SOXL3L_USDT,SOXL3L_jun_high,0.0,0.15,20,both,False,3860,0.80587,0.87982,204,144,60,-406.6422,-1.5586,-408.2727,1591.7273,0.27611,154,19,1293.2858,298.4414,0.0,from_high,SOXL3L_jun_high
SOXL3S_USDT,SOXL3S_aug_trough,0.0,0.15,20,up,True,5412,0.465,0.9645,19,19,0,141.5253,0.0,141.5253,2141.5253,0.021842,143,19,2141.5253,0.0,-0.0,from_trough,SOXL3S_aug_trough
SOXL3S_USDT,SOXL3S_jun_high,0.0,0.15,20,both,False,2446,1.12385,1.83695,421,304,117,-501.8857,0.0,-501.8857,1498.1143,0.300649,316,19,1498.1143,0.0,-0.0,from_high,SOXL3S_jun_high
SOXL3S_USDT,SOXL3S_aug_high,0.0,0.15,20,up,True,6274,0.5717,0.9645,19,19,0,141.5253,0.0,141.5253,2141.5253,0.23469,88,19,2141.5253,0.0,-0.0,from_high,SOXL3S_aug_high
SNXX3L_USDT,SNXX3L_open_high,0.0,0.15,20,both,False,1469,1.00171,2.35386,297,172,125,-1540.427,0.0,-1540.427,459.573,0.780767,623,19,459.573,0.0,-0.0,from_high,SNXX3L_open_high
SNXX3L_USDT,SNXX3L_open_trough,0.0,0.15,20,both,False,1078,0.53062,2.35386,383,243,140,-662.7352,0.0,-662.7352,1337.2648,0.375736,874,19,1337.2648,0.0,-0.0,from_trough,SNXX3L_open_trough
SOXL3S_USDT,SOXL3S_jun_trough,0.0,0.15,20,both,False,1906,0.72385,1.83695,535,380,155,-640.9338,0.0,-640.9338,1359.0662,0.373209,576,19,1359.0662,0.0,-0.0,from_trough,SOXL3S_jun_trough
SNXX3L_USDT,SNXX3L_aug_high,0.0,0.15,20,both,False,14773,2.17321,4.04558,729,564,165,-1395.1077,-20.1216,-1415.3733,584.6267,0.713799,532,19,4.7483,579.8784,0.0,from_high,SNXX3L_aug_high
SNXX3L_USDT,SNXX3L_aug_trough,0.0,0.15,20,both,False,7892,0.56854,4.04558,1499,1014,485,-1848.7905,-1.1017,-1849.9162,150.0838,0.926134,3570,19,51.1855,98.8983,0.0,from_trough,SNXX3L_aug_trough
SOXL3S_USDT,SOXL3S_aug_high,0.0,0.15,20,both,False,6274,0.5717,0.9645,603,435,168,-982.5694,0.0,-982.5694,1017.4306,0.49608,359,19,1017.4306,0.0,0.0,from_high,SOXL3S_aug_high
SOXL3S_USDT,SOXL3S_jun_high,0.0,0.15,20,both,True,2446,1.12385,1.83695,19,17,2,111.5325,0.0,111.5325,2111.5325,0.01349,316,19,2111.5325,0.0,0.0,from_high,SOXL3S_jun_high
SOXL3S_USDT,SOXL3S_aug_trough,0.0,0.15,20,both,False,5412,0.465,0.9645,774,547,227,-1172.5001,0.0,-1172.5001,827.4999,0.613644,523,19,827.4999,0.0,-0.0,from_trough,SOXL3S_aug_trough
SOXL3L_USDT,SOXL3L_jun_trough,0.0,0.15,20,both,True,1906,0.46705,0.87982,19,16,3,87.5383,0.0,87.5383,2087.5383,0.026373,204,19,2087.5383,0.0,-0.0,from_trough,SOXL3L_jun_trough
SOXL3S_USDT,SOXL3S_jun_trough,0.0,0.15,20,both,True,1906,0.72385,1.83695,19,19,0,141.5253,0.0,141.5253,2141.5253,0.013125,576,19,2141.5253,0.0,0.0,from_trough,SOXL3S_jun_trough
SNXX3L_USDT,SNXX3L_open_high,0.0,0.15,20,both,True,1469,1.00171,2.35386,19,8,11,-4.6896,0.0,-4.6896,1995.3104,0.05507,623,19,1995.3104,0.0,-0.0,from_high,SNXX3L_open_high
SNXX3L_USDT,SNXX3L_open_trough,0.0,0.15,20,both,True,1078,0.53062,2.35386,19,19,0,141.5253,0.0,141.5253,2141.5253,0.0,874,19,2141.5253,0.0,-0.0,from_trough,SNXX3L_open_trough
SOXL3L_USDT,SOXL3L_jun_high,0.0,0.15,20,both,True,3860,0.80587,0.87982,19,3,16,-126.9103,0.0,-126.9103,1873.0897,0.083825,154,19,1873.0897,0.0,0.0,from_high,SOXL3L_jun_high
SNXX3L_USDT,SNXX3L_aug_high,0.0,0.15,20,both,True,14773,2.17321,4.04558,19,1,18,-90.1691,0.0,-90.1691,1909.8309,0.054248,532,19,1909.8309,0.0,-0.0,from_high,SNXX3L_aug_high
SNXX3L_USDT,SNXX3L_aug_trough,0.0,0.15,20,both,True,7892,0.56854,4.04558,19,6,13,-25.6846,0.0,-25.6846,1974.3154,0.053916,3570,19,1974.3154,0.0,0.0,from_trough,SNXX3L_aug_trough
SOXL3S_USDT,SOXL3S_aug_trough,0.0,0.15,20,both,True,5412,0.465,0.9645,19,17,2,101.035,0.0,101.035,2101.035,0.021842,523,19,2101.035,0.0,-0.0,from_trough,SOXL3S_aug_trough
SNXX3L_USDT,SNXX3L_open_high,0.0,0.2,10,none,False,1469,1.00171,2.35386,9,9,0,179.0658,0.0,179.0658,2179.0658,0.070129,0,9,2179.0658,0.0,0.0,from_high,SNXX3L_open_high
SOXL3S_USDT,SOXL3S_aug_high,0.0,0.15,20,both,True,6274,0.5717,0.9645,19,0,19,-183.1468,0.0,-183.1468,1816.8532,0.098463,359,19,1816.8532,0.0,-0.0,from_high,SOXL3S_aug_high
SOXL3S_USDT,SOXL3S_jun_trough,0.0,0.2,10,none,False,1906,0.72385,1.83695,9,9,0,179.0658,0.0,179.0658,2179.0658,0.015323,0,9,2179.0658,0.0,0.0,from_trough,SOXL3S_jun_trough
SNXX3L_USDT,SNXX3L_open_trough,0.0,0.2,10,none,False,1078,0.53062,2.35386,9,9,0,179.0658,0.0,179.0658,2179.0658,0.017359,0,9,2179.0658,0.0,0.0,from_trough,SNXX3L_open_trough
SOXL3L_USDT,SOXL3L_jun_high,0.0,0.2,10,none,False,3860,0.80587,0.87982,5,5,0,59.4906,73.4113,132.6979,2132.6979,0.472133,0,9,1259.2866,873.4113,0.0,from_high,SOXL3L_jun_high
SOXL3S_USDT,SOXL3S_jun_high,0.0,0.2,10,none,False,2446,1.12385,1.83695,9,9,0,179.0658,0.0,179.0658,2179.0658,0.139576,0,9,2179.0658,0.0,0.0,from_high,SOXL3S_jun_high
SOXL3L_USDT,SOXL3L_jun_trough,0.0,0.2,10,none,False,1906,0.46705,0.87982,9,9,0,179.0658,0.0,179.0658,2179.0658,0.05191,0,9,2179.0658,0.0,-0.0,from_trough,SOXL3L_jun_trough
SNXX3L_USDT,SNXX3L_aug_high,0.0,0.2,10,none,False,14773,2.17321,4.04558,9,9,0,179.0658,0.0,179.0658,2179.0658,0.169616,0,9,2179.0658,0.0,-0.0,from_high,SNXX3L_aug_high
SOXL3S_USDT,SOXL3S_aug_trough,0.0,0.2,10,none,False,5412,0.465,0.9645,9,9,0,179.0658,0.0,179.0658,2179.0658,0.02185,0,9,2179.0658,0.0,0.0,from_trough,SOXL3S_aug_trough
SOXL3S_USDT,SOXL3S_aug_high,0.0,0.2,10,none,False,6274,0.5717,0.9645,9,9,0,179.0658,0.0,179.0658,2179.0658,0.222335,0,9,2179.0658,0.0,0.0,from_high,SOXL3S_aug_high
SOXL3S_USDT,SOXL3S_jun_high,0.0,0.2,10,none,True,2446,1.12385,1.83695,9,9,0,179.0658,0.0,179.0658,2179.0658,0.139576,0,9,2179.0658,0.0,0.0,from_high,SOXL3S_jun_high
SNXX3L_USDT,SNXX3L_open_high,0.0,0.2,10,none,True,1469,1.00171,2.35386,9,9,0,179.0658,0.0,179.0658,2179.0658,0.070129,0,9,2179.0658,0.0,0.0,from_high,SNXX3L_open_high
SOXL3L_USDT,SOXL3L_jun_high,0.0,0.2,10,none,True,3860,0.80587,0.87982,5,5,0,59.4906,73.4113,132.6979,2132.6979,0.472133,0,9,1259.2866,873.4113,0.0,from_high,SOXL3L_jun_high
SOXL3S_USDT,SOXL3S_jun_trough,0.0,0.2,10,none,True,1906,0.72385,1.83695,9,9,0,179.0658,0.0,179.0658,2179.0658,0.015323,0,9,2179.0658,0.0,0.0,from_trough,SOXL3S_jun_trough
SNXX3L_USDT,SNXX3L_aug_trough,0.0,0.2,10,none,False,7892,0.56854,4.04558,9,9,0,179.0658,0.0,179.0658,2179.0658,0.121806,0,9,2179.0658,0.0,0.0,from_trough,SNXX3L_aug_trough
SOXL3L_USDT,SOXL3L_jun_trough,0.0,0.2,10,none,True,1906,0.46705,0.87982,9,9,0,179.0658,0.0,179.0658,2179.0658,0.05191,0,9,2179.0658,0.0,-0.0,from_trough,SOXL3L_jun_trough
SNXX3L_USDT,SNXX3L_aug_high,0.0,0.2,10,none,True,14773,2.17321,4.04558,9,9,0,179.0658,0.0,179.0658,2179.0658,0.169616,0,9,2179.0658,0.0,-0.0,from_high,SNXX3L_aug_high
SNXX3L_USDT,SNXX3L_open_trough,0.0,0.2,10,none,True,1078,0.53062,2.35386,9,9,0,179.0658,0.0,179.0658,2179.0658,0.017359,0,9,2179.0658,0.0,0.0,from_trough,SNXX3L_open_trough
SNXX3L_USDT,SNXX3L_aug_trough,0.0,0.2,10,none,True,7892,0.56854,4.04558,9,9,0,179.0658,0.0,179.0658,2179.0658,0.121806,0,9,2179.0658,0.0,0.0,from_trough,SNXX3L_aug_trough
SOXL3S_USDT,SOXL3S_aug_trough,0.0,0.2,10,none,True,5412,0.465,0.9645,9,9,0,179.0658,0.0,179.0658,2179.0658,0.02185,0,9,2179.0658,0.0,0.0,from_trough,SOXL3S_aug_trough
SOXL3S_USDT,SOXL3S_aug_high,0.0,0.2,10,none,True,6274,0.5717,0.9645,9,9,0,179.0658,0.0,179.0658,2179.0658,0.222335,0,9,2179.0658,0.0,0.0,from_high,SOXL3S_aug_high
SOXL3L_USDT,SOXL3L_jun_trough,0.0,0.2,10,up,False,1906,0.46705,0.87982,65,65,0,325.2734,-1.305,323.8724,2323.8724,0.05191,35,9,1925.1774,398.695,-0.0,from_trough,SOXL3L_jun_trough
SOXL3L_USDT,SOXL3L_jun_high,0.0,0.2,10,up,False,3860,0.80587,0.87982,5,5,0,59.4906,73.4113,132.6979,2132.6979,0.472133,0,9,1259.2866,873.4113,0.0,from_high,SOXL3L_jun_high
SNXX3L_USDT,SNXX3L_open_trough,0.0,0.2,10,up,False,1078,0.53062,2.35386,157,157,0,387.596,-32.4719,354.6441,2354.6441,0.204633,170,9,387.116,1967.5281,-0.0,from_trough,SNXX3L_open_trough
SNXX3L_USDT,SNXX3L_open_high,0.0,0.2,10,up,False,1469,1.00171,2.35386,153,153,0,546.3392,-19.9221,526.1291,2526.1291,0.586556,62,9,1346.0512,1180.0779,-0.0,from_high,SNXX3L_open_high
SOXL3S_USDT,SOXL3S_jun_high,0.0,0.2,10,up,False,2446,1.12385,1.83695,83,83,0,379.3571,-221.8212,157.0078,2157.0078,0.231224,36,9,178.8291,1978.1788,0.0,from_high,SOXL3S_jun_high
SOXL3S_USDT,SOXL3S_jun_trough,0.0,0.2,10,up,False,1906,0.72385,1.83695,190,190,0,542.3407,-260.5056,281.3071,2281.3071,0.231781,89,9,341.8127,1939.4944,-0.0,from_trough,SOXL3S_jun_trough
SNXX3L_USDT,SNXX3L_aug_high,0.0,0.2,10,up,False,14773,2.17321,4.04558,137,137,0,520.6507,-56.0283,464.2864,2464.2864,0.169616,40,9,1120.3147,1343.9717,-0.0,from_high,SNXX3L_aug_high
SOXL3S_USDT,SOXL3S_aug_high,0.0,0.2,10,up,False,6274,0.5717,0.9645,263,263,0,913.2931,-41.8664,871.0907,2871.0907,0.222335,30,9,1512.9571,1358.1336,-0.0,from_high,SOXL3S_aug_high
SNXX3L_USDT,SNXX3L_aug_trough,0.0,0.2,10,up,False,7892,0.56854,4.04558,716,716,0,1061.043,-129.1385,931.3765,2931.3765,0.134021,323,9,860.515,2070.8615,-0.0,from_trough,SNXX3L_aug_trough
SOXL3S_USDT,SOXL3S_aug_trough,0.0,0.2,10,up,False,5412,0.465,0.9645,330,330,0,926.8444,-54.3343,872.0781,2872.0781,0.183763,51,9,1126.4124,1745.6657,0.0,from_trough,SOXL3S_aug_trough
SOXL3S_USDT,SOXL3S_jun_high,0.0,0.2,10,up,True,2446,1.12385,1.83695,9,9,0,179.0658,0.0,179.0658,2179.0658,0.139576,36,9,2179.0658,0.0,0.0,from_high,SOXL3S_jun_high
SOXL3L_USDT,SOXL3L_jun_trough,0.0,0.2,10,up,True,1906,0.46705,0.87982,9,9,0,179.0658,0.0,179.0658,2179.0658,0.05191,35,9,2179.0658,0.0,-0.0,from_trough,SOXL3L_jun_trough
SOXL3L_USDT,SOXL3L_jun_high,0.0,0.2,10,up,True,3860,0.80587,0.87982,5,5,0,59.4906,73.4113,132.6979,2132.6979,0.472133,0,9,1259.2866,873.4113,0.0,from_high,SOXL3L_jun_high
SOXL3S_USDT,SOXL3S_jun_trough,0.0,0.2,10,up,True,1906,0.72385,1.83695,9,9,0,179.0658,0.0,179.0658,2179.0658,0.015323,89,9,2179.0658,0.0,0.0,from_trough,SOXL3S_jun_trough
SNXX3L_USDT,SNXX3L_open_trough,0.0,0.2,10,up,True,1078,0.53062,2.35386,9,9,0,179.0658,0.0,179.0658,2179.0658,0.017359,170,9,2179.0658,0.0,0.0,from_trough,SNXX3L_open_trough
SNXX3L_USDT,SNXX3L_open_high,0.0,0.2,10,up,True,1469,1.00171,2.35386,9,9,0,179.0658,0.0,179.0658,2179.0658,0.070129,62,9,2179.0658,0.0,0.0,from_high,SNXX3L_open_high
SNXX3L_USDT,SNXX3L_aug_trough,0.0,0.2,10,up,True,7892,0.56854,4.04558,9,9,0,179.0658,0.0,179.0658,2179.0658,0.121806,323,9,2179.0658,0.0,0.0,from_trough,SNXX3L_aug_trough
SNXX3L_USDT,SNXX3L_aug_high,0.0,0.2,10,up,True,14773,2.17321,4.04558,9,9,0,179.0658,0.0,179.0658,2179.0658,0.169616,40,9,2179.0658,0.0,-0.0,from_high,SNXX3L_aug_high
SOXL3S_USDT,SOXL3S_aug_trough,0.0,0.2,10,up,True,5412,0.465,0.9645,9,9,0,179.0658,0.0,179.0658,2179.0658,0.02185,51,9,2179.0658,0.0,0.0,from_trough,SOXL3S_aug_trough
SOXL3L_USDT,SOXL3L_jun_high,0.0,0.2,10,both,False,3860,0.80587,0.87982,54,32,22,-206.9176,0.6811,-206.3324,1793.6676,0.211926,53,9,1392.9864,400.6811,-0.0,from_high,SOXL3L_jun_high
SNXX3L_USDT,SNXX3L_open_trough,0.0,0.2,10,both,False,1078,0.53062,2.35386,200,142,58,-435.4723,0.0,-435.4723,1564.5277,0.284705,275,9,1564.5277,0.0,-0.0,from_trough,SNXX3L_open_trough
SNXX3L_USDT,SNXX3L_open_high,0.0,0.2,10,both,False,1469,1.00171,2.35386,122,73,49,-1232.4595,0.0,-1232.4595,767.5405,0.732586,185,9,767.5405,0.0,-0.0,from_high,SNXX3L_open_high
SOXL3S_USDT,SOXL3S_jun_high,0.0,0.2,10,both,False,2446,1.12385,1.83695,159,129,30,-138.7609,-20.2779,-159.2308,1840.7692,0.213885,97,9,1061.0471,779.7221,0.0,from_high,SOXL3S_jun_high
SOXL3S_USDT,SOXL3S_jun_trough,0.0,0.2,10,both,False,1906,0.72385,1.83695,209,151,58,-393.7541,0.0,-393.7541,1606.2459,0.295231,171,9,1606.2459,0.0,-0.0,from_trough,SOXL3S_jun_trough
SOXL3S_USDT,SOXL3S_aug_high,0.0,0.2,10,up,True,6274,0.5717,0.9645,9,9,0,179.0658,0.0,179.0658,2179.0658,0.222335,30,9,2179.0658,0.0,0.0,from_high,SOXL3S_aug_high
SOXL3L_USDT,SOXL3L_jun_trough,0.0,0.2,10,both,False,1906,0.46705,0.87982,95,81,14,-194.9037,-1.305,-196.3047,1803.6953,0.330827,65,9,1405.0003,398.695,-0.0,from_trough,SOXL3L_jun_trough
SNXX3L_USDT,SNXX3L_aug_trough,0.0,0.2,10,both,False,7892,0.56854,4.04558,721,493,228,-1496.2494,-1.7901,-1498.0875,501.9125,0.753588,1030,9,303.7026,198.2099,0.0,from_trough,SNXX3L_aug_trough
SOXL3S_USDT,SOXL3S_aug_trough,0.0,0.2,10,both,False,5412,0.465,0.9645,286,230,56,190.6706,0.0,190.6706,2190.6706,0.095877,129,9,2190.6706,0.0,0.0,from_trough,SOXL3S_aug_trough
SOXL3S_USDT,SOXL3S_aug_high,0.0,0.2,10,both,False,6274,0.5717,0.9645,228,170,58,-396.4622,0.0,-396.4622,1603.5378,0.246135,94,9,1603.5378,0.0,0.0,from_high,SOXL3S_aug_high
SOXL3S_USDT,SOXL3S_jun_high,0.0,0.2,10,both,True,2446,1.12385,1.83695,9,6,3,55.0956,0.0,55.0956,2055.0956,0.050186,97,9,2055.0956,0.0,0.0,from_high,SOXL3S_jun_high
SNXX3L_USDT,SNXX3L_aug_high,0.0,0.2,10,both,False,14773,2.17321,4.04558,252,191,61,-57.1839,-20.1784,-77.5543,1922.4457,0.258044,145,9,1142.6241,779.8216,-0.0,from_high,SNXX3L_aug_high
SOXL3L_USDT,SOXL3L_jun_trough,0.0,0.2,10,both,True,1906,0.46705,0.87982,9,6,3,55.0956,0.0,55.0956,2055.0956,0.049163,65,9,2055.0956,0.0,-0.0,from_trough,SOXL3L_jun_trough
SOXL3S_USDT,SOXL3S_jun_trough,0.0,0.2,10,both,True,1906,0.72385,1.83695,9,9,0,179.0658,0.0,179.0658,2179.0658,0.015323,171,9,2179.0658,0.0,0.0,from_trough,SOXL3S_jun_trough
SNXX3L_USDT,SNXX3L_open_high,0.0,0.2,10,both,True,1469,1.00171,2.35386,9,3,6,-4.89,0.0,-4.89,1995.11,0.060589,185,9,1995.11,0.0,0.0,from_high,SNXX3L_open_high
SNXX3L_USDT,SNXX3L_open_trough,0.0,0.2,10,both,True,1078,0.53062,2.35386,9,9,0,179.0658,0.0,179.0658,2179.0658,0.017359,275,9,2179.0658,0.0,0.0,from_trough,SNXX3L_open_trough
SNXX3L_USDT,SNXX3L_aug_trough,0.0,0.2,10,both,True,7892,0.56854,4.04558,9,3,6,-12.8881,0.0,-12.8881,1987.1119,0.063449,1030,9,1987.1119,0.0,0.0,from_trough,SNXX3L_aug_trough
SOXL3S_USDT,SOXL3S_aug_high,0.0,0.2,10,both,True,6274,0.5717,0.9645,9,0,9,-188.8459,0.0,-188.8459,1811.1541,0.111689,94,9,1811.1541,0.0,0.0,from_high,SOXL3S_aug_high
SOXL3S_USDT,SOXL3S_aug_trough,0.0,0.2,10,both,True,5412,0.465,0.9645,9,9,0,179.0658,0.0,179.0658,2179.0658,0.02185,129,9,2179.0658,0.0,0.0,from_trough,SOXL3S_aug_trough
SOXL3L_USDT,SOXL3L_jun_high,0.0,0.2,10,both,True,3860,0.80587,0.87982,9,1,8,-168.8507,0.0,-168.8507,1831.1493,0.107275,53,9,1831.1493,0.0,0.0,from_high,SOXL3L_jun_high
SNXX3L_USDT,SNXX3L_aug_high,0.0,0.2,10,both,True,14773,2.17321,4.04558,9,0,9,-120.8622,0.0,-120.8622,1879.1378,0.086333,145,9,1879.1378,0.0,-0.0,from_high,SNXX3L_aug_high
SOXL3L_USDT,SOXL3L_jun_high,0.0,0.2,20,none,False,3860,0.80587,0.87982,11,11,0,65.4397,73.4113,138.647,2138.647,0.501284,0,19,1265.2357,873.4113,0.0,from_high,SOXL3L_jun_high
SOXL3L_USDT,SOXL3L_jun_trough,0.0,0.2,20,none,False,1906,0.46705,0.87982,19,19,0,189.0139,0.0,189.0139,2189.0139,0.060386,0,19,2189.0139,0.0,-0.0,from_trough,SOXL3L_jun_trough
SOXL3S_USDT,SOXL3S_jun_high,0.0,0.2,20,none,False,2446,1.12385,1.83695,19,19,0,189.0139,0.0,189.0139,2189.0139,0.139129,0,19,2189.0139,0.0,0.0,from_high,SOXL3S_jun_high
SNXX3L_USDT,SNXX3L_open_high,0.0,0.2,20,none,False,1469,1.00171,2.35386,19,19,0,189.0139,0.0,189.0139,2189.0139,0.075857,0,19,2189.0139,0.0,-0.0,from_high,SNXX3L_open_high
SNXX3L_USDT,SNXX3L_open_trough,0.0,0.2,20,none,False,1078,0.53062,2.35386,19,19,0,189.0139,0.0,189.0139,2189.0139,0.017295,0,19,2189.0139,0.0,-0.0,from_trough,SNXX3L_open_trough
SOXL3S_USDT,SOXL3S_jun_trough,0.0,0.2,20,none,False,1906,0.72385,1.83695,19,19,0,189.0139,0.0,189.0139,2189.0139,0.019084,0,19,2189.0139,0.0,0.0,from_trough,SOXL3S_jun_trough
SNXX3L_USDT,SNXX3L_aug_trough,0.0,0.2,20,none,False,7892,0.56854,4.04558,19,19,0,189.0139,0.0,189.0139,2189.0139,0.123148,0,19,2189.0139,0.0,0.0,from_trough,SNXX3L_aug_trough
SNXX3L_USDT,SNXX3L_aug_high,0.0,0.2,20,none,False,14773,2.17321,4.04558,19,19,0,189.0139,0.0,189.0139,2189.0139,0.211311,0,19,2189.0139,0.0,-0.0,from_high,SNXX3L_aug_high
SOXL3S_USDT,SOXL3S_aug_trough,0.0,0.2,20,none,False,5412,0.465,0.9645,19,19,0,189.0139,0.0,189.0139,2189.0139,0.021839,0,19,2189.0139,0.0,-0.0,from_trough,SOXL3S_aug_trough
SNXX3L_USDT,SNXX3L_open_high,0.0,0.2,20,none,True,1469,1.00171,2.35386,19,19,0,189.0139,0.0,189.0139,2189.0139,0.075857,0,19,2189.0139,0.0,-0.0,from_high,SNXX3L_open_high
SOXL3S_USDT,SOXL3S_jun_high,0.0,0.2,20,none,True,2446,1.12385,1.83695,19,19,0,189.0139,0.0,189.0139,2189.0139,0.139129,0,19,2189.0139,0.0,0.0,from_high,SOXL3S_jun_high
SNXX3L_USDT,SNXX3L_open_trough,0.0,0.2,20,none,True,1078,0.53062,2.35386,19,19,0,189.0139,0.0,189.0139,2189.0139,0.017295,0,19,2189.0139,0.0,-0.0,from_trough,SNXX3L_open_trough
SOXL3L_USDT,SOXL3L_jun_high,0.0,0.2,20,none,True,3860,0.80587,0.87982,11,11,0,65.4397,73.4113,138.647,2138.647,0.501284,0,19,1265.2357,873.4113,0.0,from_high,SOXL3L_jun_high
SOXL3L_USDT,SOXL3L_jun_trough,0.0,0.2,20,none,True,1906,0.46705,0.87982,19,19,0,189.0139,0.0,189.0139,2189.0139,0.060386,0,19,2189.0139,0.0,-0.0,from_trough,SOXL3L_jun_trough
SOXL3S_USDT,SOXL3S_jun_trough,0.0,0.2,20,none,True,1906,0.72385,1.83695,19,19,0,189.0139,0.0,189.0139,2189.0139,0.019084,0,19,2189.0139,0.0,0.0,from_trough,SOXL3S_jun_trough
SNXX3L_USDT,SNXX3L_aug_trough,0.0,0.2,20,none,True,7892,0.56854,4.04558,19,19,0,189.0139,0.0,189.0139,2189.0139,0.123148,0,19,2189.0139,0.0,0.0,from_trough,SNXX3L_aug_trough
SNXX3L_USDT,SNXX3L_aug_high,0.0,0.2,20,none,True,14773,2.17321,4.04558,19,19,0,189.0139,0.0,189.0139,2189.0139,0.211311,0,19,2189.0139,0.0,-0.0,from_high,SNXX3L_aug_high
SOXL3S_USDT,SOXL3S_aug_high,0.0,0.2,20,none,False,6274,0.5717,0.9645,19,19,0,189.0139,0.0,189.0139,2189.0139,0.23469,0,19,2189.0139,0.0,-0.0,from_high,SOXL3S_aug_high
SOXL3S_USDT,SOXL3S_aug_high,0.0,0.2,20,none,True,6274,0.5717,0.9645,19,19,0,189.0139,0.0,189.0139,2189.0139,0.23469,0,19,2189.0139,0.0,-0.0,from_high,SOXL3S_aug_high
SOXL3S_USDT,SOXL3S_aug_trough,0.0,0.2,20,none,True,5412,0.465,0.9645,19,19,0,189.0139,0.0,189.0139,2189.0139,0.021839,0,19,2189.0139,0.0,-0.0,from_trough,SOXL3S_aug_trough
SOXL3L_USDT,SOXL3L_jun_trough,0.0,0.2,20,up,False,1906,0.46705,0.87982,158,158,0,275.9208,-2.3542,273.4706,2273.4706,0.060386,71,19,1875.8248,397.6458,0.0,from_trough,SOXL3L_jun_trough
SOXL3S_USDT,SOXL3S_jun_high,0.0,0.2,20,up,False,2446,1.12385,1.83695,205,205,0,310.0551,-222.269,87.2821,2087.2821,0.219671,73,19,209.5511,1877.731,0.0,from_high,SOXL3S_jun_high
SOXL3L_USDT,SOXL3L_jun_high,0.0,0.2,20,up,False,3860,0.80587,0.87982,11,11,0,65.4397,73.4113,138.647,2138.647,0.501284,0,19,1265.2357,873.4113,0.0,from_high,SOXL3L_jun_high
SNXX3L_USDT,SNXX3L_open_trough,0.0,0.2,20,up,False,1078,0.53062,2.35386,330,330,0,294.7314,-35.0123,259.2631,2259.2631,0.207628,341,19,394.2754,1864.9877,0.0,from_trough,SNXX3L_open_trough
SNXX3L_USDT,SNXX3L_open_high,0.0,0.2,20,up,False,1469,1.00171,2.35386,342,342,0,381.6268,-18.2935,363.0693,2363.0693,0.57875,124,19,1281.3628,1081.7065,0.0,from_high,SNXX3L_open_high
SOXL3S_USDT,SOXL3S_jun_trough,0.0,0.2,20,up,False,1906,0.72385,1.83695,446,446,0,394.5469,-255.1504,138.8925,2138.8925,0.231006,179,19,294.0429,1844.8496,0.0,from_trough,SOXL3S_jun_trough
SNXX3L_USDT,SNXX3L_aug_trough,0.0,0.2,20,up,False,7892,0.56854,4.04558,1683,1683,0,707.72,-125.8917,581.3243,2581.3243,0.140736,647,19,607.216,1974.1083,-0.0,from_trough,SNXX3L_aug_trough
SNXX3L_USDT,SNXX3L_aug_high,0.0,0.2,20,up,False,14773,2.17321,4.04558,352,352,0,403.133,-52.5435,350.2535,2350.2535,0.211311,80,19,1002.797,1347.4565,-0.0,from_high,SNXX3L_aug_high
SOXL3S_USDT,SOXL3S_aug_high,0.0,0.2,20,up,False,6274,0.5717,0.9645,704,704,0,665.9291,-45.7509,619.8423,2619.8423,0.23469,61,19,1265.5931,1354.2491,-0.0,from_high,SOXL3S_aug_high
SOXL3S_USDT,SOXL3S_jun_high,0.0,0.2,20,up,True,2446,1.12385,1.83695,19,19,0,189.0139,0.0,189.0139,2189.0139,0.139129,73,19,2189.0139,0.0,0.0,from_high,SOXL3S_jun_high
SOXL3L_USDT,SOXL3L_jun_trough,0.0,0.2,20,up,True,1906,0.46705,0.87982,19,19,0,189.0139,0.0,189.0139,2189.0139,0.060386,71,19,2189.0139,0.0,-0.0,from_trough,SOXL3L_jun_trough
SNXX3L_USDT,SNXX3L_open_high,0.0,0.2,20,up,True,1469,1.00171,2.35386,19,19,0,189.0139,0.0,189.0139,2189.0139,0.075857,124,19,2189.0139,0.0,-0.0,from_high,SNXX3L_open_high
SNXX3L_USDT,SNXX3L_open_trough,0.0,0.2,20,up,True,1078,0.53062,2.35386,19,19,0,189.0139,0.0,189.0139,2189.0139,0.017295,341,19,2189.0139,0.0,-0.0,from_trough,SNXX3L_open_trough
SOXL3S_USDT,SOXL3S_jun_trough,0.0,0.2,20,up,True,1906,0.72385,1.83695,19,19,0,189.0139,0.0,189.0139,2189.0139,0.019084,179,19,2189.0139,0.0,0.0,from_trough,SOXL3S_jun_trough
SOXL3L_USDT,SOXL3L_jun_high,0.0,0.2,20,up,True,3860,0.80587,0.87982,11,11,0,65.4397,73.4113,138.647,2138.647,0.501284,0,19,1265.2357,873.4113,0.0,from_high,SOXL3L_jun_high
SOXL3S_USDT,SOXL3S_aug_trough,0.0,0.2,20,up,False,5412,0.465,0.9645,822,822,0,638.8218,-52.1008,586.337,2586.337,0.180387,102,19,1038.4378,1547.8992,0.0,from_trough,SOXL3S_aug_trough
SNXX3L_USDT,SNXX3L_aug_high,0.0,0.2,20,up,True,14773,2.17321,4.04558,19,19,0,189.0139,0.0,189.0139,2189.0139,0.211311,80,19,2189.0139,0.0,-0.0,from_high,SNXX3L_aug_high
SNXX3L_USDT,SNXX3L_aug_trough,0.0,0.2,20,up,True,7892,0.56854,4.04558,19,19,0,189.0139,0.0,189.0139,2189.0139,0.123148,647,19,2189.0139,0.0,0.0,from_trough,SNXX3L_aug_trough
SOXL3S_USDT,SOXL3S_aug_high,0.0,0.2,20,up,True,6274,0.5717,0.9645,19,19,0,189.0139,0.0,189.0139,2189.0139,0.23469,61,19,2189.0139,0.0,-0.0,from_high,SOXL3S_aug_high
SOXL3L_USDT,SOXL3L_jun_high,0.0,0.2,20,both,False,3860,0.80587,0.87982,116,77,39,-259.8745,-2.2297,-262.1763,1737.8237,0.197275,107,19,1440.0535,297.7703,0.0,from_high,SOXL3L_jun_high
SOXL3S_USDT,SOXL3S_aug_trough,0.0,0.2,20,up,True,5412,0.465,0.9645,19,19,0,189.0139,0.0,189.0139,2189.0139,0.021839,102,19,2189.0139,0.0,-0.0,from_trough,SOXL3S_aug_trough
SOXL3L_USDT,SOXL3L_jun_trough,0.0,0.2,20,both,False,1906,0.46705,0.87982,225,196,29,-328.1725,-2.3542,-330.6227,1669.3773,0.333063,135,19,1271.7315,397.6458,0.0,from_trough,SOXL3L_jun_trough
SNXX3L_USDT,SNXX3L_open_trough,0.0,0.2,20,both,False,1078,0.53062,2.35386,420,297,123,-535.0811,0.0,-535.0811,1464.9189,0.331881,567,19,1464.9189,0.0,0.0,from_trough,SNXX3L_open_trough
SOXL3S_USDT,SOXL3S_jun_high,0.0,0.2,20,both,False,2446,1.12385,1.83695,372,312,60,-264.5875,-8.6522,-273.3837,1726.6163,0.222843,198,19,1135.2685,591.3478,0.0,from_high,SOXL3S_jun_high
SOXL3S_USDT,SOXL3S_jun_trough,0.0,0.2,20,both,False,1906,0.72385,1.83695,455,337,118,-313.7949,0.0,-313.7949,1686.2051,0.251537,355,19,1686.2051,0.0,-0.0,from_trough,SOXL3S_jun_trough
SNXX3L_USDT,SNXX3L_open_high,0.0,0.2,20,both,False,1469,1.00171,2.35386,264,171,93,-1263.8878,0.0,-1263.8878,736.1122,0.73837,382,19,736.1122,0.0,0.0,from_high,SNXX3L_open_high
SNXX3L_USDT,SNXX3L_aug_trough,0.0,0.2,20,both,False,7892,0.56854,4.04558,1600,1177,423,-1599.4335,-4.8743,-1604.3558,395.6442,0.804561,2126,19,200.5185,195.1257,0.0,from_trough,SNXX3L_aug_trough
SOXL3S_USDT,SOXL3S_jun_high,0.0,0.2,20,both,True,2446,1.12385,1.83695,19,13,6,63.0441,0.0,63.0441,2063.0441,0.04932,198,19,2063.0441,0.0,0.0,from_high,SOXL3S_jun_high
SNXX3L_USDT,SNXX3L_aug_high,0.0,0.2,20,both,False,14773,2.17321,4.04558,638,498,140,-1015.8511,-18.1257,-1034.1688,965.8312,0.616721,306,19,183.9569,781.8743,-0.0,from_high,SNXX3L_aug_high
SOXL3S_USDT,SOXL3S_aug_trough,0.0,0.2,20,both,False,5412,0.465,0.9645,695,566,129,-263.0306,0.0,-263.0306,1736.9694,0.218261,268,19,1736.9694,0.0,0.0,from_trough,SOXL3S_aug_trough
SOXL3L_USDT,SOXL3L_jun_trough,0.0,0.2,20,both,True,1906,0.46705,0.87982,19,13,6,58.0453,0.0,58.0453,2058.0453,0.033567,135,19,2058.0453,0.0,-0.0,from_trough,SOXL3L_jun_trough
SOXL3L_USDT,SOXL3L_jun_high,0.0,0.2,20,both,True,3860,0.80587,0.87982,19,2,17,-197.8932,0.0,-197.8932,1802.1068,0.121138,107,19,1802.1068,0.0,0.0,from_high,SOXL3L_jun_high
SOXL3S_USDT,SOXL3S_jun_trough,0.0,0.2,20,both,True,1906,0.72385,1.83695,19,19,0,189.0139,0.0,189.0139,2189.0139,0.019084,355,19,2189.0139,0.0,0.0,from_trough,SOXL3S_jun_trough
SNXX3L_USDT,SNXX3L_open_high,0.0,0.2,20,both,True,1469,1.00171,2.35386,19,9,10,2.0588,0.0,2.0588,2002.0588,0.068713,382,19,2002.0588,0.0,-0.0,from_high,SNXX3L_open_high
SNXX3L_USDT,SNXX3L_aug_trough,0.0,0.2,20,both,True,7892,0.56854,4.04558,19,7,12,-7.9388,0.0,-7.9388,1992.0612,0.056453,2126,19,1992.0612,0.0,0.0,from_trough,SNXX3L_aug_trough
SNXX3L_USDT,SNXX3L_open_trough,0.0,0.2,20,both,True,1078,0.53062,2.35386,19,19,0,189.0139,0.0,189.0139,2189.0139,0.017295,567,19,2189.0139,0.0,-0.0,from_trough,SNXX3L_open_trough
SNXX3L_USDT,SNXX3L_aug_high,0.0,0.2,20,both,True,14773,2.17321,4.04558,19,0,19,-129.9095,0.0,-129.9095,1870.0905,0.070287,306,19,1870.0905,0.0,-0.0,from_high,SNXX3L_aug_high
SOXL3S_USDT,SOXL3S_aug_high,0.0,0.2,20,both,False,6274,0.5717,0.9645,543,432,111,-577.3757,0.0,-577.3757,1422.6243,0.303415,201,19,1422.6243,0.0,-0.0,from_high,SOXL3S_aug_high
SOXL3S_USDT,SOXL3S_aug_trough,0.0,0.2,20,both,True,5412,0.465,0.9645,19,17,2,135.0269,0.0,135.0269,2135.0269,0.021839,268,19,2135.0269,0.0,-0.0,from_trough,SOXL3S_aug_trough
SOXL3L_USDT,SOXL3L_jun_high,0.02,0.05,10,none,False,3860,0.80587,0.87982,14,14,0,47.9311,0.0,47.9311,2047.9311,0.407199,0,8,2047.9311,0.0,-0.0,from_high,SOXL3L_jun_high
SOXL3L_USDT,SOXL3L_jun_trough,0.02,0.05,10,none,False,1906,0.46705,0.87982,25,25,0,62.4143,0.0,62.4143,2062.4143,0.076552,0,8,2062.4143,0.0,-0.0,from_trough,SOXL3L_jun_trough
SNXX3L_USDT,SNXX3L_open_high,0.02,0.05,10,none,False,1469,1.00171,2.35386,35,35,0,75.7163,0.0,75.7163,2075.7163,0.154403,0,8,2075.7163,0.0,0.0,from_high,SNXX3L_open_high
SOXL3S_USDT,SOXL3S_aug_high,0.0,0.2,20,both,True,6274,0.5717,0.9645,19,0,19,-191.8947,0.0,-191.8947,1808.1053,0.110955,201,19,1808.1053,0.0,-0.0,from_high,SOXL3S_aug_high
SNXX3L_USDT,SNXX3L_open_trough,0.02,0.05,10,none,False,1078,0.53062,2.35386,8,8,0,39.9982,0.0,39.9982,2039.9982,0.0,0,8,2039.9982,0.0,0.0,from_trough,SNXX3L_open_trough
SOXL3S_USDT,SOXL3S_jun_trough,0.02,0.05,10,none,False,1906,0.72385,1.83695,8,8,0,39.9982,0.0,39.9982,2039.9982,0.002566,0,8,2039.9982,0.0,0.0,from_trough,SOXL3S_jun_trough
SNXX3L_USDT,SNXX3L_aug_high,0.02,0.05,10,none,False,14773,2.17321,4.04558,38,38,0,79.6726,0.0,79.6726,2079.6726,0.225958,0,8,2079.6726,0.0,-0.0,from_high,SNXX3L_aug_high
SNXX3L_USDT,SNXX3L_aug_trough,0.02,0.05,10,none,False,7892,0.56854,4.04558,49,49,0,94.2967,0.0,94.2967,2094.2967,0.061481,0,8,2094.2967,0.0,0.0,from_trough,SNXX3L_aug_trough
SOXL3S_USDT,SOXL3S_jun_high,0.02,0.05,10,none,False,2446,1.12385,1.83695,54,54,0,100.847,0.0,100.847,2100.847,0.105369,0,8,2100.847,0.0,0.0,from_high,SOXL3S_jun_high
SOXL3S_USDT,SOXL3S_aug_high,0.02,0.05,10,none,False,6274,0.5717,0.9645,13,13,0,46.5889,0.0,46.5889,2046.5889,0.221899,0,8,2046.5889,0.0,0.0,from_high,SOXL3S_aug_high
SNXX3L_USDT,SNXX3L_open_high,0.02,0.05,10,none,True,1469,1.00171,2.35386,8,8,0,39.9982,0.0,39.9982,2039.9982,0.0,0,8,2039.9982,0.0,-0.0,from_high,SNXX3L_open_high
SOXL3S_USDT,SOXL3S_aug_trough,0.02,0.05,10,none,False,5412,0.465,0.9645,10,10,0,42.6324,0.0,42.6324,2042.6324,0.015416,0,8,2042.6324,0.0,0.0,from_trough,SOXL3S_aug_trough
SOXL3S_USDT,SOXL3S_jun_high,0.02,0.05,10,none,True,2446,1.12385,1.83695,8,8,0,39.9982,0.0,39.9982,2039.9982,0.002467,0,8,2039.9982,0.0,0.0,from_high,SOXL3S_jun_high
SOXL3L_USDT,SOXL3L_jun_trough,0.02,0.05,10,none,True,1906,0.46705,0.87982,8,8,0,39.9982,0.0,39.9982,2039.9982,0.017642,0,8,2039.9982,0.0,-0.0,from_trough,SOXL3L_jun_trough
SOXL3S_USDT,SOXL3S_jun_trough,0.02,0.05,10,none,True,1906,0.72385,1.83695,8,8,0,39.9982,0.0,39.9982,2039.9982,0.002566,0,8,2039.9982,0.0,0.0,from_trough,SOXL3S_jun_trough
SOXL3L_USDT,SOXL3L_jun_high,0.02,0.05,10,none,True,3860,0.80587,0.87982,8,8,0,39.9982,0.0,39.9982,2039.9982,0.237785,0,8,2039.9982,0.0,-0.0,from_high,SOXL3L_jun_high
SNXX3L_USDT,SNXX3L_open_trough,0.02,0.05,10,none,True,1078,0.53062,2.35386,8,8,0,39.9982,0.0,39.9982,2039.9982,0.0,0,8,2039.9982,0.0,0.0,from_trough,SNXX3L_open_trough
SOXL3S_USDT,SOXL3S_aug_high,0.02,0.05,10,none,True,6274,0.5717,0.9645,8,8,0,39.9982,0.0,39.9982,2039.9982,0.197626,0,8,2039.9982,0.0,0.0,from_high,SOXL3S_aug_high
SOXL3S_USDT,SOXL3S_aug_trough,0.02,0.05,10,none,True,5412,0.465,0.9645,8,8,0,39.9982,0.0,39.9982,2039.9982,0.014602,0,8,2039.9982,0.0,0.0,from_trough,SOXL3S_aug_trough
SOXL3S_USDT,SOXL3S_jun_high,0.02,0.05,10,up,False,2446,1.12385,1.83695,182,182,0,206.3939,-297.1286,-91.2627,1908.7373,0.412034,125,8,5.8659,1902.8714,0.0,from_high,SOXL3S_jun_high
SNXX3L_USDT,SNXX3L_aug_trough,0.02,0.05,10,none,True,7892,0.56854,4.04558,8,8,0,39.9982,0.0,39.9982,2039.9982,0.047068,0,8,2039.9982,0.0,0.0,from_trough,SNXX3L_aug_trough
SOXL3S_USDT,SOXL3S_jun_trough,0.02,0.05,10,up,False,1906,0.72385,1.83695,354,354,0,284.0359,-314.3664,-30.8585,1969.1415,0.284855,278,8,83.5079,1885.6336,0.0,from_trough,SOXL3S_jun_trough
SOXL3L_USDT,SOXL3L_jun_trough,0.02,0.05,10,up,False,1906,0.46705,0.87982,238,238,0,249.8508,-6.9412,242.6696,2242.6696,0.355618,123,8,1249.6108,993.0588,-0.0,from_trough,SOXL3L_jun_trough
SOXL3L_USDT,SOXL3L_jun_high,0.02,0.05,10,up,False,3860,0.80587,0.87982,27,27,0,63.7451,-2.6874,60.8656,2060.8656,0.407199,8,8,1263.5531,797.3126,-0.0,from_high,SOXL3L_jun_high
SNXX3L_USDT,SNXX3L_aug_high,0.02,0.05,10,none,True,14773,2.17321,4.04558,8,8,0,39.9982,0.0,39.9982,2039.9982,0.084025,0,8,2039.9982,0.0,-0.0,from_high,SNXX3L_aug_high
SNXX3L_USDT,SNXX3L_open_high,0.02,0.05,10,up,False,1469,1.00171,2.35386,200,200,0,198.0803,-51.0013,146.5989,2146.5989,0.612061,199,8,197.6003,1948.9987,0.0,from_high,SNXX3L_open_high
SNXX3L_USDT,SNXX3L_open_trough,0.02,0.05,10,up,False,1078,0.53062,2.35386,244,244,0,153.671,-63.4546,89.7364,2089.7364,0.252056,509,8,153.191,1936.5454,0.0,from_trough,SNXX3L_open_trough
SNXX3L_USDT,SNXX3L_aug_trough,0.02,0.05,10,up,False,7892,0.56854,4.04558,1062,1062,0,563.0729,-150.1442,412.4007,2412.4007,0.181307,946,8,362.5449,2049.8558,0.0,from_trough,SNXX3L_aug_trough
SNXX3L_USDT,SNXX3L_aug_high,0.02,0.05,10,up,False,14773,2.17321,4.04558,390,390,0,392.7333,-117.6562,274.5491,2274.5491,0.770293,136,8,192.2053,2082.3438,0.0,from_high,SNXX3L_aug_high
SOXL3S_USDT,SOXL3S_aug_trough,0.02,0.05,10,up,False,5412,0.465,0.9645,351,351,0,297.2643,-117.0736,179.6627,2179.6627,0.228782,168,8,96.7363,2082.9264,0.0,from_trough,SOXL3S_aug_trough
SOXL3S_USDT,SOXL3S_aug_high,0.02,0.05,10,up,False,6274,0.5717,0.9645,320,320,0,320.5682,-112.1837,207.8565,2207.8565,0.226226,109,8,120.0402,2087.8163,-0.0,from_high,SOXL3S_aug_high
SOXL3L_USDT,SOXL3L_jun_high,0.02,0.05,10,up,True,3860,0.80587,0.87982,8,8,0,39.9982,0.0,39.9982,2039.9982,0.237785,8,8,2039.9982,0.0,-0.0,from_high,SOXL3L_jun_high
SOXL3S_USDT,SOXL3S_jun_high,0.02,0.05,10,up,True,2446,1.12385,1.83695,8,8,0,39.9982,0.0,39.9982,2039.9982,0.002467,125,8,2039.9982,0.0,0.0,from_high,SOXL3S_jun_high
SNXX3L_USDT,SNXX3L_open_high,0.02,0.05,10,up,True,1469,1.00171,2.35386,8,8,0,39.9982,0.0,39.9982,2039.9982,0.0,199,8,2039.9982,0.0,-0.0,from_high,SNXX3L_open_high
SOXL3L_USDT,SOXL3L_jun_trough,0.02,0.05,10,up,True,1906,0.46705,0.87982,8,8,0,39.9982,0.0,39.9982,2039.9982,0.017642,123,8,2039.9982,0.0,-0.0,from_trough,SOXL3L_jun_trough
SOXL3S_USDT,SOXL3S_jun_trough,0.02,0.05,10,up,True,1906,0.72385,1.83695,8,8,0,39.9982,0.0,39.9982,2039.9982,0.002566,278,8,2039.9982,0.0,0.0,from_trough,SOXL3S_jun_trough
SNXX3L_USDT,SNXX3L_open_trough,0.02,0.05,10,up,True,1078,0.53062,2.35386,8,8,0,39.9982,0.0,39.9982,2039.9982,0.0,509,8,2039.9982,0.0,0.0,from_trough,SNXX3L_open_trough
SNXX3L_USDT,SNXX3L_aug_trough,0.02,0.05,10,up,True,7892,0.56854,4.04558,8,8,0,39.9982,0.0,39.9982,2039.9982,0.047068,946,8,2039.9982,0.0,0.0,from_trough,SNXX3L_aug_trough
SNXX3L_USDT,SNXX3L_aug_high,0.02,0.05,10,up,True,14773,2.17321,4.04558,8,8,0,39.9982,0.0,39.9982,2039.9982,0.084025,136,8,2039.9982,0.0,-0.0,from_high,SNXX3L_aug_high
SOXL3S_USDT,SOXL3S_aug_high,0.02,0.05,10,up,True,6274,0.5717,0.9645,8,8,0,39.9982,0.0,39.9982,2039.9982,0.197626,109,8,2039.9982,0.0,0.0,from_high,SOXL3S_aug_high
SOXL3S_USDT,SOXL3S_aug_trough,0.02,0.05,10,up,True,5412,0.465,0.9645,8,8,0,39.9982,0.0,39.9982,2039.9982,0.014602,168,8,2039.9982,0.0,0.0,from_trough,SOXL3S_aug_trough
SOXL3L_USDT,SOXL3L_jun_high,0.02,0.05,10,both,False,3860,0.80587,0.87982,246,167,79,-688.764,-2.6874,-691.6434,1308.3566,0.411158,252,8,511.044,797.3126,0.0,from_high,SOXL3L_jun_high
SNXX3L_USDT,SNXX3L_open_trough,0.02,0.05,10,both,False,1078,0.53062,2.35386,334,185,149,-1203.5749,0.0,-1203.5749,796.4251,0.611907,1259,8,796.4251,0.0,0.0,from_trough,SNXX3L_open_trough
SOXL3L_USDT,SOXL3L_jun_trough,0.02,0.05,10,both,False,1906,0.46705,0.87982,301,224,77,-443.4465,0.0,-443.4465,1556.5535,0.252137,329,8,1556.5535,0.0,-0.0,from_trough,SOXL3L_jun_trough
SOXL3S_USDT,SOXL3S_jun_high,0.02,0.05,10,both,False,2446,1.12385,1.83695,341,218,123,-1259.3126,0.0,-1259.3126,740.6874,0.637414,574,8,740.6874,0.0,0.0,from_high,SOXL3S_jun_high
SNXX3L_USDT,SNXX3L_open_high,0.02,0.05,10,both,False,1469,1.00171,2.35386,211,97,114,-1752.3985,0.0,-1752.3985,247.6015,0.879376,1005,8,247.6015,0.0,-0.0,from_high,SNXX3L_open_high
SOXL3S_USDT,SOXL3S_jun_trough,0.02,0.05,10,both,False,1906,0.72385,1.83695,453,286,167,-1291.1931,-0.7645,-1292.1016,707.8984,0.664279,938,8,108.6629,599.2355,0.0,from_trough,SOXL3S_jun_trough
SNXX3L_USDT,SNXX3L_aug_trough,0.02,0.05,10,both,False,7892,0.56854,4.04558,649,403,246,-1800.0269,0.0,-1800.0269,199.9731,0.901032,6039,8,199.9731,0.0,0.0,from_trough,SNXX3L_aug_trough
SNXX3L_USDT,SNXX3L_aug_high,0.02,0.05,10,both,False,14773,2.17321,4.04558,628,416,212,-1566.3587,-15.2777,-1581.7325,418.2675,0.792048,942,8,33.5453,384.7223,-0.0,from_high,SNXX3L_aug_high
SOXL3L_USDT,SOXL3L_jun_high,0.02,0.05,10,both,True,3860,0.80587,0.87982,8,4,4,-32.7843,0.0,-32.7843,1967.2157,0.032628,252,8,1967.2157,0.0,0.0,from_high,SOXL3L_jun_high
SOXL3L_USDT,SOXL3L_jun_trough,0.02,0.05,10,both,True,1906,0.46705,0.87982,8,8,0,39.9982,0.0,39.9982,2039.9982,0.017642,329,8,2039.9982,0.0,-0.0,from_trough,SOXL3L_jun_trough
SOXL3S_USDT,SOXL3S_jun_high,0.02,0.05,10,both,True,2446,1.12385,1.83695,8,8,0,39.9982,0.0,39.9982,2039.9982,0.002467,574,8,2039.9982,0.0,0.0,from_high,SOXL3S_jun_high
SOXL3S_USDT,SOXL3S_aug_high,0.02,0.05,10,both,False,6274,0.5717,0.9645,526,313,213,-1626.5465,0.0,-1626.5465,373.4535,0.816181,811,8,373.4535,0.0,-0.0,from_high,SOXL3S_aug_high
SNXX3L_USDT,SNXX3L_open_high,0.02,0.05,10,both,True,1469,1.00171,2.35386,8,8,0,39.9982,0.0,39.9982,2039.9982,0.0,1005,8,2039.9982,0.0,-0.0,from_high,SNXX3L_open_high
SOXL3S_USDT,SOXL3S_jun_trough,0.02,0.05,10,both,True,1906,0.72385,1.83695,8,8,0,39.9982,0.0,39.9982,2039.9982,0.002566,938,8,2039.9982,0.0,0.0,from_trough,SOXL3S_jun_trough
SNXX3L_USDT,SNXX3L_open_trough,0.02,0.05,10,both,True,1078,0.53062,2.35386,8,8,0,39.9982,0.0,39.9982,2039.9982,0.0,1259,8,2039.9982,0.0,0.0,from_trough,SNXX3L_open_trough
SNXX3L_USDT,SNXX3L_aug_trough,0.02,0.05,10,both,True,7892,0.56854,4.04558,8,2,6,-56.5786,0.0,-56.5786,1943.4214,0.03823,6039,8,1943.4214,0.0,0.0,from_trough,SNXX3L_aug_trough
SOXL3S_USDT,SOXL3S_aug_trough,0.02,0.05,10,both,False,5412,0.465,0.9645,608,372,236,-1734.6107,0.0,-1734.6107,265.3893,0.877998,1144,8,265.3893,0.0,0.0,from_trough,SOXL3S_aug_trough
SOXL3S_USDT,SOXL3S_aug_high,0.02,0.05,10,both,True,6274,0.5717,0.9645,8,0,8,-71.9749,0.0,-71.9749,1928.0251,0.038119,811,8,1928.0251,0.0,0.0,from_high,SOXL3S_aug_high
SOXL3S_USDT,SOXL3S_aug_trough,0.02,0.05,10,both,True,5412,0.465,0.9645,8,8,0,39.9982,0.0,39.9982,2039.9982,0.014602,1144,8,2039.9982,0.0,0.0,from_trough,SOXL3S_aug_trough
SOXL3L_USDT,SOXL3L_jun_trough,0.02,0.05,20,none,False,1906,0.46705,0.87982,57,57,0,50.3002,0.0,50.3002,2050.3002,0.077307,0,15,2050.3002,0.0,-0.0,from_trough,SOXL3L_jun_trough
SNXX3L_USDT,SNXX3L_open_high,0.02,0.05,20,none,False,1469,1.00171,2.35386,70,70,0,54.334,0.0,54.334,2054.334,0.156092,0,15,2054.334,0.0,0.0,from_high,SNXX3L_open_high
SOXL3S_USDT,SOXL3S_jun_high,0.02,0.05,20,none,False,2446,1.12385,1.83695,126,126,0,71.4587,0.0,71.4587,2071.4587,0.106338,0,15,2071.4587,0.0,0.0,from_high,SOXL3S_jun_high
SNXX3L_USDT,SNXX3L_aug_high,0.02,0.05,10,both,True,14773,2.17321,4.04558,8,2,6,-41.1823,0.0,-41.1823,1958.8177,0.026688,942,8,1958.8177,0.0,-0.0,from_high,SNXX3L_aug_high
SOXL3S_USDT,SOXL3S_jun_trough,0.02,0.05,20,none,False,1906,0.72385,1.83695,15,15,0,37.4983,0.0,37.4983,2037.4983,0.002567,0,15,2037.4983,0.0,-0.0,from_trough,SOXL3S_jun_trough
SNXX3L_USDT,SNXX3L_open_trough,0.02,0.05,20,none,False,1078,0.53062,2.35386,15,15,0,37.4983,0.0,37.4983,2037.4983,0.0,0,15,2037.4983,0.0,-0.0,from_trough,SNXX3L_open_trough
SOXL3L_USDT,SOXL3L_jun_high,0.02,0.05,20,none,False,3860,0.80587,0.87982,31,31,0,42.3904,0.0,42.3904,2042.3904,0.407644,0,15,2042.3904,0.0,0.0,from_high,SOXL3L_jun_high
SNXX3L_USDT,SNXX3L_aug_high,0.02,0.05,20,none,False,14773,2.17321,4.04558,86,86,0,59.221,0.0,59.221,2059.221,0.227055,0,15,2059.221,0.0,-0.0,from_high,SNXX3L_aug_high
SNXX3L_USDT,SNXX3L_aug_trough,0.02,0.05,20,none,False,7892,0.56854,4.04558,120,120,0,69.6695,0.0,69.6695,2069.6695,0.058194,0,15,2069.6695,0.0,0.0,from_trough,SNXX3L_aug_trough
SOXL3S_USDT,SOXL3S_aug_trough,0.02,0.05,20,none,False,5412,0.465,0.9645,20,20,0,39.0197,0.0,39.0197,2039.0197,0.015767,0,15,2039.0197,0.0,-0.0,from_trough,SOXL3S_aug_trough
SOXL3S_USDT,SOXL3S_aug_high,0.02,0.05,20,none,False,6274,0.5717,0.9645,28,28,0,41.462,0.0,41.462,2041.462,0.233548,0,15,2041.462,0.0,-0.0,from_high,SOXL3S_aug_high
SNXX3L_USDT,SNXX3L_open_high,0.02,0.05,20,none,True,1469,1.00171,2.35386,15,15,0,37.4983,0.0,37.4983,2037.4983,0.0,0,15,2037.4983,0.0,-0.0,from_high,SNXX3L_open_high
SOXL3L_USDT,SOXL3L_jun_high,0.02,0.05,20,none,True,3860,0.80587,0.87982,15,15,0,37.4983,0.0,37.4983,2037.4983,0.237914,0,15,2037.4983,0.0,0.0,from_high,SOXL3L_jun_high
SOXL3L_USDT,SOXL3L_jun_trough,0.02,0.05,20,none,True,1906,0.46705,0.87982,15,15,0,37.4983,0.0,37.4983,2037.4983,0.016176,0,15,2037.4983,0.0,-0.0,from_trough,SOXL3L_jun_trough
SNXX3L_USDT,SNXX3L_open_trough,0.02,0.05,20,none,True,1078,0.53062,2.35386,15,15,0,37.4983,0.0,37.4983,2037.4983,0.0,0,15,2037.4983,0.0,-0.0,from_trough,SNXX3L_open_trough
SNXX3L_USDT,SNXX3L_aug_trough,0.02,0.05,20,none,True,7892,0.56854,4.04558,15,15,0,37.4983,0.0,37.4983,2037.4983,0.04316,0,15,2037.4983,0.0,0.0,from_trough,SNXX3L_aug_trough
SOXL3S_USDT,SOXL3S_jun_high,0.02,0.05,20,none,True,2446,1.12385,1.83695,15,15,0,37.4983,0.0,37.4983,2037.4983,0.002468,0,15,2037.4983,0.0,0.0,from_high,SOXL3S_jun_high
SNXX3L_USDT,SNXX3L_aug_high,0.02,0.05,20,none,True,14773,2.17321,4.04558,15,15,0,37.4983,0.0,37.4983,2037.4983,0.084042,0,15,2037.4983,0.0,-0.0,from_high,SNXX3L_aug_high
SOXL3S_USDT,SOXL3S_jun_trough,0.02,0.05,20,none,True,1906,0.72385,1.83695,15,15,0,37.4983,0.0,37.4983,2037.4983,0.002567,0,15,2037.4983,0.0,-0.0,from_trough,SOXL3S_jun_trough
SOXL3S_USDT,SOXL3S_aug_trough,0.02,0.05,20,none,True,5412,0.465,0.9645,15,15,0,37.4983,0.0,37.4983,2037.4983,0.014605,0,15,2037.4983,0.0,-0.0,from_trough,SOXL3S_aug_trough
SOXL3L_USDT,SOXL3L_jun_high,0.02,0.05,20,up,False,3860,0.80587,0.87982,67,67,0,52.4465,-4.5806,47.6979,2047.6979,0.407644,17,15,1352.2785,695.4194,0.0,from_high,SOXL3L_jun_high
SOXL3L_USDT,SOXL3L_jun_trough,0.02,0.05,20,up,False,1906,0.46705,0.87982,547,547,0,147.9177,-7.8557,139.822,2139.822,0.359704,247,15,1147.6777,992.1443,0.0,from_trough,SOXL3L_jun_trough
SNXX3L_USDT,SNXX3L_open_high,0.02,0.05,20,up,False,1469,1.00171,2.35386,417,417,0,110.5802,-50.5606,59.5156,2059.5156,0.623141,398,15,10.0762,2049.4394,-0.0,from_high,SNXX3L_open_high
SOXL3S_USDT,SOXL3S_aug_high,0.02,0.05,20,none,True,6274,0.5717,0.9645,15,15,0,37.4983,0.0,37.4983,2037.4983,0.185272,0,15,2037.4983,0.0,-0.0,from_high,SOXL3S_aug_high
SOXL3S_USDT,SOXL3S_jun_trough,0.02,0.05,20,up,False,1906,0.72385,1.83695,769,769,0,154.8394,-300.0854,-145.75,1854.25,0.284709,556,15,54.3354,1799.9146,-0.0,from_trough,SOXL3S_jun_trough
SNXX3L_USDT,SNXX3L_open_trough,0.02,0.05,20,up,False,1078,0.53062,2.35386,499,499,0,84.7792,-64.1938,20.1055,2020.1055,0.254335,1019,15,84.2992,1935.8062,-0.0,from_trough,SNXX3L_open_trough
SOXL3S_USDT,SOXL3S_jun_high,0.02,0.05,20,up,False,2446,1.12385,1.83695,402,402,0,121.0024,-287.0017,-166.5033,1833.4967,0.415467,251,15,20.4984,1812.9983,-0.0,from_high,SOXL3S_jun_high
SNXX3L_USDT,SNXX3L_aug_high,0.02,0.05,20,up,False,14773,2.17321,4.04558,901,901,0,221.5759,-115.8605,105.2114,2105.2114,0.776771,273,15,121.0719,1984.1395,-0.0,from_high,SNXX3L_aug_high
SNXX3L_USDT,SNXX3L_aug_trough,0.02,0.05,20,up,False,7892,0.56854,4.04558,2242,2192,50,272.4771,-143.3209,128.6522,2128.6522,0.188168,1892,15,171.9731,1956.6791,0.0,from_trough,SNXX3L_aug_trough
SOXL3S_USDT,SOXL3S_aug_trough,0.02,0.05,20,up,False,5412,0.465,0.9645,789,789,0,164.9461,-111.769,52.6731,2052.6731,0.244464,336,15,64.4421,1988.231,-0.0,from_trough,SOXL3S_aug_trough
SOXL3L_USDT,SOXL3L_jun_high,0.02,0.05,20,up,True,3860,0.80587,0.87982,15,15,0,37.4983,0.0,37.4983,2037.4983,0.237914,17,15,2037.4983,0.0,0.0,from_high,SOXL3L_jun_high
SOXL3S_USDT,SOXL3S_jun_high,0.02,0.05,20,up,True,2446,1.12385,1.83695,15,15,0,37.4983,0.0,37.4983,2037.4983,0.002468,251,15,2037.4983,0.0,0.0,from_high,SOXL3S_jun_high
SOXL3L_USDT,SOXL3L_jun_trough,0.02,0.05,20,up,True,1906,0.46705,0.87982,15,15,0,37.4983,0.0,37.4983,2037.4983,0.016176,247,15,2037.4983,0.0,-0.0,from_trough,SOXL3L_jun_trough
SNXX3L_USDT,SNXX3L_open_trough,0.02,0.05,20,up,True,1078,0.53062,2.35386,15,15,0,37.4983,0.0,37.4983,2037.4983,0.0,1019,15,2037.4983,0.0,-0.0,from_trough,SNXX3L_open_trough
SOXL3S_USDT,SOXL3S_jun_trough,0.02,0.05,20,up,True,1906,0.72385,1.83695,15,15,0,37.4983,0.0,37.4983,2037.4983,0.002567,556,15,2037.4983,0.0,-0.0,from_trough,SOXL3S_jun_trough
SOXL3S_USDT,SOXL3S_aug_high,0.02,0.05,20,up,False,6274,0.5717,0.9645,715,715,0,179.0487,-107.1101,71.4345,2071.4345,0.240123,218,15,78.5447,1992.8899,-0.0,from_high,SOXL3S_aug_high
SNXX3L_USDT,SNXX3L_aug_trough,0.02,0.05,20,up,True,7892,0.56854,4.04558,15,15,0,37.4983,0.0,37.4983,2037.4983,0.04316,1892,15,2037.4983,0.0,0.0,from_trough,SNXX3L_aug_trough
SNXX3L_USDT,SNXX3L_aug_high,0.02,0.05,20,up,True,14773,2.17321,4.04558,15,15,0,37.4983,0.0,37.4983,2037.4983,0.084042,273,15,2037.4983,0.0,-0.0,from_high,SNXX3L_aug_high
SNXX3L_USDT,SNXX3L_open_high,0.02,0.05,20,up,True,1469,1.00171,2.35386,15,15,0,37.4983,0.0,37.4983,2037.4983,0.0,398,15,2037.4983,0.0,-0.0,from_high,SNXX3L_open_high
SOXL3S_USDT,SOXL3S_aug_high,0.02,0.05,20,up,True,6274,0.5717,0.9645,15,15,0,37.4983,0.0,37.4983,2037.4983,0.185272,218,15,2037.4983,0.0,-0.0,from_high,SOXL3S_aug_high
SOXL3S_USDT,SOXL3S_jun_high,0.02,0.05,20,both,False,2446,1.12385,1.83695,724,493,231,-1326.0653,0.0,-1326.0653,673.9347,0.669242,1177,15,673.9347,0.0,-0.0,from_high,SOXL3S_jun_high
SOXL3L_USDT,SOXL3L_jun_high,0.02,0.05,20,both,False,3860,0.80587,0.87982,562,408,154,-818.2169,-4.5806,-822.9655,1177.0345,0.446558,519,15,481.6151,695.4194,-0.0,from_high,SOXL3L_jun_high
SOXL3L_USDT,SOXL3L_jun_trough,0.02,0.05,20,both,False,1906,0.46705,0.87982,651,503,148,-468.6067,-0.1026,-468.7573,1531.2427,0.258325,673,15,1331.3453,199.8974,0.0,from_trough,SOXL3L_jun_trough
SOXL3S_USDT,SOXL3S_aug_trough,0.02,0.05,20,up,True,5412,0.465,0.9645,15,15,0,37.4983,0.0,37.4983,2037.4983,0.014605,336,15,2037.4983,0.0,-0.0,from_trough,SOXL3S_aug_trough
SNXX3L_USDT,SNXX3L_open_trough,0.02,0.05,20,both,False,1078,0.53062,2.35386,675,374,301,-1222.0296,0.0,-1222.0296,777.9704,0.620203,2563,15,777.9704,0.0,-0.0,from_trough,SNXX3L_open_trough
SOXL3S_USDT,SOXL3S_jun_trough,0.02,0.05,20,both,False,1906,0.72385,1.83695,951,635,316,-1331.6255,-1.3246,-1333.0701,666.9299,0.679081,1937,15,168.2545,498.6754,0.0,from_trough,SOXL3S_jun_trough
SNXX3L_USDT,SNXX3L_open_high,0.02,0.05,20,both,False,1469,1.00171,2.35386,519,285,234,-1674.9505,0.0,-1674.9505,325.0495,0.84162,2065,15,325.0495,0.0,-0.0,from_high,SNXX3L_open_high
SNXX3L_USDT,SNXX3L_aug_trough,0.02,0.05,20,both,False,7892,0.56854,4.04558,1458,976,482,-1899.7944,0.0,-1899.7944,100.2056,0.950379,12372,15,100.2056,0.0,0.0,from_trough,SNXX3L_aug_trough
SOXL3S_USDT,SOXL3S_aug_trough,0.02,0.05,20,both,False,5412,0.465,0.9645,1243,806,437,-1796.5583,0.0,-1796.5583,203.4417,0.904656,2374,15,203.4417,0.0,0.0,from_trough,SOXL3S_aug_trough
SOXL3S_USDT,SOXL3S_jun_high,0.02,0.05,20,both,True,2446,1.12385,1.83695,15,15,0,37.4983,0.0,37.4983,2037.4983,0.002468,1177,15,2037.4983,0.0,0.0,from_high,SOXL3S_jun_high
SNXX3L_USDT,SNXX3L_aug_high,0.02,0.05,20,both,False,14773,2.17321,4.04558,1347,988,359,-1765.8951,-8.1597,-1774.1028,225.8972,0.887667,1956,15,34.0569,191.8403,0.0,from_high,SNXX3L_aug_high
SOXL3L_USDT,SOXL3L_jun_trough,0.02,0.05,20,both,True,1906,0.46705,0.87982,15,15,0,37.4983,0.0,37.4983,2037.4983,0.016176,673,15,2037.4983,0.0,-0.0,from_trough,SOXL3L_jun_trough
SOXL3L_USDT,SOXL3L_jun_high,0.02,0.05,20,both,True,3860,0.80587,0.87982,15,7,8,-33.1847,0.0,-33.1847,1966.8153,0.032645,519,15,1966.8153,0.0,0.0,from_high,SOXL3L_jun_high
SOXL3S_USDT,SOXL3S_jun_trough,0.02,0.05,20,both,True,1906,0.72385,1.83695,15,15,0,37.4983,0.0,37.4983,2037.4983,0.002567,1937,15,2037.4983,0.0,-0.0,from_trough,SOXL3S_jun_trough
SOXL3S_USDT,SOXL3S_aug_high,0.02,0.05,20,both,False,6274,0.5717,0.9645,1095,713,382,-1743.382,0.0,-1743.382,256.618,0.874171,1694,15,256.618,0.0,-0.0,from_high,SOXL3S_aug_high
SNXX3L_USDT,SNXX3L_open_high,0.02,0.05,20,both,True,1469,1.00171,2.35386,15,15,0,37.4983,0.0,37.4983,2037.4983,0.0,2065,15,2037.4983,0.0,-0.0,from_high,SNXX3L_open_high
SNXX3L_USDT,SNXX3L_aug_trough,0.02,0.05,20,both,True,7892,0.56854,4.04558,15,4,11,-51.7303,0.0,-51.7303,1948.2697,0.037721,12372,15,1948.2697,0.0,0.0,from_trough,SNXX3L_aug_trough
SNXX3L_USDT,SNXX3L_open_trough,0.02,0.05,20,both,True,1078,0.53062,2.35386,15,15,0,37.4983,0.0,37.4983,2037.4983,0.0,2563,15,2037.4983,0.0,-0.0,from_trough,SNXX3L_open_trough
SNXX3L_USDT,SNXX3L_aug_high,0.02,0.05,20,both,True,14773,2.17321,4.04558,15,3,12,-44.0321,0.0,-44.0321,1955.9679,0.02735,1956,15,1955.9679,0.0,0.0,from_high,SNXX3L_aug_high
SOXL3S_USDT,SOXL3S_aug_high,0.02,0.05,20,both,True,6274,0.5717,0.9645,15,0,15,-63.6274,0.0,-63.6274,1936.3726,0.033959,1694,15,1936.3726,0.0,-0.0,from_high,SOXL3S_aug_high
SOXL3S_USDT,SOXL3S_aug_trough,0.02,0.05,20,both,True,5412,0.465,0.9645,15,15,0,37.4983,0.0,37.4983,2037.4983,0.014605,2374,15,2037.4983,0.0,-0.0,from_trough,SOXL3S_aug_trough
SOXL3L_USDT,SOXL3L_jun_high,0.02,0.1,10,none,False,3860,0.80587,0.87982,12,12,0,99.6845,0.0,99.6845,2099.6845,0.52645,0,9,2099.6845,0.0,0.0,from_high,SOXL3L_jun_high
SOXL3S_USDT,SOXL3S_jun_high,0.02,0.1,10,none,False,2446,1.12385,1.83695,32,32,0,146.4954,0.0,146.4954,2146.4954,0.06842,0,9,2146.4954,0.0,0.0,from_high,SOXL3S_jun_high
SNXX3L_USDT,SNXX3L_open_high,0.02,0.1,10,none,False,1469,1.00171,2.35386,25,25,0,130.1175,0.0,130.1175,2130.1175,0.100246,0,9,2130.1175,0.0,-0.0,from_high,SNXX3L_open_high
SNXX3L_USDT,SNXX3L_open_trough,0.02,0.1,10,none,False,1078,0.53062,2.35386,9,9,0,92.6865,0.0,92.6865,2092.6865,0.0,0,9,2092.6865,0.0,0.0,from_trough,SNXX3L_open_trough
SOXL3S_USDT,SOXL3S_jun_trough,0.02,0.1,10,none,False,1906,0.72385,1.83695,9,9,0,92.6865,0.0,92.6865,2092.6865,0.010157,0,9,2092.6865,0.0,0.0,from_trough,SOXL3S_jun_trough
SNXX3L_USDT,SNXX3L_aug_high,0.02,0.1,10,none,False,14773,2.17321,4.04558,21,21,0,120.7671,0.0,120.7671,2120.7671,0.147682,0,9,2120.7671,0.0,-0.0,from_high,SNXX3L_aug_high
SOXL3S_USDT,SOXL3S_aug_high,0.02,0.1,10,none,False,6274,0.5717,0.9645,12,12,0,99.6845,0.0,99.6845,2099.6845,0.222335,0,9,2099.6845,0.0,0.0,from_high,SOXL3S_aug_high
SOXL3L_USDT,SOXL3L_jun_trough,0.02,0.1,10,none,False,1906,0.46705,0.87982,18,18,0,113.6507,0.0,113.6507,2113.6507,0.04967,0,9,2113.6507,0.0,-0.0,from_trough,SOXL3L_jun_trough
SOXL3S_USDT,SOXL3S_aug_trough,0.02,0.1,10,none,False,5412,0.465,0.9645,10,10,0,95.0093,0.0,95.0093,2095.0093,0.019993,0,9,2095.0093,0.0,0.0,from_trough,SOXL3S_aug_trough
SOXL3L_USDT,SOXL3L_jun_trough,0.02,0.1,10,none,True,1906,0.46705,0.87982,9,9,0,92.6865,0.0,92.6865,2092.6865,0.023473,0,9,2092.6865,0.0,-0.0,from_trough,SOXL3L_jun_trough
SNXX3L_USDT,SNXX3L_aug_trough,0.02,0.1,10,none,False,7892,0.56854,4.04558,29,29,0,139.4974,0.0,139.4974,2139.4974,0.084897,0,9,2139.4974,0.0,0.0,from_trough,SNXX3L_aug_trough
SOXL3L_USDT,SOXL3L_jun_high,0.02,0.1,10,none,True,3860,0.80587,0.87982,9,9,0,92.6865,0.0,92.6865,2092.6865,0.414133,0,9,2092.6865,0.0,-0.0,from_high,SOXL3L_jun_high
SOXL3S_USDT,SOXL3S_jun_high,0.02,0.1,10,none,True,2446,1.12385,1.83695,9,9,0,92.6865,0.0,92.6865,2092.6865,0.003685,0,9,2092.6865,0.0,0.0,from_high,SOXL3S_jun_high
SNXX3L_USDT,SNXX3L_open_trough,0.02,0.1,10,none,True,1078,0.53062,2.35386,9,9,0,92.6865,0.0,92.6865,2092.6865,0.0,0,9,2092.6865,0.0,0.0,from_trough,SNXX3L_open_trough
SOXL3S_USDT,SOXL3S_jun_trough,0.02,0.1,10,none,True,1906,0.72385,1.83695,9,9,0,92.6865,0.0,92.6865,2092.6865,0.010157,0,9,2092.6865,0.0,0.0,from_trough,SOXL3S_jun_trough
SNXX3L_USDT,SNXX3L_open_high,0.02,0.1,10,none,True,1469,1.00171,2.35386,9,9,0,92.6865,0.0,92.6865,2092.6865,0.047226,0,9,2092.6865,0.0,0.0,from_high,SNXX3L_open_high
SNXX3L_USDT,SNXX3L_aug_trough,0.02,0.1,10,none,True,7892,0.56854,4.04558,9,9,0,92.6865,0.0,92.6865,2092.6865,0.062616,0,9,2092.6865,0.0,0.0,from_trough,SNXX3L_aug_trough
SNXX3L_USDT,SNXX3L_aug_high,0.02,0.1,10,none,True,14773,2.17321,4.04558,9,9,0,92.6865,0.0,92.6865,2092.6865,0.111902,0,9,2092.6865,0.0,-0.0,from_high,SNXX3L_aug_high
SOXL3S_USDT,SOXL3S_aug_high,0.02,0.1,10,none,True,6274,0.5717,0.9645,9,9,0,92.6865,0.0,92.6865,2092.6865,0.222335,0,9,2092.6865,0.0,0.0,from_high,SOXL3S_aug_high
SOXL3S_USDT,SOXL3S_aug_trough,0.02,0.1,10,none,True,5412,0.465,0.9645,9,9,0,92.6865,0.0,92.6865,2092.6865,0.019436,0,9,2092.6865,0.0,0.0,from_trough,SOXL3S_aug_trough
SOXL3L_USDT,SOXL3L_jun_high,0.02,0.1,10,up,False,3860,0.80587,0.87982,12,12,0,99.6845,0.0,99.6845,2099.6845,0.52645,0,9,2099.6845,0.0,0.0,from_high,SOXL3L_jun_high
SNXX3L_USDT,SNXX3L_open_trough,0.02,0.1,10,up,False,1078,0.53062,2.35386,189,189,0,248.1992,-57.7699,189.9013,2189.9013,0.231677,293,9,47.6712,2142.2301,0.0,from_trough,SNXX3L_open_trough
SOXL3L_USDT,SOXL3L_jun_trough,0.02,0.1,10,up,False,1906,0.46705,0.87982,168,168,0,366.4632,-5.9535,360.3177,2360.3177,0.329896,68,9,1566.2712,794.0465,0.0,from_trough,SOXL3L_jun_trough
SOXL3S_USDT,SOXL3S_jun_high,0.02,0.1,10,up,False,2446,1.12385,1.83695,167,167,0,370.2465,-274.187,95.5314,2095.5314,0.382342,69,9,169.7185,1925.813,0.0,from_high,SOXL3S_jun_high
SOXL3S_USDT,SOXL3S_jun_trough,0.02,0.1,10,up,False,1906,0.72385,1.83695,255,255,0,404.1191,-298.0988,105.4923,2105.4923,0.264129,158,9,203.5911,1901.9012,-0.0,from_trough,SOXL3S_jun_trough
SNXX3L_USDT,SNXX3L_open_high,0.02,0.1,10,up,False,1469,1.00171,2.35386,170,170,0,323.3152,-34.3812,288.5021,2288.5021,0.588789,112,9,522.8832,1765.6188,0.0,from_high,SNXX3L_open_high
SNXX3L_USDT,SNXX3L_aug_high,0.02,0.1,10,up,False,14773,2.17321,4.04558,277,277,0,545.3977,-88.1343,456.7355,2456.7355,0.748111,75,9,344.8697,2111.8657,0.0,from_high,SNXX3L_aug_high
SOXL3S_USDT,SOXL3S_jun_high,0.02,0.1,10,up,True,2446,1.12385,1.83695,9,9,0,92.6865,0.0,92.6865,2092.6865,0.003685,69,9,2092.6865,0.0,0.0,from_high,SOXL3S_jun_high
SOXL3S_USDT,SOXL3S_aug_trough,0.02,0.1,10,up,False,5412,0.465,0.9645,344,344,0,543.8345,-94.5458,448.7606,2448.7606,0.227323,94,9,343.3065,2105.4542,0.0,from_trough,SOXL3S_aug_trough
SOXL3L_USDT,SOXL3L_jun_trough,0.02,0.1,10,up,True,1906,0.46705,0.87982,9,9,0,92.6865,0.0,92.6865,2092.6865,0.023473,68,9,2092.6865,0.0,-0.0,from_trough,SOXL3L_jun_trough
SOXL3S_USDT,SOXL3S_aug_high,0.02,0.1,10,up,False,6274,0.5717,0.9645,324,324,0,612.1619,-75.6793,535.9546,2535.9546,0.222335,59,9,411.6339,2124.3207,-0.0,from_high,SOXL3S_aug_high
SNXX3L_USDT,SNXX3L_open_high,0.02,0.1,10,up,True,1469,1.00171,2.35386,9,9,0,92.6865,0.0,92.6865,2092.6865,0.047226,112,9,2092.6865,0.0,0.0,from_high,SNXX3L_open_high
SNXX3L_USDT,SNXX3L_aug_trough,0.02,0.1,10,up,False,7892,0.56854,4.04558,902,902,0,813.2375,-141.2142,671.4953,2671.4953,0.160083,547,9,612.7095,2058.7858,-0.0,from_trough,SNXX3L_aug_trough
SOXL3L_USDT,SOXL3L_jun_high,0.02,0.1,10,up,True,3860,0.80587,0.87982,9,9,0,92.6865,0.0,92.6865,2092.6865,0.414133,0,9,2092.6865,0.0,-0.0,from_high,SOXL3L_jun_high
SOXL3S_USDT,SOXL3S_jun_trough,0.02,0.1,10,up,True,1906,0.72385,1.83695,9,9,0,92.6865,0.0,92.6865,2092.6865,0.010157,158,9,2092.6865,0.0,0.0,from_trough,SOXL3S_jun_trough
SNXX3L_USDT,SNXX3L_open_trough,0.02,0.1,10,up,True,1078,0.53062,2.35386,9,9,0,92.6865,0.0,92.6865,2092.6865,0.0,293,9,2092.6865,0.0,0.0,from_trough,SNXX3L_open_trough
SNXX3L_USDT,SNXX3L_aug_trough,0.02,0.1,10,up,True,7892,0.56854,4.04558,9,9,0,92.6865,0.0,92.6865,2092.6865,0.062616,547,9,2092.6865,0.0,0.0,from_trough,SNXX3L_aug_trough
SNXX3L_USDT,SNXX3L_aug_high,0.02,0.1,10,up,True,14773,2.17321,4.04558,9,9,0,92.6865,0.0,92.6865,2092.6865,0.111902,75,9,2092.6865,0.0,-0.0,from_high,SNXX3L_aug_high
SOXL3S_USDT,SOXL3S_aug_trough,0.02,0.1,10,up,True,5412,0.465,0.9645,9,9,0,92.6865,0.0,92.6865,2092.6865,0.019436,94,9,2092.6865,0.0,0.0,from_trough,SOXL3S_aug_trough
SOXL3S_USDT,SOXL3S_aug_high,0.02,0.1,10,up,True,6274,0.5717,0.9645,9,9,0,92.6865,0.0,92.6865,2092.6865,0.222335,59,9,2092.6865,0.0,0.0,from_high,SOXL3S_aug_high
SOXL3L_USDT,SOXL3L_jun_trough,0.02,0.1,10,both,False,1906,0.46705,0.87982,158,129,29,-330.535,-5.9535,-336.6805,1663.3195,0.273523,136,9,869.273,794.0465,-0.0,from_trough,SOXL3L_jun_trough
SOXL3S_USDT,SOXL3S_jun_high,0.02,0.1,10,both,False,2446,1.12385,1.83695,231,152,79,-506.3287,0.0,-506.3287,1493.6713,0.288028,226,9,1493.6713,0.0,0.0,from_high,SOXL3S_jun_high
SOXL3L_USDT,SOXL3L_jun_high,0.02,0.1,10,both,False,3860,0.80587,0.87982,128,79,49,-808.6921,-0.8055,-809.5936,1190.4064,0.540303,108,9,791.2119,399.1945,-0.0,from_high,SOXL3L_jun_high
SNXX3L_USDT,SNXX3L_open_trough,0.02,0.1,10,both,False,1078,0.53062,2.35386,247,166,81,-759.5188,0.0,-759.5188,1240.4812,0.413097,586,9,1240.4812,0.0,0.0,from_trough,SNXX3L_open_trough
SOXL3S_USDT,SOXL3S_jun_trough,0.02,0.1,10,both,False,1906,0.72385,1.83695,306,201,105,-805.1109,0.0,-805.1109,1194.8891,0.448712,405,9,1194.8891,0.0,0.0,from_trough,SOXL3S_jun_trough
SNXX3L_USDT,SNXX3L_open_high,0.02,0.1,10,both,False,1469,1.00171,2.35386,194,117,77,-1543.6326,0.0,-1543.6326,456.3674,0.780564,446,9,456.3674,0.0,-0.0,from_high,SNXX3L_open_high
SNXX3L_USDT,SNXX3L_aug_high,0.02,0.1,10,both,False,14773,2.17321,4.04558,364,249,115,-1413.2155,-14.9769,-1428.2884,571.7116,0.726264,372,9,186.6885,385.0231,0.0,from_high,SNXX3L_aug_high
SNXX3L_USDT,SNXX3L_aug_trough,0.02,0.1,10,both,False,7892,0.56854,4.04558,847,545,302,-1798.2007,0.0,-1798.2007,201.7993,0.902161,2540,9,201.7993,0.0,0.0,from_trough,SNXX3L_aug_trough
SOXL3S_USDT,SOXL3S_aug_high,0.02,0.1,10,both,False,6274,0.5717,0.9645,312,198,114,-1228.8651,0.0,-1228.8651,771.1349,0.624903,276,9,771.1349,0.0,-0.0,from_high,SOXL3S_aug_high
SOXL3S_USDT,SOXL3S_aug_trough,0.02,0.1,10,both,False,5412,0.465,0.9645,443,290,153,-1204.3489,0.0,-1204.3489,795.6511,0.641433,411,9,795.6511,0.0,0.0,from_trough,SOXL3S_aug_trough
SNXX3L_USDT,SNXX3L_open_trough,0.02,0.1,10,both,True,1078,0.53062,2.35386,9,9,0,92.6865,0.0,92.6865,2092.6865,0.0,586,9,2092.6865,0.0,0.0,from_trough,SNXX3L_open_trough
SOXL3L_USDT,SOXL3L_jun_trough,0.02,0.1,10,both,True,1906,0.46705,0.87982,9,9,0,92.6865,0.0,92.6865,2092.6865,0.023473,136,9,2092.6865,0.0,-0.0,from_trough,SOXL3L_jun_trough
SOXL3L_USDT,SOXL3L_jun_high,0.02,0.1,10,both,True,3860,0.80587,0.87982,9,2,7,-125.661,0.0,-125.661,1874.339,0.080926,108,9,1874.339,0.0,0.0,from_high,SOXL3L_jun_high
SOXL3S_USDT,SOXL3S_jun_trough,0.02,0.1,10,both,True,1906,0.72385,1.83695,9,9,0,92.6865,0.0,92.6865,2092.6865,0.010157,405,9,2092.6865,0.0,0.0,from_trough,SOXL3S_jun_trough
SOXL3S_USDT,SOXL3S_jun_high,0.02,0.1,10,both,True,2446,1.12385,1.83695,9,9,0,92.6865,0.0,92.6865,2092.6865,0.003685,226,9,2092.6865,0.0,0.0,from_high,SOXL3S_jun_high
SNXX3L_USDT,SNXX3L_open_high,0.02,0.1,10,both,True,1469,1.00171,2.35386,9,5,4,-3.2904,0.0,-3.2904,1996.7096,0.047226,446,9,1996.7096,0.0,0.0,from_high,SNXX3L_open_high
SNXX3L_USDT,SNXX3L_aug_high,0.02,0.1,10,both,True,14773,2.17321,4.04558,9,1,8,-65.6754,0.0,-65.6754,1934.3246,0.043835,372,9,1934.3246,0.0,-0.0,from_high,SNXX3L_aug_high
SNXX3L_USDT,SNXX3L_aug_trough,0.02,0.1,10,both,True,7892,0.56854,4.04558,9,3,6,-36.8824,0.0,-36.8824,1963.1176,0.05964,2540,9,1963.1176,0.0,0.0,from_trough,SNXX3L_aug_trough
SOXL3S_USDT,SOXL3S_aug_trough,0.02,0.1,10,both,True,5412,0.465,0.9645,9,9,0,92.6865,0.0,92.6865,2092.6865,0.019436,411,9,2092.6865,0.0,0.0,from_trough,SOXL3S_aug_trough
SOXL3L_USDT,SOXL3L_jun_high,0.02,0.1,20,none,False,3860,0.80587,0.87982,25,25,0,92.0057,0.0,92.0057,2092.0057,0.49743,0,17,2092.0057,0.0,0.0,from_high,SOXL3L_jun_high
SOXL3S_USDT,SOXL3S_aug_high,0.02,0.1,10,both,True,6274,0.5717,0.9645,9,0,9,-140.0576,0.0,-140.0576,1859.9424,0.073364,276,9,1859.9424,0.0,0.0,from_high,SOXL3S_aug_high
SOXL3S_USDT,SOXL3S_jun_high,0.02,0.1,20,none,False,2446,1.12385,1.83695,87,87,0,126.6544,0.0,126.6544,2126.6544,0.069167,0,17,2126.6544,0.0,-0.0,from_high,SOXL3S_jun_high
SOXL3L_USDT,SOXL3L_jun_trough,0.02,0.1,20,none,False,1906,0.46705,0.87982,43,43,0,102.0082,0.0,102.0082,2102.0082,0.050313,0,17,2102.0082,0.0,0.0,from_trough,SOXL3L_jun_trough
SNXX3L_USDT,SNXX3L_open_trough,0.02,0.1,20,none,False,1078,0.53062,2.35386,17,17,0,87.5373,0.0,87.5373,2087.5373,0.0,0,17,2087.5373,0.0,-0.0,from_trough,SNXX3L_open_trough
SOXL3S_USDT,SOXL3S_jun_trough,0.02,0.1,20,none,False,1906,0.72385,1.83695,17,17,0,87.5373,0.0,87.5373,2087.5373,0.009152,0,17,2087.5373,0.0,0.0,from_trough,SOXL3S_jun_trough
SNXX3L_USDT,SNXX3L_open_high,0.02,0.1,20,none,False,1469,1.00171,2.35386,51,51,0,106.5466,0.0,106.5466,2106.5466,0.101521,0,17,2106.5466,0.0,0.0,from_high,SNXX3L_open_high
SNXX3L_USDT,SNXX3L_aug_trough,0.02,0.1,20,none,False,7892,0.56854,4.04558,72,72,0,118.3186,0.0,118.3186,2118.3186,0.076259,0,17,2118.3186,0.0,0.0,from_trough,SNXX3L_aug_trough
SNXX3L_USDT,SNXX3L_aug_high,0.02,0.1,20,none,False,14773,2.17321,4.04558,51,51,0,106.528,0.0,106.528,2106.528,0.147976,0,17,2106.528,0.0,0.0,from_high,SNXX3L_aug_high
SOXL3S_USDT,SOXL3S_aug_high,0.02,0.1,20,none,False,6274,0.5717,0.9645,26,26,0,92.5441,0.0,92.5441,2092.5441,0.234329,0,17,2092.5441,0.0,-0.0,from_high,SOXL3S_aug_high
SNXX3L_USDT,SNXX3L_open_high,0.02,0.1,20,none,True,1469,1.00171,2.35386,17,17,0,87.5373,0.0,87.5373,2087.5373,0.041387,0,17,2087.5373,0.0,-0.0,from_high,SNXX3L_open_high
SOXL3S_USDT,SOXL3S_aug_trough,0.02,0.1,20,none,False,5412,0.465,0.9645,19,19,0,88.647,0.0,88.647,2088.647,0.019079,0,17,2088.647,0.0,-0.0,from_trough,SOXL3S_aug_trough
SOXL3S_USDT,SOXL3S_jun_high,0.02,0.1,20,none,True,2446,1.12385,1.83695,17,17,0,87.5373,0.0,87.5373,2087.5373,0.003456,0,17,2087.5373,0.0,0.0,from_high,SOXL3S_jun_high
SNXX3L_USDT,SNXX3L_open_trough,0.02,0.1,20,none,True,1078,0.53062,2.35386,17,17,0,87.5373,0.0,87.5373,2087.5373,0.0,0,17,2087.5373,0.0,-0.0,from_trough,SNXX3L_open_trough
SOXL3L_USDT,SOXL3L_jun_high,0.02,0.1,20,none,True,3860,0.80587,0.87982,17,17,0,87.5373,0.0,87.5373,2087.5373,0.38479,0,17,2087.5373,0.0,0.0,from_high,SOXL3L_jun_high
SOXL3L_USDT,SOXL3L_jun_trough,0.02,0.1,20,none,True,1906,0.46705,0.87982,17,17,0,87.5373,0.0,87.5373,2087.5373,0.022013,0,17,2087.5373,0.0,-0.0,from_trough,SOXL3L_jun_trough
SNXX3L_USDT,SNXX3L_aug_high,0.02,0.1,20,none,True,14773,2.17321,4.04558,17,17,0,87.5373,0.0,87.5373,2087.5373,0.111922,0,17,2087.5373,0.0,-0.0,from_high,SNXX3L_aug_high
SNXX3L_USDT,SNXX3L_aug_trough,0.02,0.1,20,none,True,7892,0.56854,4.04558,17,17,0,87.5373,0.0,87.5373,2087.5373,0.058724,0,17,2087.5373,0.0,0.0,from_trough,SNXX3L_aug_trough
SOXL3S_USDT,SOXL3S_jun_trough,0.02,0.1,20,none,True,1906,0.72385,1.83695,17,17,0,87.5373,0.0,87.5373,2087.5373,0.009152,0,17,2087.5373,0.0,0.0,from_trough,SOXL3S_jun_trough
SOXL3S_USDT,SOXL3S_aug_high,0.02,0.1,20,none,True,6274,0.5717,0.9645,17,17,0,87.5373,0.0,87.5373,2087.5373,0.209981,0,17,2087.5373,0.0,-0.0,from_high,SOXL3S_aug_high
SOXL3L_USDT,SOXL3L_jun_high,0.02,0.1,20,up,False,3860,0.80587,0.87982,36,36,0,97.6177,-1.8943,95.6274,2095.6274,0.49743,1,17,1697.5217,398.1057,0.0,from_high,SOXL3L_jun_high
SNXX3L_USDT,SNXX3L_open_high,0.02,0.1,20,up,False,1469,1.00171,2.35386,372,372,0,205.6458,-32.499,172.7388,2172.7388,0.629191,224,17,505.2378,1667.501,-0.0,from_high,SNXX3L_open_high
SOXL3S_USDT,SOXL3S_jun_high,0.02,0.1,20,up,False,2446,1.12385,1.83695,414,414,0,255.0397,-261.7872,-7.2515,1992.7485,0.404992,138,17,154.5357,1838.2128,0.0,from_high,SOXL3S_jun_high
SOXL3L_USDT,SOXL3L_jun_trough,0.02,0.1,20,up,False,1906,0.46705,0.87982,425,425,0,254.557,-5.2163,249.1727,2249.1727,0.347763,136,17,1554.389,694.7837,-0.0,from_trough,SOXL3L_jun_trough
SNXX3L_USDT,SNXX3L_open_trough,0.02,0.1,20,up,False,1078,0.53062,2.35386,396,396,0,160.8271,-55.1559,105.1672,2105.1672,0.234789,586,17,60.3231,2044.8441,-0.0,from_trough,SNXX3L_open_trough
SOXL3S_USDT,SOXL3S_aug_trough,0.02,0.1,20,none,True,5412,0.465,0.9645,17,17,0,87.5373,0.0,87.5373,2087.5373,0.018226,0,17,2087.5373,0.0,-0.0,from_trough,SOXL3S_aug_trough
SOXL3S_USDT,SOXL3S_jun_trough,0.02,0.1,20,up,False,1906,0.72385,1.83695,567,567,0,250.9525,-284.5741,-34.1256,1965.8744,0.264153,316,17,150.4485,1815.4259,0.0,from_trough,SOXL3S_jun_trough
SNXX3L_USDT,SNXX3L_aug_trough,0.02,0.1,20,up,False,7892,0.56854,4.04558,1969,1969,0,454.096,-136.349,317.243,2317.243,0.165114,1095,17,353.592,1963.651,0.0,from_trough,SNXX3L_aug_trough
SNXX3L_USDT,SNXX3L_aug_high,0.02,0.1,20,up,False,14773,2.17321,4.04558,675,675,0,352.0301,-90.4121,261.114,2261.114,0.789531,151,17,251.5261,2009.5879,-0.0,from_high,SNXX3L_aug_high
SOXL3L_USDT,SOXL3L_jun_high,0.02,0.1,20,up,True,3860,0.80587,0.87982,17,17,0,87.5373,0.0,87.5373,2087.5373,0.38479,1,17,2087.5373,0.0,0.0,from_high,SOXL3L_jun_high
SOXL3S_USDT,SOXL3S_jun_high,0.02,0.1,20,up,True,2446,1.12385,1.83695,17,17,0,87.5373,0.0,87.5373,2087.5373,0.003456,138,17,2087.5373,0.0,0.0,from_high,SOXL3S_jun_high
SOXL3L_USDT,SOXL3L_jun_trough,0.02,0.1,20,up,True,1906,0.46705,0.87982,17,17,0,87.5373,0.0,87.5373,2087.5373,0.022013,136,17,2087.5373,0.0,-0.0,from_trough,SOXL3L_jun_trough
SOXL3S_USDT,SOXL3S_jun_trough,0.02,0.1,20,up,True,1906,0.72385,1.83695,17,17,0,87.5373,0.0,87.5373,2087.5373,0.009152,316,17,2087.5373,0.0,0.0,from_trough,SOXL3S_jun_trough
SOXL3S_USDT,SOXL3S_aug_high,0.02,0.1,20,up,False,6274,0.5717,0.9645,787,787,0,388.1753,-72.319,315.3522,2315.3522,0.234329,118,17,287.6713,2027.681,-0.0,from_high,SOXL3S_aug_high
SNXX3L_USDT,SNXX3L_open_high,0.02,0.1,20,up,True,1469,1.00171,2.35386,17,17,0,87.5373,0.0,87.5373,2087.5373,0.041387,224,17,2087.5373,0.0,-0.0,from_high,SNXX3L_open_high
SOXL3S_USDT,SOXL3S_aug_trough,0.02,0.1,20,up,False,5412,0.465,0.9645,789,789,0,329.8262,-90.2997,239.0225,2239.0225,0.222806,188,17,229.3222,2009.7003,0.0,from_trough,SOXL3S_aug_trough
SNXX3L_USDT,SNXX3L_aug_trough,0.02,0.1,20,up,True,7892,0.56854,4.04558,17,17,0,87.5373,0.0,87.5373,2087.5373,0.058724,1095,17,2087.5373,0.0,0.0,from_trough,SNXX3L_aug_trough
SNXX3L_USDT,SNXX3L_open_trough,0.02,0.1,20,up,True,1078,0.53062,2.35386,17,17,0,87.5373,0.0,87.5373,2087.5373,0.0,586,17,2087.5373,0.0,-0.0,from_trough,SNXX3L_open_trough
SNXX3L_USDT,SNXX3L_aug_high,0.02,0.1,20,up,True,14773,2.17321,4.04558,17,17,0,87.5373,0.0,87.5373,2087.5373,0.111922,151,17,2087.5373,0.0,-0.0,from_high,SNXX3L_aug_high
SOXL3S_USDT,SOXL3S_aug_high,0.02,0.1,20,up,True,6274,0.5717,0.9645,17,17,0,87.5373,0.0,87.5373,2087.5373,0.209981,118,17,2087.5373,0.0,-0.0,from_high,SOXL3S_aug_high
SOXL3L_USDT,SOXL3L_jun_high,0.02,0.1,20,both,False,3860,0.80587,0.87982,331,242,89,-714.3528,-1.8943,-716.343,1283.657,0.46393,219,17,885.5512,398.1057,0.0,from_high,SOXL3L_jun_high
SOXL3S_USDT,SOXL3S_aug_trough,0.02,0.1,20,up,True,5412,0.465,0.9645,17,17,0,87.5373,0.0,87.5373,2087.5373,0.018226,188,17,2087.5373,0.0,-0.0,from_trough,SOXL3S_aug_trough
SNXX3L_USDT,SNXX3L_open_high,0.02,0.1,20,both,False,1469,1.00171,2.35386,405,261,144,-1612.7117,0.0,-1612.7117,387.2883,0.813261,908,17,387.2883,0.0,0.0,from_high,SNXX3L_open_high
SOXL3S_USDT,SOXL3S_jun_high,0.02,0.1,20,both,False,2446,1.12385,1.83695,525,382,143,-966.1884,0.0,-966.1884,1033.8116,0.504842,470,17,1033.8116,0.0,0.0,from_high,SOXL3S_jun_high
SOXL3L_USDT,SOXL3L_jun_trough,0.02,0.1,20,both,False,1906,0.46705,0.87982,359,291,68,-419.8484,-5.2163,-425.2327,1574.7673,0.285737,284,17,879.9836,694.7837,-0.0,from_trough,SOXL3L_jun_trough
SNXX3L_USDT,SNXX3L_open_trough,0.02,0.1,20,both,False,1078,0.53062,2.35386,539,384,155,-892.7261,0.0,-892.7261,1107.2739,0.472852,1194,17,1107.2739,0.0,-0.0,from_trough,SNXX3L_open_trough
SOXL3S_USDT,SOXL3S_jun_trough,0.02,0.1,20,both,False,1906,0.72385,1.83695,652,449,203,-951.3296,0.0,-951.3296,1048.6704,0.507149,837,17,1048.6704,0.0,-0.0,from_trough,SOXL3S_jun_trough
SNXX3L_USDT,SNXX3L_aug_high,0.02,0.1,20,both,False,14773,2.17321,4.04558,802,597,205,-1525.8716,-14.3778,-1540.3454,459.6546,0.776807,784,17,74.0324,385.6222,0.0,from_high,SNXX3L_aug_high
SNXX3L_USDT,SNXX3L_aug_trough,0.02,0.1,20,both,False,7892,0.56854,4.04558,1626,1120,506,-1901.5045,0.0,-1901.5045,98.4955,0.951335,5261,17,98.4955,0.0,-0.0,from_trough,SNXX3L_aug_trough
SOXL3S_USDT,SOXL3S_aug_high,0.02,0.1,20,both,False,6274,0.5717,0.9645,720,493,227,-1411.5207,0.0,-1411.5207,588.4793,0.710352,589,17,588.4793,0.0,-0.0,from_high,SOXL3S_aug_high
SOXL3S_USDT,SOXL3S_aug_trough,0.02,0.1,20,both,False,5412,0.465,0.9645,925,638,287,-1346.7136,0.0,-1346.7136,653.2864,0.699596,858,17,653.2864,0.0,0.0,from_trough,SOXL3S_aug_trough
SNXX3L_USDT,SNXX3L_open_high,0.02,0.1,20,both,True,1469,1.00171,2.35386,17,10,7,3.5574,0.0,3.5574,2003.5574,0.041387,908,17,2003.5574,0.0,-0.0,from_high,SNXX3L_open_high
SOXL3L_USDT,SOXL3L_jun_trough,0.02,0.1,20,both,True,1906,0.46705,0.87982,17,17,0,87.5373,0.0,87.5373,2087.5373,0.022013,284,17,2087.5373,0.0,-0.0,from_trough,SOXL3L_jun_trough
SNXX3L_USDT,SNXX3L_open_trough,0.02,0.1,20,both,True,1078,0.53062,2.35386,17,17,0,87.5373,0.0,87.5373,2087.5373,0.0,1194,17,2087.5373,0.0,-0.0,from_trough,SNXX3L_open_trough
SOXL3S_USDT,SOXL3S_jun_trough,0.02,0.1,20,both,True,1906,0.72385,1.83695,17,17,0,87.5373,0.0,87.5373,2087.5373,0.009152,837,17,2087.5373,0.0,0.0,from_trough,SOXL3S_jun_trough
SOXL3L_USDT,SOXL3L_jun_high,0.02,0.1,20,both,True,3860,0.80587,0.87982,17,4,13,-70.8247,0.0,-70.8247,1929.1753,0.054226,219,17,1929.1753,0.0,0.0,from_high,SOXL3L_jun_high
SNXX3L_USDT,SNXX3L_aug_trough,0.02,0.1,20,both,True,7892,0.56854,4.04558,17,3,14,-46.8305,0.0,-46.8305,1953.1695,0.055305,5261,17,1953.1695,0.0,0.0,from_trough,SNXX3L_aug_trough
SNXX3L_USDT,SNXX3L_aug_high,0.02,0.1,20,both,True,14773,2.17321,4.04558,17,1,16,-58.8276,0.0,-58.8276,1941.1724,0.042055,784,17,1941.1724,0.0,-0.0,from_high,SNXX3L_aug_high
SOXL3S_USDT,SOXL3S_jun_high,0.02,0.1,20,both,True,2446,1.12385,1.83695,17,17,0,87.5373,0.0,87.5373,2087.5373,0.003456,470,17,2087.5373,0.0,0.0,from_high,SOXL3S_jun_high
SOXL3S_USDT,SOXL3S_aug_high,0.02,0.1,20,both,True,6274,0.5717,0.9645,17,0,17,-129.0107,0.0,-129.0107,1870.9893,0.066068,589,17,1870.9893,0.0,-0.0,from_high,SOXL3S_aug_high
SOXL3S_USDT,SOXL3S_aug_trough,0.02,0.1,20,both,True,5412,0.465,0.9645,17,17,0,87.5373,0.0,87.5373,2087.5373,0.018226,858,17,2087.5373,0.0,-0.0,from_trough,SOXL3S_aug_trough
SOXL3L_USDT,SOXL3L_jun_trough,0.02,0.15,10,none,False,1906,0.46705,0.87982,17,17,0,173.2992,0.0,173.2992,2173.2992,0.048688,0,9,2173.2992,0.0,-0.0,from_trough,SOXL3L_jun_trough
SOXL3L_USDT,SOXL3L_jun_high,0.02,0.15,10,none,False,3860,0.80587,0.87982,9,9,0,77.1891,55.0585,132.0946,2132.0946,0.584726,0,9,1477.0361,655.0585,-0.0,from_high,SOXL3L_jun_high
SNXX3L_USDT,SNXX3L_open_high,0.02,0.15,10,none,False,1469,1.00171,2.35386,21,21,0,186.9077,0.0,186.9077,2186.9077,0.097941,0,9,2186.9077,0.0,-0.0,from_high,SNXX3L_open_high
SOXL3S_USDT,SOXL3S_jun_high,0.02,0.15,10,none,False,2446,1.12385,1.83695,29,29,0,213.6515,0.0,213.6515,2213.6515,0.150743,0,9,2213.6515,0.0,0.0,from_high,SOXL3S_jun_high
SOXL3S_USDT,SOXL3S_jun_trough,0.02,0.15,10,none,False,1906,0.72385,1.83695,9,9,0,146.6736,0.0,146.6736,2146.6736,0.014147,0,9,2146.6736,0.0,0.0,from_trough,SOXL3S_jun_trough
SNXX3L_USDT,SNXX3L_aug_trough,0.02,0.15,10,none,False,7892,0.56854,4.04558,22,22,0,190.1028,0.0,190.1028,2190.1028,0.126234,0,9,2190.1028,0.0,0.0,from_trough,SNXX3L_aug_trough
SNXX3L_USDT,SNXX3L_aug_high,0.02,0.15,10,none,False,14773,2.17321,4.04558,21,21,0,186.8485,0.0,186.8485,2186.8485,0.226211,0,9,2186.8485,0.0,-0.0,from_high,SNXX3L_aug_high
SNXX3L_USDT,SNXX3L_open_trough,0.02,0.15,10,none,False,1078,0.53062,2.35386,9,9,0,146.6736,0.0,146.6736,2146.6736,0.0,0,9,2146.6736,0.0,0.0,from_trough,SNXX3L_open_trough
SOXL3S_USDT,SOXL3S_aug_high,0.02,0.15,10,none,False,6274,0.5717,0.9645,12,12,0,156.673,0.0,156.673,2156.673,0.222335,0,9,2156.673,0.0,0.0,from_high,SOXL3S_aug_high
SOXL3S_USDT,SOXL3S_aug_trough,0.02,0.15,10,none,False,5412,0.465,0.9645,9,9,0,146.6736,0.0,146.6736,2146.6736,0.02185,0,9,2146.6736,0.0,-0.0,from_trough,SOXL3S_aug_trough
SOXL3L_USDT,SOXL3L_jun_high,0.02,0.15,10,none,True,3860,0.80587,0.87982,6,6,0,67.1897,55.0585,122.0952,2122.0952,0.472411,0,9,1467.0367,655.0585,0.0,from_high,SOXL3L_jun_high
SOXL3L_USDT,SOXL3L_jun_trough,0.02,0.15,10,none,True,1906,0.46705,0.87982,9,9,0,146.6736,0.0,146.6736,2146.6736,0.034892,0,9,2146.6736,0.0,-0.0,from_trough,SOXL3L_jun_trough
SNXX3L_USDT,SNXX3L_open_trough,0.02,0.15,10,none,True,1078,0.53062,2.35386,9,9,0,146.6736,0.0,146.6736,2146.6736,0.0,0,9,2146.6736,0.0,0.0,from_trough,SNXX3L_open_trough
SOXL3S_USDT,SOXL3S_jun_high,0.02,0.15,10,none,True,2446,1.12385,1.83695,9,9,0,146.6736,0.0,146.6736,2146.6736,0.093903,0,9,2146.6736,0.0,0.0,from_high,SOXL3S_jun_high
SNXX3L_USDT,SNXX3L_open_high,0.02,0.15,10,none,True,1469,1.00171,2.35386,9,9,0,146.6736,0.0,146.6736,2146.6736,0.07031,0,9,2146.6736,0.0,-0.0,from_high,SNXX3L_open_high
SNXX3L_USDT,SNXX3L_aug_trough,0.02,0.15,10,none,True,7892,0.56854,4.04558,9,9,0,146.6736,0.0,146.6736,2146.6736,0.103146,0,9,2146.6736,0.0,0.0,from_trough,SNXX3L_aug_trough
SOXL3S_USDT,SOXL3S_jun_trough,0.02,0.15,10,none,True,1906,0.72385,1.83695,9,9,0,146.6736,0.0,146.6736,2146.6736,0.014147,0,9,2146.6736,0.0,0.0,from_trough,SOXL3S_jun_trough
SOXL3S_USDT,SOXL3S_aug_high,0.02,0.15,10,none,True,6274,0.5717,0.9645,9,9,0,146.6736,0.0,146.6736,2146.6736,0.222335,0,9,2146.6736,0.0,0.0,from_high,SOXL3S_aug_high
SNXX3L_USDT,SNXX3L_aug_high,0.02,0.15,10,none,True,14773,2.17321,4.04558,9,9,0,146.6736,0.0,146.6736,2146.6736,0.119228,0,9,2146.6736,0.0,-0.0,from_high,SNXX3L_aug_high
SOXL3L_USDT,SOXL3L_jun_trough,0.02,0.15,10,up,False,1906,0.46705,0.87982,112,112,0,398.3916,-4.463,393.7846,2393.7846,0.303117,45,9,1798.2476,595.537,-0.0,from_trough,SOXL3L_jun_trough
SOXL3L_USDT,SOXL3L_jun_high,0.02,0.15,10,up,False,3860,0.80587,0.87982,9,9,0,77.1891,55.0585,132.0946,2132.0946,0.584726,0,9,1477.0361,655.0585,-0.0,from_high,SOXL3L_jun_high
SOXL3S_USDT,SOXL3S_jun_high,0.02,0.15,10,up,False,2446,1.12385,1.83695,112,112,0,396.4547,-233.3106,162.6161,2162.6161,0.238595,45,9,195.9267,1966.6894,0.0,from_high,SOXL3S_jun_high
SOXL3S_USDT,SOXL3S_aug_trough,0.02,0.15,10,none,True,5412,0.465,0.9645,9,9,0,146.6736,0.0,146.6736,2146.6736,0.02185,0,9,2146.6736,0.0,-0.0,from_trough,SOXL3S_aug_trough
SNXX3L_USDT,SNXX3L_open_high,0.02,0.15,10,up,False,1469,1.00171,2.35386,162,162,0,470.9827,-23.821,446.8257,2446.8257,0.608137,76,9,1070.6467,1376.179,0.0,from_high,SNXX3L_open_high
SOXL3S_USDT,SOXL3S_jun_trough,0.02,0.15,10,up,False,1906,0.72385,1.83695,220,220,0,516.1087,-274.813,240.7677,2240.7677,0.237238,108,9,315.5807,1925.187,0.0,from_trough,SOXL3S_jun_trough
SNXX3L_USDT,SNXX3L_open_trough,0.02,0.15,10,up,False,1078,0.53062,2.35386,164,164,0,332.4547,-38.639,293.2877,2293.2877,0.212145,203,9,131.9267,2161.361,-0.0,from_trough,SNXX3L_open_trough
SNXX3L_USDT,SNXX3L_aug_trough,0.02,0.15,10,up,False,7892,0.56854,4.04558,813,813,0,1061.6085,-133.5526,927.5279,2927.5279,0.133609,383,9,861.0805,2066.4474,0.0,from_trough,SNXX3L_aug_trough
SOXL3S_USDT,SOXL3S_aug_trough,0.02,0.15,10,up,False,5412,0.465,0.9645,348,348,0,812.4706,-64.5653,747.4253,2747.4253,0.196515,63,9,811.9906,1935.4347,0.0,from_trough,SOXL3S_aug_trough
SNXX3L_USDT,SNXX3L_aug_high,0.02,0.15,10,up,False,14773,2.17321,4.04558,196,196,0,603.7125,-64.723,538.5574,2538.5574,0.226211,50,9,803.2805,1735.277,0.0,from_high,SNXX3L_aug_high
SOXL3L_USDT,SOXL3L_jun_trough,0.02,0.15,10,up,True,1906,0.46705,0.87982,9,9,0,146.6736,0.0,146.6736,2146.6736,0.034892,45,9,2146.6736,0.0,-0.0,from_trough,SOXL3L_jun_trough
SOXL3S_USDT,SOXL3S_aug_high,0.02,0.15,10,up,False,6274,0.5717,0.9645,313,313,0,886.9842,-58.6498,827.9025,2827.9025,0.222335,39,9,1086.5522,1741.3502,0.0,from_high,SOXL3S_aug_high
SOXL3S_USDT,SOXL3S_jun_trough,0.02,0.15,10,up,True,1906,0.72385,1.83695,9,9,0,146.6736,0.0,146.6736,2146.6736,0.014147,108,9,2146.6736,0.0,0.0,from_trough,SOXL3S_jun_trough
SOXL3S_USDT,SOXL3S_jun_high,0.02,0.15,10,up,True,2446,1.12385,1.83695,9,9,0,146.6736,0.0,146.6736,2146.6736,0.093903,45,9,2146.6736,0.0,0.0,from_high,SOXL3S_jun_high
SOXL3L_USDT,SOXL3L_jun_high,0.02,0.15,10,up,True,3860,0.80587,0.87982,6,6,0,67.1897,55.0585,122.0952,2122.0952,0.472411,0,9,1467.0367,655.0585,0.0,from_high,SOXL3L_jun_high
SNXX3L_USDT,SNXX3L_open_trough,0.02,0.15,10,up,True,1078,0.53062,2.35386,9,9,0,146.6736,0.0,146.6736,2146.6736,0.0,203,9,2146.6736,0.0,0.0,from_trough,SNXX3L_open_trough
SNXX3L_USDT,SNXX3L_open_high,0.02,0.15,10,up,True,1469,1.00171,2.35386,9,9,0,146.6736,0.0,146.6736,2146.6736,0.07031,76,9,2146.6736,0.0,-0.0,from_high,SNXX3L_open_high
SNXX3L_USDT,SNXX3L_aug_trough,0.02,0.15,10,up,True,7892,0.56854,4.04558,9,9,0,146.6736,0.0,146.6736,2146.6736,0.103146,383,9,2146.6736,0.0,0.0,from_trough,SNXX3L_aug_trough
SNXX3L_USDT,SNXX3L_aug_high,0.02,0.15,10,up,True,14773,2.17321,4.04558,9,9,0,146.6736,0.0,146.6736,2146.6736,0.119228,50,9,2146.6736,0.0,-0.0,from_high,SNXX3L_aug_high
SOXL3S_USDT,SOXL3S_aug_high,0.02,0.15,10,up,True,6274,0.5717,0.9645,9,9,0,146.6736,0.0,146.6736,2146.6736,0.222335,39,9,2146.6736,0.0,0.0,from_high,SOXL3S_aug_high
SOXL3S_USDT,SOXL3S_aug_trough,0.02,0.15,10,up,True,5412,0.465,0.9645,9,9,0,146.6736,0.0,146.6736,2146.6736,0.02185,63,9,2146.6736,0.0,-0.0,from_trough,SOXL3S_aug_trough
SNXX3L_USDT,SNXX3L_open_high,0.02,0.15,10,both,False,1469,1.00171,2.35386,132,78,54,-1407.3619,0.0,-1407.3619,592.6381,0.735763,244,9,592.6381,0.0,0.0,from_high,SNXX3L_open_high
SNXX3L_USDT,SNXX3L_open_trough,0.02,0.15,10,both,False,1078,0.53062,2.35386,201,136,65,-573.412,0.0,-573.412,1426.588,0.336561,355,9,1426.588,0.0,0.0,from_trough,SNXX3L_open_trough
SOXL3L_USDT,SOXL3L_jun_trough,0.02,0.15,10,both,False,1906,0.46705,0.87982,123,107,16,-231.7501,-4.463,-236.3571,1763.6429,0.327956,83,9,1168.1059,595.537,-0.0,from_trough,SOXL3L_jun_trough
SOXL3L_USDT,SOXL3L_jun_high,0.02,0.15,10,both,False,3860,0.80587,0.87982,62,39,23,-295.2861,0.488,-294.894,1705.106,0.257295,63,9,1304.6179,400.488,-0.0,from_high,SOXL3L_jun_high
SOXL3S_USDT,SOXL3S_jun_high,0.02,0.15,10,both,False,2446,1.12385,1.83695,189,156,33,-166.5441,-4.7214,-171.4095,1828.5905,0.229806,118,9,1233.3119,595.2786,0.0,from_high,SOXL3S_jun_high
SNXX3L_USDT,SNXX3L_aug_trough,0.02,0.15,10,both,False,7892,0.56854,4.04558,890,616,274,-1545.2093,-1.928,-1547.1853,452.8147,0.786182,1357,9,254.7427,198.072,0.0,from_trough,SNXX3L_aug_trough
SNXX3L_USDT,SNXX3L_aug_high,0.02,0.15,10,both,False,14773,2.17321,4.04558,287,205,82,-1070.2562,-18.7762,-1089.2245,910.7755,0.632031,202,9,129.5518,781.2238,-0.0,from_high,SNXX3L_aug_high
SOXL3S_USDT,SOXL3S_jun_trough,0.02,0.15,10,both,False,1906,0.72385,1.83695,243,177,66,-277.1652,0.0,-277.1652,1722.8348,0.23932,221,9,1722.8348,0.0,-0.0,from_trough,SOXL3S_jun_trough
SOXL3S_USDT,SOXL3S_aug_trough,0.02,0.15,10,both,False,5412,0.465,0.9645,304,207,97,-756.6479,0.0,-756.6479,1243.3521,0.446632,186,9,1243.3521,0.0,0.0,from_trough,SOXL3S_aug_trough
SOXL3S_USDT,SOXL3S_aug_high,0.02,0.15,10,both,False,6274,0.5717,0.9645,262,194,68,-458.037,0.0,-458.037,1541.963,0.258774,132,9,1541.963,0.0,0.0,from_high,SOXL3S_aug_high
SOXL3S_USDT,SOXL3S_jun_high,0.02,0.15,10,both,True,2446,1.12385,1.83695,9,7,2,58.2948,0.0,58.2948,2058.2948,0.041923,118,9,2058.2948,0.0,0.0,from_high,SOXL3S_jun_high
SOXL3L_USDT,SOXL3L_jun_trough,0.02,0.15,10,both,True,1906,0.46705,0.87982,9,7,2,71.8915,0.0,71.8915,2071.8915,0.032132,83,9,2071.8915,0.0,-0.0,from_trough,SOXL3L_jun_trough
SNXX3L_USDT,SNXX3L_open_high,0.02,0.15,10,both,True,1469,1.00171,2.35386,9,5,4,3.9078,0.0,3.9078,2003.9078,0.07031,244,9,2003.9078,0.0,-0.0,from_high,SNXX3L_open_high
SNXX3L_USDT,SNXX3L_open_trough,0.02,0.15,10,both,True,1078,0.53062,2.35386,9,9,0,146.6736,0.0,146.6736,2146.6736,0.0,355,9,2146.6736,0.0,0.0,from_trough,SNXX3L_open_trough
SOXL3S_USDT,SOXL3S_jun_trough,0.02,0.15,10,both,True,1906,0.72385,1.83695,9,9,0,146.6736,0.0,146.6736,2146.6736,0.014147,221,9,2146.6736,0.0,0.0,from_trough,SOXL3S_jun_trough
SOXL3L_USDT,SOXL3L_jun_high,0.02,0.15,10,both,True,3860,0.80587,0.87982,9,1,8,-193.2448,0.0,-193.2448,1806.7552,0.117032,63,9,1806.7552,0.0,0.0,from_high,SOXL3L_jun_high
SNXX3L_USDT,SNXX3L_aug_trough,0.02,0.15,10,both,True,7892,0.56854,4.04558,9,4,5,-9.6889,0.0,-9.6889,1990.3111,0.070372,1357,9,1990.3111,0.0,0.0,from_trough,SNXX3L_aug_trough
SNXX3L_USDT,SNXX3L_aug_high,0.02,0.15,10,both,True,14773,2.17321,4.04558,9,0,9,-128.6603,0.0,-128.6603,1871.3397,0.065139,202,9,1871.3397,0.0,-0.0,from_high,SNXX3L_aug_high
SOXL3S_USDT,SOXL3S_aug_high,0.02,0.15,10,both,True,6274,0.5717,0.9645,9,0,9,-169.4505,0.0,-169.4505,1830.5495,0.0944,132,9,1830.5495,0.0,0.0,from_high,SOXL3S_aug_high
SOXL3L_USDT,SOXL3L_jun_high,0.02,0.15,20,none,False,3860,0.80587,0.87982,19,19,0,77.6592,45.8821,123.4138,2123.4138,0.52741,0,18,1577.5317,545.8821,0.0,from_high,SOXL3L_jun_high
SOXL3S_USDT,SOXL3S_aug_trough,0.02,0.15,10,both,True,5412,0.465,0.9645,9,9,0,146.6736,0.0,146.6736,2146.6736,0.02185,186,9,2146.6736,0.0,-0.0,from_trough,SOXL3S_aug_trough
SNXX3L_USDT,SNXX3L_open_high,0.02,0.15,20,none,False,1469,1.00171,2.35386,42,42,0,158.5364,0.0,158.5364,2158.5364,0.074279,0,18,2158.5364,0.0,-0.0,from_high,SNXX3L_open_high
SNXX3L_USDT,SNXX3L_open_trough,0.02,0.15,20,none,False,1078,0.53062,2.35386,18,18,0,139.0254,0.0,139.0254,2139.0254,0.0,0,18,2139.0254,0.0,-0.0,from_trough,SNXX3L_open_trough
SOXL3L_USDT,SOXL3L_jun_trough,0.02,0.15,20,none,False,1906,0.46705,0.87982,37,37,0,154.3963,0.0,154.3963,2154.3963,0.041944,0,18,2154.3963,0.0,-0.0,from_trough,SOXL3L_jun_trough
SOXL3S_USDT,SOXL3S_jun_high,0.02,0.15,20,none,False,2446,1.12385,1.83695,61,61,0,173.959,0.0,173.959,2173.959,0.11556,0,18,2173.959,0.0,0.0,from_high,SOXL3S_jun_high
SNXX3L_USDT,SNXX3L_aug_high,0.02,0.15,20,none,False,14773,2.17321,4.04558,41,41,0,157.695,0.0,157.695,2157.695,0.149956,0,18,2157.695,0.0,0.0,from_high,SNXX3L_aug_high
SNXX3L_USDT,SNXX3L_aug_trough,0.02,0.15,20,none,False,7892,0.56854,4.04558,56,56,0,169.9227,0.0,169.9227,2169.9227,0.11969,0,18,2169.9227,0.0,0.0,from_trough,SNXX3L_aug_trough
SOXL3S_USDT,SOXL3S_jun_trough,0.02,0.15,20,none,False,1906,0.72385,1.83695,18,18,0,139.0254,0.0,139.0254,2139.0254,0.013153,0,18,2139.0254,0.0,0.0,from_trough,SOXL3S_jun_trough
SOXL3S_USDT,SOXL3S_aug_trough,0.02,0.15,20,none,False,5412,0.465,0.9645,20,20,0,140.6414,0.0,140.6414,2140.6414,0.021271,0,18,2140.6414,0.0,-0.0,from_trough,SOXL3S_aug_trough
SOXL3S_USDT,SOXL3S_jun_high,0.02,0.15,20,none,True,2446,1.12385,1.83695,18,18,0,139.0254,0.0,139.0254,2139.0254,0.070652,0,18,2139.0254,0.0,0.0,from_high,SOXL3S_jun_high
SOXL3L_USDT,SOXL3L_jun_high,0.02,0.15,20,none,True,3860,0.80587,0.87982,13,13,0,72.7889,45.8821,118.5435,2118.5435,0.443126,0,18,1572.6614,545.8821,0.0,from_high,SOXL3L_jun_high
SOXL3L_USDT,SOXL3L_jun_trough,0.02,0.15,20,none,True,1906,0.46705,0.87982,18,18,0,139.0254,0.0,139.0254,2139.0254,0.034989,0,18,2139.0254,0.0,-0.0,from_trough,SOXL3L_jun_trough
SNXX3L_USDT,SNXX3L_open_high,0.02,0.15,20,none,True,1469,1.00171,2.35386,18,18,0,139.0254,0.0,139.0254,2139.0254,0.064548,0,18,2139.0254,0.0,-0.0,from_high,SNXX3L_open_high
SNXX3L_USDT,SNXX3L_open_trough,0.02,0.15,20,none,True,1078,0.53062,2.35386,18,18,0,139.0254,0.0,139.0254,2139.0254,0.0,0,18,2139.0254,0.0,-0.0,from_trough,SNXX3L_open_trough
SOXL3S_USDT,SOXL3S_jun_trough,0.02,0.15,20,none,True,1906,0.72385,1.83695,18,18,0,139.0254,0.0,139.0254,2139.0254,0.013153,0,18,2139.0254,0.0,0.0,from_trough,SOXL3S_jun_trough
SNXX3L_USDT,SNXX3L_aug_trough,0.02,0.15,20,none,True,7892,0.56854,4.04558,18,18,0,139.0254,0.0,139.0254,2139.0254,0.103313,0,18,2139.0254,0.0,0.0,from_trough,SNXX3L_aug_trough
SOXL3S_USDT,SOXL3S_aug_high,0.02,0.15,20,none,False,6274,0.5717,0.9645,23,23,0,143.0693,0.0,143.0693,2143.0693,0.234586,0,18,2143.0693,0.0,-0.0,from_high,SOXL3S_aug_high
SOXL3S_USDT,SOXL3S_aug_trough,0.02,0.15,20,none,True,5412,0.465,0.9645,18,18,0,139.0254,0.0,139.0254,2139.0254,0.020642,0,18,2139.0254,0.0,-0.0,from_trough,SOXL3S_aug_trough
SOXL3S_USDT,SOXL3S_aug_high,0.02,0.15,20,none,True,6274,0.5717,0.9645,18,18,0,139.0254,0.0,139.0254,2139.0254,0.222335,0,18,2139.0254,0.0,-0.0,from_high,SOXL3S_aug_high
SOXL3L_USDT,SOXL3L_jun_high,0.02,0.15,20,up,False,3860,0.80587,0.87982,19,19,0,77.6592,45.8821,123.4138,2123.4138,0.52741,0,18,1577.5317,545.8821,0.0,from_high,SOXL3L_jun_high
SOXL3S_USDT,SOXL3S_jun_high,0.02,0.15,20,up,False,2446,1.12385,1.83695,289,289,0,300.3841,-231.5333,68.3469,2068.3469,0.231515,91,18,199.8801,1868.4667,0.0,from_high,SOXL3S_jun_high
SOXL3L_USDT,SOXL3L_jun_trough,0.02,0.15,20,up,False,1906,0.46705,0.87982,270,270,0,285.9136,-3.7258,282.0678,2282.0678,0.324804,90,18,1785.7936,496.2742,0.0,from_trough,SOXL3L_jun_trough
SNXX3L_USDT,SNXX3L_open_high,0.02,0.15,20,up,False,1469,1.00171,2.35386,377,377,0,315.8314,-22.5724,292.9709,2292.9709,0.598727,152,18,1115.5434,1177.4276,0.0,from_high,SNXX3L_open_high
SNXX3L_USDT,SNXX3L_aug_high,0.02,0.15,20,none,True,14773,2.17321,4.04558,18,18,0,139.0254,0.0,139.0254,2139.0254,0.11886,0,18,2139.0254,0.0,-0.0,from_high,SNXX3L_aug_high
SNXX3L_USDT,SNXX3L_open_trough,0.02,0.15,20,up,False,1078,0.53062,2.35386,342,342,0,229.3318,-40.7839,188.0439,2188.0439,0.222755,407,18,128.8278,2059.2161,-0.0,from_trough,SNXX3L_open_trough
SOXL3S_USDT,SOXL3S_jun_trough,0.02,0.15,20,up,False,1906,0.72385,1.83695,488,488,0,336.4895,-267.7461,68.2394,2068.2394,0.244808,217,18,235.9855,1832.2539,-0.0,from_trough,SOXL3S_jun_trough
SNXX3L_USDT,SNXX3L_aug_high,0.02,0.15,20,up,False,14773,2.17321,4.04558,480,480,0,408.999,-61.212,347.379,2347.379,0.149956,100,18,708.591,1638.788,0.0,from_high,SNXX3L_aug_high
SNXX3L_USDT,SNXX3L_aug_trough,0.02,0.15,20,up,False,7892,0.56854,4.04558,1814,1814,0,625.8877,-129.7011,495.6826,2495.6826,0.146398,767,18,525.3837,1970.2989,0.0,from_trough,SNXX3L_aug_trough
SOXL3S_USDT,SOXL3S_aug_high,0.02,0.15,20,up,False,6274,0.5717,0.9645,782,782,0,584.5935,-56.0964,528.1132,2528.1132,0.234586,78,18,984.2095,1543.9036,-0.0,from_high,SOXL3S_aug_high
SOXL3L_USDT,SOXL3L_jun_high,0.02,0.15,20,up,True,3860,0.80587,0.87982,13,13,0,72.7889,45.8821,118.5435,2118.5435,0.443126,0,18,1572.6614,545.8821,0.0,from_high,SOXL3L_jun_high
SNXX3L_USDT,SNXX3L_open_high,0.02,0.15,20,up,True,1469,1.00171,2.35386,18,18,0,139.0254,0.0,139.0254,2139.0254,0.064548,152,18,2139.0254,0.0,-0.0,from_high,SNXX3L_open_high
SOXL3S_USDT,SOXL3S_aug_trough,0.02,0.15,20,up,False,5412,0.465,0.9645,840,840,0,525.4221,-61.4238,463.5424,2463.5424,0.197954,126,18,624.9661,1838.5762,0.0,from_trough,SOXL3S_aug_trough
SOXL3S_USDT,SOXL3S_jun_high,0.02,0.15,20,up,True,2446,1.12385,1.83695,18,18,0,139.0254,0.0,139.0254,2139.0254,0.070652,91,18,2139.0254,0.0,0.0,from_high,SOXL3S_jun_high
SOXL3S_USDT,SOXL3S_jun_trough,0.02,0.15,20,up,True,1906,0.72385,1.83695,18,18,0,139.0254,0.0,139.0254,2139.0254,0.013153,217,18,2139.0254,0.0,0.0,from_trough,SOXL3S_jun_trough
SNXX3L_USDT,SNXX3L_open_trough,0.02,0.15,20,up,True,1078,0.53062,2.35386,18,18,0,139.0254,0.0,139.0254,2139.0254,0.0,407,18,2139.0254,0.0,-0.0,from_trough,SNXX3L_open_trough
SOXL3L_USDT,SOXL3L_jun_trough,0.02,0.15,20,up,True,1906,0.46705,0.87982,18,18,0,139.0254,0.0,139.0254,2139.0254,0.034989,90,18,2139.0254,0.0,-0.0,from_trough,SOXL3L_jun_trough
SNXX3L_USDT,SNXX3L_aug_trough,0.02,0.15,20,up,True,7892,0.56854,4.04558,18,18,0,139.0254,0.0,139.0254,2139.0254,0.103313,767,18,2139.0254,0.0,0.0,from_trough,SNXX3L_aug_trough
SOXL3S_USDT,SOXL3S_aug_trough,0.02,0.15,20,up,True,5412,0.465,0.9645,18,18,0,139.0254,0.0,139.0254,2139.0254,0.020642,126,18,2139.0254,0.0,-0.0,from_trough,SOXL3S_aug_trough
SOXL3S_USDT,SOXL3S_jun_high,0.02,0.15,20,both,False,2446,1.12385,1.83695,410,324,86,-408.6506,0.0,-408.6506,1591.3494,0.259732,249,18,1591.3494,0.0,0.0,from_high,SOXL3S_jun_high
SNXX3L_USDT,SNXX3L_aug_high,0.02,0.15,20,up,True,14773,2.17321,4.04558,18,18,0,139.0254,0.0,139.0254,2139.0254,0.11886,100,18,2139.0254,0.0,-0.0,from_high,SNXX3L_aug_high
SOXL3L_USDT,SOXL3L_jun_high,0.02,0.15,20,both,False,3860,0.80587,0.87982,177,120,57,-508.7228,-1.9633,-510.7581,1489.2419,0.32073,129,18,1191.2052,298.0367,0.0,from_high,SOXL3L_jun_high
SOXL3S_USDT,SOXL3S_jun_trough,0.02,0.15,20,both,False,1906,0.72385,1.83695,503,366,137,-451.645,0.0,-451.645,1548.355,0.289413,465,18,1548.355,0.0,0.0,from_trough,SOXL3S_jun_trough
SOXL3L_USDT,SOXL3L_jun_trough,0.02,0.15,20,both,False,1906,0.46705,0.87982,288,258,30,-368.4664,-3.7258,-372.3122,1627.6878,0.336618,170,18,1131.4136,496.2742,-0.0,from_trough,SOXL3L_jun_trough
SNXX3L_USDT,SNXX3L_open_trough,0.02,0.15,20,both,False,1078,0.53062,2.35386,357,222,135,-613.9714,0.0,-613.9714,1386.0286,0.35402,730,18,1386.0286,0.0,-0.0,from_trough,SNXX3L_open_trough
SNXX3L_USDT,SNXX3L_open_high,0.02,0.15,20,both,False,1469,1.00171,2.35386,268,166,102,-1476.9739,0.0,-1476.9739,523.0261,0.75878,505,18,523.0261,0.0,0.0,from_high,SNXX3L_open_high
SOXL3S_USDT,SOXL3S_aug_high,0.02,0.15,20,up,True,6274,0.5717,0.9645,18,18,0,139.0254,0.0,139.0254,2139.0254,0.222335,78,18,2139.0254,0.0,-0.0,from_high,SOXL3S_aug_high
SNXX3L_USDT,SNXX3L_aug_trough,0.02,0.15,20,both,False,7892,0.56854,4.04558,1718,1230,488,-1710.1192,-1.081,-1711.2243,288.7757,0.857571,2840,18,189.8568,98.919,0.0,from_trough,SNXX3L_aug_trough
SNXX3L_USDT,SNXX3L_aug_high,0.02,0.15,20,both,False,14773,2.17321,4.04558,623,462,161,-1360.263,-17.9991,-1378.4061,621.5939,0.691415,423,18,39.593,582.0009,-0.0,from_high,SNXX3L_aug_high
SOXL3S_USDT,SOXL3S_aug_high,0.02,0.15,20,both,False,6274,0.5717,0.9645,600,467,133,-560.5101,0.0,-560.5101,1439.4899,0.29876,275,18,1439.4899,0.0,-0.0,from_high,SOXL3S_aug_high
SOXL3L_USDT,SOXL3L_jun_high,0.02,0.15,20,both,True,3860,0.80587,0.87982,18,3,15,-126.1109,0.0,-126.1109,1873.8891,0.083287,129,18,1873.8891,0.0,0.0,from_high,SOXL3L_jun_high
SNXX3L_USDT,SNXX3L_open_high,0.02,0.15,20,both,True,1469,1.00171,2.35386,18,11,7,8.1568,0.0,8.1568,2008.1568,0.064548,505,18,2008.1568,0.0,-0.0,from_high,SNXX3L_open_high
SOXL3S_USDT,SOXL3S_aug_trough,0.02,0.15,20,both,False,5412,0.465,0.9645,758,560,198,-1011.0888,0.0,-1011.0888,988.9112,0.550226,392,18,988.9112,0.0,-0.0,from_trough,SOXL3S_aug_trough
SNXX3L_USDT,SNXX3L_open_trough,0.02,0.15,20,both,True,1078,0.53062,2.35386,18,18,0,139.0254,0.0,139.0254,2139.0254,0.0,730,18,2139.0254,0.0,-0.0,from_trough,SNXX3L_open_trough
SOXL3S_USDT,SOXL3S_jun_high,0.02,0.15,20,both,True,2446,1.12385,1.83695,18,15,3,90.587,0.0,90.587,2090.587,0.022873,249,18,2090.587,0.0,0.0,from_high,SOXL3S_jun_high
SOXL3S_USDT,SOXL3S_jun_trough,0.02,0.15,20,both,True,1906,0.72385,1.83695,18,18,0,139.0254,0.0,139.0254,2139.0254,0.013153,465,18,2139.0254,0.0,0.0,from_trough,SOXL3S_jun_trough
SOXL3L_USDT,SOXL3L_jun_trough,0.02,0.15,20,both,True,1906,0.46705,0.87982,18,14,4,65.943,0.0,65.943,2065.943,0.03262,170,18,2065.943,0.0,-0.0,from_trough,SOXL3L_jun_trough
SNXX3L_USDT,SNXX3L_aug_trough,0.02,0.15,20,both,True,7892,0.56854,4.04558,18,8,10,-12.2383,0.0,-12.2383,1987.7617,0.06372,2840,18,1987.7617,0.0,0.0,from_trough,SNXX3L_aug_trough
SOXL3S_USDT,SOXL3S_aug_high,0.02,0.15,20,both,True,6274,0.5717,0.9645,18,0,18,-154.1542,0.0,-154.1542,1845.8458,0.078906,275,18,1845.8458,0.0,-0.0,from_high,SOXL3S_aug_high
SNXX3L_USDT,SNXX3L_aug_high,0.02,0.15,20,both,True,14773,2.17321,4.04558,18,1,17,-82.7713,0.0,-82.7713,1917.2287,0.049345,423,18,1917.2287,0.0,-0.0,from_high,SNXX3L_aug_high
SOXL3S_USDT,SOXL3S_aug_trough,0.02,0.15,20,both,True,5412,0.465,0.9645,18,18,0,139.0254,0.0,139.0254,2139.0254,0.020642,392,18,2139.0254,0.0,-0.0,from_trough,SOXL3S_aug_trough
SNXX3L_USDT,SNXX3L_open_high,0.02,0.2,10,none,False,1469,1.00171,2.35386,17,17,0,196.2119,0.0,196.2119,2196.2119,0.072306,0,9,2196.2119,0.0,-0.0,from_high,SNXX3L_open_high
SOXL3S_USDT,SOXL3S_jun_high,0.02,0.2,10,none,False,2446,1.12385,1.83695,19,19,0,204.9973,0.0,204.9973,2204.9973,0.167765,0,9,2204.9973,0.0,0.0,from_high,SOXL3S_jun_high
SOXL3S_USDT,SOXL3S_jun_trough,0.02,0.2,10,none,False,1906,0.72385,1.83695,9,9,0,161.0701,0.0,161.0701,2161.0701,0.015443,0,9,2161.0701,0.0,0.0,from_trough,SOXL3S_jun_trough
SOXL3L_USDT,SOXL3L_jun_trough,0.02,0.2,10,none,False,1906,0.46705,0.87982,11,11,0,169.8556,0.0,169.8556,2169.8556,0.056471,0,9,2169.8556,0.0,-0.0,from_trough,SOXL3L_jun_trough
SNXX3L_USDT,SNXX3L_open_trough,0.02,0.2,10,none,False,1078,0.53062,2.35386,9,9,0,161.0701,0.0,161.0701,2161.0701,0.017494,0,9,2161.0701,0.0,0.0,from_trough,SNXX3L_open_trough
SNXX3L_USDT,SNXX3L_aug_trough,0.02,0.2,10,none,False,7892,0.56854,4.04558,15,15,0,187.4264,0.0,187.4264,2187.4264,0.113259,0,9,2187.4264,0.0,0.0,from_trough,SNXX3L_aug_trough
SOXL3L_USDT,SOXL3L_jun_high,0.02,0.2,10,none,False,3860,0.80587,0.87982,6,6,0,49.8867,73.4113,123.094,2123.094,0.46976,0,9,1249.6827,873.4113,-0.0,from_high,SOXL3L_jun_high
SOXL3S_USDT,SOXL3S_aug_high,0.02,0.2,10,none,False,6274,0.5717,0.9645,10,10,0,165.4628,0.0,165.4628,2165.4628,0.222335,0,9,2165.4628,0.0,0.0,from_high,SOXL3S_aug_high
SNXX3L_USDT,SNXX3L_aug_high,0.02,0.2,10,none,False,14773,2.17321,4.04558,14,14,0,183.0337,0.0,183.0337,2183.0337,0.242215,0,9,2183.0337,0.0,-0.0,from_high,SNXX3L_aug_high
SOXL3S_USDT,SOXL3S_aug_trough,0.02,0.2,10,none,False,5412,0.465,0.9645,9,9,0,161.0701,0.0,161.0701,2161.0701,0.01944,0,9,2161.0701,0.0,-0.0,from_trough,SOXL3S_aug_trough
SOXL3L_USDT,SOXL3L_jun_high,0.02,0.2,10,none,True,3860,0.80587,0.87982,5,5,0,45.494,73.4113,118.7013,2118.7013,0.41389,0,9,1245.29,873.4113,-0.0,from_high,SOXL3L_jun_high
SNXX3L_USDT,SNXX3L_open_high,0.02,0.2,10,none,True,1469,1.00171,2.35386,9,9,0,161.0701,0.0,161.0701,2161.0701,0.070451,0,9,2161.0701,0.0,0.0,from_high,SNXX3L_open_high
SOXL3S_USDT,SOXL3S_jun_high,0.02,0.2,10,none,True,2446,1.12385,1.83695,9,9,0,161.0701,0.0,161.0701,2161.0701,0.14059,0,9,2161.0701,0.0,0.0,from_high,SOXL3S_jun_high
SOXL3S_USDT,SOXL3S_jun_trough,0.02,0.2,10,none,True,1906,0.72385,1.83695,9,9,0,161.0701,0.0,161.0701,2161.0701,0.015443,0,9,2161.0701,0.0,0.0,from_trough,SOXL3S_jun_trough
SNXX3L_USDT,SNXX3L_open_trough,0.02,0.2,10,none,True,1078,0.53062,2.35386,9,9,0,161.0701,0.0,161.0701,2161.0701,0.017494,0,9,2161.0701,0.0,0.0,from_trough,SNXX3L_open_trough
SOXL3L_USDT,SOXL3L_jun_trough,0.02,0.2,10,none,True,1906,0.46705,0.87982,9,9,0,161.0701,0.0,161.0701,2161.0701,0.052288,0,9,2161.0701,0.0,-0.0,from_trough,SOXL3L_jun_trough
SNXX3L_USDT,SNXX3L_aug_trough,0.02,0.2,10,none,True,7892,0.56854,4.04558,9,9,0,161.0701,0.0,161.0701,2161.0701,0.103322,0,9,2161.0701,0.0,0.0,from_trough,SNXX3L_aug_trough
SNXX3L_USDT,SNXX3L_aug_high,0.02,0.2,10,none,True,14773,2.17321,4.04558,9,9,0,161.0701,0.0,161.0701,2161.0701,0.17094,0,9,2161.0701,0.0,-0.0,from_high,SNXX3L_aug_high
SOXL3S_USDT,SOXL3S_aug_trough,0.02,0.2,10,none,True,5412,0.465,0.9645,9,9,0,161.0701,0.0,161.0701,2161.0701,0.01944,0,9,2161.0701,0.0,-0.0,from_trough,SOXL3S_aug_trough
SNXX3L_USDT,SNXX3L_open_high,0.02,0.2,10,up,False,1469,1.00171,2.35386,139,139,0,529.7942,-15.8121,513.7422,2513.7422,0.591165,56,9,1529.5542,984.1879,0.0,from_high,SNXX3L_open_high
SOXL3S_USDT,SOXL3S_jun_high,0.02,0.2,10,up,False,2446,1.12385,1.83695,84,84,0,402.2094,-216.9466,184.7348,2184.7348,0.21504,33,9,201.6814,1983.0534,0.0,from_high,SOXL3S_jun_high
SOXL3L_USDT,SOXL3L_jun_high,0.02,0.2,10,up,False,3860,0.80587,0.87982,6,6,0,49.8867,73.4113,123.094,2123.094,0.46976,0,9,1249.6827,873.4113,-0.0,from_high,SOXL3L_jun_high
SNXX3L_USDT,SNXX3L_open_trough,0.02,0.2,10,up,False,1078,0.53062,2.35386,150,150,0,387.3207,-33.9317,352.957,2352.957,0.196851,155,9,586.8887,1766.0683,0.0,from_trough,SNXX3L_open_trough
SOXL3S_USDT,SOXL3S_jun_trough,0.02,0.2,10,up,False,1906,0.72385,1.83695,174,174,0,524.9955,-254.8996,269.5679,2269.5679,0.230062,81,9,324.4675,1945.1004,0.0,from_trough,SOXL3S_jun_trough
SOXL3L_USDT,SOXL3L_jun_trough,0.02,0.2,10,up,False,1906,0.46705,0.87982,65,65,0,326.0706,-1.9345,324.0401,2324.0401,0.056471,32,9,1925.9746,398.0655,0.0,from_trough,SOXL3L_jun_trough
SOXL3S_USDT,SOXL3S_aug_high,0.02,0.2,10,none,True,6274,0.5717,0.9645,9,9,0,161.0701,0.0,161.0701,2161.0701,0.222335,0,9,2161.0701,0.0,0.0,from_high,SOXL3S_aug_high
SNXX3L_USDT,SNXX3L_aug_trough,0.02,0.2,10,up,False,7892,0.56854,4.04558,696,696,0,1132.1398,-128.56,1003.0518,3003.0518,0.130857,294,9,931.6118,2071.44,-0.0,from_trough,SNXX3L_aug_trough
SNXX3L_USDT,SNXX3L_aug_high,0.02,0.2,10,up,False,14773,2.17321,4.04558,137,137,0,538.6917,-46.2965,492.1072,2492.1072,0.242215,36,9,1338.4037,1153.7035,-0.0,from_high,SNXX3L_aug_high
SOXL3S_USDT,SOXL3S_aug_trough,0.02,0.2,10,up,False,5412,0.465,0.9645,311,311,0,945.4729,-44.7019,900.387,2900.387,0.172832,46,9,1345.0889,1555.2981,-0.0,from_trough,SOXL3S_aug_trough
SOXL3S_USDT,SOXL3S_aug_high,0.02,0.2,10,up,False,6274,0.5717,0.9645,259,259,0,958.056,-35.288,922.48,2922.48,0.222335,27,9,1757.768,1164.712,0.0,from_high,SOXL3S_aug_high
SOXL3L_USDT,SOXL3L_jun_high,0.02,0.2,10,up,True,3860,0.80587,0.87982,5,5,0,45.494,73.4113,118.7013,2118.7013,0.41389,0,9,1245.29,873.4113,-0.0,from_high,SOXL3L_jun_high
SOXL3S_USDT,SOXL3S_jun_high,0.02,0.2,10,up,True,2446,1.12385,1.83695,9,9,0,161.0701,0.0,161.0701,2161.0701,0.14059,33,9,2161.0701,0.0,0.0,from_high,SOXL3S_jun_high
SOXL3L_USDT,SOXL3L_jun_trough,0.02,0.2,10,up,True,1906,0.46705,0.87982,9,9,0,161.0701,0.0,161.0701,2161.0701,0.052288,32,9,2161.0701,0.0,-0.0,from_trough,SOXL3L_jun_trough
SOXL3S_USDT,SOXL3S_jun_trough,0.02,0.2,10,up,True,1906,0.72385,1.83695,9,9,0,161.0701,0.0,161.0701,2161.0701,0.015443,81,9,2161.0701,0.0,0.0,from_trough,SOXL3S_jun_trough
SNXX3L_USDT,SNXX3L_open_high,0.02,0.2,10,up,True,1469,1.00171,2.35386,9,9,0,161.0701,0.0,161.0701,2161.0701,0.070451,56,9,2161.0701,0.0,0.0,from_high,SNXX3L_open_high
SNXX3L_USDT,SNXX3L_aug_trough,0.02,0.2,10,up,True,7892,0.56854,4.04558,9,9,0,161.0701,0.0,161.0701,2161.0701,0.103322,294,9,2161.0701,0.0,0.0,from_trough,SNXX3L_aug_trough
SNXX3L_USDT,SNXX3L_aug_high,0.02,0.2,10,up,True,14773,2.17321,4.04558,9,9,0,161.0701,0.0,161.0701,2161.0701,0.17094,36,9,2161.0701,0.0,-0.0,from_high,SNXX3L_aug_high
SOXL3S_USDT,SOXL3S_aug_high,0.02,0.2,10,up,True,6274,0.5717,0.9645,9,9,0,161.0701,0.0,161.0701,2161.0701,0.222335,27,9,2161.0701,0.0,0.0,from_high,SOXL3S_aug_high
SNXX3L_USDT,SNXX3L_open_trough,0.02,0.2,10,up,True,1078,0.53062,2.35386,9,9,0,161.0701,0.0,161.0701,2161.0701,0.017494,155,9,2161.0701,0.0,0.0,from_trough,SNXX3L_open_trough
SOXL3S_USDT,SOXL3S_aug_trough,0.02,0.2,10,up,True,5412,0.465,0.9645,9,9,0,161.0701,0.0,161.0701,2161.0701,0.01944,46,9,2161.0701,0.0,-0.0,from_trough,SOXL3S_aug_trough
SOXL3L_USDT,SOXL3L_jun_high,0.02,0.2,10,both,False,3860,0.80587,0.87982,49,28,21,-184.0386,0.3237,-183.7629,1816.2371,0.196935,45,9,1615.9134,200.3237,0.0,from_high,SOXL3L_jun_high
SOXL3S_USDT,SOXL3S_jun_high,0.02,0.2,10,both,False,2446,1.12385,1.83695,139,114,25,-101.4721,-50.4476,-152.2076,1847.7924,0.202806,82,9,698.2399,1149.5524,0.0,from_high,SOXL3S_jun_high
SOXL3L_USDT,SOXL3L_jun_trough,0.02,0.2,10,both,False,1906,0.46705,0.87982,70,64,6,197.6309,-1.9345,195.6004,2195.6004,0.05642,54,9,1797.5349,398.0655,0.0,from_trough,SOXL3L_jun_trough
SNXX3L_USDT,SNXX3L_open_high,0.02,0.2,10,both,False,1469,1.00171,2.35386,119,87,32,-866.8441,0.0,-866.8441,1133.1559,0.588498,154,9,1133.1559,0.0,-0.0,from_high,SNXX3L_open_high
SOXL3S_USDT,SOXL3S_jun_trough,0.02,0.2,10,both,False,1906,0.72385,1.83695,190,135,55,-374.4238,0.0,-374.4238,1625.5762,0.281389,145,9,1625.5762,0.0,-0.0,from_trough,SOXL3S_jun_trough
SNXX3L_USDT,SNXX3L_open_trough,0.02,0.2,10,both,False,1078,0.53062,2.35386,179,123,56,-501.4493,0.0,-501.4493,1498.5507,0.312185,243,9,1498.5507,0.0,0.0,from_trough,SNXX3L_open_trough
SNXX3L_USDT,SNXX3L_aug_trough,0.02,0.2,10,both,False,7892,0.56854,4.04558,717,499,218,-1363.7403,-23.3568,-1387.2411,612.7589,0.735552,865,9,36.1157,576.6432,0.0,from_trough,SNXX3L_aug_trough
SNXX3L_USDT,SNXX3L_aug_high,0.02,0.2,10,both,False,14773,2.17321,4.04558,245,197,48,232.7209,-13.3189,219.2579,2219.2579,0.235382,117,9,1632.5769,586.6811,-0.0,from_high,SNXX3L_aug_high
SOXL3S_USDT,SOXL3S_aug_trough,0.02,0.2,10,both,False,5412,0.465,0.9645,271,219,52,44.9555,0.0,44.9555,2044.9555,0.174981,102,9,2044.9555,0.0,-0.0,from_trough,SOXL3S_aug_trough
SOXL3S_USDT,SOXL3S_aug_high,0.02,0.2,10,both,False,6274,0.5717,0.9645,235,182,53,-386.3111,5.7407,-380.6184,1619.3816,0.256963,76,9,1413.6409,205.7407,0.0,from_high,SOXL3S_aug_high
SOXL3L_USDT,SOXL3L_jun_trough,0.02,0.2,10,both,True,1906,0.46705,0.87982,9,7,2,55.4955,0.0,55.4955,2055.4955,0.049707,54,9,2055.4955,0.0,0.0,from_trough,SOXL3L_jun_trough
SOXL3L_USDT,SOXL3L_jun_high,0.02,0.2,10,both,True,3860,0.80587,0.87982,9,2,7,-111.6644,0.0,-111.6644,1888.3356,0.074604,45,9,1888.3356,0.0,0.0,from_high,SOXL3L_jun_high
SOXL3S_USDT,SOXL3S_jun_high,0.02,0.2,10,both,True,2446,1.12385,1.83695,9,6,3,29.1018,0.0,29.1018,2029.1018,0.058154,82,9,2029.1018,0.0,0.0,from_high,SOXL3S_jun_high
SNXX3L_USDT,SNXX3L_open_trough,0.02,0.2,10,both,True,1078,0.53062,2.35386,9,9,0,161.0701,0.0,161.0701,2161.0701,0.017494,243,9,2161.0701,0.0,0.0,from_trough,SNXX3L_open_trough
SNXX3L_USDT,SNXX3L_open_high,0.02,0.2,10,both,True,1469,1.00171,2.35386,9,7,2,29.1018,0.0,29.1018,2029.1018,0.070451,154,9,2029.1018,0.0,0.0,from_high,SNXX3L_open_high
SNXX3L_USDT,SNXX3L_aug_trough,0.02,0.2,10,both,True,7892,0.56854,4.04558,9,5,4,-6.0898,0.0,-6.0898,1993.9102,0.060349,865,9,1993.9102,0.0,0.0,from_trough,SNXX3L_aug_trough
SNXX3L_USDT,SNXX3L_aug_high,0.02,0.2,10,both,True,14773,2.17321,4.04558,9,1,8,-120.4623,0.0,-120.4623,1879.5377,0.080447,117,9,1879.5377,0.0,-0.0,from_high,SNXX3L_aug_high
SOXL3S_USDT,SOXL3S_jun_trough,0.02,0.2,10,both,True,1906,0.72385,1.83695,9,9,0,161.0701,0.0,161.0701,2161.0701,0.015443,145,9,2161.0701,0.0,0.0,from_trough,SOXL3S_jun_trough
SOXL3S_USDT,SOXL3S_aug_high,0.02,0.2,10,both,True,6274,0.5717,0.9645,9,0,9,-204.0422,0.0,-204.0422,1795.9578,0.114289,76,9,1795.9578,0.0,0.0,from_high,SOXL3S_aug_high
SOXL3S_USDT,SOXL3S_aug_trough,0.02,0.2,10,both,True,5412,0.465,0.9645,9,9,0,161.0701,0.0,161.0701,2161.0701,0.01944,102,9,2161.0701,0.0,-0.0,from_trough,SOXL3S_aug_trough
SOXL3L_USDT,SOXL3L_jun_high,0.02,0.2,20,none,False,3860,0.80587,0.87982,13,13,0,54.1903,82.5878,136.5485,2136.5485,0.528171,0,19,1153.9608,982.5878,0.0,from_high,SOXL3L_jun_high
SOXL3L_USDT,SOXL3L_jun_trough,0.02,0.2,20,none,False,1906,0.46705,0.87982,28,28,0,200.4939,0.0,200.4939,2200.4939,0.073673,0,19,2200.4939,0.0,-0.0,from_trough,SOXL3L_jun_trough
SNXX3L_USDT,SNXX3L_open_high,0.02,0.2,20,none,False,1469,1.00171,2.35386,36,36,0,209.0748,0.0,209.0748,2209.0748,0.079406,0,19,2209.0748,0.0,0.0,from_high,SNXX3L_open_high
SOXL3S_USDT,SOXL3S_jun_trough,0.02,0.2,20,none,False,1906,0.72385,1.83695,19,19,0,190.9134,0.0,190.9134,2190.9134,0.019102,0,19,2190.9134,0.0,-0.0,from_trough,SOXL3S_jun_trough
SNXX3L_USDT,SNXX3L_aug_trough,0.02,0.2,20,none,False,7892,0.56854,4.04558,42,42,0,215.5075,0.0,215.5075,2215.5075,0.133057,0,19,2215.5075,0.0,0.0,from_trough,SNXX3L_aug_trough
SNXX3L_USDT,SNXX3L_aug_high,0.02,0.2,20,none,False,14773,2.17321,4.04558,33,33,0,205.8648,0.0,205.8648,2205.8648,0.281995,0,19,2205.8648,0.0,-0.0,from_high,SNXX3L_aug_high
SOXL3S_USDT,SOXL3S_jun_high,0.02,0.2,20,none,False,2446,1.12385,1.83695,43,43,0,216.5567,0.0,216.5567,2216.5567,0.191417,0,19,2216.5567,0.0,0.0,from_high,SOXL3S_jun_high
SNXX3L_USDT,SNXX3L_open_trough,0.02,0.2,20,none,False,1078,0.53062,2.35386,19,19,0,190.9134,0.0,190.9134,2190.9134,0.021639,0,19,2190.9134,0.0,-0.0,from_trough,SNXX3L_open_trough
SOXL3S_USDT,SOXL3S_aug_high,0.02,0.2,20,none,False,6274,0.5717,0.9645,22,22,0,194.1111,0.0,194.1111,2194.1111,0.23469,0,19,2194.1111,0.0,-0.0,from_high,SOXL3S_aug_high
SOXL3S_USDT,SOXL3S_aug_trough,0.02,0.2,20,none,False,5412,0.465,0.9645,20,20,0,191.9752,0.0,191.9752,2191.9752,0.022076,0,19,2191.9752,0.0,-0.0,from_trough,SOXL3S_aug_trough
SNXX3L_USDT,SNXX3L_open_high,0.02,0.2,20,none,True,1469,1.00171,2.35386,19,19,0,190.9134,0.0,190.9134,2190.9134,0.075976,0,19,2190.9134,0.0,-0.0,from_high,SNXX3L_open_high
SOXL3L_USDT,SOXL3L_jun_high,0.02,0.2,20,none,True,3860,0.80587,0.87982,10,10,0,50.9926,82.5878,133.3509,2133.3509,0.472168,0,19,1150.7631,982.5878,0.0,from_high,SOXL3L_jun_high
SNXX3L_USDT,SNXX3L_open_trough,0.02,0.2,20,none,True,1078,0.53062,2.35386,19,19,0,190.9134,0.0,190.9134,2190.9134,0.021639,0,19,2190.9134,0.0,-0.0,from_trough,SNXX3L_open_trough
SOXL3S_USDT,SOXL3S_jun_high,0.02,0.2,20,none,True,2446,1.12385,1.83695,19,19,0,190.9134,0.0,190.9134,2190.9134,0.162518,0,19,2190.9134,0.0,0.0,from_high,SOXL3S_jun_high
SOXL3S_USDT,SOXL3S_jun_trough,0.02,0.2,20,none,True,1906,0.72385,1.83695,19,19,0,190.9134,0.0,190.9134,2190.9134,0.019102,0,19,2190.9134,0.0,-0.0,from_trough,SOXL3S_jun_trough
SNXX3L_USDT,SNXX3L_aug_trough,0.02,0.2,20,none,True,7892,0.56854,4.04558,19,19,0,190.9134,0.0,190.9134,2190.9134,0.123353,0,19,2190.9134,0.0,0.0,from_trough,SNXX3L_aug_trough
SOXL3L_USDT,SOXL3L_jun_trough,0.02,0.2,20,none,True,1906,0.46705,0.87982,19,19,0,190.9134,0.0,190.9134,2190.9134,0.069108,0,19,2190.9134,0.0,-0.0,from_trough,SOXL3L_jun_trough
SNXX3L_USDT,SNXX3L_aug_high,0.02,0.2,20,none,True,14773,2.17321,4.04558,19,19,0,190.9134,0.0,190.9134,2190.9134,0.212004,0,19,2190.9134,0.0,-0.0,from_high,SNXX3L_aug_high
SOXL3S_USDT,SOXL3S_aug_trough,0.02,0.2,20,none,True,5412,0.465,0.9645,19,19,0,190.9134,0.0,190.9134,2190.9134,0.021848,0,19,2190.9134,0.0,-0.0,from_trough,SOXL3S_aug_trough
SOXL3S_USDT,SOXL3S_aug_high,0.02,0.2,20,none,True,6274,0.5717,0.9645,19,19,0,190.9134,0.0,190.9134,2190.9134,0.23469,0,19,2190.9134,0.0,-0.0,from_high,SOXL3S_aug_high
SOXL3L_USDT,SOXL3L_jun_high,0.02,0.2,20,up,False,3860,0.80587,0.87982,13,13,0,54.1903,82.5878,136.5485,2136.5485,0.528171,0,19,1153.9608,982.5878,0.0,from_high,SOXL3L_jun_high
SNXX3L_USDT,SNXX3L_open_high,0.02,0.2,20,up,False,1469,1.00171,2.35386,321,321,0,394.3891,-18.0692,376.0799,2376.0799,0.572658,113,19,1394.1491,981.9308,-0.0,from_high,SNXX3L_open_high
SNXX3L_USDT,SNXX3L_open_trough,0.02,0.2,20,up,False,1078,0.53062,2.35386,343,343,0,315.1512,-32.0729,282.6703,2282.6703,0.196028,310,19,614.7432,1667.9271,0.0,from_trough,SNXX3L_open_trough
SOXL3S_USDT,SOXL3S_jun_high,0.02,0.2,20,up,False,2446,1.12385,1.83695,208,208,0,336.0946,-207.3177,128.2729,2128.2729,0.21067,66,19,235.5906,1892.6823,0.0,from_high,SOXL3S_jun_high
SOXL3S_USDT,SOXL3S_jun_trough,0.02,0.2,20,up,False,1906,0.72385,1.83695,412,412,0,400.4617,-250.4955,149.4621,2149.4621,0.229321,163,19,299.9577,1849.5045,-0.0,from_trough,SOXL3S_jun_trough
SNXX3L_USDT,SNXX3L_aug_trough,0.02,0.2,20,up,False,7892,0.56854,4.04558,1645,1645,0,766.1272,-122.7303,642.8929,2642.8929,0.136739,588,19,665.6232,1977.2697,0.0,from_trough,SNXX3L_aug_trough
SNXX3L_USDT,SNXX3L_aug_high,0.02,0.2,20,up,False,14773,2.17321,4.04558,334,334,0,418.591,-50.0604,368.2186,2368.2186,0.281995,73,19,1118.279,1249.9396,0.0,from_high,SNXX3L_aug_high
SOXL3L_USDT,SOXL3L_jun_trough,0.02,0.2,20,up,False,1906,0.46705,0.87982,160,160,0,292.4671,-3.0845,289.2866,2289.2866,0.073673,65,19,1892.3711,396.9155,-0.0,from_trough,SOXL3L_jun_trough
SOXL3S_USDT,SOXL3S_aug_high,0.02,0.2,20,up,False,6274,0.5717,0.9645,650,650,0,678.3079,-38.9519,639.068,2639.068,0.23469,55,19,1478.0199,1161.0481,-0.0,from_high,SOXL3S_aug_high
SOXL3S_USDT,SOXL3S_aug_trough,0.02,0.2,20,up,False,5412,0.465,0.9645,788,788,0,669.4824,-49.4792,619.6432,2619.6432,0.175542,93,19,1169.1224,1450.5208,-0.0,from_trough,SOXL3S_aug_trough
SOXL3L_USDT,SOXL3L_jun_high,0.02,0.2,20,up,True,3860,0.80587,0.87982,10,10,0,50.9926,82.5878,133.3509,2133.3509,0.472168,0,19,1150.7631,982.5878,0.0,from_high,SOXL3L_jun_high
SOXL3S_USDT,SOXL3S_jun_high,0.02,0.2,20,up,True,2446,1.12385,1.83695,19,19,0,190.9134,0.0,190.9134,2190.9134,0.162518,66,19,2190.9134,0.0,0.0,from_high,SOXL3S_jun_high
SOXL3L_USDT,SOXL3L_jun_trough,0.02,0.2,20,up,True,1906,0.46705,0.87982,19,19,0,190.9134,0.0,190.9134,2190.9134,0.069108,65,19,2190.9134,0.0,-0.0,from_trough,SOXL3L_jun_trough
SNXX3L_USDT,SNXX3L_open_trough,0.02,0.2,20,up,True,1078,0.53062,2.35386,19,19,0,190.9134,0.0,190.9134,2190.9134,0.021639,310,19,2190.9134,0.0,-0.0,from_trough,SNXX3L_open_trough
SNXX3L_USDT,SNXX3L_open_high,0.02,0.2,20,up,True,1469,1.00171,2.35386,19,19,0,190.9134,0.0,190.9134,2190.9134,0.075976,113,19,2190.9134,0.0,-0.0,from_high,SNXX3L_open_high
SOXL3S_USDT,SOXL3S_jun_trough,0.02,0.2,20,up,True,1906,0.72385,1.83695,19,19,0,190.9134,0.0,190.9134,2190.9134,0.019102,163,19,2190.9134,0.0,-0.0,from_trough,SOXL3S_jun_trough
SNXX3L_USDT,SNXX3L_aug_high,0.02,0.2,20,up,True,14773,2.17321,4.04558,19,19,0,190.9134,0.0,190.9134,2190.9134,0.212004,73,19,2190.9134,0.0,-0.0,from_high,SNXX3L_aug_high
SOXL3S_USDT,SOXL3S_aug_trough,0.02,0.2,20,up,True,5412,0.465,0.9645,19,19,0,190.9134,0.0,190.9134,2190.9134,0.021848,93,19,2190.9134,0.0,-0.0,from_trough,SOXL3S_aug_trough
SOXL3S_USDT,SOXL3S_aug_high,0.02,0.2,20,up,True,6274,0.5717,0.9645,19,19,0,190.9134,0.0,190.9134,2190.9134,0.23469,55,19,2190.9134,0.0,-0.0,from_high,SOXL3S_aug_high
SOXL3S_USDT,SOXL3S_jun_high,0.02,0.2,20,both,False,2446,1.12385,1.83695,330,280,50,-229.5735,-39.5702,-269.3597,1730.6403,0.223477,169,19,870.2105,860.4298,0.0,from_high,SOXL3S_jun_high
SOXL3L_USDT,SOXL3L_jun_high,0.02,0.2,20,both,False,3860,0.80587,0.87982,104,66,38,-267.4629,-0.677,-268.1879,1731.8121,0.195254,93,19,1532.4891,199.323,0.0,from_high,SOXL3L_jun_high
SOXL3L_USDT,SOXL3L_jun_trough,0.02,0.2,20,both,False,1906,0.46705,0.87982,212,185,27,-295.2816,-3.0845,-298.4621,1701.5379,0.334594,115,19,1304.6224,396.9155,-0.0,from_trough,SOXL3L_jun_trough
SOXL3S_USDT,SOXL3S_jun_trough,0.02,0.2,20,both,False,1906,0.72385,1.83695,426,313,113,-487.0299,0.0,-487.0299,1512.9701,0.328108,302,19,1512.9701,0.0,0.0,from_trough,SOXL3S_jun_trough
SNXX3L_USDT,SNXX3L_aug_trough,0.02,0.2,20,up,True,7892,0.56854,4.04558,19,19,0,190.9134,0.0,190.9134,2190.9134,0.123353,588,19,2190.9134,0.0,0.0,from_trough,SNXX3L_aug_trough
SNXX3L_USDT,SNXX3L_open_high,0.02,0.2,20,both,False,1469,1.00171,2.35386,249,167,82,-1263.1779,0.0,-1263.1779,736.8221,0.736769,326,19,736.8221,0.0,0.0,from_high,SNXX3L_open_high
SNXX3L_USDT,SNXX3L_open_trough,0.02,0.2,20,both,False,1078,0.53062,2.35386,419,310,109,-511.1815,0.0,-511.1815,1488.8185,0.322907,490,19,1488.8185,0.0,-0.0,from_trough,SNXX3L_open_trough
SNXX3L_USDT,SNXX3L_aug_trough,0.02,0.2,20,both,False,7892,0.56854,4.04558,1479,1103,376,-1527.2038,-15.8578,-1543.1575,456.8425,0.778858,1778,19,72.7002,384.1422,0.0,from_trough,SNXX3L_aug_trough
SNXX3L_USDT,SNXX3L_aug_high,0.02,0.2,20,both,False,14773,2.17321,4.04558,562,452,110,-229.5392,-15.5083,-245.2155,1754.7845,0.249531,251,19,1070.2928,684.4917,-0.0,from_high,SNXX3L_aug_high
SOXL3L_USDT,SOXL3L_jun_high,0.02,0.2,20,both,True,3860,0.80587,0.87982,19,3,16,-165.401,0.0,-165.401,1834.599,0.103772,93,19,1834.599,0.0,0.0,from_high,SOXL3L_jun_high
SOXL3S_USDT,SOXL3S_jun_high,0.02,0.2,20,both,True,2446,1.12385,1.83695,19,12,7,30.352,0.0,30.352,2030.352,0.069509,169,19,2030.352,0.0,0.0,from_high,SOXL3S_jun_high
SOXL3S_USDT,SOXL3S_jun_trough,0.02,0.2,20,both,True,1906,0.72385,1.83695,19,19,0,190.9134,0.0,190.9134,2190.9134,0.019102,302,19,2190.9134,0.0,-0.0,from_trough,SOXL3S_jun_trough
SOXL3L_USDT,SOXL3L_jun_trough,0.02,0.2,20,both,True,1906,0.46705,0.87982,19,13,6,43.5488,0.0,43.5488,2043.5488,0.06711,115,19,2043.5488,0.0,-0.0,from_trough,SOXL3L_jun_trough
SOXL3S_USDT,SOXL3S_aug_high,0.02,0.2,20,both,False,6274,0.5717,0.9645,531,422,109,-534.6797,10.8882,-523.8395,1476.1605,0.299001,162,19,1265.2723,210.8882,-0.0,from_high,SOXL3S_aug_high
SNXX3L_USDT,SNXX3L_open_high,0.02,0.2,20,both,True,1469,1.00171,2.35386,19,14,5,33.6512,0.0,33.6512,2033.6512,0.075976,326,19,2033.6512,0.0,-0.0,from_high,SNXX3L_open_high
SNXX3L_USDT,SNXX3L_open_trough,0.02,0.2,20,both,True,1078,0.53062,2.35386,19,19,0,190.9134,0.0,190.9134,2190.9134,0.021639,490,19,2190.9134,0.0,-0.0,from_trough,SNXX3L_open_trough
SNXX3L_USDT,SNXX3L_aug_trough,0.02,0.2,20,both,True,7892,0.56854,4.04558,19,9,10,-36.7319,0.0,-36.7319,1963.2681,0.065323,1778,19,1963.2681,0.0,0.0,from_trough,SNXX3L_aug_trough
SOXL3S_USDT,SOXL3S_aug_trough,0.02,0.2,20,both,False,5412,0.465,0.9645,655,550,105,-158.041,0.0,-158.041,1841.959,0.208135,220,19,1841.959,0.0,0.0,from_trough,SOXL3S_aug_trough
SNXX3L_USDT,SNXX3L_aug_high,0.02,0.2,20,both,True,14773,2.17321,4.04558,19,1,18,-118.1124,0.0,-118.1124,1881.8876,0.074821,251,19,1881.8876,0.0,-0.0,from_high,SNXX3L_aug_high
SOXL3S_USDT,SOXL3S_aug_high,0.02,0.2,20,both,True,6274,0.5717,0.9645,19,0,19,-175.2986,0.0,-175.2986,1824.7014,0.10001,162,19,1824.7014,0.0,-0.0,from_high,SOXL3S_aug_high
SOXL3S_USDT,SOXL3S_aug_trough,0.02,0.2,20,both,True,5412,0.465,0.9645,19,19,0,190.9134,0.0,190.9134,2190.9134,0.021848,220,19,2190.9134,0.0,-0.0,from_trough,SOXL3S_aug_trough
SOXL3L_USDT,SOXL3L_jun_trough,0.05,0.05,10,none,False,1906,0.46705,0.87982,27,27,0,72.7484,0.0,72.7484,2072.7484,0.121451,0,5,2072.7484,0.0,0.0,from_trough,SOXL3L_jun_trough
SOXL3S_USDT,SOXL3S_jun_high,0.05,0.05,10,none,False,2446,1.12385,1.83695,57,57,0,131.3577,0.0,131.3577,2131.3577,0.169954,0,5,2131.3577,0.0,-0.0,from_high,SOXL3S_jun_high
SNXX3L_USDT,SNXX3L_open_trough,0.05,0.05,10,none,False,1078,0.53062,2.35386,5,5,0,29.4978,0.0,29.4978,2029.4978,0.0,0,5,2029.4978,0.0,0.0,from_trough,SNXX3L_open_trough
SOXL3S_USDT,SOXL3S_jun_trough,0.05,0.05,10,none,False,1906,0.72385,1.83695,5,5,0,29.4978,0.0,29.4978,2029.4978,0.002067,0,5,2029.4978,0.0,0.0,from_trough,SOXL3S_jun_trough
SOXL3L_USDT,SOXL3L_jun_high,0.05,0.05,10,none,False,3860,0.80587,0.87982,14,14,0,47.2124,0.0,47.2124,2047.2124,0.456766,0,5,2047.2124,0.0,-0.0,from_high,SOXL3L_jun_high
SNXX3L_USDT,SNXX3L_open_high,0.05,0.05,10,none,False,1469,1.00171,2.35386,42,42,0,102.0619,0.0,102.0619,2102.0619,0.250866,0,5,2102.0619,0.0,-0.0,from_high,SNXX3L_open_high
SNXX3L_USDT,SNXX3L_aug_high,0.05,0.05,10,none,False,14773,2.17321,4.04558,54,54,0,125.7987,0.0,125.7987,2125.7987,0.367905,0,5,2125.7987,0.0,0.0,from_high,SNXX3L_aug_high
SNXX3L_USDT,SNXX3L_aug_trough,0.05,0.05,10,none,False,7892,0.56854,4.04558,52,52,0,121.4179,0.0,121.4179,2121.4179,0.057134,0,5,2121.4179,0.0,0.0,from_trough,SNXX3L_aug_trough
SOXL3S_USDT,SOXL3S_aug_high,0.05,0.05,10,none,False,6274,0.5717,0.9645,17,17,0,53.1295,0.0,53.1295,2053.1295,0.21365,0,5,2053.1295,0.0,0.0,from_high,SOXL3S_aug_high
SOXL3S_USDT,SOXL3S_aug_trough,0.05,0.05,10,none,False,5412,0.465,0.9645,6,6,0,31.4215,0.0,31.4215,2031.4215,0.010113,0,5,2031.4215,0.0,0.0,from_trough,SOXL3S_aug_trough
SOXL3L_USDT,SOXL3L_jun_high,0.05,0.05,10,none,True,3860,0.80587,0.87982,5,5,0,29.4978,0.0,29.4978,2029.4978,0.179038,0,5,2029.4978,0.0,0.0,from_high,SOXL3L_jun_high
SNXX3L_USDT,SNXX3L_open_high,0.05,0.05,10,none,True,1469,1.00171,2.35386,5,5,0,29.4978,0.0,29.4978,2029.4978,0.0,0,5,2029.4978,0.0,-0.0,from_high,SNXX3L_open_high
SOXL3S_USDT,SOXL3S_jun_trough,0.05,0.05,10,none,True,1906,0.72385,1.83695,5,5,0,29.4978,0.0,29.4978,2029.4978,0.002067,0,5,2029.4978,0.0,0.0,from_trough,SOXL3S_jun_trough
SOXL3S_USDT,SOXL3S_jun_high,0.05,0.05,10,none,True,2446,1.12385,1.83695,5,5,0,29.4978,0.0,29.4978,2029.4978,0.001852,0,5,2029.4978,0.0,0.0,from_high,SOXL3S_jun_high
SNXX3L_USDT,SNXX3L_open_trough,0.05,0.05,10,none,True,1078,0.53062,2.35386,5,5,0,29.4978,0.0,29.4978,2029.4978,0.0,0,5,2029.4978,0.0,0.0,from_trough,SNXX3L_open_trough
SNXX3L_USDT,SNXX3L_aug_trough,0.05,0.05,10,none,True,7892,0.56854,4.04558,5,5,0,29.4978,0.0,29.4978,2029.4978,0.031459,0,5,2029.4978,0.0,0.0,from_trough,SNXX3L_aug_trough
SNXX3L_USDT,SNXX3L_aug_high,0.05,0.05,10,none,True,14773,2.17321,4.04558,5,5,0,29.4978,0.0,29.4978,2029.4978,0.066231,0,5,2029.4978,0.0,-0.0,from_high,SNXX3L_aug_high
SOXL3L_USDT,SOXL3L_jun_trough,0.05,0.05,10,none,True,1906,0.46705,0.87982,5,5,0,29.4978,0.0,29.4978,2029.4978,0.01179,0,5,2029.4978,0.0,-0.0,from_trough,SOXL3L_jun_trough
SOXL3L_USDT,SOXL3L_jun_trough,0.05,0.05,10,up,False,1906,0.46705,0.87982,181,181,0,271.9461,-4.7085,267.0456,2267.0456,0.345052,86,5,1471.7541,795.2915,0.0,from_trough,SOXL3L_jun_trough
SOXL3L_USDT,SOXL3L_jun_high,0.05,0.05,10,up,False,3860,0.80587,0.87982,22,22,0,61.3979,-4.4595,56.7945,2056.7945,0.456766,6,5,1461.2539,595.5405,-0.0,from_high,SOXL3L_jun_high
SNXX3L_USDT,SNXX3L_open_high,0.05,0.05,10,up,False,1469,1.00171,2.35386,179,179,0,244.4329,-36.5869,207.3179,2207.3179,0.605271,139,5,43.9049,2163.4131,0.0,from_high,SNXX3L_open_high
SOXL3S_USDT,SOXL3S_aug_trough,0.05,0.05,10,none,True,5412,0.465,0.9645,5,5,0,29.4978,0.0,29.4978,2029.4978,0.009755,0,5,2029.4978,0.0,0.0,from_trough,SOXL3S_aug_trough
SNXX3L_USDT,SNXX3L_open_trough,0.05,0.05,10,up,False,1078,0.53062,2.35386,197,197,0,169.04,-56.4155,112.1444,2112.1444,0.245913,356,5,168.56,1943.5845,-0.0,from_trough,SNXX3L_open_trough
SOXL3S_USDT,SOXL3S_jun_high,0.05,0.05,10,up,False,2446,1.12385,1.83695,167,167,0,258.8731,-286.7279,-28.3828,1971.6172,0.405132,88,5,58.3451,1913.2721,0.0,from_high,SOXL3S_jun_high
SOXL3S_USDT,SOXL3S_jun_trough,0.05,0.05,10,up,False,1906,0.72385,1.83695,284,284,0,324.3523,-300.784,23.0403,2023.0403,0.274976,194,5,123.8243,1899.216,-0.0,from_trough,SOXL3S_jun_trough
SOXL3S_USDT,SOXL3S_aug_high,0.05,0.05,10,none,True,6274,0.5717,0.9645,5,5,0,29.4978,0.0,29.4978,2029.4978,0.123507,0,5,2029.4978,0.0,0.0,from_high,SOXL3S_aug_high
SOXL3S_USDT,SOXL3S_aug_trough,0.05,0.05,10,up,False,5412,0.465,0.9645,339,339,0,397.4982,-96.6842,300.286,2300.286,0.219022,117,5,196.9702,2103.3158,-0.0,from_trough,SOXL3S_aug_trough
SOXL3S_USDT,SOXL3S_aug_high,0.05,0.05,10,up,False,6274,0.5717,0.9645,325,325,0,464.9564,-90.4768,373.9517,2373.9517,0.222425,76,5,264.4284,2109.5232,-0.0,from_high,SOXL3S_aug_high
SNXX3L_USDT,SNXX3L_aug_trough,0.05,0.05,10,up,False,7892,0.56854,4.04558,991,991,0,742.6606,-145.5529,596.5797,2596.5797,0.164983,662,5,542.1326,2054.4471,-0.0,from_trough,SNXX3L_aug_trough
SOXL3S_USDT,SOXL3S_jun_high,0.05,0.05,10,up,True,2446,1.12385,1.83695,5,5,0,29.4978,0.0,29.4978,2029.4978,0.001852,88,5,2029.4978,0.0,0.0,from_high,SOXL3S_jun_high
SNXX3L_USDT,SNXX3L_aug_high,0.05,0.05,10,up,False,14773,2.17321,4.04558,314,314,0,462.2865,-99.2159,362.5426,2362.5426,0.76312,95,5,261.7585,2100.7841,0.0,from_high,SNXX3L_aug_high
SOXL3L_USDT,SOXL3L_jun_trough,0.05,0.05,10,up,True,1906,0.46705,0.87982,5,5,0,29.4978,0.0,29.4978,2029.4978,0.01179,86,5,2029.4978,0.0,-0.0,from_trough,SOXL3L_jun_trough
SOXL3L_USDT,SOXL3L_jun_high,0.05,0.05,10,up,True,3860,0.80587,0.87982,5,5,0,29.4978,0.0,29.4978,2029.4978,0.179038,6,5,2029.4978,0.0,0.0,from_high,SOXL3L_jun_high
SNXX3L_USDT,SNXX3L_open_trough,0.05,0.05,10,up,True,1078,0.53062,2.35386,5,5,0,29.4978,0.0,29.4978,2029.4978,0.0,356,5,2029.4978,0.0,0.0,from_trough,SNXX3L_open_trough
SNXX3L_USDT,SNXX3L_open_high,0.05,0.05,10,up,True,1469,1.00171,2.35386,5,5,0,29.4978,0.0,29.4978,2029.4978,0.0,139,5,2029.4978,0.0,-0.0,from_high,SNXX3L_open_high
SOXL3S_USDT,SOXL3S_jun_trough,0.05,0.05,10,up,True,1906,0.72385,1.83695,5,5,0,29.4978,0.0,29.4978,2029.4978,0.002067,194,5,2029.4978,0.0,0.0,from_trough,SOXL3S_jun_trough
SNXX3L_USDT,SNXX3L_aug_high,0.05,0.05,10,up,True,14773,2.17321,4.04558,5,5,0,29.4978,0.0,29.4978,2029.4978,0.066231,95,5,2029.4978,0.0,-0.0,from_high,SNXX3L_aug_high
SOXL3S_USDT,SOXL3S_aug_trough,0.05,0.05,10,up,True,5412,0.465,0.9645,5,5,0,29.4978,0.0,29.4978,2029.4978,0.009755,117,5,2029.4978,0.0,0.0,from_trough,SOXL3S_aug_trough
SOXL3S_USDT,SOXL3S_aug_high,0.05,0.05,10,up,True,6274,0.5717,0.9645,5,5,0,29.4978,0.0,29.4978,2029.4978,0.123507,76,5,2029.4978,0.0,0.0,from_high,SOXL3S_aug_high
SNXX3L_USDT,SNXX3L_aug_trough,0.05,0.05,10,up,True,7892,0.56854,4.04558,5,5,0,29.4978,0.0,29.4978,2029.4978,0.031459,662,5,2029.4978,0.0,0.0,from_trough,SNXX3L_aug_trough
SOXL3L_USDT,SOXL3L_jun_high,0.05,0.05,10,both,False,3860,0.80587,0.87982,169,115,54,-681.1961,-4.4595,-685.7995,1314.2005,0.470929,138,5,718.6599,595.5405,0.0,from_high,SOXL3L_jun_high
SNXX3L_USDT,SNXX3L_open_high,0.05,0.05,10,both,False,1469,1.00171,2.35386,208,117,91,-1613.1488,0.0,-1613.1488,386.8512,0.810422,587,5,386.8512,0.0,-0.0,from_high,SNXX3L_open_high
SOXL3S_USDT,SOXL3S_jun_high,0.05,0.05,10,both,False,2446,1.12385,1.83695,275,177,98,-850.3226,0.0,-850.3226,1149.6774,0.434118,317,5,1149.6774,0.0,0.0,from_high,SOXL3S_jun_high
SOXL3S_USDT,SOXL3S_jun_trough,0.05,0.05,10,both,False,1906,0.72385,1.83695,349,229,120,-986.2209,0.0,-986.2209,1013.7791,0.519666,546,5,1013.7791,0.0,-0.0,from_trough,SOXL3S_jun_trough
SNXX3L_USDT,SNXX3L_open_trough,0.05,0.05,10,both,False,1078,0.53062,2.35386,271,175,96,-928.6863,0.0,-928.6863,1071.3137,0.478413,758,5,1071.3137,0.0,0.0,from_trough,SNXX3L_open_trough
SNXX3L_USDT,SNXX3L_aug_trough,0.05,0.05,10,both,False,7892,0.56854,4.04558,833,536,297,-1801.8561,0.0,-1801.8561,198.1439,0.902229,3433,5,198.1439,0.0,0.0,from_trough,SNXX3L_aug_trough
SNXX3L_USDT,SNXX3L_aug_high,0.05,0.05,10,both,False,14773,2.17321,4.04558,404,273,131,-1488.4797,-15.177,-1503.7527,496.2473,0.760582,517,5,111.4243,384.823,-0.0,from_high,SNXX3L_aug_high
SOXL3L_USDT,SOXL3L_jun_trough,0.05,0.05,10,both,False,1906,0.46705,0.87982,208,164,44,-251.2248,-4.7085,-256.1253,1743.8747,0.194021,186,5,948.5832,795.2915,-0.0,from_trough,SOXL3L_jun_trough
SOXL3S_USDT,SOXL3S_aug_trough,0.05,0.05,10,both,False,5412,0.465,0.9645,451,286,165,-1374.4672,0.0,-1374.4672,625.5328,0.712076,584,5,625.5328,0.0,0.0,from_trough,SOXL3S_aug_trough
SOXL3S_USDT,SOXL3S_aug_high,0.05,0.05,10,both,False,6274,0.5717,0.9645,378,231,147,-1418.0586,0.0,-1418.0586,581.9414,0.714313,407,5,581.9414,0.0,-0.0,from_high,SOXL3S_aug_high
SOXL3S_USDT,SOXL3S_jun_high,0.05,0.05,10,both,True,2446,1.12385,1.83695,5,5,0,29.4978,0.0,29.4978,2029.4978,0.001852,317,5,2029.4978,0.0,0.0,from_high,SOXL3S_jun_high
SOXL3L_USDT,SOXL3L_jun_trough,0.05,0.05,10,both,True,1906,0.46705,0.87982,5,5,0,29.4978,0.0,29.4978,2029.4978,0.01179,186,5,2029.4978,0.0,-0.0,from_trough,SOXL3L_jun_trough
SNXX3L_USDT,SNXX3L_open_high,0.05,0.05,10,both,True,1469,1.00171,2.35386,5,5,0,29.4978,0.0,29.4978,2029.4978,0.0,587,5,2029.4978,0.0,-0.0,from_high,SNXX3L_open_high
SNXX3L_USDT,SNXX3L_open_trough,0.05,0.05,10,both,True,1078,0.53062,2.35386,5,5,0,29.4978,0.0,29.4978,2029.4978,0.0,758,5,2029.4978,0.0,0.0,from_trough,SNXX3L_open_trough
SOXL3L_USDT,SOXL3L_jun_high,0.05,0.05,10,both,True,3860,0.80587,0.87982,5,2,3,-24.4892,0.0,-24.4892,1975.5108,0.026932,138,5,1975.5108,0.0,0.0,from_high,SOXL3L_jun_high
SOXL3S_USDT,SOXL3S_jun_trough,0.05,0.05,10,both,True,1906,0.72385,1.83695,5,5,0,29.4978,0.0,29.4978,2029.4978,0.002067,546,5,2029.4978,0.0,0.0,from_trough,SOXL3S_jun_trough
SNXX3L_USDT,SNXX3L_aug_trough,0.05,0.05,10,both,True,7892,0.56854,4.04558,5,1,4,-34.4868,0.0,-34.4868,1965.5132,0.031459,3433,5,1965.5132,0.0,0.0,from_trough,SNXX3L_aug_trough
SNXX3L_USDT,SNXX3L_aug_high,0.05,0.05,10,both,True,14773,2.17321,4.04558,5,0,5,-74.4772,0.0,-74.4772,1925.5228,0.03896,517,5,1925.5228,0.0,-0.0,from_high,SNXX3L_aug_high
SNXX3L_USDT,SNXX3L_open_high,0.05,0.05,20,none,False,1469,1.00171,2.35386,85,85,0,61.8717,0.0,61.8717,2061.8717,0.255729,0,10,2061.8717,0.0,0.0,from_high,SNXX3L_open_high
SOXL3S_USDT,SOXL3S_aug_high,0.05,0.05,10,both,True,6274,0.5717,0.9645,5,0,5,-94.4724,0.0,-94.4724,1905.5276,0.04968,407,5,1905.5276,0.0,0.0,from_high,SOXL3S_aug_high
SOXL3L_USDT,SOXL3L_jun_trough,0.05,0.05,20,none,False,1906,0.46705,0.87982,65,65,0,52.6042,0.0,52.6042,2052.6042,0.123033,0,10,2052.6042,0.0,0.0,from_trough,SOXL3L_jun_trough
SNXX3L_USDT,SNXX3L_open_trough,0.05,0.05,20,none,False,1078,0.53062,2.35386,10,10,0,26.9984,0.0,26.9984,2026.9984,0.0,0,10,2026.9984,0.0,-0.0,from_trough,SNXX3L_open_trough
SOXL3S_USDT,SOXL3S_jun_trough,0.05,0.05,20,none,False,1906,0.72385,1.83695,10,10,0,26.9984,0.0,26.9984,2026.9984,0.001611,0,10,2026.9984,0.0,-0.0,from_trough,SOXL3S_jun_trough
SOXL3S_USDT,SOXL3S_jun_high,0.05,0.05,20,none,False,2446,1.12385,1.83695,143,143,0,88.7404,0.0,88.7404,2088.7404,0.172008,0,10,2088.7404,0.0,-0.0,from_high,SOXL3S_jun_high
SOXL3S_USDT,SOXL3S_aug_trough,0.05,0.05,10,both,True,5412,0.465,0.9645,5,5,0,29.4978,0.0,29.4978,2029.4978,0.009755,584,5,2029.4978,0.0,0.0,from_trough,SOXL3S_aug_trough
SOXL3L_USDT,SOXL3L_jun_high,0.05,0.05,20,none,False,3860,0.80587,0.87982,30,30,0,36.3162,0.0,36.3162,2036.3162,0.45859,0,10,2036.3162,0.0,0.0,from_high,SOXL3L_jun_high
SNXX3L_USDT,SNXX3L_aug_trough,0.05,0.05,20,none,False,7892,0.56854,4.04558,141,141,0,87.7682,0.0,87.7682,2087.7682,0.058644,0,10,2087.7682,0.0,0.0,from_trough,SNXX3L_aug_trough
SNXX3L_USDT,SNXX3L_aug_high,0.05,0.05,20,none,False,14773,2.17321,4.04558,131,131,0,83.4112,0.0,83.4112,2083.4112,0.372773,0,10,2083.4112,0.0,-0.0,from_high,SNXX3L_aug_high
SOXL3S_USDT,SOXL3S_aug_high,0.05,0.05,20,none,False,6274,0.5717,0.9645,39,39,0,40.5544,0.0,40.5544,2040.5544,0.225312,0,10,2040.5544,0.0,0.0,from_high,SOXL3S_aug_high
SOXL3S_USDT,SOXL3S_aug_trough,0.05,0.05,20,none,False,5412,0.465,0.9645,12,12,0,27.9097,0.0,27.9097,2027.9097,0.010365,0,10,2027.9097,0.0,-0.0,from_trough,SOXL3S_aug_trough
SNXX3L_USDT,SNXX3L_open_high,0.05,0.05,20,none,True,1469,1.00171,2.35386,10,10,0,26.9984,0.0,26.9984,2026.9984,0.0,0,10,2026.9984,0.0,-0.0,from_high,SNXX3L_open_high
SOXL3S_USDT,SOXL3S_jun_high,0.05,0.05,20,none,True,2446,1.12385,1.83695,10,10,0,26.9984,0.0,26.9984,2026.9984,0.001732,0,10,2026.9984,0.0,0.0,from_high,SOXL3S_jun_high
SNXX3L_USDT,SNXX3L_open_trough,0.05,0.05,20,none,True,1078,0.53062,2.35386,10,10,0,26.9984,0.0,26.9984,2026.9984,0.0,0,10,2026.9984,0.0,-0.0,from_trough,SNXX3L_open_trough
SOXL3L_USDT,SOXL3L_jun_trough,0.05,0.05,20,none,True,1906,0.46705,0.87982,10,10,0,26.9984,0.0,26.9984,2026.9984,0.011793,0,10,2026.9984,0.0,-0.0,from_trough,SOXL3L_jun_trough
SOXL3L_USDT,SOXL3L_jun_high,0.05,0.05,20,none,True,3860,0.80587,0.87982,10,10,0,26.9984,0.0,26.9984,2026.9984,0.179127,0,10,2026.9984,0.0,0.0,from_high,SOXL3L_jun_high
SNXX3L_USDT,SNXX3L_aug_high,0.05,0.05,20,none,True,14773,2.17321,4.04558,10,10,0,26.9984,0.0,26.9984,2026.9984,0.063132,0,10,2026.9984,0.0,-0.0,from_high,SNXX3L_aug_high
SNXX3L_USDT,SNXX3L_aug_trough,0.05,0.05,20,none,True,7892,0.56854,4.04558,10,10,0,26.9984,0.0,26.9984,2026.9984,0.031467,0,10,2026.9984,0.0,0.0,from_trough,SNXX3L_aug_trough
SOXL3S_USDT,SOXL3S_jun_trough,0.05,0.05,20,none,True,1906,0.72385,1.83695,10,10,0,26.9984,0.0,26.9984,2026.9984,0.001611,0,10,2026.9984,0.0,-0.0,from_trough,SOXL3S_jun_trough
SOXL3S_USDT,SOXL3S_aug_high,0.05,0.05,20,none,True,6274,0.5717,0.9645,10,10,0,26.9984,0.0,26.9984,2026.9984,0.123507,0,10,2026.9984,0.0,-0.0,from_high,SOXL3S_aug_high
SOXL3S_USDT,SOXL3S_aug_trough,0.05,0.05,20,none,True,5412,0.465,0.9645,10,10,0,26.9984,0.0,26.9984,2026.9984,0.009757,0,10,2026.9984,0.0,-0.0,from_trough,SOXL3S_aug_trough
SOXL3S_USDT,SOXL3S_jun_high,0.05,0.05,20,up,False,2446,1.12385,1.83695,382,382,0,152.4137,-273.7379,-121.8282,1878.1718,0.406519,176,10,51.9097,1826.2621,-0.0,from_high,SOXL3S_jun_high
SOXL3L_USDT,SOXL3L_jun_trough,0.05,0.05,20,up,False,1906,0.46705,0.87982,463,463,0,173.1467,-5.755,167.1997,2167.1997,0.350356,173,10,1372.9547,794.245,0.0,from_trough,SOXL3L_jun_trough
SOXL3L_USDT,SOXL3L_jun_high,0.05,0.05,20,up,False,3860,0.80587,0.87982,52,52,0,45.5387,-3.723,41.6957,2041.6957,0.45859,12,10,1545.4187,496.277,0.0,from_high,SOXL3L_jun_high
SNXX3L_USDT,SNXX3L_open_trough,0.05,0.05,20,up,False,1078,0.53062,2.35386,420,420,0,91.4846,-57.4788,33.5258,2033.5258,0.248799,713,10,91.0046,1942.5212,-0.0,from_trough,SNXX3L_open_trough
SNXX3L_USDT,SNXX3L_open_high,0.05,0.05,20,up,False,1469,1.00171,2.35386,397,397,0,137.1586,-39.2666,97.3881,2097.3881,0.617324,279,10,36.6546,2060.7334,-0.0,from_high,SNXX3L_open_high
SOXL3S_USDT,SOXL3S_jun_trough,0.05,0.05,20,up,False,1906,0.72385,1.83695,625,625,0,176.1775,-290.208,-114.5345,1885.4655,0.277066,389,10,75.6735,1809.792,0.0,from_trough,SOXL3S_jun_trough
SNXX3L_USDT,SNXX3L_aug_trough,0.05,0.05,20,up,False,7892,0.56854,4.04558,2162,2162,0,390.3548,-138.9397,250.9111,2250.9111,0.173646,1324,10,289.8508,1961.0603,0.0,from_trough,SNXX3L_aug_trough
SNXX3L_USDT,SNXX3L_aug_high,0.05,0.05,20,up,False,14773,2.17321,4.04558,763,763,0,275.9086,-99.8811,175.5235,2175.5235,0.771398,191,10,175.4046,2000.1189,-0.0,from_high,SNXX3L_aug_high
SOXL3S_USDT,SOXL3S_aug_high,0.05,0.05,20,up,False,6274,0.5717,0.9645,761,761,0,264.4132,-86.4184,177.4908,2177.4908,0.225459,152,10,163.9092,2013.5816,-0.0,from_high,SOXL3S_aug_high
SOXL3L_USDT,SOXL3L_jun_trough,0.05,0.05,20,up,True,1906,0.46705,0.87982,10,10,0,26.9984,0.0,26.9984,2026.9984,0.011793,173,10,2026.9984,0.0,-0.0,from_trough,SOXL3L_jun_trough
SOXL3S_USDT,SOXL3S_aug_trough,0.05,0.05,20,up,False,5412,0.465,0.9645,767,767,0,218.3586,-96.9422,120.9124,2120.9124,0.23542,235,10,117.8546,2003.0578,-0.0,from_trough,SOXL3S_aug_trough
SOXL3S_USDT,SOXL3S_jun_high,0.05,0.05,20,up,True,2446,1.12385,1.83695,10,10,0,26.9984,0.0,26.9984,2026.9984,0.001732,176,10,2026.9984,0.0,0.0,from_high,SOXL3S_jun_high
SNXX3L_USDT,SNXX3L_open_high,0.05,0.05,20,up,True,1469,1.00171,2.35386,10,10,0,26.9984,0.0,26.9984,2026.9984,0.0,279,10,2026.9984,0.0,-0.0,from_high,SNXX3L_open_high
SOXL3S_USDT,SOXL3S_jun_trough,0.05,0.05,20,up,True,1906,0.72385,1.83695,10,10,0,26.9984,0.0,26.9984,2026.9984,0.001611,389,10,2026.9984,0.0,-0.0,from_trough,SOXL3S_jun_trough
SNXX3L_USDT,SNXX3L_open_trough,0.05,0.05,20,up,True,1078,0.53062,2.35386,10,10,0,26.9984,0.0,26.9984,2026.9984,0.0,713,10,2026.9984,0.0,-0.0,from_trough,SNXX3L_open_trough
SNXX3L_USDT,SNXX3L_aug_trough,0.05,0.05,20,up,True,7892,0.56854,4.04558,10,10,0,26.9984,0.0,26.9984,2026.9984,0.031467,1324,10,2026.9984,0.0,0.0,from_trough,SNXX3L_aug_trough
SNXX3L_USDT,SNXX3L_aug_high,0.05,0.05,20,up,True,14773,2.17321,4.04558,10,10,0,26.9984,0.0,26.9984,2026.9984,0.063132,191,10,2026.9984,0.0,-0.0,from_high,SNXX3L_aug_high
SOXL3L_USDT,SOXL3L_jun_high,0.05,0.05,20,up,True,3860,0.80587,0.87982,10,10,0,26.9984,0.0,26.9984,2026.9984,0.179127,12,10,2026.9984,0.0,0.0,from_high,SOXL3L_jun_high
SOXL3S_USDT,SOXL3S_aug_high,0.05,0.05,20,up,True,6274,0.5717,0.9645,10,10,0,26.9984,0.0,26.9984,2026.9984,0.123507,152,10,2026.9984,0.0,-0.0,from_high,SOXL3S_aug_high
SOXL3S_USDT,SOXL3S_aug_trough,0.05,0.05,20,up,True,5412,0.465,0.9645,10,10,0,26.9984,0.0,26.9984,2026.9984,0.009757,235,10,2026.9984,0.0,-0.0,from_trough,SOXL3S_aug_trough
SOXL3L_USDT,SOXL3L_jun_trough,0.05,0.05,20,both,False,1906,0.46705,0.87982,482,398,84,-345.9507,-5.755,-351.8977,1648.1023,0.226372,385,10,853.8573,794.245,-0.0,from_trough,SOXL3L_jun_trough
SOXL3S_USDT,SOXL3S_jun_high,0.05,0.05,20,both,False,2446,1.12385,1.83695,532,350,182,-1225.6038,0.0,-1225.6038,774.3962,0.618013,658,10,774.3962,0.0,0.0,from_high,SOXL3S_jun_high
SNXX3L_USDT,SNXX3L_open_high,0.05,0.05,20,both,False,1469,1.00171,2.35386,446,264,182,-1625.8195,0.0,-1625.8195,374.1805,0.815885,1201,10,374.1805,0.0,-0.0,from_high,SNXX3L_open_high
SOXL3L_USDT,SOXL3L_jun_high,0.05,0.05,20,both,False,3860,0.80587,0.87982,401,295,106,-848.6062,-3.723,-852.4493,1147.5507,0.499565,286,10,651.2738,496.277,0.0,from_high,SOXL3L_jun_high
SOXL3S_USDT,SOXL3S_jun_trough,0.05,0.05,20,both,False,1906,0.72385,1.83695,764,545,219,-1083.142,0.0,-1083.142,916.858,0.557104,1112,10,916.858,0.0,0.0,from_trough,SOXL3S_jun_trough
SNXX3L_USDT,SNXX3L_aug_high,0.05,0.05,20,both,False,14773,2.17321,4.04558,1066,799,267,-1494.9161,-18.968,-1514.0041,485.9959,0.760607,1069,10,4.9639,481.032,0.0,from_high,SNXX3L_aug_high
SNXX3L_USDT,SNXX3L_aug_trough,0.05,0.05,20,both,False,7892,0.56854,4.04558,1507,1022,485,-1899.8531,0.0,-1899.8531,100.1469,0.950289,7072,10,100.1469,0.0,0.0,from_trough,SNXX3L_aug_trough
SNXX3L_USDT,SNXX3L_open_trough,0.05,0.05,20,both,False,1078,0.53062,2.35386,600,398,202,-974.2982,0.0,-974.2982,1025.7018,0.497426,1545,10,1025.7018,0.0,0.0,from_trough,SNXX3L_open_trough
SOXL3S_USDT,SOXL3S_aug_trough,0.05,0.05,20,both,False,5412,0.465,0.9645,992,671,321,-1510.1254,0.0,-1510.1254,489.8746,0.768521,1216,10,489.8746,0.0,0.0,from_trough,SOXL3S_aug_trough
SOXL3L_USDT,SOXL3L_jun_trough,0.05,0.05,20,both,True,1906,0.46705,0.87982,10,10,0,26.9984,0.0,26.9984,2026.9984,0.011793,385,10,2026.9984,0.0,-0.0,from_trough,SOXL3L_jun_trough
SOXL3L_USDT,SOXL3L_jun_high,0.05,0.05,20,both,True,3860,0.80587,0.87982,10,4,6,-26.9886,0.0,-26.9886,1973.0114,0.024579,286,10,1973.0114,0.0,0.0,from_high,SOXL3L_jun_high
SNXX3L_USDT,SNXX3L_open_high,0.05,0.05,20,both,True,1469,1.00171,2.35386,10,10,0,26.9984,0.0,26.9984,2026.9984,0.0,1201,10,2026.9984,0.0,-0.0,from_high,SNXX3L_open_high
SNXX3L_USDT,SNXX3L_open_trough,0.05,0.05,20,both,True,1078,0.53062,2.35386,10,10,0,26.9984,0.0,26.9984,2026.9984,0.0,1545,10,2026.9984,0.0,-0.0,from_trough,SNXX3L_open_trough
SOXL3S_USDT,SOXL3S_jun_high,0.05,0.05,20,both,True,2446,1.12385,1.83695,10,10,0,26.9984,0.0,26.9984,2026.9984,0.001732,658,10,2026.9984,0.0,0.0,from_high,SOXL3S_jun_high
SOXL3S_USDT,SOXL3S_aug_high,0.05,0.05,20,both,False,6274,0.5717,0.9645,837,556,281,-1480.9009,0.0,-1480.9009,519.0991,0.745817,859,10,519.0991,0.0,-0.0,from_high,SOXL3S_aug_high
SOXL3S_USDT,SOXL3S_jun_trough,0.05,0.05,20,both,True,1906,0.72385,1.83695,10,10,0,26.9984,0.0,26.9984,2026.9984,0.001611,1112,10,2026.9984,0.0,-0.0,from_trough,SOXL3S_jun_trough
SNXX3L_USDT,SNXX3L_aug_trough,0.05,0.05,20,both,True,7892,0.56854,4.04558,10,2,8,-39.4856,0.0,-39.4856,1960.5144,0.030967,7072,10,1960.5144,0.0,0.0,from_trough,SNXX3L_aug_trough
SOXL3S_USDT,SOXL3S_aug_trough,0.05,0.05,20,both,True,5412,0.465,0.9645,10,10,0,26.9984,0.0,26.9984,2026.9984,0.009757,1216,10,2026.9984,0.0,-0.0,from_trough,SOXL3S_aug_trough
SOXL3L_USDT,SOXL3L_jun_trough,0.05,0.1,10,none,False,1906,0.46705,0.87982,22,22,0,121.0083,0.0,121.0083,2121.0083,0.095513,0,7,2121.0083,0.0,0.0,from_trough,SOXL3L_jun_trough
SOXL3S_USDT,SOXL3S_jun_high,0.05,0.1,10,none,False,2446,1.12385,1.83695,45,45,0,189.4887,0.0,189.4887,2189.4887,0.133533,0,7,2189.4887,0.0,0.0,from_high,SOXL3S_jun_high
SNXX3L_USDT,SNXX3L_aug_high,0.05,0.05,20,both,True,14773,2.17321,4.04558,10,1,9,-31.4876,0.0,-31.4876,1968.5124,0.027361,1069,10,1968.5124,0.0,-0.0,from_high,SNXX3L_aug_high
SNXX3L_USDT,SNXX3L_open_high,0.05,0.1,10,none,False,1469,1.00171,2.35386,32,32,0,151.0354,0.0,151.0354,2151.0354,0.196739,0,7,2151.0354,0.0,0.0,from_high,SNXX3L_open_high
SOXL3L_USDT,SOXL3L_jun_high,0.05,0.1,10,none,False,3860,0.80587,0.87982,11,11,0,88.1018,0.0,88.1018,2088.1018,0.524414,0,7,2088.1018,0.0,-0.0,from_high,SOXL3L_jun_high
SOXL3S_USDT,SOXL3S_aug_high,0.05,0.05,20,both,True,6274,0.5717,0.9645,10,0,10,-80.9757,0.0,-80.9757,1919.0243,0.040898,859,10,1919.0243,0.0,-0.0,from_high,SOXL3S_aug_high
SOXL3S_USDT,SOXL3S_jun_trough,0.05,0.1,10,none,False,1906,0.72385,1.83695,7,7,0,76.2885,0.0,76.2885,2076.2885,0.008173,0,7,2076.2885,0.0,0.0,from_trough,SOXL3S_jun_trough
SNXX3L_USDT,SNXX3L_open_trough,0.05,0.1,10,none,False,1078,0.53062,2.35386,7,7,0,76.2885,0.0,76.2885,2076.2885,0.0,0,7,2076.2885,0.0,0.0,from_trough,SNXX3L_open_trough
SNXX3L_USDT,SNXX3L_aug_trough,0.05,0.1,10,none,False,7892,0.56854,4.04558,38,38,0,168.5381,0.0,168.5381,2168.5381,0.08439,0,7,2168.5381,0.0,0.0,from_trough,SNXX3L_aug_trough
SOXL3S_USDT,SOXL3S_aug_high,0.05,0.1,10,none,False,6274,0.5717,0.9645,15,15,0,100.1069,0.0,100.1069,2100.1069,0.220457,0,7,2100.1069,0.0,0.0,from_high,SOXL3S_aug_high
SOXL3S_USDT,SOXL3S_aug_trough,0.05,0.1,10,none,False,5412,0.465,0.9645,8,8,0,79.2069,0.0,79.2069,2079.2069,0.015455,0,7,2079.2069,0.0,-0.0,from_trough,SOXL3S_aug_trough
SNXX3L_USDT,SNXX3L_aug_high,0.05,0.1,10,none,False,14773,2.17321,4.04558,36,36,0,162.8486,0.0,162.8486,2162.8486,0.290351,0,7,2162.8486,0.0,-0.0,from_high,SNXX3L_aug_high
SOXL3L_USDT,SOXL3L_jun_trough,0.05,0.1,10,none,True,1906,0.46705,0.87982,7,7,0,76.2885,0.0,76.2885,2076.2885,0.017639,0,7,2076.2885,0.0,-0.0,from_trough,SOXL3L_jun_trough
SOXL3L_USDT,SOXL3L_jun_high,0.05,0.1,10,none,True,3860,0.80587,0.87982,7,7,0,76.2885,0.0,76.2885,2076.2885,0.356163,0,7,2076.2885,0.0,-0.0,from_high,SOXL3L_jun_high
SNXX3L_USDT,SNXX3L_open_high,0.05,0.1,10,none,True,1469,1.00171,2.35386,7,7,0,76.2885,0.0,76.2885,2076.2885,0.035665,0,7,2076.2885,0.0,0.0,from_high,SNXX3L_open_high
SNXX3L_USDT,SNXX3L_open_trough,0.05,0.1,10,none,True,1078,0.53062,2.35386,7,7,0,76.2885,0.0,76.2885,2076.2885,0.0,0,7,2076.2885,0.0,0.0,from_trough,SNXX3L_open_trough
SOXL3S_USDT,SOXL3S_jun_trough,0.05,0.1,10,none,True,1906,0.72385,1.83695,7,7,0,76.2885,0.0,76.2885,2076.2885,0.008173,0,7,2076.2885,0.0,0.0,from_trough,SOXL3S_jun_trough
SOXL3S_USDT,SOXL3S_jun_high,0.05,0.1,10,none,True,2446,1.12385,1.83695,7,7,0,76.2885,0.0,76.2885,2076.2885,0.00277,0,7,2076.2885,0.0,0.0,from_high,SOXL3S_jun_high
SNXX3L_USDT,SNXX3L_aug_high,0.05,0.1,10,none,True,14773,2.17321,4.04558,7,7,0,76.2885,0.0,76.2885,2076.2885,0.092728,0,7,2076.2885,0.0,-0.0,from_high,SNXX3L_aug_high
SOXL3S_USDT,SOXL3S_aug_trough,0.05,0.1,10,none,True,5412,0.465,0.9645,7,7,0,76.2885,0.0,76.2885,2076.2885,0.0146,0,7,2076.2885,0.0,0.0,from_trough,SOXL3S_aug_trough
SNXX3L_USDT,SNXX3L_aug_trough,0.05,0.1,10,none,True,7892,0.56854,4.04558,7,7,0,76.2885,0.0,76.2885,2076.2885,0.047061,0,7,2076.2885,0.0,0.0,from_trough,SNXX3L_aug_trough
SOXL3L_USDT,SOXL3L_jun_high,0.05,0.1,10,up,False,3860,0.80587,0.87982,11,11,0,88.1018,0.0,88.1018,2088.1018,0.524414,0,7,2088.1018,0.0,-0.0,from_high,SOXL3L_jun_high
SOXL3S_USDT,SOXL3S_jun_high,0.05,0.1,10,up,False,2446,1.12385,1.83695,161,161,0,420.6766,-254.9728,165.1758,2165.1758,0.375308,55,7,220.1486,1945.0272,0.0,from_high,SOXL3S_jun_high
SOXL3S_USDT,SOXL3S_aug_high,0.05,0.1,10,none,True,6274,0.5717,0.9645,7,7,0,76.2885,0.0,76.2885,2076.2885,0.172919,0,7,2076.2885,0.0,0.0,from_high,SOXL3S_aug_high
SOXL3L_USDT,SOXL3L_jun_trough,0.05,0.1,10,up,False,1906,0.46705,0.87982,142,142,0,376.1175,-3.5272,372.4463,2372.4463,0.316237,54,7,1775.9735,596.4728,-0.0,from_trough,SOXL3L_jun_trough
SNXX3L_USDT,SNXX3L_open_high,0.05,0.1,10,up,False,1469,1.00171,2.35386,169,169,0,367.806,-23.3067,344.1633,2344.1633,0.582772,89,7,967.47,1376.6933,-0.0,from_high,SNXX3L_open_high
SOXL3S_USDT,SOXL3S_jun_trough,0.05,0.1,10,up,False,1906,0.72385,1.83695,240,240,0,445.3176,-284.2099,160.5796,2160.5796,0.249916,126,7,244.7896,1915.7901,0.0,from_trough,SOXL3S_jun_trough
SNXX3L_USDT,SNXX3L_open_trough,0.05,0.1,10,up,False,1078,0.53062,2.35386,171,171,0,257.8495,-47.7638,209.5577,2209.5577,0.230843,234,7,57.3215,2152.2362,0.0,from_trough,SNXX3L_open_trough
SNXX3L_USDT,SNXX3L_aug_high,0.05,0.1,10,up,False,14773,2.17321,4.04558,232,232,0,566.2747,-72.4503,493.3444,2493.3444,0.750115,60,7,565.7947,1927.5497,-0.0,from_high,SNXX3L_aug_high
SOXL3S_USDT,SOXL3S_aug_trough,0.05,0.1,10,up,False,5412,0.465,0.9645,358,358,0,684.8252,-76.5354,607.7618,2607.7618,0.211752,75,7,484.2972,2123.4646,0.0,from_trough,SOXL3S_aug_trough
SOXL3S_USDT,SOXL3S_aug_high,0.05,0.1,10,up,False,6274,0.5717,0.9645,335,335,0,773.4354,-58.8941,714.1092,2714.1092,0.220457,47,7,973.0034,1741.1059,0.0,from_high,SOXL3S_aug_high
SOXL3L_USDT,SOXL3L_jun_trough,0.05,0.1,10,up,True,1906,0.46705,0.87982,7,7,0,76.2885,0.0,76.2885,2076.2885,0.017639,54,7,2076.2885,0.0,-0.0,from_trough,SOXL3L_jun_trough
SOXL3L_USDT,SOXL3L_jun_high,0.05,0.1,10,up,True,3860,0.80587,0.87982,7,7,0,76.2885,0.0,76.2885,2076.2885,0.356163,0,7,2076.2885,0.0,-0.0,from_high,SOXL3L_jun_high
SNXX3L_USDT,SNXX3L_aug_trough,0.05,0.1,10,up,False,7892,0.56854,4.04558,862,862,0,968.1174,-138.7455,828.8439,2828.8439,0.143593,438,7,767.5894,2061.2545,-0.0,from_trough,SNXX3L_aug_trough
SNXX3L_USDT,SNXX3L_open_high,0.05,0.1,10,up,True,1469,1.00171,2.35386,7,7,0,76.2885,0.0,76.2885,2076.2885,0.035665,89,7,2076.2885,0.0,0.0,from_high,SNXX3L_open_high
SNXX3L_USDT,SNXX3L_open_trough,0.05,0.1,10,up,True,1078,0.53062,2.35386,7,7,0,76.2885,0.0,76.2885,2076.2885,0.0,234,7,2076.2885,0.0,0.0,from_trough,SNXX3L_open_trough
SOXL3S_USDT,SOXL3S_jun_high,0.05,0.1,10,up,True,2446,1.12385,1.83695,7,7,0,76.2885,0.0,76.2885,2076.2885,0.00277,55,7,2076.2885,0.0,0.0,from_high,SOXL3S_jun_high
SOXL3S_USDT,SOXL3S_jun_trough,0.05,0.1,10,up,True,1906,0.72385,1.83695,7,7,0,76.2885,0.0,76.2885,2076.2885,0.008173,126,7,2076.2885,0.0,0.0,from_trough,SOXL3S_jun_trough
SNXX3L_USDT,SNXX3L_aug_trough,0.05,0.1,10,up,True,7892,0.56854,4.04558,7,7,0,76.2885,0.0,76.2885,2076.2885,0.047061,438,7,2076.2885,0.0,0.0,from_trough,SNXX3L_aug_trough
SNXX3L_USDT,SNXX3L_aug_high,0.05,0.1,10,up,True,14773,2.17321,4.04558,7,7,0,76.2885,0.0,76.2885,2076.2885,0.092728,60,7,2076.2885,0.0,-0.0,from_high,SNXX3L_aug_high
SOXL3S_USDT,SOXL3S_aug_high,0.05,0.1,10,up,True,6274,0.5717,0.9645,7,7,0,76.2885,0.0,76.2885,2076.2885,0.172919,47,7,2076.2885,0.0,0.0,from_high,SOXL3S_aug_high
SNXX3L_USDT,SNXX3L_open_high,0.05,0.1,10,both,False,1469,1.00171,2.35386,145,82,63,-1446.7897,0.0,-1446.7897,553.2103,0.744614,299,7,553.2103,0.0,0.0,from_high,SNXX3L_open_high
SOXL3L_USDT,SOXL3L_jun_high,0.05,0.1,10,both,False,3860,0.80587,0.87982,86,52,34,-495.3009,-0.2506,-495.6475,1504.3525,0.334157,72,7,1104.6031,399.7494,0.0,from_high,SOXL3L_jun_high
SNXX3L_USDT,SNXX3L_open_trough,0.05,0.1,10,both,False,1078,0.53062,2.35386,187,116,71,-655.8641,0.0,-655.8641,1344.1359,0.357589,430,7,1344.1359,0.0,-0.0,from_trough,SNXX3L_open_trough
SOXL3S_USDT,SOXL3S_jun_high,0.05,0.1,10,both,False,2446,1.12385,1.83695,192,129,63,-649.7657,0.0,-649.7657,1350.2343,0.351354,154,7,1350.2343,0.0,0.0,from_high,SOXL3S_jun_high
SOXL3L_USDT,SOXL3L_jun_trough,0.05,0.1,10,both,False,1906,0.46705,0.87982,139,122,17,-324.9148,-3.5272,-328.586,1671.414,0.340974,98,7,1074.9412,596.4728,0.0,from_trough,SOXL3L_jun_trough
SOXL3S_USDT,SOXL3S_jun_trough,0.05,0.1,10,both,False,1906,0.72385,1.83695,257,180,77,-522.5244,0.0,-522.5244,1477.4756,0.310796,278,7,1477.4756,0.0,0.0,from_trough,SOXL3S_jun_trough
SNXX3L_USDT,SNXX3L_aug_high,0.05,0.1,10,both,False,14773,2.17321,4.04558,314,221,93,-1208.0311,-19.7473,-1227.9223,772.0777,0.636759,254,7,191.8249,580.2527,0.0,from_high,SNXX3L_aug_high
SOXL3S_USDT,SOXL3S_aug_trough,0.05,0.1,10,up,True,5412,0.465,0.9645,7,7,0,76.2885,0.0,76.2885,2076.2885,0.0146,75,7,2076.2885,0.0,0.0,from_trough,SOXL3S_aug_trough
SNXX3L_USDT,SNXX3L_aug_trough,0.05,0.1,10,both,False,7892,0.56854,4.04558,833,531,302,-1738.8357,-2.0658,-1740.9495,259.0505,0.876578,1718,7,61.1163,197.9342,0.0,from_trough,SNXX3L_aug_trough
SOXL3L_USDT,SOXL3L_jun_high,0.05,0.1,10,both,True,3860,0.80587,0.87982,7,1,6,-106.6676,0.0,-106.6676,1893.3324,0.068196,72,7,1893.3324,0.0,0.0,from_high,SOXL3L_jun_high
SOXL3S_USDT,SOXL3S_jun_high,0.05,0.1,10,both,True,2446,1.12385,1.83695,7,7,0,76.2885,0.0,76.2885,2076.2885,0.00277,154,7,2076.2885,0.0,0.0,from_high,SOXL3S_jun_high
SNXX3L_USDT,SNXX3L_open_high,0.05,0.1,10,both,True,1469,1.00171,2.35386,7,7,0,76.2885,0.0,76.2885,2076.2885,0.035665,299,7,2076.2885,0.0,0.0,from_high,SNXX3L_open_high
SOXL3L_USDT,SOXL3L_jun_trough,0.05,0.1,10,both,True,1906,0.46705,0.87982,7,7,0,76.2885,0.0,76.2885,2076.2885,0.017639,98,7,2076.2885,0.0,-0.0,from_trough,SOXL3L_jun_trough
SNXX3L_USDT,SNXX3L_open_trough,0.05,0.1,10,both,True,1078,0.53062,2.35386,7,7,0,76.2885,0.0,76.2885,2076.2885,0.0,430,7,2076.2885,0.0,0.0,from_trough,SNXX3L_open_trough
SOXL3S_USDT,SOXL3S_jun_trough,0.05,0.1,10,both,True,1906,0.72385,1.83695,7,7,0,76.2885,0.0,76.2885,2076.2885,0.008173,278,7,2076.2885,0.0,0.0,from_trough,SOXL3S_jun_trough
SOXL3S_USDT,SOXL3S_aug_high,0.05,0.1,10,both,False,6274,0.5717,0.9645,264,179,85,-711.1776,0.0,-711.1776,1288.8224,0.368596,166,7,1288.8224,0.0,0.0,from_high,SOXL3S_aug_high
SOXL3S_USDT,SOXL3S_aug_trough,0.05,0.1,10,both,False,5412,0.465,0.9645,328,219,109,-1068.4617,0.0,-1068.4617,931.5383,0.570183,250,7,931.5383,0.0,-0.0,from_trough,SOXL3S_aug_trough
SNXX3L_USDT,SNXX3L_aug_trough,0.05,0.1,10,both,True,7892,0.56854,4.04558,7,2,5,-31.6856,0.0,-31.6856,1968.3144,0.047061,1718,7,1968.3144,0.0,0.0,from_trough,SNXX3L_aug_trough
SNXX3L_USDT,SNXX3L_aug_high,0.05,0.1,10,both,True,14773,2.17321,4.04558,7,0,7,-124.6632,0.0,-124.6632,1875.3368,0.065111,254,7,1875.3368,0.0,-0.0,from_high,SNXX3L_aug_high
SOXL3S_USDT,SOXL3S_aug_trough,0.05,0.1,10,both,True,5412,0.465,0.9645,7,7,0,76.2885,0.0,76.2885,2076.2885,0.0146,250,7,2076.2885,0.0,0.0,from_trough,SOXL3S_aug_trough
SOXL3S_USDT,SOXL3S_aug_high,0.05,0.1,10,both,True,6274,0.5717,0.9645,7,0,7,-160.6546,0.0,-160.6546,1839.3454,0.081653,166,7,1839.3454,0.0,0.0,from_high,SOXL3S_aug_high
SOXL3L_USDT,SOXL3L_jun_high,0.05,0.1,20,none,False,3860,0.80587,0.87982,26,26,0,79.7188,0.0,79.7188,2079.7188,0.521277,0,14,2079.7188,0.0,0.0,from_high,SOXL3L_jun_high
SNXX3L_USDT,SNXX3L_open_high,0.05,0.1,20,none,False,1469,1.00171,2.35386,64,64,0,107.1342,0.0,107.1342,2107.1342,0.175187,0,14,2107.1342,0.0,0.0,from_high,SNXX3L_open_high
SOXL3S_USDT,SOXL3S_jun_high,0.05,0.1,20,none,False,2446,1.12385,1.83695,97,97,0,130.8926,0.0,130.8926,2130.8926,0.118013,0,14,2130.8926,0.0,0.0,from_high,SOXL3S_jun_high
SNXX3L_USDT,SNXX3L_open_trough,0.05,0.1,20,none,False,1078,0.53062,2.35386,14,14,0,71.0398,0.0,71.0398,2071.0398,0.0,0,14,2071.0398,0.0,-0.0,from_trough,SNXX3L_open_trough
SNXX3L_USDT,SNXX3L_aug_trough,0.05,0.1,20,none,False,7892,0.56854,4.04558,90,90,0,125.8096,0.0,125.8096,2125.8096,0.079062,0,14,2125.8096,0.0,0.0,from_trough,SNXX3L_aug_trough
SOXL3L_USDT,SOXL3L_jun_trough,0.05,0.1,20,none,False,1906,0.46705,0.87982,50,50,0,96.9941,0.0,96.9941,2096.9941,0.08427,0,14,2096.9941,0.0,0.0,from_trough,SOXL3L_jun_trough
SNXX3L_USDT,SNXX3L_aug_high,0.05,0.1,20,none,False,14773,2.17321,4.04558,91,91,0,126.7977,0.0,126.7977,2126.7977,0.255637,0,14,2126.7977,0.0,-0.0,from_high,SNXX3L_aug_high
SOXL3S_USDT,SOXL3S_jun_trough,0.05,0.1,20,none,False,1906,0.72385,1.83695,14,14,0,71.0398,0.0,71.0398,2071.0398,0.00716,0,14,2071.0398,0.0,-0.0,from_trough,SOXL3S_jun_trough
SOXL3S_USDT,SOXL3S_aug_high,0.05,0.1,20,none,False,6274,0.5717,0.9645,31,31,0,83.3283,0.0,83.3283,2083.3283,0.230506,0,14,2083.3283,0.0,-0.0,from_high,SOXL3S_aug_high
SOXL3L_USDT,SOXL3L_jun_trough,0.05,0.1,20,none,True,1906,0.46705,0.87982,14,14,0,71.0398,0.0,71.0398,2071.0398,0.017646,0,14,2071.0398,0.0,-0.0,from_trough,SOXL3L_jun_trough
SOXL3L_USDT,SOXL3L_jun_high,0.05,0.1,20,none,True,3860,0.80587,0.87982,14,14,0,71.0398,0.0,71.0398,2071.0398,0.326725,0,14,2071.0398,0.0,0.0,from_high,SOXL3L_jun_high
SOXL3S_USDT,SOXL3S_jun_high,0.05,0.1,20,none,True,2446,1.12385,1.83695,14,14,0,71.0398,0.0,71.0398,2071.0398,0.002771,0,14,2071.0398,0.0,0.0,from_high,SOXL3S_jun_high
SOXL3S_USDT,SOXL3S_aug_trough,0.05,0.1,20,none,False,5412,0.465,0.9645,16,16,0,72.4567,0.0,72.4567,2072.4567,0.015087,0,14,2072.4567,0.0,-0.0,from_trough,SOXL3S_aug_trough
SNXX3L_USDT,SNXX3L_open_trough,0.05,0.1,20,none,True,1078,0.53062,2.35386,14,14,0,71.0398,0.0,71.0398,2071.0398,0.0,0,14,2071.0398,0.0,-0.0,from_trough,SNXX3L_open_trough
SOXL3S_USDT,SOXL3S_jun_trough,0.05,0.1,20,none,True,1906,0.72385,1.83695,14,14,0,71.0398,0.0,71.0398,2071.0398,0.00716,0,14,2071.0398,0.0,-0.0,from_trough,SOXL3S_jun_trough
SNXX3L_USDT,SNXX3L_open_high,0.05,0.1,20,none,True,1469,1.00171,2.35386,14,14,0,71.0398,0.0,71.0398,2071.0398,0.035717,0,14,2071.0398,0.0,-0.0,from_high,SNXX3L_open_high
SNXX3L_USDT,SNXX3L_aug_trough,0.05,0.1,20,none,True,7892,0.56854,4.04558,14,14,0,71.0398,0.0,71.0398,2071.0398,0.047078,0,14,2071.0398,0.0,0.0,from_trough,SNXX3L_aug_trough
SNXX3L_USDT,SNXX3L_aug_high,0.05,0.1,20,none,True,14773,2.17321,4.04558,14,14,0,71.0398,0.0,71.0398,2071.0398,0.091054,0,14,2071.0398,0.0,-0.0,from_high,SNXX3L_aug_high
SOXL3S_USDT,SOXL3S_aug_high,0.05,0.1,20,none,True,6274,0.5717,0.9645,14,14,0,71.0398,0.0,71.0398,2071.0398,0.172919,0,14,2071.0398,0.0,-0.0,from_high,SOXL3S_aug_high
SOXL3S_USDT,SOXL3S_aug_trough,0.05,0.1,20,none,True,5412,0.465,0.9645,14,14,0,71.0398,0.0,71.0398,2071.0398,0.014606,0,14,2071.0398,0.0,-0.0,from_trough,SOXL3S_aug_trough
SOXL3S_USDT,SOXL3S_jun_high,0.05,0.1,20,up,False,2446,1.12385,1.83695,402,402,0,285.2529,-243.4849,41.264,2041.264,0.376528,110,14,184.7489,1856.5151,0.0,from_high,SOXL3S_jun_high
SNXX3L_USDT,SNXX3L_open_trough,0.05,0.1,20,up,False,1078,0.53062,2.35386,360,360,0,159.0608,-45.6115,112.9453,2112.9453,0.230232,468,14,58.5568,2054.3885,-0.0,from_trough,SNXX3L_open_trough
SOXL3L_USDT,SOXL3L_jun_trough,0.05,0.1,20,up,False,1906,0.46705,0.87982,358,358,0,254.5468,-2.9445,251.4823,2251.4823,0.338704,108,14,1754.4268,497.0555,0.0,from_trough,SOXL3L_jun_trough
SOXL3S_USDT,SOXL3S_jun_trough,0.05,0.1,20,up,False,1906,0.72385,1.83695,532,532,0,267.8948,-271.3317,-3.9409,1996.0591,0.255654,252,14,167.3908,1828.6683,0.0,from_trough,SOXL3S_jun_trough
SNXX3L_USDT,SNXX3L_open_high,0.05,0.1,20,up,False,1469,1.00171,2.35386,374,374,0,223.0713,-25.4607,197.2746,2197.2746,0.625759,179,14,822.7353,1374.5393,-0.0,from_high,SNXX3L_open_high
SNXX3L_USDT,SNXX3L_aug_high,0.05,0.1,20,up,False,14773,2.17321,4.04558,616,616,0,390.3821,-76.1799,313.7222,2313.7222,0.788307,121,14,389.9021,1923.8201,0.0,from_high,SNXX3L_aug_high
SNXX3L_USDT,SNXX3L_aug_trough,0.05,0.1,20,up,False,7892,0.56854,4.04558,1928,1928,0,554.7636,-132.4453,421.8143,2421.8143,0.154617,876,14,454.2596,1967.5547,0.0,from_trough,SNXX3L_aug_trough
SOXL3L_USDT,SOXL3L_jun_high,0.05,0.1,20,up,False,3860,0.80587,0.87982,33,33,0,84.255,-1.6135,82.5455,2082.5455,0.521277,1,14,1684.159,398.3865,0.0,from_high,SOXL3L_jun_high
SOXL3L_USDT,SOXL3L_jun_trough,0.05,0.1,20,up,True,1906,0.46705,0.87982,14,14,0,71.0398,0.0,71.0398,2071.0398,0.017646,108,14,2071.0398,0.0,-0.0,from_trough,SOXL3L_jun_trough
SOXL3S_USDT,SOXL3S_aug_trough,0.05,0.1,20,up,False,5412,0.465,0.9645,846,846,0,411.649,-73.1388,338.0062,2338.0062,0.210868,150,14,311.145,2026.8612,-0.0,from_trough,SOXL3S_aug_trough
SOXL3L_USDT,SOXL3L_jun_high,0.05,0.1,20,up,True,3860,0.80587,0.87982,14,14,0,71.0398,0.0,71.0398,2071.0398,0.326725,1,14,2071.0398,0.0,0.0,from_high,SOXL3L_jun_high
SOXL3S_USDT,SOXL3S_jun_high,0.05,0.1,20,up,True,2446,1.12385,1.83695,14,14,0,71.0398,0.0,71.0398,2071.0398,0.002771,110,14,2071.0398,0.0,0.0,from_high,SOXL3S_jun_high
SNXX3L_USDT,SNXX3L_open_high,0.05,0.1,20,up,True,1469,1.00171,2.35386,14,14,0,71.0398,0.0,71.0398,2071.0398,0.035717,179,14,2071.0398,0.0,-0.0,from_high,SNXX3L_open_high
SNXX3L_USDT,SNXX3L_open_trough,0.05,0.1,20,up,True,1078,0.53062,2.35386,14,14,0,71.0398,0.0,71.0398,2071.0398,0.0,468,14,2071.0398,0.0,-0.0,from_trough,SNXX3L_open_trough
SOXL3S_USDT,SOXL3S_aug_high,0.05,0.1,20,up,False,6274,0.5717,0.9645,795,795,0,468.5033,-62.6234,405.4479,2405.4479,0.230506,95,14,668.0713,1737.3766,0.0,from_high,SOXL3S_aug_high
SOXL3S_USDT,SOXL3S_jun_trough,0.05,0.1,20,up,True,1906,0.72385,1.83695,14,14,0,71.0398,0.0,71.0398,2071.0398,0.00716,252,14,2071.0398,0.0,-0.0,from_trough,SOXL3S_jun_trough
SNXX3L_USDT,SNXX3L_aug_trough,0.05,0.1,20,up,True,7892,0.56854,4.04558,14,14,0,71.0398,0.0,71.0398,2071.0398,0.047078,876,14,2071.0398,0.0,0.0,from_trough,SNXX3L_aug_trough
SNXX3L_USDT,SNXX3L_aug_high,0.05,0.1,20,up,True,14773,2.17321,4.04558,14,14,0,71.0398,0.0,71.0398,2071.0398,0.091054,121,14,2071.0398,0.0,-0.0,from_high,SNXX3L_aug_high
SOXL3S_USDT,SOXL3S_aug_high,0.05,0.1,20,up,True,6274,0.5717,0.9645,14,14,0,71.0398,0.0,71.0398,2071.0398,0.172919,95,14,2071.0398,0.0,-0.0,from_high,SOXL3S_aug_high
SOXL3S_USDT,SOXL3S_aug_trough,0.05,0.1,20,up,True,5412,0.465,0.9645,14,14,0,71.0398,0.0,71.0398,2071.0398,0.014606,150,14,2071.0398,0.0,-0.0,from_trough,SOXL3S_aug_trough
SNXX3L_USDT,SNXX3L_open_high,0.05,0.1,20,both,False,1469,1.00171,2.35386,310,185,125,-1511.151,0.0,-1511.151,488.849,0.76271,622,14,488.849,0.0,-0.0,from_high,SNXX3L_open_high
SOXL3L_USDT,SOXL3L_jun_high,0.05,0.1,20,both,False,3860,0.80587,0.87982,201,138,63,-449.9831,-1.6135,-451.6925,1548.3075,0.291431,151,14,1149.9209,398.3865,-0.0,from_high,SOXL3L_jun_high
SOXL3L_USDT,SOXL3L_jun_trough,0.05,0.1,20,both,False,1906,0.46705,0.87982,326,288,38,-307.994,-2.9445,-311.0585,1688.9415,0.259398,202,14,1191.886,497.0555,0.0,from_trough,SOXL3L_jun_trough
SOXL3S_USDT,SOXL3S_jun_high,0.05,0.1,20,both,False,2446,1.12385,1.83695,434,310,124,-691.7394,0.0,-691.7394,1308.2606,0.368449,318,14,1308.2606,0.0,0.0,from_high,SOXL3S_jun_high
SOXL3S_USDT,SOXL3S_jun_trough,0.05,0.1,20,both,False,1906,0.72385,1.83695,571,414,157,-646.9814,0.0,-646.9814,1353.0186,0.359219,572,14,1353.0186,0.0,-0.0,from_trough,SOXL3S_jun_trough
SNXX3L_USDT,SNXX3L_open_trough,0.05,0.1,20,both,False,1078,0.53062,2.35386,385,251,134,-722.3353,0.0,-722.3353,1277.6647,0.385386,876,14,1277.6647,0.0,0.0,from_trough,SNXX3L_open_trough
SNXX3L_USDT,SNXX3L_aug_trough,0.05,0.1,20,both,False,7892,0.56854,4.04558,1561,1060,501,-1835.0272,-1.136,-1836.1872,163.8128,0.920931,3565,14,64.9488,98.864,-0.0,from_trough,SNXX3L_aug_trough
SNXX3L_USDT,SNXX3L_aug_high,0.05,0.1,20,both,False,14773,2.17321,4.04558,748,588,160,-1393.8312,-18.6124,-1412.5876,587.4124,0.712547,526,14,6.0248,581.3876,-0.0,from_high,SNXX3L_aug_high
SOXL3L_USDT,SOXL3L_jun_trough,0.05,0.1,20,both,True,1906,0.46705,0.87982,14,14,0,71.0398,0.0,71.0398,2071.0398,0.017646,202,14,2071.0398,0.0,-0.0,from_trough,SOXL3L_jun_trough
SOXL3S_USDT,SOXL3S_jun_high,0.05,0.1,20,both,True,2446,1.12385,1.83695,14,14,0,71.0398,0.0,71.0398,2071.0398,0.002771,318,14,2071.0398,0.0,0.0,from_high,SOXL3S_jun_high
SOXL3S_USDT,SOXL3S_aug_trough,0.05,0.1,20,both,False,5412,0.465,0.9645,775,547,228,-1249.7891,0.0,-1249.7891,750.2109,0.645819,523,14,750.2109,0.0,-0.0,from_trough,SOXL3S_aug_trough
SOXL3L_USDT,SOXL3L_jun_high,0.05,0.1,20,both,True,3860,0.80587,0.87982,14,3,11,-69.1766,0.0,-69.1766,1930.8234,0.048838,151,14,1930.8234,0.0,0.0,from_high,SOXL3L_jun_high
SOXL3S_USDT,SOXL3S_jun_trough,0.05,0.1,20,both,True,1906,0.72385,1.83695,14,14,0,71.0398,0.0,71.0398,2071.0398,0.00716,572,14,2071.0398,0.0,-0.0,from_trough,SOXL3S_jun_trough
SOXL3S_USDT,SOXL3S_aug_high,0.05,0.1,20,both,False,6274,0.5717,0.9645,579,407,172,-1086.6625,0.0,-1086.6625,913.3375,0.546049,358,14,913.3375,0.0,0.0,from_high,SOXL3S_aug_high
SNXX3L_USDT,SNXX3L_open_trough,0.05,0.1,20,both,True,1078,0.53062,2.35386,14,14,0,71.0398,0.0,71.0398,2071.0398,0.0,876,14,2071.0398,0.0,-0.0,from_trough,SNXX3L_open_trough
SNXX3L_USDT,SNXX3L_open_high,0.05,0.1,20,both,True,1469,1.00171,2.35386,14,8,6,-0.9429,0.0,-0.9429,1999.0571,0.035717,622,14,1999.0571,0.0,-0.0,from_high,SNXX3L_open_high
SNXX3L_USDT,SNXX3L_aug_high,0.05,0.1,20,both,True,14773,2.17321,4.04558,14,1,13,-116.4152,0.0,-116.4152,1883.5848,0.065455,526,14,1883.5848,0.0,-0.0,from_high,SNXX3L_aug_high
SNXX3L_USDT,SNXX3L_aug_trough,0.05,0.1,20,both,True,7892,0.56854,4.04558,14,4,10,-35.4347,0.0,-35.4347,1964.5653,0.046704,3565,14,1964.5653,0.0,0.0,from_trough,SNXX3L_aug_trough
SOXL3S_USDT,SOXL3S_aug_trough,0.05,0.1,20,both,True,5412,0.465,0.9645,14,14,0,71.0398,0.0,71.0398,2071.0398,0.014606,523,14,2071.0398,0.0,-0.0,from_trough,SOXL3S_aug_trough
SOXL3S_USDT,SOXL3S_aug_high,0.05,0.1,20,both,True,6274,0.5717,0.9645,14,0,14,-134.4109,0.0,-134.4109,1865.5891,0.069154,358,14,1865.5891,0.0,-0.0,from_high,SOXL3S_aug_high
SNXX3L_USDT,SNXX3L_open_high,0.05,0.15,10,none,False,1469,1.00171,2.35386,26,26,0,199.7626,0.0,199.7626,2199.7626,0.143943,0,8,2199.7626,0.0,0.0,from_high,SNXX3L_open_high
SOXL3S_USDT,SOXL3S_jun_high,0.05,0.15,10,none,False,2446,1.12385,1.83695,31,31,0,219.4798,0.0,219.4798,2219.4798,0.136662,0,8,2219.4798,0.0,-0.0,from_high,SOXL3S_jun_high
SNXX3L_USDT,SNXX3L_open_trough,0.05,0.15,10,none,False,1078,0.53062,2.35386,8,8,0,127.1773,0.0,127.1773,2127.1773,0.0,0,8,2127.1773,0.0,0.0,from_trough,SNXX3L_open_trough
SOXL3L_USDT,SOXL3L_jun_high,0.05,0.15,10,none,False,3860,0.80587,0.87982,9,9,0,83.3023,36.7057,119.906,2119.906,0.526421,0,8,1683.2003,436.7057,-0.0,from_high,SOXL3L_jun_high
SNXX3L_USDT,SNXX3L_aug_trough,0.05,0.15,10,none,False,7892,0.56854,4.04558,27,27,0,203.3624,0.0,203.3624,2203.3624,0.111881,0,8,2203.3624,0.0,-0.0,from_trough,SNXX3L_aug_trough
SOXL3S_USDT,SOXL3S_jun_trough,0.05,0.15,10,none,False,1906,0.72385,1.83695,8,8,0,127.1773,0.0,127.1773,2127.1773,0.012188,0,8,2127.1773,0.0,0.0,from_trough,SOXL3S_jun_trough
SOXL3L_USDT,SOXL3L_jun_trough,0.05,0.15,10,none,False,1906,0.46705,0.87982,19,19,0,171.402,0.0,171.402,2171.402,0.069464,0,8,2171.402,0.0,0.0,from_trough,SOXL3L_jun_trough
SNXX3L_USDT,SNXX3L_aug_high,0.05,0.15,10,none,False,14773,2.17321,4.04558,23,23,0,187.5956,0.0,187.5956,2187.5956,0.292972,0,8,2187.5956,0.0,-0.0,from_high,SNXX3L_aug_high
SOXL3S_USDT,SOXL3S_aug_trough,0.05,0.15,10,none,False,5412,0.465,0.9645,9,9,0,131.1207,0.0,131.1207,2131.1207,0.017373,0,8,2131.1207,0.0,0.0,from_trough,SOXL3S_aug_trough
SOXL3S_USDT,SOXL3S_aug_high,0.05,0.15,10,none,False,6274,0.5717,0.9645,13,13,0,147.3179,0.0,147.3179,2147.3179,0.221593,0,8,2147.3179,0.0,0.0,from_high,SOXL3S_aug_high
SNXX3L_USDT,SNXX3L_open_high,0.05,0.15,10,none,True,1469,1.00171,2.35386,8,8,0,127.1773,0.0,127.1773,2127.1773,0.058958,0,8,2127.1773,0.0,0.0,from_high,SNXX3L_open_high
SOXL3L_USDT,SOXL3L_jun_high,0.05,0.15,10,none,True,3860,0.80587,0.87982,6,6,0,71.3887,36.7057,107.9924,2107.9924,0.41452,0,8,1671.2867,436.7057,-0.0,from_high,SOXL3L_jun_high
SNXX3L_USDT,SNXX3L_open_trough,0.05,0.15,10,none,True,1078,0.53062,2.35386,8,8,0,127.1773,0.0,127.1773,2127.1773,0.0,0,8,2127.1773,0.0,0.0,from_trough,SNXX3L_open_trough
SOXL3S_USDT,SOXL3S_jun_high,0.05,0.15,10,none,True,2446,1.12385,1.83695,8,8,0,127.1773,0.0,127.1773,2127.1773,0.047383,0,8,2127.1773,0.0,0.0,from_high,SOXL3S_jun_high
SOXL3S_USDT,SOXL3S_jun_trough,0.05,0.15,10,none,True,1906,0.72385,1.83695,8,8,0,127.1773,0.0,127.1773,2127.1773,0.012188,0,8,2127.1773,0.0,0.0,from_trough,SOXL3S_jun_trough
SOXL3L_USDT,SOXL3L_jun_trough,0.05,0.15,10,none,True,1906,0.46705,0.87982,8,8,0,127.1773,0.0,127.1773,2127.1773,0.035203,0,8,2127.1773,0.0,-0.0,from_trough,SOXL3L_jun_trough
SNXX3L_USDT,SNXX3L_aug_trough,0.05,0.15,10,none,True,7892,0.56854,4.04558,8,8,0,127.1773,0.0,127.1773,2127.1773,0.083063,0,8,2127.1773,0.0,-0.0,from_trough,SNXX3L_aug_trough
SNXX3L_USDT,SNXX3L_aug_high,0.05,0.15,10,none,True,14773,2.17321,4.04558,8,8,0,127.1773,0.0,127.1773,2127.1773,0.105977,0,8,2127.1773,0.0,-0.0,from_high,SNXX3L_aug_high
SOXL3S_USDT,SOXL3S_aug_high,0.05,0.15,10,none,True,6274,0.5717,0.9645,8,8,0,127.1773,0.0,127.1773,2127.1773,0.197626,0,8,2127.1773,0.0,0.0,from_high,SOXL3S_aug_high
SOXL3S_USDT,SOXL3S_aug_trough,0.05,0.15,10,none,True,5412,0.465,0.9645,8,8,0,127.1773,0.0,127.1773,2127.1773,0.017015,0,8,2127.1773,0.0,0.0,from_trough,SOXL3S_aug_trough
SOXL3L_USDT,SOXL3L_jun_high,0.05,0.15,10,up,False,3860,0.80587,0.87982,9,9,0,83.3023,36.7057,119.906,2119.906,0.526421,0,8,1683.2003,436.7057,-0.0,from_high,SOXL3L_jun_high
SOXL3S_USDT,SOXL3S_jun_high,0.05,0.15,10,up,False,2446,1.12385,1.83695,106,106,0,417.7236,-232.6569,184.5387,2184.5387,0.220927,39,8,217.1956,1967.3431,-0.0,from_high,SOXL3S_jun_high
SOXL3L_USDT,SOXL3L_jun_trough,0.05,0.15,10,up,False,1906,0.46705,0.87982,88,88,0,363.3504,-1.9296,361.2768,2361.2768,0.302396,38,8,1763.2064,598.0704,0.0,from_trough,SOXL3L_jun_trough
SNXX3L_USDT,SNXX3L_open_high,0.05,0.15,10,up,False,1469,1.00171,2.35386,142,142,0,469.8835,-14.9617,454.6338,2454.6338,0.607677,64,8,1269.5955,1185.0383,0.0,from_high,SNXX3L_open_high
SNXX3L_USDT,SNXX3L_open_trough,0.05,0.15,10,up,False,1078,0.53062,2.35386,151,151,0,333.5868,-36.8263,296.2805,2296.2805,0.20389,173,8,333.1068,1963.1737,-0.0,from_trough,SNXX3L_open_trough
SOXL3S_USDT,SOXL3S_jun_trough,0.05,0.15,10,up,False,1906,0.72385,1.83695,203,203,0,530.5388,-267.2231,262.7877,2262.7877,0.228827,92,8,330.0108,1932.7769,-0.0,from_trough,SOXL3S_jun_trough
SNXX3L_USDT,SNXX3L_aug_trough,0.05,0.15,10,up,False,7892,0.56854,4.04558,781,781,0,1191.1943,-131.8745,1058.7917,3058.7917,0.127194,326,8,990.6663,2068.1255,0.0,from_trough,SNXX3L_aug_trough
SNXX3L_USDT,SNXX3L_aug_high,0.05,0.15,10,up,False,14773,2.17321,4.04558,182,182,0,629.8761,-49.0587,580.4814,2580.4814,0.292972,42,8,1229.5401,1350.9413,0.0,from_high,SNXX3L_aug_high
SOXL3S_USDT,SOXL3S_aug_trough,0.05,0.15,10,up,False,5412,0.465,0.9645,340,340,0,908.8154,-48.4894,859.942,2859.942,0.177372,53,8,1308.4314,1551.5106,-0.0,from_trough,SOXL3S_aug_trough
SOXL3L_USDT,SOXL3L_jun_high,0.05,0.15,10,up,True,3860,0.80587,0.87982,6,6,0,71.3887,36.7057,107.9924,2107.9924,0.41452,0,8,1671.2867,436.7057,-0.0,from_high,SOXL3L_jun_high
SNXX3L_USDT,SNXX3L_open_high,0.05,0.15,10,up,True,1469,1.00171,2.35386,8,8,0,127.1773,0.0,127.1773,2127.1773,0.058958,64,8,2127.1773,0.0,0.0,from_high,SNXX3L_open_high
SOXL3S_USDT,SOXL3S_jun_high,0.05,0.15,10,up,True,2446,1.12385,1.83695,8,8,0,127.1773,0.0,127.1773,2127.1773,0.047383,39,8,2127.1773,0.0,0.0,from_high,SOXL3S_jun_high
SOXL3L_USDT,SOXL3L_jun_trough,0.05,0.15,10,up,True,1906,0.46705,0.87982,8,8,0,127.1773,0.0,127.1773,2127.1773,0.035203,38,8,2127.1773,0.0,-0.0,from_trough,SOXL3L_jun_trough
SOXL3S_USDT,SOXL3S_jun_trough,0.05,0.15,10,up,True,1906,0.72385,1.83695,8,8,0,127.1773,0.0,127.1773,2127.1773,0.012188,92,8,2127.1773,0.0,0.0,from_trough,SOXL3S_jun_trough
SNXX3L_USDT,SNXX3L_open_trough,0.05,0.15,10,up,True,1078,0.53062,2.35386,8,8,0,127.1773,0.0,127.1773,2127.1773,0.0,173,8,2127.1773,0.0,0.0,from_trough,SNXX3L_open_trough
SOXL3S_USDT,SOXL3S_aug_high,0.05,0.15,10,up,False,6274,0.5717,0.9645,282,282,0,920.0651,-47.5906,872.0906,2872.0906,0.221593,33,8,1319.6811,1552.4094,0.0,from_high,SOXL3S_aug_high
SNXX3L_USDT,SNXX3L_aug_high,0.05,0.15,10,up,True,14773,2.17321,4.04558,8,8,0,127.1773,0.0,127.1773,2127.1773,0.105977,42,8,2127.1773,0.0,-0.0,from_high,SNXX3L_aug_high
SNXX3L_USDT,SNXX3L_aug_trough,0.05,0.15,10,up,True,7892,0.56854,4.04558,8,8,0,127.1773,0.0,127.1773,2127.1773,0.083063,326,8,2127.1773,0.0,-0.0,from_trough,SNXX3L_aug_trough
SOXL3S_USDT,SOXL3S_aug_trough,0.05,0.15,10,up,True,5412,0.465,0.9645,8,8,0,127.1773,0.0,127.1773,2127.1773,0.017015,53,8,2127.1773,0.0,0.0,from_trough,SOXL3S_aug_trough
SOXL3S_USDT,SOXL3S_jun_high,0.05,0.15,10,both,False,2446,1.12385,1.83695,156,128,28,-58.2596,-61.671,-120.2186,1879.7814,0.216655,94,8,741.4524,1138.329,-0.0,from_high,SOXL3S_jun_high
SOXL3L_USDT,SOXL3L_jun_high,0.05,0.15,10,both,False,3860,0.80587,0.87982,53,31,22,-285.5323,-2.962,-288.5903,1711.4097,0.274933,50,8,1314.3717,397.038,-0.0,from_high,SOXL3L_jun_high
SNXX3L_USDT,SNXX3L_open_high,0.05,0.15,10,both,False,1469,1.00171,2.35386,134,89,45,-1160.0434,0.0,-1160.0434,839.9566,0.720053,183,8,839.9566,0.0,0.0,from_high,SNXX3L_open_high
SOXL3L_USDT,SOXL3L_jun_trough,0.05,0.15,10,both,False,1906,0.46705,0.87982,99,88,11,-147.2584,-1.9296,-149.332,1850.668,0.301983,64,8,1252.5976,598.0704,0.0,from_trough,SOXL3L_jun_trough
SNXX3L_USDT,SNXX3L_open_trough,0.05,0.15,10,both,False,1078,0.53062,2.35386,184,128,56,-495.7684,0.0,-495.7684,1504.2316,0.298485,280,8,1504.2316,0.0,0.0,from_trough,SNXX3L_open_trough
SOXL3S_USDT,SOXL3S_jun_trough,0.05,0.15,10,both,False,1906,0.72385,1.83695,216,156,60,-448.1881,0.0,-448.1881,1551.8119,0.313872,175,8,1551.8119,0.0,0.0,from_trough,SOXL3S_jun_trough
SOXL3S_USDT,SOXL3S_aug_high,0.05,0.15,10,up,True,6274,0.5717,0.9645,8,8,0,127.1773,0.0,127.1773,2127.1773,0.197626,33,8,2127.1773,0.0,0.0,from_high,SOXL3S_aug_high
SNXX3L_USDT,SNXX3L_aug_trough,0.05,0.15,10,both,False,7892,0.56854,4.04558,819,579,240,-1409.0254,-10.0082,-1419.1296,580.8704,0.73751,1015,8,190.8786,389.9918,0.0,from_trough,SNXX3L_aug_trough
SNXX3L_USDT,SNXX3L_aug_high,0.05,0.15,10,both,False,14773,2.17321,4.04558,275,205,70,-217.2154,-16.073,-233.4804,1766.5196,0.46561,143,8,982.5926,783.927,0.0,from_high,SNXX3L_aug_high
SOXL3S_USDT,SOXL3S_aug_high,0.05,0.15,10,both,False,6274,0.5717,0.9645,235,177,58,-420.2976,0.0,-420.2976,1579.7024,0.264079,94,8,1579.7024,0.0,0.0,from_high,SOXL3S_aug_high
SOXL3S_USDT,SOXL3S_jun_high,0.05,0.15,10,both,True,2446,1.12385,1.83695,8,7,1,79.1888,0.0,79.1888,2079.1888,0.021154,94,8,2079.1888,0.0,0.0,from_high,SOXL3S_jun_high
SOXL3L_USDT,SOXL3L_jun_trough,0.05,0.15,10,both,True,1906,0.46705,0.87982,8,8,0,127.1773,0.0,127.1773,2127.1773,0.035203,64,8,2127.1773,0.0,-0.0,from_trough,SOXL3L_jun_trough
SNXX3L_USDT,SNXX3L_open_trough,0.05,0.15,10,both,True,1078,0.53062,2.35386,8,8,0,127.1773,0.0,127.1773,2127.1773,0.0,280,8,2127.1773,0.0,0.0,from_trough,SNXX3L_open_trough
SOXL3L_USDT,SOXL3L_jun_high,0.05,0.15,10,both,True,3860,0.80587,0.87982,8,1,7,-236.7354,0.0,-236.7354,1763.2646,0.134877,50,8,1763.2646,0.0,-0.0,from_high,SOXL3L_jun_high
SNXX3L_USDT,SNXX3L_open_high,0.05,0.15,10,both,True,1469,1.00171,2.35386,8,8,0,127.1773,0.0,127.1773,2127.1773,0.058958,183,8,2127.1773,0.0,0.0,from_high,SNXX3L_open_high
SOXL3S_USDT,SOXL3S_jun_trough,0.05,0.15,10,both,True,1906,0.72385,1.83695,8,8,0,127.1773,0.0,127.1773,2127.1773,0.012188,175,8,2127.1773,0.0,0.0,from_trough,SOXL3S_jun_trough
SNXX3L_USDT,SNXX3L_aug_trough,0.05,0.15,10,both,True,7892,0.56854,4.04558,8,4,4,-56.7786,0.0,-56.7786,1943.2214,0.072958,1015,8,1943.2214,0.0,0.0,from_trough,SNXX3L_aug_trough
SOXL3S_USDT,SOXL3S_aug_trough,0.05,0.15,10,both,False,5412,0.465,0.9645,307,245,62,-188.5598,0.0,-188.5598,1811.4402,0.242365,126,8,1811.4402,0.0,-0.0,from_trough,SOXL3S_aug_trough
SOXL3S_USDT,SOXL3S_aug_high,0.05,0.15,10,both,True,6274,0.5717,0.9645,8,0,8,-176.7498,0.0,-176.7498,1823.2502,0.102168,94,8,1823.2502,0.0,0.0,from_high,SOXL3S_aug_high
SOXL3S_USDT,SOXL3S_jun_high,0.05,0.15,20,none,False,2446,1.12385,1.83695,67,67,0,170.1587,0.0,170.1587,2170.1587,0.122105,0,15,2170.1587,0.0,0.0,from_high,SOXL3S_jun_high
SOXL3S_USDT,SOXL3S_aug_trough,0.05,0.15,10,both,True,5412,0.465,0.9645,8,8,0,127.1773,0.0,127.1773,2127.1773,0.017015,126,8,2127.1773,0.0,0.0,from_trough,SOXL3S_aug_trough
SOXL3L_USDT,SOXL3L_jun_trough,0.05,0.15,20,none,False,1906,0.46705,0.87982,37,37,0,140.854,0.0,140.854,2140.854,0.058531,0,15,2140.854,0.0,-0.0,from_trough,SOXL3L_jun_trough
SNXX3L_USDT,SNXX3L_aug_high,0.05,0.15,10,both,True,14773,2.17321,4.04558,8,0,8,-136.7594,0.0,-136.7594,1863.2406,0.089307,143,8,1863.2406,0.0,-0.0,from_high,SNXX3L_aug_high
SOXL3L_USDT,SOXL3L_jun_high,0.05,0.15,20,none,False,3860,0.80587,0.87982,20,20,0,74.2969,36.7057,110.9006,2110.9006,0.523075,0,15,1674.1949,436.7057,0.0,from_high,SOXL3L_jun_high
SNXX3L_USDT,SNXX3L_open_high,0.05,0.15,20,none,False,1469,1.00171,2.35386,52,52,0,155.5107,0.0,155.5107,2155.5107,0.122029,0,15,2155.5107,0.0,-0.0,from_high,SNXX3L_open_high
SNXX3L_USDT,SNXX3L_open_trough,0.05,0.15,20,none,False,1078,0.53062,2.35386,15,15,0,119.2287,0.0,119.2287,2119.2287,0.0,0,15,2119.2287,0.0,-0.0,from_trough,SNXX3L_open_trough
SNXX3L_USDT,SNXX3L_aug_trough,0.05,0.15,20,none,False,7892,0.56854,4.04558,62,62,0,165.1887,0.0,165.1887,2165.1887,0.107245,0,15,2165.1887,0.0,0.0,from_trough,SNXX3L_aug_trough
SOXL3S_USDT,SOXL3S_jun_trough,0.05,0.15,20,none,False,1906,0.72385,1.83695,15,15,0,119.2287,0.0,119.2287,2119.2287,0.011187,0,15,2119.2287,0.0,0.0,from_trough,SOXL3S_jun_trough
SNXX3L_USDT,SNXX3L_aug_high,0.05,0.15,20,none,False,14773,2.17321,4.04558,64,64,0,167.3792,0.0,167.3792,2167.3792,0.216562,0,15,2167.3792,0.0,-0.0,from_high,SNXX3L_aug_high
SOXL3S_USDT,SOXL3S_aug_high,0.05,0.15,20,none,False,6274,0.5717,0.9645,27,27,0,131.0445,0.0,131.0445,2131.0445,0.230347,0,15,2131.0445,0.0,-0.0,from_high,SOXL3S_aug_high
SNXX3L_USDT,SNXX3L_open_high,0.05,0.15,20,none,True,1469,1.00171,2.35386,15,15,0,119.2287,0.0,119.2287,2119.2287,0.053144,0,15,2119.2287,0.0,-0.0,from_high,SNXX3L_open_high
SOXL3S_USDT,SOXL3S_aug_trough,0.05,0.15,20,none,False,5412,0.465,0.9645,16,16,0,120.1906,0.0,120.1906,2120.1906,0.017202,0,15,2120.1906,0.0,-0.0,from_trough,SOXL3S_aug_trough
SOXL3L_USDT,SOXL3L_jun_high,0.05,0.15,20,none,True,3860,0.80587,0.87982,11,11,0,65.4397,36.7057,102.0433,2102.0433,0.385187,0,15,1665.3377,436.7057,0.0,from_high,SOXL3L_jun_high
SOXL3L_USDT,SOXL3L_jun_trough,0.05,0.15,20,none,True,1906,0.46705,0.87982,15,15,0,119.2287,0.0,119.2287,2119.2287,0.026481,0,15,2119.2287,0.0,-0.0,from_trough,SOXL3L_jun_trough
SNXX3L_USDT,SNXX3L_open_trough,0.05,0.15,20,none,True,1078,0.53062,2.35386,15,15,0,119.2287,0.0,119.2287,2119.2287,0.0,0,15,2119.2287,0.0,-0.0,from_trough,SNXX3L_open_trough
SOXL3S_USDT,SOXL3S_jun_high,0.05,0.15,20,none,True,2446,1.12385,1.83695,15,15,0,119.2287,0.0,119.2287,2119.2287,0.047539,0,15,2119.2287,0.0,0.0,from_high,SOXL3S_jun_high
SOXL3S_USDT,SOXL3S_jun_trough,0.05,0.15,20,none,True,1906,0.72385,1.83695,15,15,0,119.2287,0.0,119.2287,2119.2287,0.011187,0,15,2119.2287,0.0,0.0,from_trough,SOXL3S_jun_trough
SNXX3L_USDT,SNXX3L_aug_high,0.05,0.15,20,none,True,14773,2.17321,4.04558,15,15,0,119.2287,0.0,119.2287,2119.2287,0.099352,0,15,2119.2287,0.0,-0.0,from_high,SNXX3L_aug_high
SNXX3L_USDT,SNXX3L_aug_trough,0.05,0.15,20,none,True,7892,0.56854,4.04558,15,15,0,119.2287,0.0,119.2287,2119.2287,0.083221,0,15,2119.2287,0.0,0.0,from_trough,SNXX3L_aug_trough
SOXL3S_USDT,SOXL3S_aug_high,0.05,0.15,20,none,True,6274,0.5717,0.9645,15,15,0,119.2287,0.0,119.2287,2119.2287,0.185272,0,15,2119.2287,0.0,-0.0,from_high,SOXL3S_aug_high
SOXL3L_USDT,SOXL3L_jun_high,0.05,0.15,20,up,False,3860,0.80587,0.87982,20,20,0,74.2969,36.7057,110.9006,2110.9006,0.523075,0,15,1674.1949,436.7057,0.0,from_high,SOXL3L_jun_high
SNXX3L_USDT,SNXX3L_open_high,0.05,0.15,20,up,False,1469,1.00171,2.35386,345,345,0,318.6901,-18.2935,300.1326,2300.1326,0.595457,129,15,1218.4261,1081.7065,0.0,from_high,SNXX3L_open_high
SOXL3S_USDT,SOXL3S_jun_high,0.05,0.15,20,up,False,2446,1.12385,1.83695,275,275,0,309.4118,-222.269,86.6388,2086.6388,0.219736,78,15,208.9078,1877.731,-0.0,from_high,SOXL3S_jun_high
SOXL3L_USDT,SOXL3L_jun_trough,0.05,0.15,20,up,False,1906,0.46705,0.87982,211,211,0,257.2323,-2.3542,254.782,2254.782,0.317439,76,15,1857.1363,397.6458,0.0,from_trough,SOXL3L_jun_trough
SOXL3S_USDT,SOXL3S_aug_trough,0.05,0.15,20,none,True,5412,0.465,0.9645,15,15,0,119.2287,0.0,119.2287,2119.2287,0.017023,0,15,2119.2287,0.0,-0.0,from_trough,SOXL3S_aug_trough
SNXX3L_USDT,SNXX3L_open_trough,0.05,0.15,20,up,False,1078,0.53062,2.35386,326,326,0,224.9462,-35.0123,189.4779,2189.4779,0.214465,346,15,324.4902,1864.9877,-0.0,from_trough,SNXX3L_open_trough
SOXL3S_USDT,SOXL3S_jun_trough,0.05,0.15,20,up,False,1906,0.72385,1.83695,459,459,0,338.5866,-255.1504,82.9322,2082.9322,0.236733,184,15,238.0826,1844.8496,-0.0,from_trough,SOXL3S_jun_trough
SNXX3L_USDT,SNXX3L_aug_trough,0.05,0.15,20,up,False,7892,0.56854,4.04558,1726,1726,0,683.8948,-125.8917,557.4991,2557.4991,0.141985,652,15,583.3908,1974.1083,-0.0,from_trough,SNXX3L_aug_trough
SOXL3S_USDT,SOXL3S_jun_trough,0.05,0.15,20,up,True,1906,0.72385,1.83695,15,15,0,119.2287,0.0,119.2287,2119.2287,0.011187,184,15,2119.2287,0.0,0.0,from_trough,SOXL3S_jun_trough
SOXL3S_USDT,SOXL3S_jun_high,0.05,0.15,20,up,True,2446,1.12385,1.83695,15,15,0,119.2287,0.0,119.2287,2119.2287,0.047539,78,15,2119.2287,0.0,0.0,from_high,SOXL3S_jun_high
SOXL3S_USDT,SOXL3S_aug_high,0.05,0.15,20,up,False,6274,0.5717,0.9645,714,714,0,608.3815,-45.7509,562.2947,2562.2947,0.230347,66,15,1208.0455,1354.2491,-0.0,from_high,SOXL3S_aug_high
SOXL3S_USDT,SOXL3S_aug_trough,0.05,0.15,20,up,False,5412,0.465,0.9645,823,823,0,573.2994,-52.1008,520.8146,2520.8146,0.185723,107,15,972.9154,1547.8992,0.0,from_trough,SOXL3S_aug_trough
SNXX3L_USDT,SNXX3L_aug_high,0.05,0.15,20,up,False,14773,2.17321,4.04558,460,460,0,434.367,-52.5435,381.4875,2381.4875,0.216562,85,15,1034.031,1347.4565,-0.0,from_high,SNXX3L_aug_high
SNXX3L_USDT,SNXX3L_open_high,0.05,0.15,20,up,True,1469,1.00171,2.35386,15,15,0,119.2287,0.0,119.2287,2119.2287,0.053144,129,15,2119.2287,0.0,-0.0,from_high,SNXX3L_open_high
SOXL3L_USDT,SOXL3L_jun_trough,0.05,0.15,20,up,True,1906,0.46705,0.87982,15,15,0,119.2287,0.0,119.2287,2119.2287,0.026481,76,15,2119.2287,0.0,-0.0,from_trough,SOXL3L_jun_trough
SOXL3L_USDT,SOXL3L_jun_high,0.05,0.15,20,up,True,3860,0.80587,0.87982,11,11,0,65.4397,36.7057,102.0433,2102.0433,0.385187,0,15,1665.3377,436.7057,0.0,from_high,SOXL3L_jun_high
SNXX3L_USDT,SNXX3L_open_trough,0.05,0.15,20,up,True,1078,0.53062,2.35386,15,15,0,119.2287,0.0,119.2287,2119.2287,0.0,346,15,2119.2287,0.0,-0.0,from_trough,SNXX3L_open_trough
SNXX3L_USDT,SNXX3L_aug_trough,0.05,0.15,20,up,True,7892,0.56854,4.04558,15,15,0,119.2287,0.0,119.2287,2119.2287,0.083221,652,15,2119.2287,0.0,0.0,from_trough,SNXX3L_aug_trough
SNXX3L_USDT,SNXX3L_aug_high,0.05,0.15,20,up,True,14773,2.17321,4.04558,15,15,0,119.2287,0.0,119.2287,2119.2287,0.099352,85,15,2119.2287,0.0,-0.0,from_high,SNXX3L_aug_high
SNXX3L_USDT,SNXX3L_open_high,0.05,0.15,20,both,False,1469,1.00171,2.35386,273,182,91,-1228.9566,0.0,-1228.9566,771.0434,0.717821,377,15,771.0434,0.0,0.0,from_high,SNXX3L_open_high
SOXL3L_USDT,SOXL3L_jun_high,0.05,0.15,20,both,False,3860,0.80587,0.87982,117,78,39,-283.041,-2.2297,-285.3427,1714.6573,0.20711,102,15,1416.887,297.7703,0.0,from_high,SOXL3L_jun_high
SOXL3S_USDT,SOXL3S_jun_high,0.05,0.15,20,both,False,2446,1.12385,1.83695,371,314,57,-256.2612,-8.6522,-265.0574,1734.9426,0.216151,193,15,1143.5948,591.3478,0.0,from_high,SOXL3S_jun_high
SOXL3S_USDT,SOXL3S_jun_trough,0.05,0.15,20,both,False,1906,0.72385,1.83695,463,346,117,-362.2915,0.0,-362.2915,1637.7085,0.254552,360,15,1637.7085,0.0,-0.0,from_trough,SOXL3S_jun_trough
SOXL3L_USDT,SOXL3L_jun_trough,0.05,0.15,20,both,False,1906,0.46705,0.87982,226,199,27,-313.8111,-2.3542,-316.2613,1683.7387,0.323062,130,15,1286.0929,397.6458,0.0,from_trough,SOXL3L_jun_trough
SNXX3L_USDT,SNXX3L_open_trough,0.05,0.15,20,both,False,1078,0.53062,2.35386,412,289,123,-600.0062,0.0,-600.0062,1399.9938,0.340516,572,15,1399.9938,0.0,-0.0,from_trough,SNXX3L_open_trough
SOXL3S_USDT,SOXL3S_aug_high,0.05,0.15,20,up,True,6274,0.5717,0.9645,15,15,0,119.2287,0.0,119.2287,2119.2287,0.185272,66,15,2119.2287,0.0,-0.0,from_high,SOXL3S_aug_high
SOXL3S_USDT,SOXL3S_aug_trough,0.05,0.15,20,up,True,5412,0.465,0.9645,15,15,0,119.2287,0.0,119.2287,2119.2287,0.017023,107,15,2119.2287,0.0,-0.0,from_trough,SOXL3S_aug_trough
SNXX3L_USDT,SNXX3L_aug_high,0.05,0.15,20,both,False,14773,2.17321,4.04558,651,513,138,-997.9227,-18.1257,-1016.2404,983.7596,0.610714,301,15,201.8853,781.8743,0.0,from_high,SNXX3L_aug_high
SOXL3S_USDT,SOXL3S_aug_high,0.05,0.15,20,both,False,6274,0.5717,0.9645,542,434,108,-584.3261,0.0,-584.3261,1415.6739,0.306926,196,15,1415.6739,0.0,-0.0,from_high,SOXL3S_aug_high
SNXX3L_USDT,SNXX3L_aug_trough,0.05,0.15,20,both,False,7892,0.56854,4.04558,1573,1160,413,-1616.7188,-1.0329,-1617.7756,382.2244,0.814588,2121,15,283.2572,98.9671,0.0,from_trough,SNXX3L_aug_trough
SOXL3S_USDT,SOXL3S_aug_trough,0.05,0.15,20,both,False,5412,0.465,0.9645,689,563,126,-309.1938,0.0,-309.1938,1690.8062,0.235412,271,15,1690.8062,0.0,0.0,from_trough,SOXL3S_aug_trough
SOXL3L_USDT,SOXL3L_jun_trough,0.05,0.15,20,both,True,1906,0.46705,0.87982,15,12,3,62.2424,0.0,62.2424,2062.2424,0.02604,130,15,2062.2424,0.0,-0.0,from_trough,SOXL3L_jun_trough
SOXL3L_USDT,SOXL3L_jun_high,0.05,0.15,20,both,True,3860,0.80587,0.87982,15,2,13,-149.7067,0.0,-149.7067,1850.2933,0.091957,102,15,1850.2933,0.0,0.0,from_high,SOXL3L_jun_high
SOXL3S_USDT,SOXL3S_jun_trough,0.05,0.15,20,both,True,1906,0.72385,1.83695,15,15,0,119.2287,0.0,119.2287,2119.2287,0.011187,360,15,2119.2287,0.0,0.0,from_trough,SOXL3S_jun_trough
SNXX3L_USDT,SNXX3L_open_high,0.05,0.15,20,both,True,1469,1.00171,2.35386,15,8,7,2.2568,0.0,2.2568,2002.2568,0.053144,377,15,2002.2568,0.0,-0.0,from_high,SNXX3L_open_high
SNXX3L_USDT,SNXX3L_open_trough,0.05,0.15,20,both,True,1078,0.53062,2.35386,15,15,0,119.2287,0.0,119.2287,2119.2287,0.0,572,15,2119.2287,0.0,-0.0,from_trough,SNXX3L_open_trough
SOXL3S_USDT,SOXL3S_jun_high,0.05,0.15,20,both,True,2446,1.12385,1.83695,15,13,2,73.2397,0.0,73.2397,2073.2397,0.020679,193,15,2073.2397,0.0,0.0,from_high,SOXL3S_jun_high
SNXX3L_USDT,SNXX3L_aug_trough,0.05,0.15,20,both,True,7892,0.56854,4.04558,15,8,7,7.2556,0.0,7.2556,2007.2556,0.054856,2121,15,2007.2556,0.0,0.0,from_trough,SNXX3L_aug_trough
SNXX3L_USDT,SNXX3L_aug_high,0.05,0.15,20,both,True,14773,2.17321,4.04558,15,0,15,-128.7118,0.0,-128.7118,1871.2882,0.079071,301,15,1871.2882,0.0,-0.0,from_high,SNXX3L_aug_high
SOXL3L_USDT,SOXL3L_jun_high,0.05,0.2,10,none,False,3860,0.80587,0.87982,5,5,0,54.623,73.4113,127.8303,2127.8303,0.528692,0,8,1254.419,873.4113,-0.0,from_high,SOXL3L_jun_high
SNXX3L_USDT,SNXX3L_open_high,0.05,0.2,10,none,False,1469,1.00171,2.35386,22,22,0,250.408,0.0,250.408,2250.408,0.09306,0,8,2250.408,0.0,-0.0,from_high,SNXX3L_open_high
SOXL3L_USDT,SOXL3L_jun_trough,0.05,0.2,10,none,False,1906,0.46705,0.87982,13,13,0,204.7244,0.0,204.7244,2204.7244,0.087267,0,8,2204.7244,0.0,-0.0,from_trough,SOXL3L_jun_trough
SOXL3S_USDT,SOXL3S_jun_high,0.05,0.2,10,none,False,2446,1.12385,1.83695,23,23,0,255.4389,0.0,255.4389,2255.4389,0.192577,0,8,2255.4389,0.0,0.0,from_high,SOXL3S_jun_high
SNXX3L_USDT,SNXX3L_open_trough,0.05,0.2,10,none,False,1078,0.53062,2.35386,8,8,0,179.1648,0.0,179.1648,2179.1648,0.017414,0,8,2179.1648,0.0,0.0,from_trough,SNXX3L_open_trough
SOXL3S_USDT,SOXL3S_jun_trough,0.05,0.2,10,none,False,1906,0.72385,1.83695,8,8,0,179.1648,0.0,179.1648,2179.1648,0.023058,0,8,2179.1648,0.0,0.0,from_trough,SOXL3S_jun_trough
SOXL3S_USDT,SOXL3S_aug_high,0.05,0.15,20,both,True,6274,0.5717,0.9645,15,0,15,-162.7036,0.0,-162.7036,1837.2964,0.097155,196,15,1837.2964,0.0,-0.0,from_high,SOXL3S_aug_high
SOXL3S_USDT,SOXL3S_aug_trough,0.05,0.15,20,both,True,5412,0.465,0.9645,15,15,0,119.2287,0.0,119.2287,2119.2287,0.017023,271,15,2119.2287,0.0,-0.0,from_trough,SOXL3S_aug_trough
SNXX3L_USDT,SNXX3L_aug_trough,0.05,0.2,10,none,False,7892,0.56854,4.04558,18,18,0,229.7444,0.0,229.7444,2229.7444,0.141687,0,8,2229.7444,0.0,0.0,from_trough,SNXX3L_aug_trough
SOXL3S_USDT,SOXL3S_aug_high,0.05,0.2,10,none,False,6274,0.5717,0.9645,12,12,0,199.5585,0.0,199.5585,2199.5585,0.220423,0,8,2199.5585,0.0,0.0,from_high,SOXL3S_aug_high
SNXX3L_USDT,SNXX3L_aug_high,0.05,0.2,10,none,False,14773,2.17321,4.04558,19,19,0,235.1801,0.0,235.1801,2235.1801,0.383234,0,8,2235.1801,0.0,-0.0,from_high,SNXX3L_aug_high
SOXL3L_USDT,SOXL3L_jun_high,0.05,0.2,10,none,True,3860,0.80587,0.87982,4,4,0,49.592,73.4113,122.7993,2122.7993,0.473036,0,8,1249.388,873.4113,-0.0,from_high,SOXL3L_jun_high
SOXL3S_USDT,SOXL3S_aug_trough,0.05,0.2,10,none,False,5412,0.465,0.9645,8,8,0,179.1648,0.0,179.1648,2179.1648,0.019443,0,8,2179.1648,0.0,0.0,from_trough,SOXL3S_aug_trough
SOXL3S_USDT,SOXL3S_jun_trough,0.05,0.2,10,none,True,1906,0.72385,1.83695,8,8,0,179.1648,0.0,179.1648,2179.1648,0.023058,0,8,2179.1648,0.0,0.0,from_trough,SOXL3S_jun_trough
SOXL3L_USDT,SOXL3L_jun_trough,0.05,0.2,10,none,True,1906,0.46705,0.87982,8,8,0,179.1648,0.0,179.1648,2179.1648,0.069512,0,8,2179.1648,0.0,-0.0,from_trough,SOXL3L_jun_trough
SOXL3S_USDT,SOXL3S_jun_high,0.05,0.2,10,none,True,2446,1.12385,1.83695,8,8,0,179.1648,0.0,179.1648,2179.1648,0.140153,0,8,2179.1648,0.0,0.0,from_high,SOXL3S_jun_high
SNXX3L_USDT,SNXX3L_open_trough,0.05,0.2,10,none,True,1078,0.53062,2.35386,8,8,0,179.1648,0.0,179.1648,2179.1648,0.017414,0,8,2179.1648,0.0,0.0,from_trough,SNXX3L_open_trough
SNXX3L_USDT,SNXX3L_open_high,0.05,0.2,10,none,True,1469,1.00171,2.35386,8,8,0,179.1648,0.0,179.1648,2179.1648,0.070427,0,8,2179.1648,0.0,0.0,from_high,SNXX3L_open_high
SNXX3L_USDT,SNXX3L_aug_high,0.05,0.2,10,none,True,14773,2.17321,4.04558,8,8,0,179.1648,0.0,179.1648,2179.1648,0.253421,0,8,2179.1648,0.0,-0.0,from_high,SNXX3L_aug_high
SNXX3L_USDT,SNXX3L_aug_trough,0.05,0.2,10,none,True,7892,0.56854,4.04558,8,8,0,179.1648,0.0,179.1648,2179.1648,0.122323,0,8,2179.1648,0.0,0.0,from_trough,SNXX3L_aug_trough
SOXL3S_USDT,SOXL3S_aug_trough,0.05,0.2,10,none,True,5412,0.465,0.9645,8,8,0,179.1648,0.0,179.1648,2179.1648,0.019443,0,8,2179.1648,0.0,0.0,from_trough,SOXL3S_aug_trough
SOXL3S_USDT,SOXL3S_aug_high,0.05,0.2,10,none,True,6274,0.5717,0.9645,8,8,0,179.1648,0.0,179.1648,2179.1648,0.197626,0,8,2179.1648,0.0,0.0,from_high,SOXL3S_aug_high
SOXL3L_USDT,SOXL3L_jun_trough,0.05,0.2,10,up,False,1906,0.46705,0.87982,56,56,0,346.8526,-0.7706,345.986,2345.986,0.087267,28,8,1946.7566,399.2294,-0.0,from_trough,SOXL3L_jun_trough
SOXL3L_USDT,SOXL3L_jun_high,0.05,0.2,10,up,False,3860,0.80587,0.87982,5,5,0,54.623,73.4113,127.8303,2127.8303,0.528692,0,8,1254.419,873.4113,-0.0,from_high,SOXL3L_jun_high
SOXL3S_USDT,SOXL3S_jun_trough,0.05,0.2,10,up,False,1906,0.72385,1.83695,170,170,0,590.9385,-239.526,350.8845,2350.8845,0.222908,71,8,390.4105,1960.474,-0.0,from_trough,SOXL3S_jun_trough
SNXX3L_USDT,SNXX3L_open_high,0.05,0.2,10,up,False,1469,1.00171,2.35386,129,129,0,579.8911,-10.3736,569.2775,2569.2775,0.572892,49,8,1579.6511,989.6264,-0.0,from_high,SNXX3L_open_high
SNXX3L_USDT,SNXX3L_open_trough,0.05,0.2,10,up,False,1078,0.53062,2.35386,154,154,0,446.0055,-26.8513,418.7702,2418.7702,0.190055,136,8,845.6215,1573.1487,0.0,from_trough,SNXX3L_open_trough
SOXL3S_USDT,SOXL3S_jun_high,0.05,0.2,10,up,False,2446,1.12385,1.83695,82,82,0,460.2747,-198.3921,261.3545,2261.3545,0.205444,29,8,259.7467,2001.6079,0.0,from_high,SOXL3S_jun_high
SNXX3L_USDT,SNXX3L_aug_trough,0.05,0.2,10,up,False,7892,0.56854,4.04558,670,670,0,1247.8604,-119.4226,1127.9099,3127.9099,0.141687,258,8,1047.3324,2080.5774,0.0,from_trough,SNXX3L_aug_trough
SNXX3L_USDT,SNXX3L_aug_high,0.05,0.2,10,up,False,14773,2.17321,4.04558,122,122,0,574.039,-46.468,527.283,2527.283,0.383234,32,8,1373.751,1153.532,-0.0,from_high,SNXX3L_aug_high
SOXL3S_USDT,SOXL3S_aug_high,0.05,0.2,10,up,False,6274,0.5717,0.9645,217,217,0,949.9043,-34.1225,915.4938,2915.4938,0.220423,24,8,1749.6163,1165.8775,0.0,from_high,SOXL3S_aug_high
SOXL3S_USDT,SOXL3S_aug_trough,0.05,0.2,10,up,False,5412,0.465,0.9645,270,270,0,958.1985,-46.2708,911.5436,2911.5436,0.164973,41,8,1357.8145,1553.7292,0.0,from_trough,SOXL3S_aug_trough
SOXL3L_USDT,SOXL3L_jun_high,0.05,0.2,10,up,True,3860,0.80587,0.87982,4,4,0,49.592,73.4113,122.7993,2122.7993,0.473036,0,8,1249.388,873.4113,-0.0,from_high,SOXL3L_jun_high
SOXL3S_USDT,SOXL3S_jun_high,0.05,0.2,10,up,True,2446,1.12385,1.83695,8,8,0,179.1648,0.0,179.1648,2179.1648,0.140153,29,8,2179.1648,0.0,0.0,from_high,SOXL3S_jun_high
SOXL3L_USDT,SOXL3L_jun_trough,0.05,0.2,10,up,True,1906,0.46705,0.87982,8,8,0,179.1648,0.0,179.1648,2179.1648,0.069512,28,8,2179.1648,0.0,-0.0,from_trough,SOXL3L_jun_trough
SOXL3S_USDT,SOXL3S_jun_trough,0.05,0.2,10,up,True,1906,0.72385,1.83695,8,8,0,179.1648,0.0,179.1648,2179.1648,0.023058,71,8,2179.1648,0.0,0.0,from_trough,SOXL3S_jun_trough
SNXX3L_USDT,SNXX3L_open_trough,0.05,0.2,10,up,True,1078,0.53062,2.35386,8,8,0,179.1648,0.0,179.1648,2179.1648,0.017414,136,8,2179.1648,0.0,0.0,from_trough,SNXX3L_open_trough
SNXX3L_USDT,SNXX3L_aug_trough,0.05,0.2,10,up,True,7892,0.56854,4.04558,8,8,0,179.1648,0.0,179.1648,2179.1648,0.122323,258,8,2179.1648,0.0,0.0,from_trough,SNXX3L_aug_trough
SNXX3L_USDT,SNXX3L_aug_high,0.05,0.2,10,up,True,14773,2.17321,4.04558,8,8,0,179.1648,0.0,179.1648,2179.1648,0.253421,32,8,2179.1648,0.0,-0.0,from_high,SNXX3L_aug_high
SNXX3L_USDT,SNXX3L_open_high,0.05,0.2,10,up,True,1469,1.00171,2.35386,8,8,0,179.1648,0.0,179.1648,2179.1648,0.070427,49,8,2179.1648,0.0,0.0,from_high,SNXX3L_open_high
SOXL3S_USDT,SOXL3S_aug_high,0.05,0.2,10,up,True,6274,0.5717,0.9645,8,8,0,179.1648,0.0,179.1648,2179.1648,0.197626,24,8,2179.1648,0.0,0.0,from_high,SOXL3S_aug_high
SOXL3S_USDT,SOXL3S_aug_trough,0.05,0.2,10,up,True,5412,0.465,0.9645,8,8,0,179.1648,0.0,179.1648,2179.1648,0.019443,41,8,2179.1648,0.0,0.0,from_trough,SOXL3S_aug_trough
SOXL3L_USDT,SOXL3L_jun_trough,0.05,0.2,10,both,False,1906,0.46705,0.87982,61,57,4,181.9575,-0.7706,181.0909,2181.0909,0.086245,46,8,1781.8615,399.2294,0.0,from_trough,SOXL3L_jun_trough
SOXL3S_USDT,SOXL3S_jun_high,0.05,0.2,10,both,False,2446,1.12385,1.83695,110,89,21,-31.9405,-60.1243,-92.4008,1907.5992,0.201517,66,8,567.7235,1339.8757,-0.0,from_high,SOXL3S_jun_high
SOXL3L_USDT,SOXL3L_jun_high,0.05,0.2,10,both,False,3860,0.80587,0.87982,39,21,18,-338.1541,1.6215,-336.6286,1663.3714,0.278176,38,8,1261.7499,401.6215,0.0,from_high,SOXL3L_jun_high
SNXX3L_USDT,SNXX3L_open_trough,0.05,0.2,10,both,False,1078,0.53062,2.35386,164,114,50,-421.5896,0.0,-421.5896,1578.4104,0.282491,201,8,1578.4104,0.0,-0.0,from_trough,SNXX3L_open_trough
SNXX3L_USDT,SNXX3L_open_high,0.05,0.2,10,both,False,1469,1.00171,2.35386,128,98,30,-947.3943,0.0,-947.3943,1052.6057,0.598443,125,8,1052.6057,0.0,-0.0,from_high,SNXX3L_open_high
SNXX3L_USDT,SNXX3L_aug_trough,0.05,0.2,10,both,False,7892,0.56854,4.04558,714,524,190,-1039.1914,-29.4187,-1068.802,931.198,0.612934,675,8,160.6166,770.5813,0.0,from_trough,SNXX3L_aug_trough
SNXX3L_USDT,SNXX3L_aug_high,0.05,0.2,10,both,False,14773,2.17321,4.04558,197,161,36,405.7055,-12.0683,393.4932,2393.4932,0.11493,97,8,1805.5615,587.9317,-0.0,from_high,SNXX3L_aug_high
SOXL3S_USDT,SOXL3S_jun_trough,0.05,0.2,10,both,False,1906,0.72385,1.83695,195,157,38,-172.7542,3.02,-169.7823,1830.2177,0.233006,114,8,1627.1978,203.02,-0.0,from_trough,SOXL3S_jun_trough
SOXL3S_USDT,SOXL3S_aug_high,0.05,0.2,10,both,False,6274,0.5717,0.9645,201,166,35,-176.2521,-34.1225,-210.6626,1789.3374,0.262757,54,8,623.4599,1165.8775,0.0,from_high,SOXL3S_aug_high
SOXL3L_USDT,SOXL3L_jun_trough,0.05,0.2,10,both,True,1906,0.46705,0.87982,8,7,1,109.1816,0.0,109.1816,2109.1816,0.069512,46,8,2109.1816,0.0,-0.0,from_trough,SOXL3L_jun_trough
SOXL3L_USDT,SOXL3L_jun_high,0.05,0.2,10,both,True,3860,0.80587,0.87982,8,0,8,-300.72,0.0,-300.72,1699.28,0.188144,38,8,1699.28,0.0,-0.0,from_high,SOXL3L_jun_high
SOXL3S_USDT,SOXL3S_aug_trough,0.05,0.2,10,both,False,5412,0.465,0.9645,241,192,49,151.5936,0.0,151.5936,2151.5936,0.152077,78,8,2151.5936,0.0,-0.0,from_trough,SOXL3S_aug_trough
SNXX3L_USDT,SNXX3L_open_high,0.05,0.2,10,both,True,1469,1.00171,2.35386,8,8,0,179.1648,0.0,179.1648,2179.1648,0.070427,125,8,2179.1648,0.0,0.0,from_high,SNXX3L_open_high
SNXX3L_USDT,SNXX3L_open_trough,0.05,0.2,10,both,True,1078,0.53062,2.35386,8,8,0,179.1648,0.0,179.1648,2179.1648,0.017414,201,8,2179.1648,0.0,0.0,from_trough,SNXX3L_open_trough
SOXL3S_USDT,SOXL3S_jun_high,0.05,0.2,10,both,True,2446,1.12385,1.83695,8,5,3,44.1972,0.0,44.1972,2044.1972,0.061036,66,8,2044.1972,0.0,0.0,from_high,SOXL3S_jun_high
SNXX3L_USDT,SNXX3L_aug_trough,0.05,0.2,10,both,True,7892,0.56854,4.04558,8,2,6,-60.7776,0.0,-60.7776,1939.2224,0.120398,675,8,1939.2224,0.0,0.0,from_trough,SNXX3L_aug_trough
SOXL3S_USDT,SOXL3S_jun_trough,0.05,0.2,10,both,True,1906,0.72385,1.83695,8,8,0,179.1648,0.0,179.1648,2179.1648,0.023058,114,8,2179.1648,0.0,0.0,from_trough,SOXL3S_jun_trough
SOXL3S_USDT,SOXL3S_aug_high,0.05,0.2,10,both,True,6274,0.5717,0.9645,8,0,8,-185.7476,0.0,-185.7476,1814.2524,0.107662,54,8,1814.2524,0.0,0.0,from_high,SOXL3S_aug_high
SOXL3S_USDT,SOXL3S_aug_trough,0.05,0.2,10,both,True,5412,0.465,0.9645,8,8,0,179.1648,0.0,179.1648,2179.1648,0.019443,78,8,2179.1648,0.0,0.0,from_trough,SOXL3S_aug_trough
SOXL3L_USDT,SOXL3L_jun_trough,0.05,0.2,20,none,False,1906,0.46705,0.87982,32,32,0,189.0283,0.0,189.0283,2189.0283,0.067129,0,16,2189.0283,0.0,-0.0,from_trough,SOXL3L_jun_trough
SNXX3L_USDT,SNXX3L_open_high,0.05,0.2,20,none,False,1469,1.00171,2.35386,44,44,0,203.8845,0.0,203.8845,2203.8845,0.095367,0,16,2203.8845,0.0,-0.0,from_high,SNXX3L_open_high
SOXL3L_USDT,SOXL3L_jun_high,0.05,0.2,20,none,False,3860,0.80587,0.87982,15,15,0,53.3148,73.4113,126.5221,2126.5221,0.553316,0,16,1253.1108,873.4113,0.0,from_high,SOXL3L_jun_high
SOXL3S_USDT,SOXL3S_jun_high,0.05,0.2,20,none,False,2446,1.12385,1.83695,57,57,0,219.9257,0.0,219.9257,2219.9257,0.197698,0,16,2219.9257,0.0,0.0,from_high,SOXL3S_jun_high
SNXX3L_USDT,SNXX3L_open_trough,0.05,0.2,20,none,False,1078,0.53062,2.35386,16,16,0,169.1672,0.0,169.1672,2169.1672,0.017475,0,16,2169.1672,0.0,-0.0,from_trough,SNXX3L_open_trough
SNXX3L_USDT,SNXX3L_aug_high,0.05,0.2,10,both,True,14773,2.17321,4.04558,8,1,7,-85.7716,0.0,-85.7716,1914.2284,0.100254,97,8,1914.2284,0.0,-0.0,from_high,SNXX3L_aug_high
SOXL3S_USDT,SOXL3S_jun_trough,0.05,0.2,20,none,False,1906,0.72385,1.83695,16,16,0,169.1672,0.0,169.1672,2169.1672,0.019282,0,16,2169.1672,0.0,-0.0,from_trough,SOXL3S_jun_trough
SNXX3L_USDT,SNXX3L_aug_high,0.05,0.2,20,none,False,14773,2.17321,4.04558,52,52,0,213.9218,0.0,213.9218,2213.9218,0.347262,0,16,2213.9218,0.0,-0.0,from_high,SNXX3L_aug_high
SNXX3L_USDT,SNXX3L_aug_trough,0.05,0.2,20,none,False,7892,0.56854,4.04558,51,51,0,212.4203,0.0,212.4203,2212.4203,0.13177,0,16,2212.4203,0.0,0.0,from_trough,SNXX3L_aug_trough
SOXL3S_USDT,SOXL3S_aug_trough,0.05,0.2,20,none,False,5412,0.465,0.9645,17,17,0,170.3847,0.0,170.3847,2170.3847,0.019497,0,16,2170.3847,0.0,-0.0,from_trough,SOXL3S_aug_trough
SOXL3S_USDT,SOXL3S_aug_high,0.05,0.2,20,none,False,6274,0.5717,0.9645,25,25,0,180.3558,0.0,180.3558,2180.3558,0.231808,0,16,2180.3558,0.0,-0.0,from_high,SOXL3S_aug_high
SNXX3L_USDT,SNXX3L_open_high,0.05,0.2,20,none,True,1469,1.00171,2.35386,16,16,0,169.1672,0.0,169.1672,2169.1672,0.070512,0,16,2169.1672,0.0,-0.0,from_high,SNXX3L_open_high
SOXL3L_USDT,SOXL3L_jun_high,0.05,0.2,20,none,True,3860,0.80587,0.87982,8,8,0,44.5932,73.4113,117.8005,2117.8005,0.443745,0,16,1244.3892,873.4113,0.0,from_high,SOXL3L_jun_high
SOXL3L_USDT,SOXL3L_jun_trough,0.05,0.2,20,none,True,1906,0.46705,0.87982,16,16,0,169.1672,0.0,169.1672,2169.1672,0.060995,0,16,2169.1672,0.0,-0.0,from_trough,SOXL3L_jun_trough
SOXL3S_USDT,SOXL3S_jun_trough,0.05,0.2,20,none,True,1906,0.72385,1.83695,16,16,0,169.1672,0.0,169.1672,2169.1672,0.019282,0,16,2169.1672,0.0,-0.0,from_trough,SOXL3S_jun_trough
SNXX3L_USDT,SNXX3L_open_trough,0.05,0.2,20,none,True,1078,0.53062,2.35386,16,16,0,169.1672,0.0,169.1672,2169.1672,0.017475,0,16,2169.1672,0.0,-0.0,from_trough,SNXX3L_open_trough
SOXL3S_USDT,SOXL3S_jun_high,0.05,0.2,20,none,True,2446,1.12385,1.83695,16,16,0,169.1672,0.0,169.1672,2169.1672,0.14056,0,16,2169.1672,0.0,-0.0,from_high,SOXL3S_jun_high
SNXX3L_USDT,SNXX3L_aug_trough,0.05,0.2,20,none,True,7892,0.56854,4.04558,16,16,0,169.1672,0.0,169.1672,2169.1672,0.112296,0,16,2169.1672,0.0,0.0,from_trough,SNXX3L_aug_trough
SNXX3L_USDT,SNXX3L_aug_high,0.05,0.2,20,none,True,14773,2.17321,4.04558,16,16,0,169.1672,0.0,169.1672,2169.1672,0.213503,0,16,2169.1672,0.0,-0.0,from_high,SNXX3L_aug_high
SOXL3S_USDT,SOXL3S_aug_trough,0.05,0.2,20,none,True,5412,0.465,0.9645,16,16,0,169.1672,0.0,169.1672,2169.1672,0.019443,0,16,2169.1672,0.0,-0.0,from_trough,SOXL3S_aug_trough
SOXL3L_USDT,SOXL3L_jun_trough,0.05,0.2,20,up,False,1906,0.46705,0.87982,142,142,0,276.6532,-2.084,274.4733,2274.4733,0.067129,57,16,1876.5572,397.916,-0.0,from_trough,SOXL3L_jun_trough
SOXL3S_USDT,SOXL3S_jun_high,0.05,0.2,20,up,False,2446,1.12385,1.83695,203,203,0,341.6761,-189.6828,151.4893,2151.4893,0.200449,58,16,241.1721,1910.3172,-0.0,from_high,SOXL3S_jun_high
SOXL3S_USDT,SOXL3S_jun_trough,0.05,0.2,20,up,False,1906,0.72385,1.83695,386,386,0,394.1688,-236.9415,156.7232,2156.7232,0.225545,143,16,293.6648,1863.0585,0.0,from_trough,SOXL3S_jun_trough
SOXL3L_USDT,SOXL3L_jun_high,0.05,0.2,20,up,False,3860,0.80587,0.87982,15,15,0,53.3148,73.4113,126.5221,2126.5221,0.553316,0,16,1253.1108,873.4113,0.0,from_high,SOXL3L_jun_high
SOXL3S_USDT,SOXL3S_aug_high,0.05,0.2,20,none,True,6274,0.5717,0.9645,16,16,0,169.1672,0.0,169.1672,2169.1672,0.197626,0,16,2169.1672,0.0,-0.0,from_high,SOXL3S_aug_high
SNXX3L_USDT,SNXX3L_open_high,0.05,0.2,20,up,False,1469,1.00171,2.35386,296,296,0,390.158,-14.0338,375.9082,2375.9082,0.567484,99,16,1489.942,885.9662,-0.0,from_high,SNXX3L_open_high
SNXX3L_USDT,SNXX3L_open_trough,0.05,0.2,20,up,False,1078,0.53062,2.35386,330,330,0,310.7459,-29.0248,281.337,2281.337,0.183891,273,16,710.3619,1570.9752,-0.0,from_trough,SNXX3L_open_trough
SNXX3L_USDT,SNXX3L_aug_high,0.05,0.2,20,up,False,14773,2.17321,4.04558,335,335,0,440.1222,-42.7191,397.1151,2397.1151,0.347262,64,16,1239.8342,1157.2809,0.0,from_high,SNXX3L_aug_high
SNXX3L_USDT,SNXX3L_aug_trough,0.05,0.2,20,up,False,7892,0.56854,4.04558,1549,1549,0,781.7138,-117.3067,663.9031,2663.9031,0.1341,517,16,681.2098,1982.6933,0.0,from_trough,SNXX3L_aug_trough
SOXL3S_USDT,SOXL3S_aug_high,0.05,0.2,20,up,False,6274,0.5717,0.9645,588,588,0,682.6006,-38.2914,644.0212,2644.0212,0.231808,49,16,1482.3126,1161.7086,-0.0,from_high,SOXL3S_aug_high
SOXL3L_USDT,SOXL3L_jun_high,0.05,0.2,20,up,True,3860,0.80587,0.87982,8,8,0,44.5932,73.4113,117.8005,2117.8005,0.443745,0,16,1244.3892,873.4113,0.0,from_high,SOXL3L_jun_high
SOXL3L_USDT,SOXL3L_jun_trough,0.05,0.2,20,up,True,1906,0.46705,0.87982,16,16,0,169.1672,0.0,169.1672,2169.1672,0.060995,57,16,2169.1672,0.0,-0.0,from_trough,SOXL3L_jun_trough
SOXL3S_USDT,SOXL3S_aug_trough,0.05,0.2,20,up,False,5412,0.465,0.9645,707,707,0,665.2211,-44.6755,620.2096,2620.2096,0.167355,82,16,1264.8851,1355.3245,-0.0,from_trough,SOXL3S_aug_trough
SNXX3L_USDT,SNXX3L_open_trough,0.05,0.2,20,up,True,1078,0.53062,2.35386,16,16,0,169.1672,0.0,169.1672,2169.1672,0.017475,273,16,2169.1672,0.0,-0.0,from_trough,SNXX3L_open_trough
SNXX3L_USDT,SNXX3L_open_high,0.05,0.2,20,up,True,1469,1.00171,2.35386,16,16,0,169.1672,0.0,169.1672,2169.1672,0.070512,99,16,2169.1672,0.0,-0.0,from_high,SNXX3L_open_high
SOXL3S_USDT,SOXL3S_jun_high,0.05,0.2,20,up,True,2446,1.12385,1.83695,16,16,0,169.1672,0.0,169.1672,2169.1672,0.14056,58,16,2169.1672,0.0,-0.0,from_high,SOXL3S_jun_high
SNXX3L_USDT,SNXX3L_aug_high,0.05,0.2,20,up,True,14773,2.17321,4.04558,16,16,0,169.1672,0.0,169.1672,2169.1672,0.213503,64,16,2169.1672,0.0,-0.0,from_high,SNXX3L_aug_high
SOXL3S_USDT,SOXL3S_jun_trough,0.05,0.2,20,up,True,1906,0.72385,1.83695,16,16,0,169.1672,0.0,169.1672,2169.1672,0.019282,143,16,2169.1672,0.0,-0.0,from_trough,SOXL3S_jun_trough
SNXX3L_USDT,SNXX3L_aug_trough,0.05,0.2,20,up,True,7892,0.56854,4.04558,16,16,0,169.1672,0.0,169.1672,2169.1672,0.112296,517,16,2169.1672,0.0,0.0,from_trough,SNXX3L_aug_trough
SOXL3S_USDT,SOXL3S_aug_trough,0.05,0.2,20,up,True,5412,0.465,0.9645,16,16,0,169.1672,0.0,169.1672,2169.1672,0.019443,82,16,2169.1672,0.0,-0.0,from_trough,SOXL3S_aug_trough
SOXL3S_USDT,SOXL3S_aug_high,0.05,0.2,20,up,True,6274,0.5717,0.9645,16,16,0,169.1672,0.0,169.1672,2169.1672,0.197626,49,16,2169.1672,0.0,-0.0,from_high,SOXL3S_aug_high
SOXL3L_USDT,SOXL3L_jun_trough,0.05,0.2,20,both,False,1906,0.46705,0.87982,144,134,10,148.7225,-2.084,146.5426,2146.5426,0.065999,93,16,1748.6265,397.916,-0.0,from_trough,SOXL3L_jun_trough
SNXX3L_USDT,SNXX3L_open_high,0.05,0.2,20,both,False,1469,1.00171,2.35386,272,218,54,-828.4086,0.0,-828.4086,1171.5914,0.566988,257,16,1171.5914,0.0,-0.0,from_high,SNXX3L_open_high
SOXL3L_USDT,SOXL3L_jun_high,0.05,0.2,20,both,False,3860,0.80587,0.87982,97,63,34,-280.4487,-0.3566,-280.8533,1719.1467,0.247459,76,16,1519.5033,199.6434,0.0,from_high,SOXL3L_jun_high
SOXL3S_USDT,SOXL3S_jun_high,0.05,0.2,20,both,False,2446,1.12385,1.83695,267,222,45,-132.0288,-57.3375,-189.6543,1810.3457,0.202453,135,16,667.6832,1142.6625,0.0,from_high,SOXL3S_jun_high
SOXL3S_USDT,SOXL3S_jun_trough,0.05,0.2,20,both,False,1906,0.72385,1.83695,414,330,84,-363.0125,0.0,-363.0125,1636.9875,0.27248,236,16,1636.9875,0.0,0.0,from_trough,SOXL3S_jun_trough
SNXX3L_USDT,SNXX3L_aug_trough,0.05,0.2,20,both,False,7892,0.56854,4.04558,1468,1142,326,-1284.848,-25.7433,-1310.7592,689.2408,0.686722,1400,16,14.984,674.2567,0.0,from_trough,SNXX3L_aug_trough
SNXX3L_USDT,SNXX3L_aug_high,0.05,0.2,20,both,False,14773,2.17321,4.04558,523,441,82,-45.9578,-14.0401,-60.1659,1939.8341,0.219166,199,16,1253.8742,685.9599,-0.0,from_high,SNXX3L_aug_high
SNXX3L_USDT,SNXX3L_open_trough,0.05,0.2,20,both,False,1078,0.53062,2.35386,366,264,102,-473.8972,0.0,-473.8972,1526.1028,0.299662,406,16,1526.1028,0.0,-0.0,from_trough,SNXX3L_open_trough
SOXL3S_USDT,SOXL3S_aug_high,0.05,0.2,20,both,False,6274,0.5717,0.9645,502,418,84,-503.8212,7.4732,-496.444,1503.556,0.328546,118,16,1096.0828,407.4732,0.0,from_high,SOXL3S_aug_high
SOXL3S_USDT,SOXL3S_aug_trough,0.05,0.2,20,both,False,5412,0.465,0.9645,566,474,92,-122.5751,0.0,-122.5751,1877.4249,0.183703,170,16,1877.4249,0.0,-0.0,from_trough,SOXL3S_aug_trough
SOXL3L_USDT,SOXL3L_jun_trough,0.05,0.2,20,both,True,1906,0.46705,0.87982,16,10,6,37.9487,0.0,37.9487,2037.9487,0.060995,93,16,2037.9487,0.0,-0.0,from_trough,SOXL3L_jun_trough
SOXL3L_USDT,SOXL3L_jun_high,0.05,0.2,20,both,True,3860,0.80587,0.87982,16,1,15,-249.4823,0.0,-249.4823,1750.5177,0.141533,76,16,1750.5177,0.0,0.0,from_high,SOXL3L_jun_high
SNXX3L_USDT,SNXX3L_open_high,0.05,0.2,20,both,True,1469,1.00171,2.35386,16,16,0,169.1672,0.0,169.1672,2169.1672,0.070512,257,16,2169.1672,0.0,-0.0,from_high,SNXX3L_open_high
SOXL3S_USDT,SOXL3S_jun_high,0.05,0.2,20,both,True,2446,1.12385,1.83695,16,10,6,29.2008,0.0,29.2008,2029.2008,0.061984,135,16,2029.2008,0.0,0.0,from_high,SOXL3S_jun_high
SOXL3S_USDT,SOXL3S_jun_trough,0.05,0.2,20,both,True,1906,0.72385,1.83695,16,16,0,169.1672,0.0,169.1672,2169.1672,0.019282,236,16,2169.1672,0.0,-0.0,from_trough,SOXL3S_jun_trough
SNXX3L_USDT,SNXX3L_open_trough,0.05,0.2,20,both,True,1078,0.53062,2.35386,16,16,0,169.1672,0.0,169.1672,2169.1672,0.017475,406,16,2169.1672,0.0,-0.0,from_trough,SNXX3L_open_trough
SNXX3L_USDT,SNXX3L_aug_trough,0.05,0.2,20,both,True,7892,0.56854,4.04558,16,6,10,-45.7812,0.0,-45.7812,1954.2188,0.058727,1400,16,1954.2188,0.0,0.0,from_trough,SNXX3L_aug_trough
SNXX3L_USDT,SNXX3L_aug_high,0.05,0.2,20,both,True,14773,2.17321,4.04558,16,0,16,-113.265,0.0,-113.265,1886.735,0.094794,199,16,1886.735,0.0,0.0,from_high,SNXX3L_aug_high
SOXL3S_USDT,SOXL3S_aug_high,0.05,0.2,20,both,True,6274,0.5717,0.9645,16,0,16,-184.4979,0.0,-184.4979,1815.5021,0.105787,118,16,1815.5021,0.0,-0.0,from_high,SOXL3S_aug_high
SOXL3S_USDT,SOXL3S_aug_trough,0.05,0.2,20,both,True,5412,0.465,0.9645,16,16,0,169.1672,0.0,169.1672,2169.1672,0.019443,170,16,2169.1672,0.0,-0.0,from_trough,SOXL3S_aug_trough
