symbol,fill_model,sizing,reanchor,initial_equity,final_equity,total_return,annualized_return,max_drawdown,max_intraday_drawdown,realized_grid_profit,inventory_unrealized_pnl,directional_pnl,gross_trading_profit,gross_fee,rebate_income,net_fee,ETF_management_fee,total_turnover_USDT,daily_average_turnover,number_of_grid_fills,number_of_round_trips,maker_fill_count,taker_fill_count,profit_per_100k_turnover,profit_per_1m_turnover,return / max_drawdown,Sharpe,Sortino,worst_day,best_day,longest_underwater_period,capital_utilization,grid_profit,initial_market_buy,initial_taker_fee,initial_slippage,reanchors,closed_grid_loss,paused_buys,window_id,confidence,allowed_in_stats,rebate_rate,n_prints,data_status,fee_source,range_mult,grid_n,start,end,regime
SOXL3L_USDT,base,fixed_quote,off,1500.0,1228.3388916195659,-0.18110740558695615,-0.8976129982015211,,,261.02492614247166,-8823.070246799207,0.0,-8562.045320656734,19.038816571333463,0.0,19.038816571333463,14.616659029064346,23765.108668163353,742.6596458801048,1768,650,1768,1,-1143.1090519033128,-11431.090519033129,,0.0,0.0,,,0,0.30693739121045904,261.02492614247166,534.5927360522342,0.454403825644399,0.0,0,0.0,False,S3_SOXL3L_USDT_pad15,REAL_GATE_ETF_WINDOW,True,0.0,29895,ok,qtb.costs.fees._SPOT_VIP_TABLE[7],1.0,56,2026-06-25 09:00:00+00:00,2026-08-31 23:00:00+00:00,drop_then_rise
SOXL3L_USDT,base,fixed_quote,off,1500.0,1228.3388916195659,-0.18110740558695615,-0.8976129982015211,,,261.02492614247166,-8823.070246799207,0.0,-8562.045320656734,19.038816571333463,13.327171599933349,5.711644971400114,14.616659029064346,23765.108668163353,742.6596458801048,1768,650,1768,1,-1143.1090519033128,-11431.090519033129,,0.0,0.0,,,0,0.30693739121045904,261.02492614247166,534.5927360522342,0.454403825644399,0.0,0,0.0,False,S3_SOXL3L_USDT_pad15,REAL_GATE_ETF_WINDOW,True,0.7,29895,ok,qtb.costs.fees._SPOT_VIP_TABLE[7],1.0,56,2026-06-25 09:00:00+00:00,2026-08-31 23:00:00+00:00,drop_then_rise
SOXL3L_USDT,conservative,fixed_quote,off,1500.0,1414.705129615997,-0.05686324692266864,-0.48714768467890934,,,194.85049701113306,-5205.666193013595,0.0,-5010.815696002462,11.276833559941476,0.0,11.276833559941476,7.623391168115611,14062.629903923604,439.4571844976126,1991,643,1991,1,-606.5356975668177,-6065.356975668176,,0.0,0.0,,,0,0.16069505500698067,194.85049701113306,534.6020252396547,0.454403825644399,0.009289187420552023,0,0.0,False,S3_SOXL3L_USDT_pad15,REAL_GATE_ETF_WINDOW,True,0.0,29895,ok,qtb.costs.fees._SPOT_VIP_TABLE[7],1.0,56,2026-06-25 09:00:00+00:00,2026-08-31 23:00:00+00:00,drop_then_rise
SOXL3L_USDT,conservative,fixed_quote,off,1500.0,1414.705129615997,-0.05686324692266864,-0.48714768467890934,,,194.85049701113306,-5205.666193013595,0.0,-5010.815696002462,11.276833559941476,7.89378349195905,3.383050067982426,7.623391168115611,14062.629903923604,439.4571844976126,1991,643,1991,1,-606.5356975668177,-6065.356975668176,,0.0,0.0,,,0,0.16069505500698067,194.85049701113306,534.6020252396547,0.454403825644399,0.009289187420552023,0,0.0,False,S3_SOXL3L_USDT_pad15,REAL_GATE_ETF_WINDOW,True,0.7,29895,ok,qtb.costs.fees._SPOT_VIP_TABLE[7],1.0,56,2026-06-25 09:00:00+00:00,2026-08-31 23:00:00+00:00,drop_then_rise
SOXL3S_USDT,base,fixed_quote,off,500.0,618.6295412954543,0.23725908259090844,18.861190973625874,,,132.7057039080359,-8833.447285917282,0.0,-8700.741582009246,15.495659773281002,0.0,15.495659773281002,4.368647674810793,19357.573711075194,744.5220658105844,2496,1068,2496,1,612.8326982817161,6128.3269828171615,,0.0,0.0,,,0,0.18652921879641582,132.7057039080359,192.01608842067802,0.16321367515757632,0.0,0,0.0,False,S3_SOXL3S_USDT_pad15,REAL_GATE_ETF_WINDOW,True,0.0,21516,ok,qtb.costs.fees._SPOT_VIP_TABLE[7],1.0,48,2026-06-25 09:00:00+00:00,2026-08-31 23:00:00+00:00,drop_then_rise
SOXL3S_USDT,base,fixed_quote,off,500.0,618.6295412954543,0.23725908259090844,18.861190973625874,,,132.7057039080359,-8833.447285917282,0.0,-8700.741582009246,15.495659773281002,10.846961841296835,4.648697931984167,4.368647674810793,19357.573711075194,744.5220658105844,2496,1068,2496,1,612.8326982817161,6128.3269828171615,,0.0,0.0,,,0,0.18652921879641582,132.7057039080359,192.01608842067802,0.16321367515757632,0.0,0,0.0,False,S3_SOXL3S_USDT_pad15,REAL_GATE_ETF_WINDOW,True,0.7,21516,ok,qtb.costs.fees._SPOT_VIP_TABLE[7],1.0,48,2026-06-25 09:00:00+00:00,2026-08-31 23:00:00+00:00,drop_then_rise
SOXL3S_USDT,conservative,fixed_quote,off,500.0,608.5501523137093,0.2171003046274187,14.770700320753757,,,120.81045247149135,-7693.23983853997,0.0,-7572.429386068478,13.803399205271457,0.0,13.803399205271457,4.192463472481358,17242.24800106305,663.1633846562711,2640,1047,2640,1,629.5591636717949,6295.591636717949,,0.0,0.0,,,0,0.17008350384240933,120.81045247149135,192.01634267926968,0.16321367515757632,0.0002542585916660482,0,0.0,False,S3_SOXL3S_USDT_pad15,REAL_GATE_ETF_WINDOW,True,0.0,21516,ok,qtb.costs.fees._SPOT_VIP_TABLE[7],1.0,48,2026-06-25 09:00:00+00:00,2026-08-31 23:00:00+00:00,drop_then_rise
SOXL3S_USDT,conservative,fixed_quote,off,500.0,608.5501523137093,0.2171003046274187,14.770700320753757,,,120.81045247149135,-7693.23983853997,0.0,-7572.429386068478,13.803399205271457,9.662379443690023,4.141019761581434,4.192463472481358,17242.24800106305,663.1633846562711,2640,1047,2640,1,629.5591636717949,6295.591636717949,,0.0,0.0,,,0,0.17008350384240933,120.81045247149135,192.01634267926968,0.16321367515757632,0.0002542585916660482,0,0.0,False,S3_SOXL3S_USDT_pad15,REAL_GATE_ETF_WINDOW,True,0.7,21516,ok,qtb.costs.fees._SPOT_VIP_TABLE[7],1.0,48,2026-06-25 09:00:00+00:00,2026-08-31 23:00:00+00:00,drop_then_rise
ETH3L_USDT,base,fixed_quote,off,750.0,799.6359698372196,0.06618129311629284,1.0770550553173108,,,59.4335172169345,-3400.4197206514286,0.0,-3340.986203434494,6.1810109487291856,0.0,6.1810109487291856,9.448600714675317,7709.557662909736,240.92367696592925,819,342,819,1,643.8238353935084,6438.238353935084,,0.0,0.0,,,0,0.2822549754063388,59.4335172169345,267.2963680261171,0.2272019128221995,0.0,0,0.0,False,S3_ETH3L_USDT_pad30,REAL_GATE_ETF_WINDOW,True,0.0,48800,ok,qtb.costs.fees._SPOT_VIP_TABLE[7],1.0,56,2026-05-26 00:00:00+00:00,2026-08-31 23:00:00+00:00,drop_then_rise
ETH3L_USDT,base,fixed_quote,off,750.0,799.6359698372196,0.06618129311629284,1.0770550553173108,,,59.4335172169345,-3400.4197206514286,0.0,-3340.986203434494,6.1810109487291856,4.3267076641103825,1.854303284618803,9.448600714675317,7709.557662909736,240.92367696592925,819,342,819,1,643.8238353935084,6438.238353935084,,0.0,0.0,,,0,0.2822549754063388,59.4335172169345,267.2963680261171,0.2272019128221995,0.0,0,0.0,False,S3_ETH3L_USDT_pad30,REAL_GATE_ETF_WINDOW,True,0.7,48800,ok,qtb.costs.fees._SPOT_VIP_TABLE[7],1.0,56,2026-05-26 00:00:00+00:00,2026-08-31 23:00:00+00:00,drop_then_rise
ETH3L_USDT,conservative,fixed_quote,off,750.0,792.5465583986127,0.056728744531483466,0.8764366703177175,,,51.020966147955285,-2493.2526962198167,0.0,-2442.2317300718614,5.235266716950988,0.0,5.235266716950988,8.890439442908004,6527.377373187105,203.98054291209704,889,334,889,1,651.8170463589814,6518.170463589814,,0.0,0.0,,,0,0.2736867101748245,51.020966147955285,267.300173498327,0.2272019128221995,0.0038054722099428303,0,0.0,False,S3_ETH3L_USDT_pad30,REAL_GATE_ETF_WINDOW,True,0.0,48800,ok,qtb.costs.fees._SPOT_VIP_TABLE[7],1.0,56,2026-05-26 00:00:00+00:00,2026-08-31 23:00:00+00:00,drop_then_rise
ETH3L_USDT,conservative,fixed_quote,off,750.0,792.5465583986127,0.056728744531483466,0.8764366703177175,,,51.020966147955285,-2493.2526962198167,0.0,-2442.2317300718614,5.235266716950988,3.6646867018656892,1.5705800150852984,8.890439442908004,6527.377373187105,203.98054291209704,889,334,889,1,651.8170463589814,6518.170463589814,,0.0,0.0,,,0,0.2736867101748245,51.020966147955285,267.300173498327,0.2272019128221995,0.0038054722099428303,0,0.0,False,S3_ETH3L_USDT_pad30,REAL_GATE_ETF_WINDOW,True,0.7,48800,ok,qtb.costs.fees._SPOT_VIP_TABLE[7],1.0,56,2026-05-26 00:00:00+00:00,2026-08-31 23:00:00+00:00,drop_then_rise
SOL3L_USDT,base,fixed_quote,off,1050.0,776.0732478454039,-0.26088262109961535,-0.9681937565882016,,,33.1027768603409,-2386.261249011562,0.0,-2353.1584721512213,4.2969374581989435,0.0,4.2969374581989435,13.964513695117157,5347.926367000282,167.1226989687588,440,171,440,1,-5122.111513069411,-51221.1151306941,,0.0,0.0,,,0,0.675395247350026,33.1027768603409,371.9272919741714,0.31613819817804567,0.0,0,0.0,False,S3_SOL3L_USDT_pad30,REAL_GATE_ETF_WINDOW,True,0.0,34105,ok,qtb.costs.fees._SPOT_VIP_TABLE[7],1.0,64,2026-05-26 00:00:00+00:00,2026-08-31 23:00:00+00:00,trend_up
SOL3L_USDT,base,fixed_quote,off,1050.0,776.0732478454039,-0.26088262109961535,-0.9681937565882016,,,33.1027768603409,-2386.261249011562,0.0,-2353.1584721512213,4.2969374581989435,3.0078562207392507,1.2890812374596927,13.964513695117157,5347.926367000282,167.1226989687588,440,171,440,1,-5122.111513069411,-51221.1151306941,,0.0,0.0,,,0,0.675395247350026,33.1027768603409,371.9272919741714,0.31613819817804567,0.0,0,0.0,False,S3_SOL3L_USDT_pad30,REAL_GATE_ETF_WINDOW,True,0.7,34105,ok,qtb.costs.fees._SPOT_VIP_TABLE[7],1.0,64,2026-05-26 00:00:00+00:00,2026-08-31 23:00:00+00:00,trend_up
SOL3L_USDT,conservative,fixed_quote,off,1050.0,788.0426013606486,-0.24948323679938222,-0.9621270157686032,,,27.91638626419774,-1934.8045543480134,0.0,-1906.8881680838158,3.693181146104084,0.0,3.693181146104084,12.870076199480078,4593.230976881721,143.5384680275538,458,170,458,1,-5703.11834867034,-57031.183486703405,,0.0,0.0,,,0,0.6238749918061165,27.91638626419774,371.92959550007237,0.31613819817804567,0.002303525900994323,0,0.0,False,S3_SOL3L_USDT_pad30,REAL_GATE_ETF_WINDOW,True,0.0,34105,ok,qtb.costs.fees._SPOT_VIP_TABLE[7],1.0,64,2026-05-26 00:00:00+00:00,2026-08-31 23:00:00+00:00,trend_up
SOL3L_USDT,conservative,fixed_quote,off,1050.0,788.0426013606486,-0.24948323679938222,-0.9621270157686032,,,27.91638626419774,-1934.8045543480134,0.0,-1906.8881680838158,3.693181146104084,2.5852268022728624,1.1079543438312216,12.870076199480078,4593.230976881721,143.5384680275538,458,170,458,1,-5703.11834867034,-57031.183486703405,,0.0,0.0,,,0,0.6238749918061165,27.91638626419774,371.92959550007237,0.31613819817804567,0.002303525900994323,0,0.0,False,S3_SOL3L_USDT_pad30,REAL_GATE_ETF_WINDOW,True,0.7,34105,ok,qtb.costs.fees._SPOT_VIP_TABLE[7],1.0,64,2026-05-26 00:00:00+00:00,2026-08-31 23:00:00+00:00,trend_up
SNXX3L_USDT,base,fixed_quote,off,600.0,450.9777385814396,-0.24837043569760064,-0.9614815359324699,,,170.68981808288112,-6266.089930671252,0.0,-6095.400112588371,11.622233594521212,0.0,11.622233594521212,5.983427443160881,14515.443068485229,453.6075958901634,2635,1067,2635,1,-1026.6463153446941,-10266.46315344694,,0.0,0.0,,,0,0.46060163256758624,170.68981808288112,197.58279465541816,0.16794537545710542,0.0,0,0.0,False,S3_SNXX3L_USDT_pad15,SYNTHETIC_GATE_ETF_WINDOW,True,0.0,34436,ok,qtb.costs.fees._SPOT_VIP_TABLE[7],1.0,64,2026-07-29 07:00:00+00:00,2026-08-31 23:00:00+00:00,v_reversal
SNXX3L_USDT,base,fixed_quote,off,600.0,450.9777385814396,-0.24837043569760064,-0.9614815359324699,,,170.68981808288112,-6266.089930671252,0.0,-6095.400112588371,11.622233594521212,8.135563516164764,3.4866700783564486,5.983427443160881,14515.443068485229,453.6075958901634,2635,1067,2635,1,-1026.6463153446941,-10266.46315344694,,0.0,0.0,,,0,0.46060163256758624,170.68981808288112,197.58279465541816,0.16794537545710542,0.0,0,0.0,False,S3_SNXX3L_USDT_pad15,SYNTHETIC_GATE_ETF_WINDOW,True,0.7,34436,ok,qtb.costs.fees._SPOT_VIP_TABLE[7],1.0,64,2026-07-29 07:00:00+00:00,2026-08-31 23:00:00+00:00,v_reversal
SNXX3L_USDT,conservative,fixed_quote,off,600.0,491.2209169714437,-0.1812984717142605,-0.897885153816338,,,131.98678689292208,-3745.057556673617,0.0,-3613.0707697806947,7.940034431003377,0.0,7.940034431003377,4.300459376166112,9912.694114088234,309.7716910652573,2939,1024,2939,1,-1097.3715296425419,-10973.715296425418,,0.0,0.0,,,0,0.32318136128177444,131.98678689292208,197.5913561398842,0.16794537545710542,0.008561484466045087,0,0.0,False,S3_SNXX3L_USDT_pad15,SYNTHETIC_GATE_ETF_WINDOW,True,0.0,34436,ok,qtb.costs.fees._SPOT_VIP_TABLE[7],1.0,64,2026-07-29 07:00:00+00:00,2026-08-31 23:00:00+00:00,v_reversal
SNXX3L_USDT,conservative,fixed_quote,off,600.0,491.2209169714437,-0.1812984717142605,-0.897885153816338,,,131.98678689292208,-3745.057556673617,0.0,-3613.0707697806947,7.940034431003377,5.55802410170235,2.3820103293010266,4.300459376166112,9912.694114088234,309.7716910652573,2939,1024,2939,1,-1097.3715296425419,-10973.715296425418,,0.0,0.0,,,0,0.32318136128177444,131.98678689292208,197.5913561398842,0.16794537545710542,0.008561484466045087,0,0.0,False,S3_SNXX3L_USDT_pad15,SYNTHETIC_GATE_ETF_WINDOW,True,0.7,34436,ok,qtb.costs.fees._SPOT_VIP_TABLE[7],1.0,64,2026-07-29 07:00:00+00:00,2026-08-31 23:00:00+00:00,v_reversal
SNXX3S_USDT,base,fixed_quote,off,500.0,239.62429662200137,-0.5207514067559973,-0.9999672232617264,,,51.767757150780994,-2406.4728931604013,0.0,-2354.70513600962,4.221164792739907,0.0,4.221164792739907,1.6806375575502868,5264.45498539859,202.47903789994578,805,305,805,1,-4945.919456053336,-49459.19456053336,,0.0,0.0,,,0,0.21484777803577115,51.767757150780994,192.01608842067807,0.16321367515757634,0.0,0,0.0,False,S3_SNXX3S_USDT_pad15,SYNTHETIC_GATE_ETF_WINDOW,True,0.0,19866,ok,qtb.costs.fees._SPOT_VIP_TABLE[7],1.0,48,2026-07-29 07:00:00+00:00,2026-08-31 23:00:00+00:00,v_reversal
SNXX3S_USDT,base,fixed_quote,off,500.0,239.62429662200137,-0.5207514067559973,-0.9999672232617264,,,51.767757150780994,-2406.4728931604013,0.0,-2354.70513600962,4.221164792739907,2.9548153549179346,1.2663494378219728,1.6806375575502868,5264.45498539859,202.47903789994578,805,305,805,1,-4945.919456053336,-49459.19456053336,,0.0,0.0,,,0,0.21484777803577115,51.767757150780994,192.01608842067807,0.16321367515757634,0.0,0,0.0,False,S3_SNXX3S_USDT_pad15,SYNTHETIC_GATE_ETF_WINDOW,True,0.7,19866,ok,qtb.costs.fees._SPOT_VIP_TABLE[7],1.0,48,2026-07-29 07:00:00+00:00,2026-08-31 23:00:00+00:00,v_reversal
SNXX3S_USDT,conservative,fixed_quote,off,500.0,345.2031334172201,-0.3095937331655598,-0.9944883977626847,,,42.794005397523044,-1323.1525138304203,0.0,-1280.3585084328972,2.850366708299145,0.0,2.850366708299145,1.0908746298791552,3550.9573798476463,136.57528384029408,910,287,910,1,-4359.299479663749,-43592.99479663748,,0.0,0.0,,,0,0.09642522598698622,42.794005397523044,192.01858213611212,0.16321367515757634,0.002493715434037274,0,0.0,False,S3_SNXX3S_USDT_pad15,SYNTHETIC_GATE_ETF_WINDOW,True,0.0,19866,ok,qtb.costs.fees._SPOT_VIP_TABLE[7],1.0,48,2026-07-29 07:00:00+00:00,2026-08-31 23:00:00+00:00,v_reversal
SNXX3S_USDT,conservative,fixed_quote,off,500.0,345.2031334172201,-0.3095937331655598,-0.9944883977626847,,,42.794005397523044,-1323.1525138304203,0.0,-1280.3585084328972,2.850366708299145,1.995256695809401,0.8551100124897439,1.0908746298791552,3550.9573798476463,136.57528384029408,910,287,910,1,-4359.299479663749,-43592.99479663748,,0.0,0.0,,,0,0.09642522598698622,42.794005397523044,192.01858213611212,0.16321367515757634,0.002493715434037274,0,0.0,False,S3_SNXX3S_USDT_pad15,SYNTHETIC_GATE_ETF_WINDOW,True,0.7,19866,ok,qtb.costs.fees._SPOT_VIP_TABLE[7],1.0,48,2026-07-29 07:00:00+00:00,2026-08-31 23:00:00+00:00,v_reversal
BTC3L_USDT,base,fixed_quote,off,300.0,282.34666797762276,-0.058844440074590776,-0.4993024309056402,,,12.399126717892127,-509.6396783246371,0.0,-497.240551606745,1.2063901721649988,0.0,1.2063901721649988,4.957468485928821,1500.3089036429421,46.88465323884194,287,111,287,1,-1176.646487900771,-11766.464879007712,,0.0,0.0,,,0,0.5460264152149079,12.399126717892127,122.86098501285764,0.10443183726092899,0.0,0,0.0,False,B1_BTC3L_USDT_pad30,REAL_GATE_ETF_WINDOW,True,0.0,27096,ok,qtb.costs.fees._SPOT_VIP_TABLE[7],1.0,40,2024-07-01 00:00:00+00:00,2024-10-29 23:00:00+00:00,drop_then_rise
BTC3L_USDT,base,fixed_quote,off,300.0,282.34666797762276,-0.058844440074590776,-0.4993024309056402,,,12.399126717892127,-509.6396783246371,0.0,-497.240551606745,1.2063901721649988,0.8444731205154974,0.3619170516495014,4.957468485928821,1500.3089036429421,46.88465323884194,287,111,287,1,-1176.646487900771,-11766.464879007712,,0.0,0.0,,,0,0.5460264152149079,12.399126717892127,122.86098501285764,0.10443183726092899,0.0,0,0.0,False,B1_BTC3L_USDT_pad30,REAL_GATE_ETF_WINDOW,True,0.7,27096,ok,qtb.costs.fees._SPOT_VIP_TABLE[7],1.0,40,2024-07-01 00:00:00+00:00,2024-10-29 23:00:00+00:00,drop_then_rise
BTC3L_USDT,conservative,fixed_quote,off,300.0,285.14668084356856,-0.04951106385477144,-0.43965084520279374,,,7.336283886060149,-183.5377864134556,0.0,-176.20150252739543,0.6174348740730249,0.0,0.6174348740730249,3.3247358031269614,764.1147810279782,23.87858690712432,353,109,353,1,-1943.8596825007082,-19438.596825007084,,0.0,0.0,,,0,0.3711993779524422,7.336283886060149,122.86289733537872,0.10443183726092899,0.0019123225210915889,0,0.0,False,B1_BTC3L_USDT_pad30,REAL_GATE_ETF_WINDOW,True,0.0,27096,ok,qtb.costs.fees._SPOT_VIP_TABLE[7],1.0,40,2024-07-01 00:00:00+00:00,2024-10-29 23:00:00+00:00,drop_then_rise
BTC3L_USDT,conservative,fixed_quote,off,300.0,285.14668084356856,-0.04951106385477144,-0.43965084520279374,,,7.336283886060149,-183.5377864134556,0.0,-176.20150252739543,0.6174348740730249,0.43220441185111763,0.18523046222190725,3.3247358031269614,764.1147810279782,23.87858690712432,353,109,353,1,-1943.8596825007082,-19438.596825007084,,0.0,0.0,,,0,0.3711993779524422,7.336283886060149,122.86289733537872,0.10443183726092899,0.0019123225210915889,0,0.0,False,B1_BTC3L_USDT_pad30,REAL_GATE_ETF_WINDOW,True,0.7,27096,ok,qtb.costs.fees._SPOT_VIP_TABLE[7],1.0,40,2024-07-01 00:00:00+00:00,2024-10-29 23:00:00+00:00,drop_then_rise
BTC3L_USDT,base,fixed_quote,off,300.0,324.0359079625705,0.08011969320856838,1.4087331042436952,,,22.757802059749224,-549.6575009476574,0.0,-526.8996988879081,1.3359764531492506,0.0,1.3359764531492506,2.928605822923252,1662.2917548732607,51.9466173397894,707,258,707,1,1445.950020031416,14459.50020031416,,0.0,0.0,,,0,0.10803871569924517,22.757802059749224,122.8609850128576,0.10443183726092896,0.0,0,0.0,False,B2_BTC3L_USDT_pad30,REAL_GATE_ETF_WINDOW,True,0.0,10770,ok,qtb.costs.fees._SPOT_VIP_TABLE[7],1.0,40,2024-12-21 00:00:00+00:00,2025-06-29 23:00:00+00:00,v_reversal
BTC3L_USDT,base,fixed_quote,off,300.0,324.0359079625705,0.08011969320856838,1.4087331042436952,,,22.757802059749224,-549.6575009476574,0.0,-526.8996988879081,1.3359764531492506,0.9351835172044762,0.4007929359447744,2.928605822923252,1662.2917548732607,51.9466173397894,707,258,707,1,1445.950020031416,14459.50020031416,,0.0,0.0,,,0,0.10803871569924517,22.757802059749224,122.8609850128576,0.10443183726092896,0.0,0,0.0,False,B2_BTC3L_USDT_pad30,REAL_GATE_ETF_WINDOW,True,0.7,10770,ok,qtb.costs.fees._SPOT_VIP_TABLE[7],1.0,40,2024-12-21 00:00:00+00:00,2025-06-29 23:00:00+00:00,v_reversal
BTC3L_USDT,conservative,fixed_quote,off,300.0,318.61653066028146,0.06205510220093813,0.9871917946467446,,,16.799389712384155,-300.62609697011806,0.0,-283.8267072577339,0.6891092750062229,0.0,0.6891092750062229,2.585560294500566,853.7077821944744,26.678368193577324,730,256,730,1,2180.6677938939783,21806.677938939785,,0.0,0.0,,,0,0.09165593268558836,16.799389712384155,122.8625695798331,0.10443183726092896,0.0015845669755026215,0,0.0,False,B2_BTC3L_USDT_pad30,REAL_GATE_ETF_WINDOW,True,0.0,10770,ok,qtb.costs.fees._SPOT_VIP_TABLE[7],1.0,40,2024-12-21 00:00:00+00:00,2025-06-29 23:00:00+00:00,v_reversal
BTC3L_USDT,conservative,fixed_quote,off,300.0,318.61653066028146,0.06205510220093813,0.9871917946467446,,,16.799389712384155,-300.62609697011806,0.0,-283.8267072577339,0.6891092750062229,0.48237649250435544,0.20673278250186744,2.585560294500566,853.7077821944744,26.678368193577324,730,256,730,1,2180.6677938939783,21806.677938939785,,0.0,0.0,,,0,0.09165593268558836,16.799389712384155,122.8625695798331,0.10443183726092896,0.0015845669755026215,0,0.0,False,B2_BTC3L_USDT_pad30,REAL_GATE_ETF_WINDOW,True,0.7,10770,ok,qtb.costs.fees._SPOT_VIP_TABLE[7],1.0,40,2024-12-21 00:00:00+00:00,2025-06-29 23:00:00+00:00,v_reversal
ETH3L_USDT,base,fixed_quote,off,750.0,724.6028525579867,-0.03386286325601773,-0.3249304191113057,,,37.38994974077601,-1578.0790865504703,0.0,-1540.6891368096942,3.563781390172198,0.0,3.563781390172198,9.362496357161035,4438.020714713633,138.68814733480104,779,274,779,1,-572.2629314868368,-5722.629314868368,,0.0,0.0,,,0,0.34876229907814915,37.38994974077601,267.2963680261171,0.2272019128221995,0.0,0,0.0,False,E1_ETH3L_USDT_pad30,REAL_GATE_ETF_WINDOW,True,0.0,15287,ok,qtb.costs.fees._SPOT_VIP_TABLE[7],1.0,56,2025-02-22 00:00:00+00:00,2025-06-11 23:00:00+00:00,drop_then_rise
ETH3L_USDT,base,fixed_quote,off,750.0,724.6028525579867,-0.03386286325601773,-0.3249304191113057,,,37.38994974077601,-1578.0790865504703,0.0,-1540.6891368096942,3.563781390172198,2.494646973120543,1.069134417051655,9.362496357161035,4438.020714713633,138.68814733480104,779,274,779,1,-572.2629314868368,-5722.629314868368,,0.0,0.0,,,0,0.34876229907814915,37.38994974077601,267.2963680261171,0.2272019128221995,0.0,0,0.0,False,E1_ETH3L_USDT_pad30,REAL_GATE_ETF_WINDOW,True,0.7,15287,ok,qtb.costs.fees._SPOT_VIP_TABLE[7],1.0,56,2025-02-22 00:00:00+00:00,2025-06-11 23:00:00+00:00,drop_then_rise
ETH3L_USDT,conservative,fixed_quote,off,750.0,729.043844898067,-0.027941540135910548,-0.27620386707864275,,,24.40311071555515,-802.0062186776773,0.0,-777.6031079621222,2.0327552584498747,0.0,2.0327552584498747,6.5920809635141895,2524.2380500607123,78.88243906439726,838,267,838,1,-830.1972589878724,-8301.972589878724,,0.0,0.0,,,0,0.2571686411674441,24.40311071555515,267.29687093555833,0.2272019128221995,0.0005029094412677392,0,0.0,False,E1_ETH3L_USDT_pad30,REAL_GATE_ETF_WINDOW,True,0.0,15287,ok,qtb.costs.fees._SPOT_VIP_TABLE[7],1.0,56,2025-02-22 00:00:00+00:00,2025-06-11 23:00:00+00:00,drop_then_rise
ETH3L_USDT,conservative,fixed_quote,off,750.0,729.043844898067,-0.027941540135910548,-0.27620386707864275,,,24.40311071555515,-802.0062186776773,0.0,-777.6031079621222,2.0327552584498747,1.4229286809149129,0.6098265775349618,6.5920809635141895,2524.2380500607123,78.88243906439726,838,267,838,1,-830.1972589878724,-8301.972589878724,,0.0,0.0,,,0,0.2571686411674441,24.40311071555515,267.29687093555833,0.2272019128221995,0.0005029094412677392,0,0.0,False,E1_ETH3L_USDT_pad30,REAL_GATE_ETF_WINDOW,True,0.7,15287,ok,qtb.costs.fees._SPOT_VIP_TABLE[7],1.0,56,2025-02-22 00:00:00+00:00,2025-06-11 23:00:00+00:00,drop_then_rise
SOL3L_USDT,base,fixed_quote,off,1050.0,985.1846873703403,-0.06172886917110454,-0.5165291577202775,,,74.17487300785746,-2474.5137880583366,0.0,-2400.338915050479,5.700671253425285,0.0,5.700671253425285,9.117819044970307,7102.593611033219,221.95605034478808,1210,385,1210,1,-912.5583720427868,-9125.583720427869,,0.0,0.0,,,0,0.32026387890208907,74.17487300785746,371.9272919741713,0.31613819817804556,0.0,0,0.0,False,L1_SOL3L_USDT_pad30,REAL_GATE_ETF_WINDOW,True,0.0,51569,ok,qtb.costs.fees._SPOT_VIP_TABLE[7],1.0,64,2024-07-01 00:00:00+00:00,2024-09-22 23:00:00+00:00,v_reversal
SOL3L_USDT,base,fixed_quote,off,1050.0,985.1846873703403,-0.06172886917110454,-0.5165291577202775,,,74.17487300785746,-2474.5137880583366,0.0,-2400.338915050479,5.700671253425285,3.990469877397693,1.7102013760275918,9.117819044970307,7102.593611033219,221.95605034478808,1210,385,1210,1,-912.5583720427868,-9125.583720427869,,0.0,0.0,,,0,0.32026387890208907,74.17487300785746,371.9272919741713,0.31613819817804556,0.0,0,0.0,False,L1_SOL3L_USDT_pad30,REAL_GATE_ETF_WINDOW,True,0.7,51569,ok,qtb.costs.fees._SPOT_VIP_TABLE[7],1.0,64,2024-07-01 00:00:00+00:00,2024-09-22 23:00:00+00:00,v_reversal
SOL3L_USDT,conservative,fixed_quote,off,1050.0,1012.734374345984,-0.03549107205144386,-0.33779388436949165,,,55.10656118185263,-1165.9531563747507,0.0,-1110.8465951928981,3.4848303474731894,0.0,3.4848303474731894,6.263547147392576,4332.792478593097,135.3997649560343,1490,367,1490,1,-860.0833258950953,-8600.833258950954,,0.0,0.0,,,0,0.19832822131708028,55.10656118185263,371.9285676637339,0.31613819817804556,0.0012756895625906516,0,0.0,False,L1_SOL3L_USDT_pad30,REAL_GATE_ETF_WINDOW,True,0.0,51569,ok,qtb.costs.fees._SPOT_VIP_TABLE[7],1.0,64,2024-07-01 00:00:00+00:00,2024-09-22 23:00:00+00:00,v_reversal
SOL3L_USDT,conservative,fixed_quote,off,1050.0,1012.734374345984,-0.03549107205144386,-0.33779388436949165,,,55.10656118185263,-1165.9531563747507,0.0,-1110.8465951928981,3.4848303474731894,2.43938124323123,1.0454491042419596,6.263547147392576,4332.792478593097,135.3997649560343,1490,367,1490,1,-860.0833258950953,-8600.833258950954,,0.0,0.0,,,0,0.19832822131708028,55.10656118185263,371.9285676637339,0.31613819817804556,0.0012756895625906516,0,0.0,False,L1_SOL3L_USDT_pad30,REAL_GATE_ETF_WINDOW,True,0.7,51569,ok,qtb.costs.fees._SPOT_VIP_TABLE[7],1.0,64,2024-07-01 00:00:00+00:00,2024-09-22 23:00:00+00:00,v_reversal
SOL3L_USDT,base,fixed_quote,off,1050.0,1133.0107063391924,0.07905781556113567,1.3818602494937653,,,85.20966021637726,-3227.817558579645,0.0,-3142.6078983632674,7.4394526542821175,0.0,7.4394526542821175,12.343078634846854,9276.070362104296,289.87719881575924,1280,457,1280,1,894.8908654069469,8948.90865406947,,0.0,0.0,,,0,0.20850603240983312,85.20966021637726,371.9272919741714,0.31613819817804567,0.0,0,0.0,False,L2_SOL3L_USDT_pad30,REAL_GATE_ETF_WINDOW,True,0.0,23149,ok,qtb.costs.fees._SPOT_VIP_TABLE[7],1.0,64,2025-02-22 00:00:00+00:00,2025-06-29 23:00:00+00:00,drop_then_rise
SOL3L_USDT,base,fixed_quote,off,1050.0,1133.0107063391924,0.07905781556113567,1.3818602494937653,,,85.20966021637726,-3227.817558579645,0.0,-3142.6078983632674,7.4394526542821175,5.207616857997487,2.2318357962846305,12.343078634846854,9276.070362104296,289.87719881575924,1280,457,1280,1,894.8908654069469,8948.90865406947,,0.0,0.0,,,0,0.20850603240983312,85.20966021637726,371.9272919741714,0.31613819817804567,0.0,0,0.0,False,L2_SOL3L_USDT_pad30,REAL_GATE_ETF_WINDOW,True,0.7,23149,ok,qtb.costs.fees._SPOT_VIP_TABLE[7],1.0,64,2025-02-22 00:00:00+00:00,2025-06-29 23:00:00+00:00,drop_then_rise
SOL3L_USDT,conservative,fixed_quote,off,1050.0,1107.0111667232193,0.054296349260208876,0.8277564594635303,,,56.04204873204532,-1483.654236200145,0.0,-1427.6121874680998,4.340045779784979,0.0,4.340045779784979,10.514854202465358,5401.811768982822,168.8066177807132,1523,448,1523,1,1055.4082437780805,10554.082437780806,,0.0,0.0,,,0,0.1918649022674197,56.04204873204532,371.9333891428923,0.31613819817804567,0.006097168720873846,0,0.0,False,L2_SOL3L_USDT_pad30,REAL_GATE_ETF_WINDOW,True,0.0,23149,ok,qtb.costs.fees._SPOT_VIP_TABLE[7],1.0,64,2025-02-22 00:00:00+00:00,2025-06-29 23:00:00+00:00,drop_then_rise
SOL3L_USDT,conservative,fixed_quote,off,1050.0,1107.0111667232193,0.054296349260208876,0.8277564594635303,,,56.04204873204532,-1483.654236200145,0.0,-1427.6121874680998,4.340045779784979,3.03803204584948,1.3020137339354987,10.514854202465358,5401.811768982822,168.8066177807132,1523,448,1523,1,1055.4082437780805,10554.082437780806,,0.0,0.0,,,0,0.1918649022674197,56.04204873204532,371.9333891428923,0.31613819817804567,0.006097168720873846,0,0.0,False,L2_SOL3L_USDT_pad30,REAL_GATE_ETF_WINDOW,True,0.7,23149,ok,qtb.costs.fees._SPOT_VIP_TABLE[7],1.0,64,2025-02-22 00:00:00+00:00,2025-06-29 23:00:00+00:00,drop_then_rise
PENGU3L_USDT,base,fixed_quote,off,600.0,591.3730421383095,-0.014378263102817423,,,,73.42573587191426,-2175.0640403855873,0.0,-2101.638304513673,3.9031874867790064,0.0,3.9031874867790064,1.838261163734173,4867.662896310809,405.6385746925674,747,334,747,1,-177.22997761880396,-1772.2997761880397,,0.0,0.0,,,0,0.3547478127036613,73.42573587191426,181.1433946076476,0.15397188541650045,0.0,0,0.0,False,PG1_PENGU3L_USDT_pad30,SYNTHETIC_GATE_ETF_WINDOW,True,0.0,10175,ok,qtb.costs.fees._SPOT_VIP_TABLE[7],1.0,80,2025-07-18 11:00:00+00:00,2025-08-29 23:00:00+00:00,trend_down
PENGU3L_USDT,base,fixed_quote,off,600.0,591.3730421383095,-0.014378263102817423,,,,73.42573587191426,-2175.0640403855873,0.0,-2101.638304513673,3.9031874867790064,2.7322312407453087,1.1709562460336977,1.838261163734173,4867.662896310809,405.6385746925674,747,334,747,1,-177.22997761880396,-1772.2997761880397,,0.0,0.0,,,0,0.3547478127036613,73.42573587191426,181.1433946076476,0.15397188541650045,0.0,0,0.0,False,PG1_PENGU3L_USDT_pad30,SYNTHETIC_GATE_ETF_WINDOW,True,0.7,10175,ok,qtb.costs.fees._SPOT_VIP_TABLE[7],1.0,80,2025-07-18 11:00:00+00:00,2025-08-29 23:00:00+00:00,trend_down
PENGU3L_USDT,conservative,fixed_quote,off,600.0,595.9869601550948,-0.006688399741508588,,,,67.39060101560692,-1548.6511657301073,0.0,-1481.2605647145003,3.30831073748465,0.0,3.30831073748465,1.6611723806498164,4124.066959692834,343.6722466410695,856,325,856,1,-97.30782463347933,-973.0782463347933,,0.0,0.0,,,0,0.29252238877811565,67.39060101560692,181.14364774263166,0.15397188541650045,0.0002531349840872785,0,0.0,False,PG1_PENGU3L_USDT_pad30,SYNTHETIC_GATE_ETF_WINDOW,True,0.0,10175,ok,qtb.costs.fees._SPOT_VIP_TABLE[7],1.0,80,2025-07-18 11:00:00+00:00,2025-08-29 23:00:00+00:00,trend_down
PENGU3L_USDT,conservative,fixed_quote,off,600.0,595.9869601550948,-0.006688399741508588,,,,67.39060101560692,-1548.6511657301073,0.0,-1481.2605647145003,3.30831073748465,2.3158175162392602,0.9924932212453896,1.6611723806498164,4124.066959692834,343.6722466410695,856,325,856,1,-97.30782463347933,-973.0782463347933,,0.0,0.0,,,0,0.29252238877811565,67.39060101560692,181.14364774263166,0.15397188541650045,0.0002531349840872785,0,0.0,False,PG1_PENGU3L_USDT_pad30,SYNTHETIC_GATE_ETF_WINDOW,True,0.7,10175,ok,qtb.costs.fees._SPOT_VIP_TABLE[7],1.0,80,2025-07-18 11:00:00+00:00,2025-08-29 23:00:00+00:00,trend_down
PENGU3L_USDT,base,fixed_quote,off,600.0,10334.122736667552,16.22353789444592,6.300296178034192e+18,,,83.05511289780807,8738.329388519343,0.0,8821.384501417151,2.6254256614358775,0.0,2.6254256614358775,152.6173638406707,3270.460614631874,136.26919227632808,22279,319,22279,1,297637.6689301068,2976376.689301068,,0.0,0.0,,,0,0.9493940122469933,83.05511289780807,181.14339460764754,0.1539718854165004,0.0,0,0.0,False,PG2_PENGU3L_USDT_pad15,REAL_GATE_ETF_WINDOW,True,0.0,46893,ok,qtb.costs.fees._SPOT_VIP_TABLE[7],1.0,80,2025-12-17 00:00:00+00:00,2026-08-31 23:00:00+00:00,high_vol_chop
PENGU3L_USDT,base,fixed_quote,off,600.0,10334.122736667552,16.22353789444592,6.300296178034192e+18,,,83.05511289780807,8738.329388519343,0.0,8821.384501417151,2.6254256614358775,1.8377979630051273,0.7876276984307502,152.6173638406707,3270.460614631874,136.26919227632808,22279,319,22279,1,297637.6689301068,2976376.689301068,,0.0,0.0,,,0,0.9493940122469933,83.05511289780807,181.14339460764754,0.1539718854165004,0.0,0,0.0,False,PG2_PENGU3L_USDT_pad15,REAL_GATE_ETF_WINDOW,True,0.7,46893,ok,qtb.costs.fees._SPOT_VIP_TABLE[7],1.0,80,2025-12-17 00:00:00+00:00,2026-08-31 23:00:00+00:00,high_vol_chop
PENGU3L_USDT,conservative,fixed_quote,off,600.0,10315.042770934388,16.19173795155731,6.125690196129874e+18,,,66.66334656600998,9160.659743401702,0.0,9227.323089967713,1.6425248423599295,0.0,1.6425248423599295,155.30551109044956,2041.8345907869402,85.07644128278918,34107,313,34107,1,475799.69576233544,4757996.957623354,,0.0,0.0,,,0,0.95115012762367,66.66334656600998,181.1446604594617,0.1539718854165004,0.001265851814161927,0,0.0,False,PG2_PENGU3L_USDT_pad15,REAL_GATE_ETF_WINDOW,True,0.0,46893,ok,qtb.costs.fees._SPOT_VIP_TABLE[7],1.0,80,2025-12-17 00:00:00+00:00,2026-08-31 23:00:00+00:00,high_vol_chop
PENGU3L_USDT,conservative,fixed_quote,off,600.0,10315.042770934388,16.19173795155731,6.125690196129874e+18,,,66.66334656600998,9160.659743401702,0.0,9227.323089967713,1.6425248423599295,1.1497673896519496,0.4927574527079799,155.30551109044956,2041.8345907869402,85.07644128278918,34107,313,34107,1,475799.69576233544,4757996.957623354,,0.0,0.0,,,0,0.95115012762367,66.66334656600998,181.1446604594617,0.1539718854165004,0.001265851814161927,0,0.0,False,PG2_PENGU3L_USDT_pad15,REAL_GATE_ETF_WINDOW,True,0.7,46893,ok,qtb.costs.fees._SPOT_VIP_TABLE[7],1.0,80,2025-12-17 00:00:00+00:00,2026-08-31 23:00:00+00:00,high_vol_chop
PUMP3L_USDT,base,fixed_quote,off,300.0,328.2154984497575,0.09405166149919153,1.7878875257069313,,,39.66427063931446,-1422.485363384726,0.0,-1382.8210927454115,3.253473794330676,0.0,3.253473794330676,3.071349290012832,4061.49643837553,126.92176369923531,1779,693,1779,1,694.7069603006422,6947.069603006422,,0.0,0.0,,,0,0.26121102146811914,39.66427063931446,85.53287260510359,0.07270294171433805,0.0,0,0.0,False,PP1_PUMP3L_USDT_pad30,REAL_GATE_ETF_WINDOW,True,0.0,17946,ok,qtb.costs.fees._SPOT_VIP_TABLE[7],1.0,80,2026-01-02 00:00:00+00:00,2026-08-31 23:00:00+00:00,drop_then_rise
PUMP3L_USDT,base,fixed_quote,off,300.0,328.2154984497575,0.09405166149919153,1.7878875257069313,,,39.66427063931446,-1422.485363384726,0.0,-1382.8210927454115,3.253473794330676,2.2774316560314816,0.9760421382991944,3.071349290012832,4061.49643837553,126.92176369923531,1779,693,1779,1,694.7069603006422,6947.069603006422,,0.0,0.0,,,0,0.26121102146811914,39.66427063931446,85.53287260510359,0.07270294171433805,0.0,0,0.0,False,PP1_PUMP3L_USDT_pad30,REAL_GATE_ETF_WINDOW,True,0.7,17946,ok,qtb.costs.fees._SPOT_VIP_TABLE[7],1.0,80,2026-01-02 00:00:00+00:00,2026-08-31 23:00:00+00:00,drop_then_rise
PUMP3L_USDT,conservative,fixed_quote,off,300.0,311.9884735792234,0.03996157859741145,0.5635202711039926,,,21.624432743746407,-588.6099953971186,0.0,-566.9855626533722,1.7853705883622328,0.0,1.7853705883622328,2.434518471076963,2226.3674309149665,69.5739822160927,2083,657,2083,1,538.4768665204793,5384.768665204794,,0.0,0.0,,,0,0.2467774538897901,21.624432743746407,85.53345792552106,0.07270294171433805,0.0005853204174720394,0,0.0,False,PP1_PUMP3L_USDT_pad30,REAL_GATE_ETF_WINDOW,True,0.0,17946,ok,qtb.costs.fees._SPOT_VIP_TABLE[7],1.0,80,2026-01-02 00:00:00+00:00,2026-08-31 23:00:00+00:00,drop_then_rise
PUMP3L_USDT,conservative,fixed_quote,off,300.0,311.9884735792234,0.03996157859741145,0.5635202711039926,,,21.624432743746407,-588.6099953971186,0.0,-566.9855626533722,1.7853705883622328,1.2497594118535613,0.5356111765086715,2.434518471076963,2226.3674309149665,69.5739822160927,2083,657,2083,1,538.4768665204793,5384.768665204794,,0.0,0.0,,,0,0.2467774538897901,21.624432743746407,85.53345792552106,0.07270294171433805,0.0005853204174720394,0,0.0,False,PP1_PUMP3L_USDT_pad30,REAL_GATE_ETF_WINDOW,True,0.7,17946,ok,qtb.costs.fees._SPOT_VIP_TABLE[7],1.0,80,2026-01-02 00:00:00+00:00,2026-08-31 23:00:00+00:00,drop_then_rise
SOXL3L_USDT,base,fixed_quote,off,1500.0,1469.5360360176417,-0.020309309321572266,-0.2346880303788722,,,251.79584358858054,-8046.435321645711,0.0,-7794.639478057131,17.94782577800821,0.0,17.94782577800821,12.574724611465436,22401.370176506796,800.0489348752427,1663,614,1663,1,-135.99152079682653,-1359.9152079682653,,0.0,0.0,,,0,0.38479808793557047,251.79584358858054,534.5927360522342,0.454403825644399,0.0,0,0.0,False,SX_FAIL_SOXL3L_USDT_pad15,SYNTHETIC_GATE_ETF_WINDOW,True,0.0,26206,ok,qtb.costs.fees._SPOT_VIP_TABLE[7],1.0,56,2026-06-25 09:00:00+00:00,2026-08-14 23:00:00+00:00,drop_then_rise
SOXL3L_USDT,base,fixed_quote,off,1500.0,1469.5360360176417,-0.020309309321572266,-0.2346880303788722,,,251.79584358858054,-8046.435321645711,0.0,-7794.639478057131,17.94782577800821,12.563478044605668,5.3843477334025405,12.574724611465436,22401.370176506796,800.0489348752427,1663,614,1663,1,-135.99152079682653,-1359.9152079682653,,0.0,0.0,,,0,0.38479808793557047,251.79584358858054,534.5927360522342,0.454403825644399,0.0,0,0.0,False,SX_FAIL_SOXL3L_USDT_pad15,SYNTHETIC_GATE_ETF_WINDOW,True,0.7,26206,ok,qtb.costs.fees._SPOT_VIP_TABLE[7],1.0,56,2026-06-25 09:00:00+00:00,2026-08-14 23:00:00+00:00,drop_then_rise
SOXL3L_USDT,conservative,fixed_quote,off,1500.0,1559.7018387222947,0.03980122581486323,0.6632578998372645,,,187.3160139870866,-4622.127653666951,0.0,-4434.811639679864,10.370596534556746,0.0,10.370596534556746,6.5131562146910165,12929.833622192693,461.7797722211676,1875,607,1875,1,461.7370993840387,4617.370993840386,,0.0,0.0,,,0,0.20127723905805883,187.3160139870866,534.6020252396547,0.454403825644399,0.009289187420552023,0,0.0,False,SX_FAIL_SOXL3L_USDT_pad15,SYNTHETIC_GATE_ETF_WINDOW,True,0.0,26206,ok,qtb.costs.fees._SPOT_VIP_TABLE[7],1.0,56,2026-06-25 09:00:00+00:00,2026-08-14 23:00:00+00:00,drop_then_rise
SOXL3L_USDT,conservative,fixed_quote,off,1500.0,1559.7018387222947,0.03980122581486323,0.6632578998372645,,,187.3160139870866,-4622.127653666951,0.0,-4434.811639679864,10.370596534556746,7.259417574189733,3.1111789603670132,6.5131562146910165,12929.833622192693,461.7797722211676,1875,607,1875,1,461.7370993840387,4617.370993840386,,0.0,0.0,,,0,0.20127723905805883,187.3160139870866,534.6020252396547,0.454403825644399,0.009289187420552023,0,0.0,False,SX_FAIL_SOXL3L_USDT_pad15,SYNTHETIC_GATE_ETF_WINDOW,True,0.7,26206,ok,qtb.costs.fees._SPOT_VIP_TABLE[7],1.0,56,2026-06-25 09:00:00+00:00,2026-08-14 23:00:00+00:00,drop_then_rise
SOXL3S_USDT,base,fixed_quote,off,500.0,616.4195107224226,0.23283902144484525,23.128726948806168,,,128.1282798221574,-8437.700213034414,0.0,-8309.571933212255,14.835316024534231,0.0,14.835316024534231,4.166522525678791,18532.144025141686,772.1726677142369,2408,1026,2408,1,628.2031402544776,6282.031402544776,,0.0,0.0,,,0,0.16633586949153123,128.1282798221574,192.01608842067802,0.16321367515757632,0.0,0,0.0,False,SX_FAIL_SOXL3S_USDT_pad30,SYNTHETIC_GATE_ETF_WINDOW,True,0.0,20366,ok,qtb.costs.fees._SPOT_VIP_TABLE[7],1.0,48,2026-06-25 09:00:00+00:00,2026-08-29 23:00:00+00:00,drop_then_rise
SOXL3S_USDT,base,fixed_quote,off,500.0,616.4195107224226,0.23283902144484525,23.128726948806168,,,128.1282798221574,-8437.700213034414,0.0,-8309.571933212255,14.835316024534231,10.384721217174075,4.450594807360156,4.166522525678791,18532.144025141686,772.1726677142369,2408,1026,2408,1,628.2031402544776,6282.031402544776,,0.0,0.0,,,0,0.16633586949153123,128.1282798221574,192.01608842067802,0.16321367515757632,0.0,0,0.0,False,SX_FAIL_SOXL3S_USDT_pad30,SYNTHETIC_GATE_ETF_WINDOW,True,0.7,20366,ok,qtb.costs.fees._SPOT_VIP_TABLE[7],1.0,48,2026-06-25 09:00:00+00:00,2026-08-29 23:00:00+00:00,drop_then_rise
SOXL3S_USDT,conservative,fixed_quote,off,500.0,605.8049949325722,0.21160998986514445,17.527206485015242,,,116.40892337941351,-7339.233340664937,0.0,-7222.824417285523,13.169201593761665,0.0,13.169201593761665,4.013726698930332,16449.500986675794,685.3958744448247,2547,1005,2547,1,643.2109704621128,6432.109704621127,,0.0,0.0,,,0,0.15130149231954426,116.40892337941351,192.01634267926968,0.16321367515757632,0.0002542585916660482,0,0.0,False,SX_FAIL_SOXL3S_USDT_pad30,SYNTHETIC_GATE_ETF_WINDOW,True,0.0,20366,ok,qtb.costs.fees._SPOT_VIP_TABLE[7],1.0,48,2026-06-25 09:00:00+00:00,2026-08-29 23:00:00+00:00,drop_then_rise
SOXL3S_USDT,conservative,fixed_quote,off,500.0,605.8049949325722,0.21160998986514445,17.527206485015242,,,116.40892337941351,-7339.233340664937,0.0,-7222.824417285523,13.169201593761665,9.218441115633162,3.950760478128503,4.013726698930332,16449.500986675794,685.3958744448247,2547,1005,2547,1,643.2109704621128,6432.109704621127,,0.0,0.0,,,0,0.15130149231954426,116.40892337941351,192.01634267926968,0.16321367515757632,0.0002542585916660482,0,0.0,False,SX_FAIL_SOXL3S_USDT_pad30,SYNTHETIC_GATE_ETF_WINDOW,True,0.7,20366,ok,qtb.costs.fees._SPOT_VIP_TABLE[7],1.0,48,2026-06-25 09:00:00+00:00,2026-08-29 23:00:00+00:00,drop_then_rise
SNXX3L_USDT,base,fixed_quote,off,600.0,703.3732315871277,0.1722887193118796,36.570890642862494,,,147.46611748289476,-4165.424162784593,0.0,-4017.9580453016983,9.238622411360167,0.0,9.238622411360167,1.8463244597505377,11535.92908953414,720.9955680958838,2821,1021,2822,1,896.0980150347153,8960.980150347154,,0.0,0.0,,,0,0.24407590418031133,147.46611748289476,197.5827946554182,0.16794537545710547,0.0,0,0.0,False,NX_FAIL_SNXX3L_USDT_pad15,SYNTHETIC_GATE_ETF_WINDOW,True,0.0,15309,ok,qtb.costs.fees._SPOT_VIP_TABLE[7],1.0,64,2026-07-29 07:00:00+00:00,2026-08-12 23:00:00+00:00,drop_then_rise
SNXX3L_USDT,base,fixed_quote,off,600.0,703.3732315871277,0.1722887193118796,36.570890642862494,,,147.46611748289476,-4165.424162784593,0.0,-4017.9580453016983,9.238622411360167,6.467035687952098,2.7715867234080687,1.8463244597505377,11535.92908953414,720.9955680958838,2821,1021,2822,1,896.0980150347153,8960.980150347154,,0.0,0.0,,,0,0.24407590418031133,147.46611748289476,197.5827946554182,0.16794537545710547,0.0,0,0.0,False,NX_FAIL_SNXX3L_USDT_pad15,SYNTHETIC_GATE_ETF_WINDOW,True,0.7,15309,ok,qtb.costs.fees._SPOT_VIP_TABLE[7],1.0,64,2026-07-29 07:00:00+00:00,2026-08-12 23:00:00+00:00,drop_then_rise
SNXX3L_USDT,conservative,fixed_quote,off,600.0,690.3210768058432,0.15053512800973867,23.50634717725184,,,106.10519742108778,-2032.080395056402,0.0,-1925.9751976353143,5.2934445196005475,0.0,5.2934445196005475,0.9084553039992763,6604.456724834711,412.77854530216945,3222,985,3223,1,1367.5776913823843,13675.776913823844,,0.0,0.0,,,0,0.09892040851182149,106.10519742108778,197.6025192059024,0.16794537545710547,0.01972455048421164,0,0.0,False,NX_FAIL_SNXX3L_USDT_pad15,SYNTHETIC_GATE_ETF_WINDOW,True,0.0,15309,ok,qtb.costs.fees._SPOT_VIP_TABLE[7],1.0,64,2026-07-29 07:00:00+00:00,2026-08-12 23:00:00+00:00,drop_then_rise
SNXX3L_USDT,conservative,fixed_quote,off,600.0,690.3210768058432,0.15053512800973867,23.50634717725184,,,106.10519742108778,-2032.080395056402,0.0,-1925.9751976353143,5.2934445196005475,3.7054111637203655,1.588033355880182,0.9084553039992763,6604.456724834711,412.77854530216945,3222,985,3223,1,1367.5776913823843,13675.776913823844,,0.0,0.0,,,0,0.09892040851182149,106.10519742108778,197.6025192059024,0.16794537545710547,0.01972455048421164,0,0.0,False,NX_FAIL_SNXX3L_USDT_pad15,SYNTHETIC_GATE_ETF_WINDOW,True,0.7,15309,ok,qtb.costs.fees._SPOT_VIP_TABLE[7],1.0,64,2026-07-29 07:00:00+00:00,2026-08-12 23:00:00+00:00,drop_then_rise
SNXX3S_USDT,base,fixed_quote,off,500.0,239.45207290257946,-0.5210958541948411,-0.9998281359309222,,,42.670011231434835,-1586.288705585417,0.0,-1543.6186943539822,2.8764561273814477,0.0,2.8764561273814477,0.7631497933371245,3583.5691537005127,115.59900495808105,657,247,657,1,-7270.626459890417,-72706.26459890416,,0.0,0.0,,,0,0.02069095005962518,42.670011231434835,192.01608842067802,0.16321367515757632,0.0,0,0.0,False,NX_FAIL_SNXX3S_USDT_pad30,SYNTHETIC_GATE_ETF_WINDOW,True,0.0,26145,ok,qtb.costs.fees._SPOT_VIP_TABLE[7],1.0,48,2026-07-29 07:00:00+00:00,2026-08-27 23:00:00+00:00,drop_then_rise
SNXX3S_USDT,base,fixed_quote,off,500.0,239.45207290257946,-0.5210958541948411,-0.9998281359309222,,,42.670011231434835,-1586.288705585417,0.0,-1543.6186943539822,2.8764561273814477,2.013519289167015,0.8629368382144329,0.7631497933371245,3583.5691537005127,115.59900495808105,657,247,657,1,-7270.626459890417,-72706.26459890416,,0.0,0.0,,,0,0.02069095005962518,42.670011231434835,192.01608842067802,0.16321367515757632,0.0,0,0.0,False,NX_FAIL_SNXX3S_USDT_pad30,SYNTHETIC_GATE_ETF_WINDOW,True,0.7,26145,ok,qtb.costs.fees._SPOT_VIP_TABLE[7],1.0,48,2026-07-29 07:00:00+00:00,2026-08-27 23:00:00+00:00,drop_then_rise
SNXX3S_USDT,conservative,fixed_quote,off,500.0,371.1035193020999,-0.2577929613958001,-0.97010923033203,,,34.7165785222409,-798.2661545795728,0.0,-763.5495760573319,1.6478038962359156,0.0,1.6478038962359156,0.43448862196430216,2047.7538647686015,66.05657628285812,700,234,700,1,-6294.529968447429,-62945.299684474296,,0.0,0.0,,,0,0.007467733214258643,34.7165785222409,192.0350867474239,0.16321367515757632,0.01899832674588472,0,0.0,False,NX_FAIL_SNXX3S_USDT_pad30,SYNTHETIC_GATE_ETF_WINDOW,True,0.0,26145,ok,qtb.costs.fees._SPOT_VIP_TABLE[7],1.0,48,2026-07-29 07:00:00+00:00,2026-08-27 23:00:00+00:00,drop_then_rise
SNXX3S_USDT,conservative,fixed_quote,off,500.0,371.1035193020999,-0.2577929613958001,-0.97010923033203,,,34.7165785222409,-798.2661545795728,0.0,-763.5495760573319,1.6478038962359156,1.1534627273651403,0.4943411688707753,0.43448862196430216,2047.7538647686015,66.05657628285812,700,234,700,1,-6294.529968447429,-62945.299684474296,,0.0,0.0,,,0,0.007467733214258643,34.7165785222409,192.0350867474239,0.16321367515757632,0.01899832674588472,0,0.0,False,NX_FAIL_SNXX3S_USDT_pad30,SYNTHETIC_GATE_ETF_WINDOW,True,0.7,26145,ok,qtb.costs.fees._SPOT_VIP_TABLE[7],1.0,48,2026-07-29 07:00:00+00:00,2026-08-27 23:00:00+00:00,drop_then_rise
BTC3L_USDT,base,fixed_quote,off,300.0,305.5364476901408,0.01845482563380263,0.23192939313255923,,,9.035863026130526,-425.02748616712074,0.0,-415.9916231409902,1.077899704456471,0.0,1.077899704456471,4.717630687666173,1339.6958190072846,41.865494343977645,286,110,286,1,413.2615487479315,4132.615487479315,,0.0,0.0,,,0,0.37311673773335496,9.035863026130526,122.86098501285761,0.10443183726092896,0.0,0,0.0,False,BX_FAIL_BTC3L_USDT_pad30,REAL_GATE_ETF_WINDOW,True,0.0,7650,ok,qtb.costs.fees._SPOT_VIP_TABLE[7],1.0,40,2024-08-07 00:00:00+00:00,2025-05-06 23:00:00+00:00,trend_up
BTC3L_USDT,base,fixed_quote,off,300.0,305.5364476901408,0.01845482563380263,0.23192939313255923,,,9.035863026130526,-425.02748616712074,0.0,-415.9916231409902,1.077899704456471,0.7545297931195292,0.32336991133694193,4.717630687666173,1339.6958190072846,41.865494343977645,286,110,286,1,413.2615487479315,4132.615487479315,,0.0,0.0,,,0,0.37311673773335496,9.035863026130526,122.86098501285761,0.10443183726092896,0.0,0,0.0,False,BX_FAIL_BTC3L_USDT_pad30,REAL_GATE_ETF_WINDOW,True,0.7,7650,ok,qtb.costs.fees._SPOT_VIP_TABLE[7],1.0,40,2024-08-07 00:00:00+00:00,2025-05-06 23:00:00+00:00,trend_up
BTC3L_USDT,conservative,fixed_quote,off,300.0,300.561262138845,0.0018708737961499189,0.021548606092161915,,,3.10884781325904,-108.55560989542091,0.0,-105.44676208216187,0.43385778846332484,0.0,0.43385778846332484,3.794454363897224,534.6434240158519,16.707607000495372,326,108,326,1,104.97877905786306,1049.7877905786306,,0.0,0.0,,,0,0.38395182671725636,3.10884781325904,122.8633595970287,0.10443183726092896,0.0023745841710972413,0,0.0,False,BX_FAIL_BTC3L_USDT_pad30,REAL_GATE_ETF_WINDOW,True,0.0,7650,ok,qtb.costs.fees._SPOT_VIP_TABLE[7],1.0,40,2024-08-07 00:00:00+00:00,2025-05-06 23:00:00+00:00,trend_up
BTC3L_USDT,conservative,fixed_quote,off,300.0,300.561262138845,0.0018708737961499189,0.021548606092161915,,,3.10884781325904,-108.55560989542091,0.0,-105.44676208216187,0.43385778846332484,0.3037004519243272,0.13015733653899764,3.794454363897224,534.6434240158519,16.707607000495372,326,108,326,1,104.97877905786306,1049.7877905786306,,0.0,0.0,,,0,0.38395182671725636,3.10884781325904,122.8633595970287,0.10443183726092896,0.0023745841710972413,0,0.0,False,BX_FAIL_BTC3L_USDT_pad30,REAL_GATE_ETF_WINDOW,True,0.7,7650,ok,qtb.costs.fees._SPOT_VIP_TABLE[7],1.0,40,2024-08-07 00:00:00+00:00,2025-05-06 23:00:00+00:00,trend_up
ETH3L_USDT,base,fixed_quote,off,750.0,724.6028525579867,-0.03386286325601773,-0.3249304191113057,,,37.38994974077601,-1578.0790865504703,0.0,-1540.6891368096942,3.563781390172198,0.0,3.563781390172198,9.362496357161035,4438.020714713633,138.68814733480104,779,274,779,1,-572.2629314868368,-5722.629314868368,,0.0,0.0,,,0,0.34876229907814915,37.38994974077601,267.2963680261171,0.2272019128221995,0.0,0,0.0,False,EX_FAIL_ETH3L_USDT_pad30,REAL_GATE_ETF_WINDOW,True,0.0,15287,ok,qtb.costs.fees._SPOT_VIP_TABLE[7],1.0,56,2024-08-02 01:00:00+00:00,2025-05-08 23:00:00+00:00,rise_then_fall
ETH3L_USDT,base,fixed_quote,off,750.0,724.6028525579867,-0.03386286325601773,-0.3249304191113057,,,37.38994974077601,-1578.0790865504703,0.0,-1540.6891368096942,3.563781390172198,2.494646973120543,1.069134417051655,9.362496357161035,4438.020714713633,138.68814733480104,779,274,779,1,-572.2629314868368,-5722.629314868368,,0.0,0.0,,,0,0.34876229907814915,37.38994974077601,267.2963680261171,0.2272019128221995,0.0,0,0.0,False,EX_FAIL_ETH3L_USDT_pad30,REAL_GATE_ETF_WINDOW,True,0.7,15287,ok,qtb.costs.fees._SPOT_VIP_TABLE[7],1.0,56,2024-08-02 01:00:00+00:00,2025-05-08 23:00:00+00:00,rise_then_fall
ETH3L_USDT,conservative,fixed_quote,off,750.0,729.043844898067,-0.027941540135910548,-0.27620386707864275,,,24.40311071555515,-802.0062186776773,0.0,-777.6031079621222,2.0327552584498747,0.0,2.0327552584498747,6.5920809635141895,2524.2380500607123,78.88243906439726,838,267,838,1,-830.1972589878724,-8301.972589878724,,0.0,0.0,,,0,0.2571686411674441,24.40311071555515,267.29687093555833,0.2272019128221995,0.0005029094412677392,0,0.0,False,EX_FAIL_ETH3L_USDT_pad30,REAL_GATE_ETF_WINDOW,True,0.0,15287,ok,qtb.costs.fees._SPOT_VIP_TABLE[7],1.0,56,2024-08-02 01:00:00+00:00,2025-05-08 23:00:00+00:00,rise_then_fall
ETH3L_USDT,conservative,fixed_quote,off,750.0,729.043844898067,-0.027941540135910548,-0.27620386707864275,,,24.40311071555515,-802.0062186776773,0.0,-777.6031079621222,2.0327552584498747,1.4229286809149129,0.6098265775349618,6.5920809635141895,2524.2380500607123,78.88243906439726,838,267,838,1,-830.1972589878724,-8301.972589878724,,0.0,0.0,,,0,0.2571686411674441,24.40311071555515,267.29687093555833,0.2272019128221995,0.0005029094412677392,0,0.0,False,EX_FAIL_ETH3L_USDT_pad30,REAL_GATE_ETF_WINDOW,True,0.7,15287,ok,qtb.costs.fees._SPOT_VIP_TABLE[7],1.0,56,2024-08-02 01:00:00+00:00,2025-05-08 23:00:00+00:00,rise_then_fall
SOL3L_USDT,base,fixed_quote,off,1050.0,1133.0107063391924,0.07905781556113567,1.3818602494937653,,,85.20966021637726,-3227.817558579645,0.0,-3142.6078983632674,7.4394526542821175,0.0,7.4394526542821175,12.343078634846854,9276.070362104296,289.87719881575924,1280,457,1280,1,894.8908654069469,8948.90865406947,,0.0,0.0,,,0,0.20850603240983312,85.20966021637726,371.9272919741714,0.31613819817804567,0.0,0,0.0,False,LX_FAIL_SOL3L_USDT_pad30,REAL_GATE_ETF_WINDOW,True,0.0,23149,ok,qtb.costs.fees._SPOT_VIP_TABLE[7],1.0,64,2024-07-06 00:00:00+00:00,2025-05-08 23:00:00+00:00,rise_then_fall
SOL3L_USDT,base,fixed_quote,off,1050.0,1133.0107063391924,0.07905781556113567,1.3818602494937653,,,85.20966021637726,-3227.817558579645,0.0,-3142.6078983632674,7.4394526542821175,5.207616857997487,2.2318357962846305,12.343078634846854,9276.070362104296,289.87719881575924,1280,457,1280,1,894.8908654069469,8948.90865406947,,0.0,0.0,,,0,0.20850603240983312,85.20966021637726,371.9272919741714,0.31613819817804567,0.0,0,0.0,False,LX_FAIL_SOL3L_USDT_pad30,REAL_GATE_ETF_WINDOW,True,0.7,23149,ok,qtb.costs.fees._SPOT_VIP_TABLE[7],1.0,64,2024-07-06 00:00:00+00:00,2025-05-08 23:00:00+00:00,rise_then_fall
SOL3L_USDT,conservative,fixed_quote,off,1050.0,1107.0111667232193,0.054296349260208876,0.8277564594635303,,,56.04204873204532,-1483.654236200145,0.0,-1427.6121874680998,4.340045779784979,0.0,4.340045779784979,10.514854202465358,5401.811768982822,168.8066177807132,1523,448,1523,1,1055.4082437780805,10554.082437780806,,0.0,0.0,,,0,0.1918649022674197,56.04204873204532,371.9333891428923,0.31613819817804567,0.006097168720873846,0,0.0,False,LX_FAIL_SOL3L_USDT_pad30,REAL_GATE_ETF_WINDOW,True,0.0,23149,ok,qtb.costs.fees._SPOT_VIP_TABLE[7],1.0,64,2024-07-06 00:00:00+00:00,2025-05-08 23:00:00+00:00,rise_then_fall
SOL3L_USDT,conservative,fixed_quote,off,1050.0,1107.0111667232193,0.054296349260208876,0.8277564594635303,,,56.04204873204532,-1483.654236200145,0.0,-1427.6121874680998,4.340045779784979,3.03803204584948,1.3020137339354987,10.514854202465358,5401.811768982822,168.8066177807132,1523,448,1523,1,1055.4082437780805,10554.082437780806,,0.0,0.0,,,0,0.1918649022674197,56.04204873204532,371.9333891428923,0.31613819817804567,0.006097168720873846,0,0.0,False,LX_FAIL_SOL3L_USDT_pad30,REAL_GATE_ETF_WINDOW,True,0.7,23149,ok,qtb.costs.fees._SPOT_VIP_TABLE[7],1.0,64,2024-07-06 00:00:00+00:00,2025-05-08 23:00:00+00:00,rise_then_fall
PENGU3L_USDT,base,fixed_quote,off,600.0,1293.5152106566547,1.1558586844277579,6386.875287648215,,,105.29733813593933,-1203.3197387811688,0.0,-1098.0224006452295,4.757501562886412,0.0,4.757501562886412,79.50512525477396,5935.555491445183,185.48610910766197,38248,592,38249,1,11684.082671894932,116840.82671894932,,0.0,0.0,,,0,0.5168272767338009,105.29733813593933,181.14339460764756,0.15397188541650042,0.0,0,0.0,False,PGX_FAIL_PENGU3L_USDT_pad15,SYNTHETIC_GATE_ETF_WINDOW,True,0.0,65626,ok,qtb.costs.fees._SPOT_VIP_TABLE[7],1.0,80,2025-07-18 11:00:00+00:00,2026-01-14 23:00:00+00:00,high_vol_chop
PENGU3L_USDT,base,fixed_quote,off,600.0,1293.5152106566547,1.1558586844277579,6386.875287648215,,,105.29733813593933,-1203.3197387811688,0.0,-1098.0224006452295,4.757501562886412,3.3302510940205616,1.42725046886585,79.50512525477396,5935.555491445183,185.48610910766197,38248,592,38249,1,11684.082671894932,116840.82671894932,,0.0,0.0,,,0,0.5168272767338009,105.29733813593933,181.14339460764756,0.15397188541650042,0.0,0,0.0,False,PGX_FAIL_PENGU3L_USDT_pad15,SYNTHETIC_GATE_ETF_WINDOW,True,0.7,65626,ok,qtb.costs.fees._SPOT_VIP_TABLE[7],1.0,80,2025-07-18 11:00:00+00:00,2026-01-14 23:00:00+00:00,high_vol_chop
PENGU3L_USDT,conservative,fixed_quote,off,600.0,662.7929081436889,0.10465484690614812,2.112099216695375,,,79.75564156263792,-1069.9093695730558,0.0,-990.1537280104178,2.9069842314719763,0.0,2.9069842314719763,45.54425547008444,3622.4088271770042,113.20027584928138,35107,580,35108,1,1733.457241838281,17334.57241838281,,0.0,0.0,,,0,0.043174581246831045,79.75564156263792,181.14419897440868,0.15397188541650042,0.0008043667611304252,0,0.0,False,PGX_FAIL_PENGU3L_USDT_pad15,SYNTHETIC_GATE_ETF_WINDOW,True,0.0,65626,ok,qtb.costs.fees._SPOT_VIP_TABLE[7],1.0,80,2025-07-18 11:00:00+00:00,2026-01-14 23:00:00+00:00,high_vol_chop
PENGU3L_USDT,conservative,fixed_quote,off,600.0,662.7929081436889,0.10465484690614812,2.112099216695375,,,79.75564156263792,-1069.9093695730558,0.0,-990.1537280104178,2.9069842314719763,2.034888962030385,0.8720952694415911,45.54425547008444,3622.4088271770042,113.20027584928138,35107,580,35108,1,1733.457241838281,17334.57241838281,,0.0,0.0,,,0,0.043174581246831045,79.75564156263792,181.14419897440868,0.15397188541650042,0.0008043667611304252,0,0.0,False,PGX_FAIL_PENGU3L_USDT_pad15,SYNTHETIC_GATE_ETF_WINDOW,True,0.7,65626,ok,qtb.costs.fees._SPOT_VIP_TABLE[7],1.0,80,2025-07-18 11:00:00+00:00,2026-01-14 23:00:00+00:00,high_vol_chop
PUMP3L_USDT,base,fixed_quote,off,300.0,339.4696280624646,0.13156542687488204,3.0952812597563897,,,40.90823036468502,-379.44094752587,0.0,-338.53271716118496,1.0135285711809057,0.0,1.0135285711809057,1.4386023031388502,1261.5649094383116,39.42390341994724,12448,201,12448,1,3128.624438360269,31286.24438360269,,0.0,0.0,,,0,2.705946577918894e-12,40.90823036468502,85.53287260510358,0.07270294171433804,0.0,0,0.0,False,PPX_FAIL_PUMP3L_USDT_pad15,REAL_GATE_ETF_WINDOW,True,0.0,75501,ok,qtb.costs.fees._SPOT_VIP_TABLE[7],1.0,80,2025-08-30 00:00:00+00:00,2026-01-14 23:00:00+00:00,drop_then_rise
PUMP3L_USDT,base,fixed_quote,off,300.0,339.4696280624646,0.13156542687488204,3.0952812597563897,,,40.90823036468502,-379.44094752587,0.0,-338.53271716118496,1.0135285711809057,0.7094699998266305,0.30405857135427516,1.4386023031388502,1261.5649094383116,39.42390341994724,12448,201,12448,1,3128.624438360269,31286.24438360269,,0.0,0.0,,,0,2.705946577918894e-12,40.90823036468502,85.53287260510358,0.07270294171433804,0.0,0,0.0,False,PPX_FAIL_PUMP3L_USDT_pad15,REAL_GATE_ETF_WINDOW,True,0.7,75501,ok,qtb.costs.fees._SPOT_VIP_TABLE[7],1.0,80,2025-08-30 00:00:00+00:00,2026-01-14 23:00:00+00:00,drop_then_rise
PUMP3L_USDT,conservative,fixed_quote,off,300.0,355.38393857752305,0.1846131285917436,5.906093054246964,,,30.98686720086432,-194.41878457573026,0.0,-163.43191737486595,0.6317726529792691,0.0,0.6317726529792691,1.2915551935948644,784.3700116862672,24.51156286519585,8818,193,8819,1,7060.945440590806,70609.45440590807,,0.0,0.0,,,0,0.07240763484347279,30.98686720086432,85.53306815350916,0.07270294171433804,0.00019554840558892457,0,0.0,False,PPX_FAIL_PUMP3L_USDT_pad15,REAL_GATE_ETF_WINDOW,True,0.0,75501,ok,qtb.costs.fees._SPOT_VIP_TABLE[7],1.0,80,2025-08-30 00:00:00+00:00,2026-01-14 23:00:00+00:00,drop_then_rise
PUMP3L_USDT,conservative,fixed_quote,off,300.0,355.38393857752305,0.1846131285917436,5.906093054246964,,,30.98686720086432,-194.41878457573026,0.0,-163.43191737486595,0.6317726529792691,0.4422408570854872,0.18953179589378188,1.2915551935948644,784.3700116862672,24.51156286519585,8818,193,8819,1,7060.945440590806,70609.45440590807,,0.0,0.0,,,0,0.07240763484347279,30.98686720086432,85.53306815350916,0.07270294171433804,0.00019554840558892457,0,0.0,False,PPX_FAIL_PUMP3L_USDT_pad15,REAL_GATE_ETF_WINDOW,True,0.7,75501,ok,qtb.costs.fees._SPOT_VIP_TABLE[7],1.0,80,2025-08-30 00:00:00+00:00,2026-01-14 23:00:00+00:00,drop_then_rise
ETH3L_USDT,base,fixed_quote,off,750.0,724.0342282215283,-0.03462102903796227,-0.3309483099540126,,,18.53449533083032,-901.2299111557165,0.0,-882.6954158248863,2.3719469225228162,0.0,2.3719469225228162,10.372302374981906,2948.227630151892,92.13211344224662,420,156,420,1,-880.7247959050541,-8807.24795905054,,0.0,0.0,,,0,0.39134186494925904,18.53449533083032,267.2963680261171,0.2272019128221995,0.0,0,0.0,False,E_V2024_ETH3L_USDT_pad15,REAL_GATE_ETF_WINDOW,True,0.0,7747,ok,qtb.costs.fees._SPOT_VIP_TABLE[7],1.0,56,2024-07-14 00:00:00+00:00,2024-10-14 23:00:00+00:00,drop_then_rise
ETH3L_USDT,base,fixed_quote,off,750.0,724.0342282215283,-0.03462102903796227,-0.3309483099540126,,,18.53449533083032,-901.2299111557165,0.0,-882.6954158248863,2.3719469225228162,1.6603628457659745,0.7115840767568418,10.372302374981906,2948.227630151892,92.13211344224662,420,156,420,1,-880.7247959050541,-8807.24795905054,,0.0,0.0,,,0,0.39134186494925904,18.53449533083032,267.2963680261171,0.2272019128221995,0.0,0,0.0,False,E_V2024_ETH3L_USDT_pad15,REAL_GATE_ETF_WINDOW,True,0.7,7747,ok,qtb.costs.fees._SPOT_VIP_TABLE[7],1.0,56,2024-07-14 00:00:00+00:00,2024-10-14 23:00:00+00:00,drop_then_rise
ETH3L_USDT,conservative,fixed_quote,off,750.0,718.2017500949041,-0.042397666540127776,-0.38991037694557695,,,7.2437663835949975,-292.49266224124744,0.0,-285.2488958576524,1.066721825518672,0.0,1.066721825518672,7.707490480176174,1316.6962588967097,41.14675809052218,475,153,475,1,-2415.0026773631425,-24150.026773631424,,0.0,0.0,,,0,0.33690280341293943,7.2437663835949975,267.3071136087513,0.2272019128221995,0.010745582634238438,0,0.0,False,E_V2024_ETH3L_USDT_pad15,REAL_GATE_ETF_WINDOW,True,0.0,7747,ok,qtb.costs.fees._SPOT_VIP_TABLE[7],1.0,56,2024-07-14 00:00:00+00:00,2024-10-14 23:00:00+00:00,drop_then_rise
ETH3L_USDT,conservative,fixed_quote,off,750.0,718.2017500949041,-0.042397666540127776,-0.38991037694557695,,,7.2437663835949975,-292.49266224124744,0.0,-285.2488958576524,1.066721825518672,0.7467052778630706,0.3200165476556013,7.707490480176174,1316.6962588967097,41.14675809052218,475,153,475,1,-2415.0026773631425,-24150.026773631424,,0.0,0.0,,,0,0.33690280341293943,7.2437663835949975,267.3071136087513,0.2272019128221995,0.010745582634238438,0,0.0,False,E_V2024_ETH3L_USDT_pad15,REAL_GATE_ETF_WINDOW,True,0.7,7747,ok,qtb.costs.fees._SPOT_VIP_TABLE[7],1.0,56,2024-07-14 00:00:00+00:00,2024-10-14 23:00:00+00:00,drop_then_rise
SOXL3L_USDT,base,fixed_quote,off,1500.0,1548.727445213587,0.032484963475724715,0.4570343470124132,,,258.9272000372855,-8400.052876627009,0.0,-8141.125676589723,18.696698542180915,0.0,18.696698542180915,14.226830723185964,23337.461131722674,752.8213268297636,1723,642,1723,1,208.7949710491504,2087.949710491504,,0.0,0.0,,,0,0.3665762392481008,258.9272000372855,534.5927360522342,0.454403825644399,0.0,0,0.0,False,SOXL3L_USDT_v_reversal_45d_192,REAL_GATE_ETF_WINDOW,True,0.0,28024,ok,qtb.costs.fees._SPOT_VIP_TABLE[7],1.0,56,2026-07-03 09:00:00+00:00,2026-08-17 08:00:00+00:00,v_reversal
SOXL3L_USDT,base,fixed_quote,off,1500.0,1548.727445213587,0.032484963475724715,0.4570343470124132,,,258.9272000372855,-8400.052876627009,0.0,-8141.125676589723,18.696698542180915,13.08768897952657,5.609009562654345,14.226830723185964,23337.461131722674,752.8213268297636,1723,642,1723,1,208.7949710491504,2087.949710491504,,0.0,0.0,,,0,0.3665762392481008,258.9272000372855,534.5927360522342,0.454403825644399,0.0,0,0.0,False,SOXL3L_USDT_v_reversal_45d_192,REAL_GATE_ETF_WINDOW,True,0.7,28024,ok,qtb.costs.fees._SPOT_VIP_TABLE[7],1.0,56,2026-07-03 09:00:00+00:00,2026-08-17 08:00:00+00:00,v_reversal
SOXL3L_USDT,conservative,fixed_quote,off,1500.0,1601.767366790929,0.06784491119395253,1.1660119930230937,,,193.2644103531369,-4923.908889458977,0.0,-4730.64447910584,11.00896724401288,0.0,11.00896724401288,7.388333831362974,13727.797009012855,442.83216158105984,1944,635,1944,1,741.3233654614395,7413.233654614395,,0.0,0.0,,,0,0.19086126814377946,193.2644103531369,534.6020252396547,0.454403825644399,0.009289187420552023,0,0.0,False,SOXL3L_USDT_v_reversal_45d_192,REAL_GATE_ETF_WINDOW,True,0.0,28024,ok,qtb.costs.fees._SPOT_VIP_TABLE[7],1.0,56,2026-07-03 09:00:00+00:00,2026-08-17 08:00:00+00:00,v_reversal
SOXL3L_USDT,conservative,fixed_quote,off,1500.0,1601.767366790929,0.06784491119395253,1.1660119930230937,,,193.2644103531369,-4923.908889458977,0.0,-4730.64447910584,11.00896724401288,7.706277070809028,3.3026901732038514,7.388333831362974,13727.797009012855,442.83216158105984,1944,635,1944,1,741.3233654614395,7413.233654614395,,0.0,0.0,,,0,0.19086126814377946,193.2644103531369,534.6020252396547,0.454403825644399,0.009289187420552023,0,0.0,False,SOXL3L_USDT_v_reversal_45d_192,REAL_GATE_ETF_WINDOW,True,0.7,28024,ok,qtb.costs.fees._SPOT_VIP_TABLE[7],1.0,56,2026-07-03 09:00:00+00:00,2026-08-17 08:00:00+00:00,v_reversal
SOXL3L_USDT,base,fixed_quote,off,1500.0,1275.716534544813,-0.14952231030345808,-0.9148292790068933,,,226.44954134936455,-6611.006379638562,0.0,-6384.556838289198,15.186478716012715,0.0,15.186478716012715,10.183662372438917,18949.68634901245,789.5702645421853,1435,517,1435,1,-1183.573497335883,-11835.73497335883,,0.0,0.0,,,0,0.41064758377312405,226.44954134936455,534.5927360522342,0.454403825644399,0.0,0,0.0,False,SOXL3L_USDT_drop_then_rise_45d_24,REAL_GATE_ETF_WINDOW,True,0.0,22740,ok,qtb.costs.fees._SPOT_VIP_TABLE[7],1.0,56,2026-06-26 09:00:00+00:00,2026-08-10 08:00:00+00:00,drop_then_rise
SOXL3L_USDT,base,fixed_quote,off,1500.0,1275.716534544813,-0.14952231030345808,-0.9148292790068933,,,226.44954134936455,-6611.006379638562,0.0,-6384.556838289198,15.186478716012715,10.630535101208814,4.555943614803901,10.183662372438917,18949.68634901245,789.5702645421853,1435,517,1435,1,-1183.573497335883,-11835.73497335883,,0.0,0.0,,,0,0.41064758377312405,226.44954134936455,534.5927360522342,0.454403825644399,0.0,0,0.0,False,SOXL3L_USDT_drop_then_rise_45d_24,REAL_GATE_ETF_WINDOW,True,0.7,22740,ok,qtb.costs.fees._SPOT_VIP_TABLE[7],1.0,56,2026-06-26 09:00:00+00:00,2026-08-10 08:00:00+00:00,drop_then_rise
SOXL3L_USDT,conservative,fixed_quote,off,1500.0,1454.5978936889512,-0.030268070874032493,-0.37339402356131246,,,166.37663150104822,-3450.5132936100636,0.0,-3284.1366621090156,8.041136707580725,0.0,8.041136707580725,5.179758156942372,10018.008838472675,417.41703493636146,1621,511,1621,1,-453.20489373785273,-4532.048937378528,,0.0,0.0,,,0,0.1963468877587088,166.37663150104822,534.6020252396547,0.454403825644399,0.009289187420552023,0,0.0,False,SOXL3L_USDT_drop_then_rise_45d_24,REAL_GATE_ETF_WINDOW,True,0.0,22740,ok,qtb.costs.fees._SPOT_VIP_TABLE[7],1.0,56,2026-06-26 09:00:00+00:00,2026-08-10 08:00:00+00:00,drop_then_rise
SOXL3L_USDT,conservative,fixed_quote,off,1500.0,1454.5978936889512,-0.030268070874032493,-0.37339402356131246,,,166.37663150104822,-3450.5132936100636,0.0,-3284.1366621090156,8.041136707580725,5.628795695306509,2.412341012274216,5.179758156942372,10018.008838472675,417.41703493636146,1621,511,1621,1,-453.20489373785273,-4532.048937378528,,0.0,0.0,,,0,0.1963468877587088,166.37663150104822,534.6020252396547,0.454403825644399,0.009289187420552023,0,0.0,False,SOXL3L_USDT_drop_then_rise_45d_24,REAL_GATE_ETF_WINDOW,True,0.7,22740,ok,qtb.costs.fees._SPOT_VIP_TABLE[7],1.0,56,2026-06-26 09:00:00+00:00,2026-08-10 08:00:00+00:00,drop_then_rise
SOXL3L_USDT,base,fixed_quote,off,1500.0,1215.5123588967547,-0.18965842740216354,-0.9644693811118334,,,17.14288444487457,-1164.5278144228646,0.0,-1147.38492997799,2.656310872577187,0.0,2.656310872577187,12.01732113882695,3286.9765447182226,142.91202368340097,187,60,187,1,-8654.994559069271,-86549.94559069272,,0.0,0.0,,,0,0.5573140468566442,17.14288444487457,534.5927360522343,0.45440382564439913,0.0,0,0.0,False,SOXL3L_USDT_high_vol_chop_21d_768,REAL_GATE_ETF_WINDOW,True,0.0,21715,ok,qtb.costs.fees._SPOT_VIP_TABLE[7],1.0,56,2026-07-27 09:00:00+00:00,2026-08-17 08:00:00+00:00,high_vol_chop
SOXL3L_USDT,base,fixed_quote,off,1500.0,1215.5123588967547,-0.18965842740216354,-0.9644693811118334,,,17.14288444487457,-1164.5278144228646,0.0,-1147.38492997799,2.656310872577187,1.8594176108040297,0.7968932617731572,12.01732113882695,3286.9765447182226,142.91202368340097,187,60,187,1,-8654.994559069271,-86549.94559069272,,0.0,0.0,,,0,0.5573140468566442,17.14288444487457,534.5927360522343,0.45440382564439913,0.0,0,0.0,False,SOXL3L_USDT_high_vol_chop_21d_768,REAL_GATE_ETF_WINDOW,True,0.7,21715,ok,qtb.costs.fees._SPOT_VIP_TABLE[7],1.0,56,2026-07-27 09:00:00+00:00,2026-08-17 08:00:00+00:00,high_vol_chop
SOXL3L_USDT,conservative,fixed_quote,off,1500.0,1278.7703657475354,-0.14748642283497637,-0.9205196393165421,,,10.801434698935003,-767.387372878853,0.0,-756.5859381799179,1.7391921478424917,0.0,1.7391921478424917,7.906788813875158,2140.578138799849,93.06861473042822,202,59,202,1,-10335.041278918261,-103350.4127891826,,0.0,0.0,,,0,0.38180795251906274,10.801434698935003,534.6001661111092,0.45440382564439913,0.007430058874951618,0,0.0,False,SOXL3L_USDT_high_vol_chop_21d_768,REAL_GATE_ETF_WINDOW,True,0.0,21715,ok,qtb.costs.fees._SPOT_VIP_TABLE[7],1.0,56,2026-07-27 09:00:00+00:00,2026-08-17 08:00:00+00:00,high_vol_chop
SOXL3L_USDT,conservative,fixed_quote,off,1500.0,1278.7703657475354,-0.14748642283497637,-0.9205196393165421,,,10.801434698935003,-767.387372878853,0.0,-756.5859381799179,1.7391921478424917,1.2174345034897438,0.5217576443527479,7.906788813875158,2140.578138799849,93.06861473042822,202,59,202,1,-10335.041278918261,-103350.4127891826,,0.0,0.0,,,0,0.38180795251906274,10.801434698935003,534.6001661111092,0.45440382564439913,0.007430058874951618,0,0.0,False,SOXL3L_USDT_high_vol_chop_21d_768,REAL_GATE_ETF_WINDOW,True,0.7,21715,ok,qtb.costs.fees._SPOT_VIP_TABLE[7],1.0,56,2026-07-27 09:00:00+00:00,2026-08-17 08:00:00+00:00,high_vol_chop
SOXL3L_USDT,base,fixed_quote,off,1500.0,538.2802103220318,-0.6411465264519788,-0.999991619425482,,,9.34511582064386,-1475.0639530509086,0.0,-1465.7188372302646,1.8994726104968649,0.0,1.8994726104968649,6.0363188779500465,2340.9287171178157,73.15402240993174,152,49,152,1,-41082.83104246126,-410828.3104246126,,0.0,0.0,,,0,0.05836184850572468,9.34511582064386,534.5927360522343,0.45440382564439913,0.0,0,0.0,False,SOXL3L_USDT_trend_down_30d_144,REAL_GATE_ETF_WINDOW,True,0.0,40246,ok,qtb.costs.fees._SPOT_VIP_TABLE[7],1.0,56,2026-07-01 09:00:00+00:00,2026-07-31 08:00:00+00:00,trend_down
SOXL3L_USDT,base,fixed_quote,off,1500.0,538.2802103220318,-0.6411465264519788,-0.999991619425482,,,9.34511582064386,-1475.0639530509086,0.0,-1465.7188372302646,1.8994726104968649,1.3296308273478048,0.5698417831490601,6.0363188779500465,2340.9287171178157,73.15402240993174,152,49,152,1,-41082.83104246126,-410828.3104246126,,0.0,0.0,,,0,0.05836184850572468,9.34511582064386,534.5927360522343,0.45440382564439913,0.0,0,0.0,False,SOXL3L_USDT_trend_down_30d_144,REAL_GATE_ETF_WINDOW,True,0.7,40246,ok,qtb.costs.fees._SPOT_VIP_TABLE[7],1.0,56,2026-07-01 09:00:00+00:00,2026-07-31 08:00:00+00:00,trend_down
SOXL3L_USDT,conservative,fixed_quote,off,1500.0,697.8083657255439,-0.5347944228496374,-0.9998381641306858,,,4.271545467051839,-968.1324575463199,0.0,-963.860912079268,1.1820607180155225,0.0,1.1820607180155225,4.811990408473574,1444.1638515161371,45.130120359879285,163,46,163,1,-55547.13431112995,-555471.3431112996,,0.0,0.0,,,0,0.03588838040662623,4.271545467051839,534.5933430128891,0.45440382564439913,0.0006069606549582828,0,0.0,False,SOXL3L_USDT_trend_down_30d_144,REAL_GATE_ETF_WINDOW,True,0.0,40246,ok,qtb.costs.fees._SPOT_VIP_TABLE[7],1.0,56,2026-07-01 09:00:00+00:00,2026-07-31 08:00:00+00:00,trend_down
SOXL3L_USDT,conservative,fixed_quote,off,1500.0,697.8083657255439,-0.5347944228496374,-0.9998381641306858,,,4.271545467051839,-968.1324575463199,0.0,-963.860912079268,1.1820607180155225,0.8274425026108655,0.354618215404657,4.811990408473574,1444.1638515161371,45.130120359879285,163,46,163,1,-55547.13431112995,-555471.3431112996,,0.0,0.0,,,0,0.03588838040662623,4.271545467051839,534.5933430128891,0.45440382564439913,0.0006069606549582828,0,0.0,False,SOXL3L_USDT_trend_down_30d_144,REAL_GATE_ETF_WINDOW,True,0.7,40246,ok,qtb.costs.fees._SPOT_VIP_TABLE[7],1.0,56,2026-07-01 09:00:00+00:00,2026-07-31 08:00:00+00:00,trend_down
SOXL3S_USDT,base,fixed_quote,off,500.0,560.6040492619717,0.12120809852394343,12.597749339986864,,,60.9013698458552,-2578.5655945138974,0.0,-2517.664224668042,5.225498653042305,0.0,5.225498653042305,0.29732058388532306,6519.872310776567,407.49201942353545,1034,428,1034,1,929.5281621052678,9295.281621052678,,0.0,0.0,,,0,9.992007221626409e-16,60.9013698458552,192.01608842067805,0.16321367515757632,0.0,0,0.0,False,SOXL3S_USDT_v_reversal_14d_492,REAL_GATE_ETF_WINDOW,True,0.0,12938,ok,qtb.costs.fees._SPOT_VIP_TABLE[7],1.0,48,2026-07-15 21:00:00+00:00,2026-07-29 20:00:00+00:00,v_reversal
SOXL3S_USDT,base,fixed_quote,off,500.0,560.6040492619717,0.12120809852394343,12.597749339986864,,,60.9013698458552,-2578.5655945138974,0.0,-2517.664224668042,5.225498653042305,3.657849057129599,1.5676495959127057,0.29732058388532306,6519.872310776567,407.49201942353545,1034,428,1034,1,929.5281621052678,9295.281621052678,,0.0,0.0,,,0,9.992007221626409e-16,60.9013698458552,192.01608842067805,0.16321367515757632,0.0,0,0.0,False,SOXL3S_USDT_v_reversal_14d_492,REAL_GATE_ETF_WINDOW,True,0.7,12938,ok,qtb.costs.fees._SPOT_VIP_TABLE[7],1.0,48,2026-07-15 21:00:00+00:00,2026-07-29 20:00:00+00:00,v_reversal
SOXL3S_USDT,conservative,fixed_quote,off,500.0,558.5566246648482,0.11711324932969647,11.508851506363413,,,41.93720377137301,-1233.6690381696349,0.0,-1191.7318343982618,2.9174709316602847,0.0,2.9174709316602847,0.3742715548593939,3634.8376590490525,227.17735369056578,1133,398,1134,1,1610.9832173403802,16109.832173403804,,0.0,0.0,,,0,0.04478339879679205,41.93720377137301,192.03382662746054,0.16321367515757632,0.01773820678250872,0,0.0,False,SOXL3S_USDT_v_reversal_14d_492,REAL_GATE_ETF_WINDOW,True,0.0,12938,ok,qtb.costs.fees._SPOT_VIP_TABLE[7],1.0,48,2026-07-15 21:00:00+00:00,2026-07-29 20:00:00+00:00,v_reversal
SOXL3S_USDT,conservative,fixed_quote,off,500.0,558.5566246648482,0.11711324932969647,11.508851506363413,,,41.93720377137301,-1233.6690381696349,0.0,-1191.7318343982618,2.9174709316602847,2.0422296521621965,0.8752412794980882,0.3742715548593939,3634.8376590490525,227.17735369056578,1133,398,1134,1,1610.9832173403802,16109.832173403804,,0.0,0.0,,,0,0.04478339879679205,41.93720377137301,192.03382662746054,0.16321367515757632,0.01773820678250872,0,0.0,False,SOXL3S_USDT_v_reversal_14d_492,REAL_GATE_ETF_WINDOW,True,0.7,12938,ok,qtb.costs.fees._SPOT_VIP_TABLE[7],1.0,48,2026-07-15 21:00:00+00:00,2026-07-29 20:00:00+00:00,v_reversal
SOXL3S_USDT,base,fixed_quote,off,500.0,594.332043380806,0.18866408676161206,26.66467759911832,,,97.78297354970339,-5807.576543836037,0.0,-5709.793570286333,10.465970497208652,0.0,10.465970497208652,3.468222787572377,13070.46211598451,687.9190587360268,1818,748,1818,1,721.719267029149,7217.19267029149,,0.0,0.0,,,0,0.03511049564141511,97.78297354970339,192.01608842067802,0.16321367515757632,0.0,0,0.0,False,SOXL3S_USDT_rise_then_fall_60d_12,REAL_GATE_ETF_WINDOW,True,0.0,15862,ok,qtb.costs.fees._SPOT_VIP_TABLE[7],1.0,48,2026-06-25 21:00:00+00:00,2026-08-24 20:00:00+00:00,rise_then_fall
SOXL3S_USDT,base,fixed_quote,off,500.0,594.332043380806,0.18866408676161206,26.66467759911832,,,97.78297354970339,-5807.576543836037,0.0,-5709.793570286333,10.465970497208652,7.326179348046035,3.1397911491626163,3.468222787572377,13070.46211598451,687.9190587360268,1818,748,1818,1,721.719267029149,7217.19267029149,,0.0,0.0,,,0,0.03511049564141511,97.78297354970339,192.01608842067802,0.16321367515757632,0.0,0,0.0,False,SOXL3S_USDT_rise_then_fall_60d_12,REAL_GATE_ETF_WINDOW,True,0.7,15862,ok,qtb.costs.fees._SPOT_VIP_TABLE[7],1.0,48,2026-06-25 21:00:00+00:00,2026-08-24 20:00:00+00:00,rise_then_fall
SOXL3S_USDT,conservative,fixed_quote,off,500.0,584.9024086518323,0.1698048173036646,19.346718111476022,,,88.2590979678809,-4995.445750308877,0.0,-4907.186652340996,9.119333056299327,0.0,9.119333056299327,3.3739602820674173,11387.165314847834,599.3244902551492,1935,729,1935,1,745.5974011471249,7455.9740114712495,,0.0,0.0,,,0,0.03567653733342069,88.2590979678809,192.01634267926968,0.16321367515757632,0.0002542585916660482,0,0.0,False,SOXL3S_USDT_rise_then_fall_60d_12,REAL_GATE_ETF_WINDOW,True,0.0,15862,ok,qtb.costs.fees._SPOT_VIP_TABLE[7],1.0,48,2026-06-25 21:00:00+00:00,2026-08-24 20:00:00+00:00,rise_then_fall
SOXL3S_USDT,conservative,fixed_quote,off,500.0,584.9024086518323,0.1698048173036646,19.346718111476022,,,88.2590979678809,-4995.445750308877,0.0,-4907.186652340996,9.119333056299327,6.383533139409519,2.7357999168898077,3.3739602820674173,11387.165314847834,599.3244902551492,1935,729,1935,1,745.5974011471249,7455.9740114712495,,0.0,0.0,,,0,0.03567653733342069,88.2590979678809,192.01634267926968,0.16321367515757632,0.0002542585916660482,0,0.0,False,SOXL3S_USDT_rise_then_fall_60d_12,REAL_GATE_ETF_WINDOW,True,0.7,15862,ok,qtb.costs.fees._SPOT_VIP_TABLE[7],1.0,48,2026-06-25 21:00:00+00:00,2026-08-24 20:00:00+00:00,rise_then_fall
SOXL3S_USDT,base,fixed_quote,off,500.0,619.1726173095974,0.23834523461919477,28.74116689573496,,,128.00984454622014,-8424.514694439742,0.0,-8296.504849893521,14.813884977259734,0.0,14.813884977259734,4.068488803092495,18505.355216048563,804.5806615673289,2405,1025,2405,1,643.9898932944895,6439.898932944895,,0.0,0.0,,,0,0.16066805731611533,128.00984454622014,192.01608842067802,0.16321367515757632,0.0,0,0.0,False,SOXL3S_USDT_drop_then_rise_60d_108,REAL_GATE_ETF_WINDOW,True,0.0,19781,ok,qtb.costs.fees._SPOT_VIP_TABLE[7],1.0,48,2026-06-29 21:00:00+00:00,2026-08-28 20:00:00+00:00,drop_then_rise
SOXL3S_USDT,base,fixed_quote,off,500.0,619.1726173095974,0.23834523461919477,28.74116689573496,,,128.00984454622014,-8424.514694439742,0.0,-8296.504849893521,14.813884977259734,10.369719484081926,4.444165493177808,4.068488803092495,18505.355216048563,804.5806615673289,2405,1025,2405,1,643.9898932944895,6439.898932944895,,0.0,0.0,,,0,0.16066805731611533,128.00984454622014,192.01608842067802,0.16321367515757632,0.0,0,0.0,False,SOXL3S_USDT_drop_then_rise_60d_108,REAL_GATE_ETF_WINDOW,True,0.7,19781,ok,qtb.costs.fees._SPOT_VIP_TABLE[7],1.0,48,2026-06-29 21:00:00+00:00,2026-08-28 20:00:00+00:00,drop_then_rise
SOXL3S_USDT,conservative,fixed_quote,off,500.0,608.3513864977564,0.21670277299551266,21.482310642895857,,,116.3650540027466,-7332.881703050939,0.0,-7216.516649048192,13.15657676249659,0.0,13.15657676249659,3.922305355318172,16433.719947594447,714.509562938889,2544,1004,2544,1,659.3235545164365,6593.235545164365,,0.0,0.0,,,0,0.14159430299020925,116.3650540027466,192.01634267926968,0.16321367515757632,0.0002542585916660482,0,0.0,False,SOXL3S_USDT_drop_then_rise_60d_108,REAL_GATE_ETF_WINDOW,True,0.0,19781,ok,qtb.costs.fees._SPOT_VIP_TABLE[7],1.0,48,2026-06-29 21:00:00+00:00,2026-08-28 20:00:00+00:00,drop_then_rise
SOXL3S_USDT,conservative,fixed_quote,off,500.0,608.3513864977564,0.21670277299551266,21.482310642895857,,,116.3650540027466,-7332.881703050939,0.0,-7216.516649048192,13.15657676249659,9.209603733747608,3.9469730287489817,3.922305355318172,16433.719947594447,714.509562938889,2544,1004,2544,1,659.3235545164365,6593.235545164365,,0.0,0.0,,,0,0.14159430299020925,116.3650540027466,192.01634267926968,0.16321367515757632,0.0002542585916660482,0,0.0,False,SOXL3S_USDT_drop_then_rise_60d_108,REAL_GATE_ETF_WINDOW,True,0.7,19781,ok,qtb.costs.fees._SPOT_VIP_TABLE[7],1.0,48,2026-06-29 21:00:00+00:00,2026-08-28 20:00:00+00:00,drop_then_rise
SOXL3S_USDT,base,fixed_quote,off,500.0,272.45528923348115,-0.45508942153303766,-0.9990172121974419,,,51.92884001939983,-2570.221458939084,0.0,-2518.292618919684,4.2850593941324675,0.0,4.2850593941324675,4.5549699904631655,5344.323237139282,167.01010116060257,656,288,656,1,-4257.689901412463,-42576.899014124625,,0.0,0.0,,,0,0.5655950291632916,51.92884001939983,192.016088420678,0.1632136751575763,0.0,0,0.0,False,SOXL3S_USDT_v_reversal_30d_828,REAL_GATE_ETF_WINDOW,True,0.0,31818,ok,qtb.costs.fees._SPOT_VIP_TABLE[7],1.0,48,2026-07-29 21:00:00+00:00,2026-08-28 20:00:00+00:00,v_reversal
SOXL3S_USDT,base,fixed_quote,off,500.0,272.45528923348115,-0.45508942153303766,-0.9990172121974419,,,51.92884001939983,-2570.221458939084,0.0,-2518.292618919684,4.2850593941324675,2.9995415758927195,1.285517818239748,4.5549699904631655,5344.323237139282,167.01010116060257,656,288,656,1,-4257.689901412463,-42576.899014124625,,0.0,0.0,,,0,0.5655950291632916,51.92884001939983,192.016088420678,0.1632136751575763,0.0,0,0.0,False,SOXL3S_USDT_v_reversal_30d_828,REAL_GATE_ETF_WINDOW,True,0.7,31818,ok,qtb.costs.fees._SPOT_VIP_TABLE[7],1.0,48,2026-07-29 21:00:00+00:00,2026-08-28 20:00:00+00:00,v_reversal
SOXL3S_USDT,conservative,fixed_quote,off,500.0,320.5344826151033,-0.3589310347697934,-0.9937265370661351,,,46.79240356987914,-1913.4539750647386,0.0,-1866.6615714948596,3.513743410381302,0.0,3.513743410381302,3.6720643537729116,4380.178257450338,136.88057054532305,706,276,706,1,-4097.219492828631,-40972.19492828631,,0.0,0.0,,,0,0.3871380129735279,46.79240356987914,192.02344958948845,0.1632136751575763,0.007361168810468975,0,0.0,False,SOXL3S_USDT_v_reversal_30d_828,REAL_GATE_ETF_WINDOW,True,0.0,31818,ok,qtb.costs.fees._SPOT_VIP_TABLE[7],1.0,48,2026-07-29 21:00:00+00:00,2026-08-28 20:00:00+00:00,v_reversal
SOXL3S_USDT,conservative,fixed_quote,off,500.0,320.5344826151033,-0.3589310347697934,-0.9937265370661351,,,46.79240356987914,-1913.4539750647386,0.0,-1866.6615714948596,3.513743410381302,2.459620387266908,1.054123023114394,3.6720643537729116,4380.178257450338,136.88057054532305,706,276,706,1,-4097.219492828631,-40972.19492828631,,0.0,0.0,,,0,0.3871380129735279,46.79240356987914,192.02344958948845,0.1632136751575763,0.007361168810468975,0,0.0,False,SOXL3S_USDT_v_reversal_30d_828,REAL_GATE_ETF_WINDOW,True,0.7,31818,ok,qtb.costs.fees._SPOT_VIP_TABLE[7],1.0,48,2026-07-29 21:00:00+00:00,2026-08-28 20:00:00+00:00,v_reversal
SNXX3L_USDT,base,fixed_quote,off,600.0,735.1123688604564,0.22518728143409406,101.82981869151713,,,114.58703307969031,-2718.6705819775134,0.0,-2604.083548897823,5.949401416997338,0.0,5.949401416997338,1.6120904983870774,7424.402846580694,464.0251779112934,1973,751,1973,1,1819.841563724985,18198.415637249847,,0.0,0.0,,,0,0.04267894961477503,114.58703307969031,197.5827946554182,0.16794537545710547,0.0,0,0.0,False,SNXX3L_USDT_v_reversal_14d_132,REAL_GATE_ETF_WINDOW,True,0.0,16400,ok,qtb.costs.fees._SPOT_VIP_TABLE[7],1.0,64,2026-08-03 19:00:00+00:00,2026-08-17 18:00:00+00:00,v_reversal
SNXX3L_USDT,base,fixed_quote,off,600.0,735.1123688604564,0.22518728143409406,101.82981869151713,,,114.58703307969031,-2718.6705819775134,0.0,-2604.083548897823,5.949401416997338,4.16458099189817,1.7848204250991682,1.6120904983870774,7424.402846580694,464.0251779112934,1973,751,1973,1,1819.841563724985,18198.415637249847,,0.0,0.0,,,0,0.04267894961477503,114.58703307969031,197.5827946554182,0.16794537545710547,0.0,0,0.0,False,SNXX3L_USDT_v_reversal_14d_132,REAL_GATE_ETF_WINDOW,True,0.7,16400,ok,qtb.costs.fees._SPOT_VIP_TABLE[7],1.0,64,2026-08-03 19:00:00+00:00,2026-08-17 18:00:00+00:00,v_reversal
SNXX3L_USDT,conservative,fixed_quote,off,600.0,709.0274745734152,0.18171245762235877,44.09991821700981,,,87.74535143322703,-1489.1820393356493,0.0,-1401.4366879024224,3.4442093370585405,0.0,3.4442093370585405,0.8545276302873136,4292.912746657203,268.30704666607517,2280,728,2280,1,2539.7086082942765,25397.086082942766,,0.0,0.0,,,0,0.04424909453708459,87.74535143322703,197.59939825160777,0.16794537545710547,0.016603596189529116,0,0.0,False,SNXX3L_USDT_v_reversal_14d_132,REAL_GATE_ETF_WINDOW,True,0.0,16400,ok,qtb.costs.fees._SPOT_VIP_TABLE[7],1.0,64,2026-08-03 19:00:00+00:00,2026-08-17 18:00:00+00:00,v_reversal
SNXX3L_USDT,conservative,fixed_quote,off,600.0,709.0274745734152,0.18171245762235877,44.09991821700981,,,87.74535143322703,-1489.1820393356493,0.0,-1401.4366879024224,3.4442093370585405,2.410946535940961,1.0332628011175795,0.8545276302873136,4292.912746657203,268.30704666607517,2280,728,2280,1,2539.7086082942765,25397.086082942766,,0.0,0.0,,,0,0.04424909453708459,87.74535143322703,197.59939825160777,0.16794537545710547,0.016603596189529116,0,0.0,False,SNXX3L_USDT_v_reversal_14d_132,REAL_GATE_ETF_WINDOW,True,0.7,16400,ok,qtb.costs.fees._SPOT_VIP_TABLE[7],1.0,64,2026-08-03 19:00:00+00:00,2026-08-17 18:00:00+00:00,v_reversal
SNXX3L_USDT,base,fixed_quote,off,600.0,730.9729617077809,0.2182882695129682,89.40101403747231,,,118.24212503796365,-2899.718819998339,0.0,-2781.4766949603754,6.29231079366269,0.0,6.29231079366269,1.8877069842527094,7853.039567412405,490.8149729632753,1979,742,1979,1,1667.7995899992234,16677.995899992235,,0.0,0.0,,,0,0.03263450548290414,118.24212503796365,197.58279465541813,0.1679453754571054,0.0,0,0.0,False,SNXX3L_USDT_drop_then_rise_14d_72,REAL_GATE_ETF_WINDOW,True,0.0,15491,ok,qtb.costs.fees._SPOT_VIP_TABLE[7],1.0,64,2026-08-01 07:00:00+00:00,2026-08-15 06:00:00+00:00,drop_then_rise
SNXX3L_USDT,base,fixed_quote,off,600.0,730.9729617077809,0.2182882695129682,89.40101403747231,,,118.24212503796365,-2899.718819998339,0.0,-2781.4766949603754,6.29231079366269,4.404617555563923,1.887693238098767,1.8877069842527094,7853.039567412405,490.8149729632753,1979,742,1979,1,1667.7995899992234,16677.995899992235,,0.0,0.0,,,0,0.03263450548290414,118.24212503796365,197.58279465541813,0.1679453754571054,0.0,0,0.0,False,SNXX3L_USDT_drop_then_rise_14d_72,REAL_GATE_ETF_WINDOW,True,0.7,15491,ok,qtb.costs.fees._SPOT_VIP_TABLE[7],1.0,64,2026-08-01 07:00:00+00:00,2026-08-15 06:00:00+00:00,drop_then_rise
SNXX3L_USDT,conservative,fixed_quote,off,600.0,703.6598459861217,0.17276640997686954,36.92169725668558,,,90.21215947092172,-1522.1538497980791,0.0,-1431.9416903271574,3.674813714496175,0.0,3.674813714496175,1.1699472943263616,4581.1682184542615,286.32301365339134,2279,718,2279,1,2262.738258956527,22627.38258956527,,0.0,0.0,,,0,0.03390123972936909,90.21215947092172,197.60227437489516,0.1679453754571054,0.019479719477018275,0,0.0,False,SNXX3L_USDT_drop_then_rise_14d_72,REAL_GATE_ETF_WINDOW,True,0.0,15491,ok,qtb.costs.fees._SPOT_VIP_TABLE[7],1.0,64,2026-08-01 07:00:00+00:00,2026-08-15 06:00:00+00:00,drop_then_rise
SNXX3L_USDT,conservative,fixed_quote,off,600.0,703.6598459861217,0.17276640997686954,36.92169725668558,,,90.21215947092172,-1522.1538497980791,0.0,-1431.9416903271574,3.674813714496175,2.5723696001473204,1.1024441143488546,1.1699472943263616,4581.1682184542615,286.32301365339134,2279,718,2279,1,2262.738258956527,22627.38258956527,,0.0,0.0,,,0,0.03390123972936909,90.21215947092172,197.60227437489516,0.1679453754571054,0.019479719477018275,0,0.0,False,SNXX3L_USDT_drop_then_rise_14d_72,REAL_GATE_ETF_WINDOW,True,0.7,15491,ok,qtb.costs.fees._SPOT_VIP_TABLE[7],1.0,64,2026-08-01 07:00:00+00:00,2026-08-15 06:00:00+00:00,drop_then_rise
SNXX3L_USDT,base,fixed_quote,off,600.0,694.3416916325496,0.15723615272091584,9.150313381637659,,,98.32999405936624,-2559.360635596439,0.0,-2461.030641537073,4.496562335878654,0.0,4.496562335878654,1.1175349268168089,5608.353995182388,243.84147805140816,767,355,767,1,1682.163638628904,16821.63638628904,,0.0,0.0,,,0,0.1395138287780162,98.32999405936624,197.58279465541816,0.16794537545710542,0.0,0,0.0,False,SNXX3L_USDT_high_vol_chop_21d_264,REAL_GATE_ETF_WINDOW,True,0.0,23372,ok,qtb.costs.fees._SPOT_VIP_TABLE[7],1.0,64,2026-08-09 07:00:00+00:00,2026-08-30 06:00:00+00:00,high_vol_chop
SNXX3L_USDT,base,fixed_quote,off,600.0,694.3416916325496,0.15723615272091584,9.150313381637659,,,98.32999405936624,-2559.360635596439,0.0,-2461.030641537073,4.496562335878654,3.147593635115095,1.348968700763559,1.1175349268168089,5608.353995182388,243.84147805140816,767,355,767,1,1682.163638628904,16821.63638628904,,0.0,0.0,,,0,0.1395138287780162,98.32999405936624,197.58279465541816,0.16794537545710542,0.0,0,0.0,False,SNXX3L_USDT_high_vol_chop_21d_264,REAL_GATE_ETF_WINDOW,True,0.7,23372,ok,qtb.costs.fees._SPOT_VIP_TABLE[7],1.0,64,2026-08-09 07:00:00+00:00,2026-08-30 06:00:00+00:00,high_vol_chop
SNXX3L_USDT,conservative,fixed_quote,off,600.0,685.5837434711382,0.14263957245189696,7.298408105953245,,,88.28914412467604,-1737.8367647254304,0.0,-1649.5476206007543,3.5461588086016698,0.0,3.5461588086016698,1.09832030691088,4420.349586086129,192.18911243852736,883,350,883,1,1936.1306567364918,19361.306567364918,,0.0,0.0,,,0,0.12680687655293454,88.28914412467604,197.583147652032,0.16794537545710542,0.0003529966138336337,0,0.0,False,SNXX3L_USDT_high_vol_chop_21d_264,REAL_GATE_ETF_WINDOW,True,0.0,23372,ok,qtb.costs.fees._SPOT_VIP_TABLE[7],1.0,64,2026-08-09 07:00:00+00:00,2026-08-30 06:00:00+00:00,high_vol_chop
SNXX3L_USDT,conservative,fixed_quote,off,600.0,685.5837434711382,0.14263957245189696,7.298408105953245,,,88.28914412467604,-1737.8367647254304,0.0,-1649.5476206007543,3.5461588086016698,2.482311166021178,1.063847642580492,1.09832030691088,4420.349586086129,192.18911243852736,883,350,883,1,1936.1306567364918,19361.306567364918,,0.0,0.0,,,0,0.12680687655293454,88.28914412467604,197.583147652032,0.16794537545710542,0.0003529966138336337,0,0.0,False,SNXX3L_USDT_high_vol_chop_21d_264,REAL_GATE_ETF_WINDOW,True,0.7,23372,ok,qtb.costs.fees._SPOT_VIP_TABLE[7],1.0,64,2026-08-09 07:00:00+00:00,2026-08-30 06:00:00+00:00,high_vol_chop
SNXX3L_USDT,base,fixed_quote,off,600.0,703.3732315871277,0.1722887193118796,36.570890642862494,,,147.46611748289476,-4165.424162784593,0.0,-4017.9580453016983,9.238622411360167,0.0,9.238622411360167,1.8463244597505377,11535.92908953414,720.9955680958838,2821,1021,2822,1,896.0980150347153,8960.980150347154,,0.0,0.0,,,0,0.24407590418031133,147.46611748289476,197.5827946554182,0.16794537545710547,0.0,0,0.0,False,SNXX3L_USDT_rise_then_fall_14d_0,REAL_GATE_ETF_WINDOW,True,0.0,15309,ok,qtb.costs.fees._SPOT_VIP_TABLE[7],1.0,64,2026-07-29 07:00:00+00:00,2026-08-12 06:00:00+00:00,rise_then_fall
SNXX3L_USDT,base,fixed_quote,off,600.0,703.3732315871277,0.1722887193118796,36.570890642862494,,,147.46611748289476,-4165.424162784593,0.0,-4017.9580453016983,9.238622411360167,6.467035687952098,2.7715867234080687,1.8463244597505377,11535.92908953414,720.9955680958838,2821,1021,2822,1,896.0980150347153,8960.980150347154,,0.0,0.0,,,0,0.24407590418031133,147.46611748289476,197.5827946554182,0.16794537545710547,0.0,0,0.0,False,SNXX3L_USDT_rise_then_fall_14d_0,REAL_GATE_ETF_WINDOW,True,0.7,15309,ok,qtb.costs.fees._SPOT_VIP_TABLE[7],1.0,64,2026-07-29 07:00:00+00:00,2026-08-12 06:00:00+00:00,rise_then_fall
SNXX3L_USDT,conservative,fixed_quote,off,600.0,690.3210768058432,0.15053512800973867,23.50634717725184,,,106.10519742108778,-2032.080395056402,0.0,-1925.9751976353143,5.2934445196005475,0.0,5.2934445196005475,0.9084553039992763,6604.456724834711,412.77854530216945,3222,985,3223,1,1367.5776913823843,13675.776913823844,,0.0,0.0,,,0,0.09892040851182149,106.10519742108778,197.6025192059024,0.16794537545710547,0.01972455048421164,0,0.0,False,SNXX3L_USDT_rise_then_fall_14d_0,REAL_GATE_ETF_WINDOW,True,0.0,15309,ok,qtb.costs.fees._SPOT_VIP_TABLE[7],1.0,64,2026-07-29 07:00:00+00:00,2026-08-12 06:00:00+00:00,rise_then_fall
SNXX3L_USDT,conservative,fixed_quote,off,600.0,690.3210768058432,0.15053512800973867,23.50634717725184,,,106.10519742108778,-2032.080395056402,0.0,-1925.9751976353143,5.2934445196005475,3.7054111637203655,1.588033355880182,0.9084553039992763,6604.456724834711,412.77854530216945,3222,985,3223,1,1367.5776913823843,13675.776913823844,,0.0,0.0,,,0,0.09892040851182149,106.10519742108778,197.6025192059024,0.16794537545710547,0.01972455048421164,0,0.0,False,SNXX3L_USDT_rise_then_fall_14d_0,REAL_GATE_ETF_WINDOW,True,0.7,15309,ok,qtb.costs.fees._SPOT_VIP_TABLE[7],1.0,64,2026-07-29 07:00:00+00:00,2026-08-12 06:00:00+00:00,rise_then_fall
SNXX3S_USDT,base,fixed_quote,off,500.0,239.0786197506692,-0.5218427604986616,-0.9997786376775998,,,42.670011231434835,-1586.6573809311099,0.0,-1543.9873696996751,2.8764561273814477,0.0,2.8764561273814477,0.7679275995544576,3583.5691537005127,111.98653605314102,657,247,657,1,-7281.047722489036,-72810.47722489036,,0.0,0.0,,,0,0.019181202991679136,42.670011231434835,192.01608842067802,0.16321367515757632,0.0,0,0.0,False,SNXX3S_USDT_v_reversal_30d_0,REAL_GATE_ETF_WINDOW,True,0.0,26516,ok,qtb.costs.fees._SPOT_VIP_TABLE[7],1.0,48,2026-07-29 07:00:00+00:00,2026-08-28 06:00:00+00:00,v_reversal
SNXX3S_USDT,base,fixed_quote,off,500.0,239.0786197506692,-0.5218427604986616,-0.9997786376775998,,,42.670011231434835,-1586.6573809311099,0.0,-1543.9873696996751,2.8764561273814477,2.013519289167015,0.8629368382144329,0.7679275995544576,3583.5691537005127,111.98653605314102,657,247,657,1,-7281.047722489036,-72810.47722489036,,0.0,0.0,,,0,0.019181202991679136,42.670011231434835,192.01608842067802,0.16321367515757632,0.0,0,0.0,False,SNXX3S_USDT_v_reversal_30d_0,REAL_GATE_ETF_WINDOW,True,0.7,26516,ok,qtb.costs.fees._SPOT_VIP_TABLE[7],1.0,48,2026-07-29 07:00:00+00:00,2026-08-28 06:00:00+00:00,v_reversal
SNXX3S_USDT,conservative,fixed_quote,off,500.0,370.8946277085564,-0.2582107445828872,-0.9668573377269221,,,34.7165785222409,-798.4723736998776,0.0,-763.7557951776367,1.6478038962359156,0.0,1.6478038962359156,0.4371610952029817,2047.7538647686015,63.9923082740188,700,234,700,1,-6304.730979278735,-63047.309792787346,,0.0,0.0,,,0,0.00691593451370065,34.7165785222409,192.0350867474239,0.16321367515757632,0.01899832674588472,0,0.0,False,SNXX3S_USDT_v_reversal_30d_0,REAL_GATE_ETF_WINDOW,True,0.0,26516,ok,qtb.costs.fees._SPOT_VIP_TABLE[7],1.0,48,2026-07-29 07:00:00+00:00,2026-08-28 06:00:00+00:00,v_reversal
SNXX3S_USDT,conservative,fixed_quote,off,500.0,370.8946277085564,-0.2582107445828872,-0.9668573377269221,,,34.7165785222409,-798.4723736998776,0.0,-763.7557951776367,1.6478038962359156,1.1534627273651403,0.4943411688707753,0.4371610952029817,2047.7538647686015,63.9923082740188,700,234,700,1,-6304.730979278735,-63047.309792787346,,0.0,0.0,,,0,0.00691593451370065,34.7165785222409,192.0350867474239,0.16321367515757632,0.01899832674588472,0,0.0,False,SNXX3S_USDT_v_reversal_30d_0,REAL_GATE_ETF_WINDOW,True,0.7,26516,ok,qtb.costs.fees._SPOT_VIP_TABLE[7],1.0,48,2026-07-29 07:00:00+00:00,2026-08-28 06:00:00+00:00,v_reversal
SNXX3S_USDT,base,fixed_quote,off,500.0,280.31806550133314,-0.4393638689973337,-0.9998972745488565,,,35.778784802828845,-1077.3972403678945,0.0,-1041.6184555650657,1.880777576901656,0.0,1.880777576901656,1.3040065605959827,2338.97096560078,101.69438980872955,542,184,542,1,-9392.2471774779,-93922.47177477901,,0.0,0.0,,,0,0.06870598299493968,35.778784802828845,192.01608842067802,0.16321367515757632,0.0,0,0.0,False,SNXX3S_USDT_drop_then_rise_21d_120,REAL_GATE_ETF_WINDOW,True,0.0,17783,ok,qtb.costs.fees._SPOT_VIP_TABLE[7],1.0,48,2026-08-03 07:00:00+00:00,2026-08-24 06:00:00+00:00,drop_then_rise
SNXX3S_USDT,base,fixed_quote,off,500.0,280.31806550133314,-0.4393638689973337,-0.9998972745488565,,,35.778784802828845,-1077.3972403678945,0.0,-1041.6184555650657,1.880777576901656,1.316544303831162,0.564233273070494,1.3040065605959827,2338.97096560078,101.69438980872955,542,184,542,1,-9392.2471774779,-93922.47177477901,,0.0,0.0,,,0,0.06870598299493968,35.778784802828845,192.01608842067802,0.16321367515757632,0.0,0,0.0,False,SNXX3S_USDT_drop_then_rise_21d_120,REAL_GATE_ETF_WINDOW,True,0.7,17783,ok,qtb.costs.fees._SPOT_VIP_TABLE[7],1.0,48,2026-08-03 07:00:00+00:00,2026-08-24 06:00:00+00:00,drop_then_rise
SNXX3S_USDT,conservative,fixed_quote,off,500.0,362.20850248019144,-0.27558299503961714,-0.9940009769036992,,,31.50277974876212,-668.4543082331462,0.0,-636.9515284843841,1.1963824802320975,0.0,1.1963824802320975,0.8632665827865063,1483.4770947638312,64.49900412016657,605,165,605,1,-9288.414226695215,-92884.14226695214,,0.0,0.0,,,0,0.03444468998980421,31.50277974876212,192.01698285000734,0.16321367515757632,0.0008944293293314236,0,0.0,False,SNXX3S_USDT_drop_then_rise_21d_120,REAL_GATE_ETF_WINDOW,True,0.0,17783,ok,qtb.costs.fees._SPOT_VIP_TABLE[7],1.0,48,2026-08-03 07:00:00+00:00,2026-08-24 06:00:00+00:00,drop_then_rise
SNXX3S_USDT,conservative,fixed_quote,off,500.0,362.20850248019144,-0.27558299503961714,-0.9940009769036992,,,31.50277974876212,-668.4543082331462,0.0,-636.9515284843841,1.1963824802320975,0.8374677361624682,0.3589147440696293,0.8632665827865063,1483.4770947638312,64.49900412016657,605,165,605,1,-9288.414226695215,-92884.14226695214,,0.0,0.0,,,0,0.03444468998980421,31.50277974876212,192.01698285000734,0.16321367515757632,0.0008944293293314236,0,0.0,False,SNXX3S_USDT_drop_then_rise_21d_120,REAL_GATE_ETF_WINDOW,True,0.7,17783,ok,qtb.costs.fees._SPOT_VIP_TABLE[7],1.0,48,2026-08-03 07:00:00+00:00,2026-08-24 06:00:00+00:00,drop_then_rise
SNXX3S_USDT,base,fixed_quote,off,500.0,238.0672763967976,-0.5238654472064048,-0.9999923138219211,,,42.670011231434835,-1587.7055102983777,0.0,-1545.035499066943,2.8764561273814477,0.0,2.8764561273814477,0.7311415861581729,3583.5691537005127,155.80735450871794,657,247,657,1,-7309.269400667821,-73092.69400667821,,0.0,0.0,,,0,0.014860027059089731,42.670011231434835,192.01608842067802,0.16321367515757632,0.0,0,0.0,False,SNXX3S_USDT_trend_down_21d_12,REAL_GATE_ETF_WINDOW,True,0.0,18782,ok,qtb.costs.fees._SPOT_VIP_TABLE[7],1.0,48,2026-07-29 19:00:00+00:00,2026-08-19 18:00:00+00:00,trend_down
SNXX3S_USDT,base,fixed_quote,off,500.0,238.0672763967976,-0.5238654472064048,-0.9999923138219211,,,42.670011231434835,-1587.7055102983777,0.0,-1545.035499066943,2.8764561273814477,2.013519289167015,0.8629368382144329,0.7311415861581729,3583.5691537005127,155.80735450871794,657,247,657,1,-7309.269400667821,-73092.69400667821,,0.0,0.0,,,0,0.014860027059089731,42.670011231434835,192.01608842067802,0.16321367515757632,0.0,0,0.0,False,SNXX3S_USDT_trend_down_21d_12,REAL_GATE_ETF_WINDOW,True,0.7,18782,ok,qtb.costs.fees._SPOT_VIP_TABLE[7],1.0,48,2026-07-29 19:00:00+00:00,2026-08-19 18:00:00+00:00,trend_down
SNXX3S_USDT,conservative,fixed_quote,off,500.0,370.32893125177395,-0.2593421374964521,-0.9914711869516614,,,34.7165785222409,-799.0586464696972,0.0,-764.3420679474564,1.6478038962359156,0.0,1.6478038962359156,0.4165847821657078,2047.7538647686015,89.03277672906962,700,234,700,1,-6332.356196670103,-63323.561966701025,,0.0,0.0,,,0,0.005343385352603591,34.7165785222409,192.0350867474239,0.16321367515757632,0.01899832674588472,0,0.0,False,SNXX3S_USDT_trend_down_21d_12,REAL_GATE_ETF_WINDOW,True,0.0,18782,ok,qtb.costs.fees._SPOT_VIP_TABLE[7],1.0,48,2026-07-29 19:00:00+00:00,2026-08-19 18:00:00+00:00,trend_down
SNXX3S_USDT,conservative,fixed_quote,off,500.0,370.32893125177395,-0.2593421374964521,-0.9914711869516614,,,34.7165785222409,-799.0586464696972,0.0,-764.3420679474564,1.6478038962359156,1.1534627273651403,0.4943411688707753,0.4165847821657078,2047.7538647686015,89.03277672906962,700,234,700,1,-6332.356196670103,-63323.561966701025,,0.0,0.0,,,0,0.005343385352603591,34.7165785222409,192.0350867474239,0.16321367515757632,0.01899832674588472,0,0.0,False,SNXX3S_USDT_trend_down_21d_12,REAL_GATE_ETF_WINDOW,True,0.7,18782,ok,qtb.costs.fees._SPOT_VIP_TABLE[7],1.0,48,2026-07-29 19:00:00+00:00,2026-08-19 18:00:00+00:00,trend_down
SNXX3S_USDT,base,fixed_quote,off,500.0,238.0672763967976,-0.5238654472064048,-0.9999923138219211,,,42.670011231434835,-1587.7055102983777,0.0,-1545.035499066943,2.8764561273814477,0.0,2.8764561273814477,0.7311415861581729,3583.5691537005127,155.80735450871794,657,247,657,1,-7309.269400667821,-73092.69400667821,,0.0,0.0,,,0,0.014860027059089731,42.670011231434835,192.01608842067802,0.16321367515757632,0.0,0,0.0,False,SNXX3S_USDT_rise_then_fall_21d_0,REAL_GATE_ETF_WINDOW,True,0.0,18782,ok,qtb.costs.fees._SPOT_VIP_TABLE[7],1.0,48,2026-07-29 07:00:00+00:00,2026-08-19 06:00:00+00:00,rise_then_fall
SNXX3S_USDT,base,fixed_quote,off,500.0,238.0672763967976,-0.5238654472064048,-0.9999923138219211,,,42.670011231434835,-1587.7055102983777,0.0,-1545.035499066943,2.8764561273814477,2.013519289167015,0.8629368382144329,0.7311415861581729,3583.5691537005127,155.80735450871794,657,247,657,1,-7309.269400667821,-73092.69400667821,,0.0,0.0,,,0,0.014860027059089731,42.670011231434835,192.01608842067802,0.16321367515757632,0.0,0,0.0,False,SNXX3S_USDT_rise_then_fall_21d_0,REAL_GATE_ETF_WINDOW,True,0.7,18782,ok,qtb.costs.fees._SPOT_VIP_TABLE[7],1.0,48,2026-07-29 07:00:00+00:00,2026-08-19 06:00:00+00:00,rise_then_fall
SNXX3S_USDT,conservative,fixed_quote,off,500.0,370.32893125177395,-0.2593421374964521,-0.9914711869516614,,,34.7165785222409,-799.0586464696972,0.0,-764.3420679474564,1.6478038962359156,0.0,1.6478038962359156,0.4165847821657078,2047.7538647686015,89.03277672906962,700,234,700,1,-6332.356196670103,-63323.561966701025,,0.0,0.0,,,0,0.005343385352603591,34.7165785222409,192.0350867474239,0.16321367515757632,0.01899832674588472,0,0.0,False,SNXX3S_USDT_rise_then_fall_21d_0,REAL_GATE_ETF_WINDOW,True,0.0,18782,ok,qtb.costs.fees._SPOT_VIP_TABLE[7],1.0,48,2026-07-29 07:00:00+00:00,2026-08-19 06:00:00+00:00,rise_then_fall
SNXX3S_USDT,conservative,fixed_quote,off,500.0,370.32893125177395,-0.2593421374964521,-0.9914711869516614,,,34.7165785222409,-799.0586464696972,0.0,-764.3420679474564,1.6478038962359156,1.1534627273651403,0.4943411688707753,0.4165847821657078,2047.7538647686015,89.03277672906962,700,234,700,1,-6332.356196670103,-63323.561966701025,,0.0,0.0,,,0,0.005343385352603591,34.7165785222409,192.0350867474239,0.16321367515757632,0.01899832674588472,0,0.0,False,SNXX3S_USDT_rise_then_fall_21d_0,REAL_GATE_ETF_WINDOW,True,0.7,18782,ok,qtb.costs.fees._SPOT_VIP_TABLE[7],1.0,48,2026-07-29 07:00:00+00:00,2026-08-19 06:00:00+00:00,rise_then_fall
BTC3L_USDT,base,fixed_quote,off,300.0,324.0359079625705,0.08011969320856838,1.4087331042436952,,,22.757802059749224,-549.6575009476574,0.0,-526.8996988879081,1.3359764531492506,0.0,1.3359764531492506,2.928605822923252,1662.2917548732607,51.9466173397894,707,258,707,1,1445.950020031416,14459.50020031416,,0.0,0.0,,,0,0.10803871569924517,22.757802059749224,122.8609850128576,0.10443183726092896,0.0,0,0.0,False,BTC3L_USDT_v_reversal_90d_3792,REAL_GATE_ETF_WINDOW,True,0.0,10770,ok,qtb.costs.fees._SPOT_VIP_TABLE[7],1.0,40,2025-02-02 11:00:00+00:00,2025-05-22 22:00:00+00:00,v_reversal
BTC3L_USDT,base,fixed_quote,off,300.0,324.0359079625705,0.08011969320856838,1.4087331042436952,,,22.757802059749224,-549.6575009476574,0.0,-526.8996988879081,1.3359764531492506,0.9351835172044762,0.4007929359447744,2.928605822923252,1662.2917548732607,51.9466173397894,707,258,707,1,1445.950020031416,14459.50020031416,,0.0,0.0,,,0,0.10803871569924517,22.757802059749224,122.8609850128576,0.10443183726092896,0.0,0,0.0,False,BTC3L_USDT_v_reversal_90d_3792,REAL_GATE_ETF_WINDOW,True,0.7,10770,ok,qtb.costs.fees._SPOT_VIP_TABLE[7],1.0,40,2025-02-02 11:00:00+00:00,2025-05-22 22:00:00+00:00,v_reversal
BTC3L_USDT,conservative,fixed_quote,off,300.0,318.61653066028146,0.06205510220093813,0.9871917946467446,,,16.799389712384155,-300.62609697011806,0.0,-283.8267072577339,0.6891092750062229,0.0,0.6891092750062229,2.585560294500566,853.7077821944744,26.678368193577324,730,256,730,1,2180.6677938939783,21806.677938939785,,0.0,0.0,,,0,0.09165593268558836,16.799389712384155,122.8625695798331,0.10443183726092896,0.0015845669755026215,0,0.0,False,BTC3L_USDT_v_reversal_90d_3792,REAL_GATE_ETF_WINDOW,True,0.0,10770,ok,qtb.costs.fees._SPOT_VIP_TABLE[7],1.0,40,2025-02-02 11:00:00+00:00,2025-05-22 22:00:00+00:00,v_reversal
BTC3L_USDT,conservative,fixed_quote,off,300.0,318.61653066028146,0.06205510220093813,0.9871917946467446,,,16.799389712384155,-300.62609697011806,0.0,-283.8267072577339,0.6891092750062229,0.48237649250435544,0.20673278250186744,2.585560294500566,853.7077821944744,26.678368193577324,730,256,730,1,2180.6677938939783,21806.677938939785,,0.0,0.0,,,0,0.09165593268558836,16.799389712384155,122.8625695798331,0.10443183726092896,0.0015845669755026215,0,0.0,False,BTC3L_USDT_v_reversal_90d_3792,REAL_GATE_ETF_WINDOW,True,0.7,10770,ok,qtb.costs.fees._SPOT_VIP_TABLE[7],1.0,40,2025-02-02 11:00:00+00:00,2025-05-22 22:00:00+00:00,v_reversal
BTC3L_USDT,base,fixed_quote,off,300.0,282.34666797762276,-0.058844440074590776,-0.4993024309056402,,,12.399126717892127,-509.6396783246371,0.0,-497.240551606745,1.2063901721649988,0.0,1.2063901721649988,4.957468485928821,1500.3089036429421,46.88465323884194,287,111,287,1,-1176.646487900771,-11766.464879007712,,0.0,0.0,,,0,0.5460264152149079,12.399126717892127,122.86098501285764,0.10443183726092899,0.0,0,0.0,False,BTC3L_USDT_drop_then_rise_90d_288,REAL_GATE_ETF_WINDOW,True,0.0,27096,ok,qtb.costs.fees._SPOT_VIP_TABLE[7],1.0,40,2024-07-15 23:00:00+00:00,2024-11-18 09:00:00+00:00,drop_then_rise
BTC3L_USDT,base,fixed_quote,off,300.0,282.34666797762276,-0.058844440074590776,-0.4993024309056402,,,12.399126717892127,-509.6396783246371,0.0,-497.240551606745,1.2063901721649988,0.8444731205154974,0.3619170516495014,4.957468485928821,1500.3089036429421,46.88465323884194,287,111,287,1,-1176.646487900771,-11766.464879007712,,0.0,0.0,,,0,0.5460264152149079,12.399126717892127,122.86098501285764,0.10443183726092899,0.0,0,0.0,False,BTC3L_USDT_drop_then_rise_90d_288,REAL_GATE_ETF_WINDOW,True,0.7,27096,ok,qtb.costs.fees._SPOT_VIP_TABLE[7],1.0,40,2024-07-15 23:00:00+00:00,2024-11-18 09:00:00+00:00,drop_then_rise
BTC3L_USDT,conservative,fixed_quote,off,300.0,285.14668084356856,-0.04951106385477144,-0.43965084520279374,,,7.336283886060149,-183.5377864134556,0.0,-176.20150252739543,0.6174348740730249,0.0,0.6174348740730249,3.3247358031269614,764.1147810279782,23.87858690712432,353,109,353,1,-1943.8596825007082,-19438.596825007084,,0.0,0.0,,,0,0.3711993779524422,7.336283886060149,122.86289733537872,0.10443183726092899,0.0019123225210915889,0,0.0,False,BTC3L_USDT_drop_then_rise_90d_288,REAL_GATE_ETF_WINDOW,True,0.0,27096,ok,qtb.costs.fees._SPOT_VIP_TABLE[7],1.0,40,2024-07-15 23:00:00+00:00,2024-11-18 09:00:00+00:00,drop_then_rise
BTC3L_USDT,conservative,fixed_quote,off,300.0,285.14668084356856,-0.04951106385477144,-0.43965084520279374,,,7.336283886060149,-183.5377864134556,0.0,-176.20150252739543,0.6174348740730249,0.43220441185111763,0.18523046222190725,3.3247358031269614,764.1147810279782,23.87858690712432,353,109,353,1,-1943.8596825007082,-19438.596825007084,,0.0,0.0,,,0,0.3711993779524422,7.336283886060149,122.86289733537872,0.10443183726092899,0.0019123225210915889,0,0.0,False,BTC3L_USDT_drop_then_rise_90d_288,REAL_GATE_ETF_WINDOW,True,0.7,27096,ok,qtb.costs.fees._SPOT_VIP_TABLE[7],1.0,40,2024-07-15 23:00:00+00:00,2024-11-18 09:00:00+00:00,drop_then_rise
BTC3L_USDT,base,fixed_quote,off,300.0,324.0359079625705,0.08011969320856838,1.4087331042436952,,,22.757802059749224,-549.6575009476574,0.0,-526.8996988879081,1.3359764531492506,0.0,1.3359764531492506,2.928605822923252,1662.2917548732607,51.9466173397894,707,258,707,1,1445.950020031416,14459.50020031416,,0.0,0.0,,,0,0.10803871569924517,22.757802059749224,122.8609850128576,0.10443183726092896,0.0,0,0.0,False,BTC3L_USDT_drop_then_rise_90d_3504,REAL_GATE_ETF_WINDOW,True,0.0,10770,ok,qtb.costs.fees._SPOT_VIP_TABLE[7],1.0,40,2025-01-18 20:00:00+00:00,2025-05-10 11:00:00+00:00,drop_then_rise
BTC3L_USDT,base,fixed_quote,off,300.0,324.0359079625705,0.08011969320856838,1.4087331042436952,,,22.757802059749224,-549.6575009476574,0.0,-526.8996988879081,1.3359764531492506,0.9351835172044762,0.4007929359447744,2.928605822923252,1662.2917548732607,51.9466173397894,707,258,707,1,1445.950020031416,14459.50020031416,,0.0,0.0,,,0,0.10803871569924517,22.757802059749224,122.8609850128576,0.10443183726092896,0.0,0,0.0,False,BTC3L_USDT_drop_then_rise_90d_3504,REAL_GATE_ETF_WINDOW,True,0.7,10770,ok,qtb.costs.fees._SPOT_VIP_TABLE[7],1.0,40,2025-01-18 20:00:00+00:00,2025-05-10 11:00:00+00:00,drop_then_rise
BTC3L_USDT,conservative,fixed_quote,off,300.0,318.61653066028146,0.06205510220093813,0.9871917946467446,,,16.799389712384155,-300.62609697011806,0.0,-283.8267072577339,0.6891092750062229,0.0,0.6891092750062229,2.585560294500566,853.7077821944744,26.678368193577324,730,256,730,1,2180.6677938939783,21806.677938939785,,0.0,0.0,,,0,0.09165593268558836,16.799389712384155,122.8625695798331,0.10443183726092896,0.0015845669755026215,0,0.0,False,BTC3L_USDT_drop_then_rise_90d_3504,REAL_GATE_ETF_WINDOW,True,0.0,10770,ok,qtb.costs.fees._SPOT_VIP_TABLE[7],1.0,40,2025-01-18 20:00:00+00:00,2025-05-10 11:00:00+00:00,drop_then_rise
BTC3L_USDT,conservative,fixed_quote,off,300.0,318.61653066028146,0.06205510220093813,0.9871917946467446,,,16.799389712384155,-300.62609697011806,0.0,-283.8267072577339,0.6891092750062229,0.48237649250435544,0.20673278250186744,2.585560294500566,853.7077821944744,26.678368193577324,730,256,730,1,2180.6677938939783,21806.677938939785,,0.0,0.0,,,0,0.09165593268558836,16.799389712384155,122.8625695798331,0.10443183726092896,0.0015845669755026215,0,0.0,False,BTC3L_USDT_drop_then_rise_90d_3504,REAL_GATE_ETF_WINDOW,True,0.7,10770,ok,qtb.costs.fees._SPOT_VIP_TABLE[7],1.0,40,2025-01-18 20:00:00+00:00,2025-05-10 11:00:00+00:00,drop_then_rise
BTC3L_USDT,base,fixed_quote,off,300.0,293.81653069360306,-0.020611564354656497,-0.21144834833587434,,,10.239915610645648,-548.3085936059524,0.0,-538.0686779953068,1.1748382841269334,0.0,1.1748382841269334,3.92369212224886,1460.8690435953665,45.652157612355204,438,169,438,1,-423.2733477039609,-4232.733477039609,,0.0,0.0,,,0,0.3966856999766035,10.239915610645648,122.86098501285764,0.10443183726092899,0.0,0,0.0,False,BTC3L_USDT_v_reversal_90d_14736,REAL_GATE_ETF_WINDOW,True,0.0,52949,ok,qtb.costs.fees._SPOT_VIP_TABLE[7],1.0,40,2026-05-23 23:00:00+00:00,2026-08-21 22:00:00+00:00,v_reversal
BTC3L_USDT,base,fixed_quote,off,300.0,293.81653069360306,-0.020611564354656497,-0.21144834833587434,,,10.239915610645648,-548.3085936059524,0.0,-538.0686779953068,1.1748382841269334,0.8223867988888528,0.35245148523808056,3.92369212224886,1460.8690435953665,45.652157612355204,438,169,438,1,-423.2733477039609,-4232.733477039609,,0.0,0.0,,,0,0.3966856999766035,10.239915610645648,122.86098501285764,0.10443183726092899,0.0,0,0.0,False,BTC3L_USDT_v_reversal_90d_14736,REAL_GATE_ETF_WINDOW,True,0.7,52949,ok,qtb.costs.fees._SPOT_VIP_TABLE[7],1.0,40,2026-05-23 23:00:00+00:00,2026-08-21 22:00:00+00:00,v_reversal
BTC3L_USDT,conservative,fixed_quote,off,300.0,291.7520850650431,-0.02749304978318967,-0.27238563165708596,,,8.395884955639179,-466.0516719456236,0.0,-457.6557869899844,0.9804733854971164,0.0,0.9804733854971164,3.734819011099518,1217.9129203080915,38.05977875962786,478,167,478,1,-677.2171308331672,-6772.171308331673,,0.0,0.0,,,0,0.41669393625190054,8.395884955639179,122.87103581333317,0.10443183726092899,0.010050800475527168,0,0.0,False,BTC3L_USDT_v_reversal_90d_14736,REAL_GATE_ETF_WINDOW,True,0.0,52949,ok,qtb.costs.fees._SPOT_VIP_TABLE[7],1.0,40,2026-05-23 23:00:00+00:00,2026-08-21 22:00:00+00:00,v_reversal
BTC3L_USDT,conservative,fixed_quote,off,300.0,291.7520850650431,-0.02749304978318967,-0.27238563165708596,,,8.395884955639179,-466.0516719456236,0.0,-457.6557869899844,0.9804733854971164,0.6863313698479815,0.2941420156491349,3.734819011099518,1217.9129203080915,38.05977875962786,478,167,478,1,-677.2171308331672,-6772.171308331673,,0.0,0.0,,,0,0.41669393625190054,8.395884955639179,122.87103581333317,0.10443183726092899,0.010050800475527168,0,0.0,False,BTC3L_USDT_v_reversal_90d_14736,REAL_GATE_ETF_WINDOW,True,0.7,52949,ok,qtb.costs.fees._SPOT_VIP_TABLE[7],1.0,40,2026-05-23 23:00:00+00:00,2026-08-21 22:00:00+00:00,v_reversal
ETH3L_USDT,base,fixed_quote,off,750.0,724.6028525579867,-0.03386286325601773,-0.3249304191113057,,,37.38994974077601,-1578.0790865504703,0.0,-1540.6891368096942,3.563781390172198,0.0,3.563781390172198,9.362496357161035,4438.020714713633,138.68814733480104,779,274,779,1,-572.2629314868368,-5722.629314868368,,0.0,0.0,,,0,0.34876229907814915,37.38994974077601,267.2963680261171,0.2272019128221995,0.0,0,0.0,False,ETH3L_USDT_v_reversal_90d_3756,REAL_GATE_ETF_WINDOW,True,0.0,15287,ok,qtb.costs.fees._SPOT_VIP_TABLE[7],1.0,56,2025-01-26 20:00:00+00:00,2025-05-13 23:00:00+00:00,v_reversal
ETH3L_USDT,base,fixed_quote,off,750.0,724.6028525579867,-0.03386286325601773,-0.3249304191113057,,,37.38994974077601,-1578.0790865504703,0.0,-1540.6891368096942,3.563781390172198,2.494646973120543,1.069134417051655,9.362496357161035,4438.020714713633,138.68814733480104,779,274,779,1,-572.2629314868368,-5722.629314868368,,0.0,0.0,,,0,0.34876229907814915,37.38994974077601,267.2963680261171,0.2272019128221995,0.0,0,0.0,False,ETH3L_USDT_v_reversal_90d_3756,REAL_GATE_ETF_WINDOW,True,0.7,15287,ok,qtb.costs.fees._SPOT_VIP_TABLE[7],1.0,56,2025-01-26 20:00:00+00:00,2025-05-13 23:00:00+00:00,v_reversal
ETH3L_USDT,conservative,fixed_quote,off,750.0,729.043844898067,-0.027941540135910548,-0.27620386707864275,,,24.40311071555515,-802.0062186776773,0.0,-777.6031079621222,2.0327552584498747,0.0,2.0327552584498747,6.5920809635141895,2524.2380500607123,78.88243906439726,838,267,838,1,-830.1972589878724,-8301.972589878724,,0.0,0.0,,,0,0.2571686411674441,24.40311071555515,267.29687093555833,0.2272019128221995,0.0005029094412677392,0,0.0,False,ETH3L_USDT_v_reversal_90d_3756,REAL_GATE_ETF_WINDOW,True,0.0,15287,ok,qtb.costs.fees._SPOT_VIP_TABLE[7],1.0,56,2025-01-26 20:00:00+00:00,2025-05-13 23:00:00+00:00,v_reversal
ETH3L_USDT,conservative,fixed_quote,off,750.0,729.043844898067,-0.027941540135910548,-0.27620386707864275,,,24.40311071555515,-802.0062186776773,0.0,-777.6031079621222,2.0327552584498747,1.4229286809149129,0.6098265775349618,6.5920809635141895,2524.2380500607123,78.88243906439726,838,267,838,1,-830.1972589878724,-8301.972589878724,,0.0,0.0,,,0,0.2571686411674441,24.40311071555515,267.29687093555833,0.2272019128221995,0.0005029094412677392,0,0.0,False,ETH3L_USDT_v_reversal_90d_3756,REAL_GATE_ETF_WINDOW,True,0.7,15287,ok,qtb.costs.fees._SPOT_VIP_TABLE[7],1.0,56,2025-01-26 20:00:00+00:00,2025-05-13 23:00:00+00:00,v_reversal
ETH3L_USDT,base,fixed_quote,off,750.0,805.5433211027762,0.07405776147036836,1.2589623554267697,,,60.15950151763604,-3588.329986696372,0.0,-3528.1704851787363,6.561282423380894,0.0,6.561282423380894,11.691692220478597,8184.897006224383,255.77803144451198,808,355,808,1,678.6074529775641,6786.074529775641,,0.0,0.0,,,0,0.27728260995743836,60.15950151763604,267.2963680261171,0.2272019128221995,0.0,0,0.0,False,ETH3L_USDT_v_reversal_90d_5964,REAL_GATE_ETF_WINDOW,True,0.0,24683,ok,qtb.costs.fees._SPOT_VIP_TABLE[7],1.0,56,2025-05-16 00:00:00+00:00,2025-08-14 02:00:00+00:00,v_reversal
ETH3L_USDT,base,fixed_quote,off,750.0,805.5433211027762,0.07405776147036836,1.2589623554267697,,,60.15950151763604,-3588.329986696372,0.0,-3528.1704851787363,6.561282423380894,4.592897696366583,1.9683847270143113,11.691692220478597,8184.897006224383,255.77803144451198,808,355,808,1,678.6074529775641,6786.074529775641,,0.0,0.0,,,0,0.27728260995743836,60.15950151763604,267.2963680261171,0.2272019128221995,0.0,0,0.0,False,ETH3L_USDT_v_reversal_90d_5964,REAL_GATE_ETF_WINDOW,True,0.7,24683,ok,qtb.costs.fees._SPOT_VIP_TABLE[7],1.0,56,2025-05-16 00:00:00+00:00,2025-08-14 02:00:00+00:00,v_reversal
ETH3L_USDT,conservative,fixed_quote,off,750.0,792.1463511236733,0.05619513483156435,0.8656572293299569,,,44.64393873496924,-1844.6854730909477,0.0,-1800.0415343559785,4.815435791439604,0.0,4.815435791439604,10.19446864384611,6002.5887162978715,187.58089738430849,937,336,937,1,702.1362468036505,7021.362468036506,,0.0,0.0,,,0,0.26040937797150354,44.64393873496924,267.3169577941056,0.2272019128221995,0.02058976798845229,0,0.0,False,ETH3L_USDT_v_reversal_90d_5964,REAL_GATE_ETF_WINDOW,True,0.0,24683,ok,qtb.costs.fees._SPOT_VIP_TABLE[7],1.0,56,2025-05-16 00:00:00+00:00,2025-08-14 02:00:00+00:00,v_reversal
ETH3L_USDT,conservative,fixed_quote,off,750.0,792.1463511236733,0.05619513483156435,0.8656572293299569,,,44.64393873496924,-1844.6854730909477,0.0,-1800.0415343559785,4.815435791439604,3.370805054007721,1.4446307374318836,10.19446864384611,6002.5887162978715,187.58089738430849,937,336,937,1,702.1362468036505,7021.362468036506,,0.0,0.0,,,0,0.26040937797150354,44.64393873496924,267.3169577941056,0.2272019128221995,0.02058976798845229,0,0.0,False,ETH3L_USDT_v_reversal_90d_5964,REAL_GATE_ETF_WINDOW,True,0.7,24683,ok,qtb.costs.fees._SPOT_VIP_TABLE[7],1.0,56,2025-05-16 00:00:00+00:00,2025-08-14 02:00:00+00:00,v_reversal
ETH3L_USDT,base,fixed_quote,off,750.0,724.6028525579867,-0.03386286325601773,-0.3249304191113057,,,37.38994974077601,-1578.0790865504703,0.0,-1540.6891368096942,3.563781390172198,0.0,3.563781390172198,9.362496357161035,4438.020714713633,138.68814733480104,779,274,779,1,-572.2629314868368,-5722.629314868368,,0.0,0.0,,,0,0.34876229907814915,37.38994974077601,267.2963680261171,0.2272019128221995,0.0,0,0.0,False,ETH3L_USDT_drop_then_rise_90d_4440,REAL_GATE_ETF_WINDOW,True,0.0,15287,ok,qtb.costs.fees._SPOT_VIP_TABLE[7],1.0,56,2025-02-28 08:00:00+00:00,2025-06-11 14:00:00+00:00,drop_then_rise
ETH3L_USDT,base,fixed_quote,off,750.0,724.6028525579867,-0.03386286325601773,-0.3249304191113057,,,37.38994974077601,-1578.0790865504703,0.0,-1540.6891368096942,3.563781390172198,2.494646973120543,1.069134417051655,9.362496357161035,4438.020714713633,138.68814733480104,779,274,779,1,-572.2629314868368,-5722.629314868368,,0.0,0.0,,,0,0.34876229907814915,37.38994974077601,267.2963680261171,0.2272019128221995,0.0,0,0.0,False,ETH3L_USDT_drop_then_rise_90d_4440,REAL_GATE_ETF_WINDOW,True,0.7,15287,ok,qtb.costs.fees._SPOT_VIP_TABLE[7],1.0,56,2025-02-28 08:00:00+00:00,2025-06-11 14:00:00+00:00,drop_then_rise
ETH3L_USDT,conservative,fixed_quote,off,750.0,729.043844898067,-0.027941540135910548,-0.27620386707864275,,,24.40311071555515,-802.0062186776773,0.0,-777.6031079621222,2.0327552584498747,0.0,2.0327552584498747,6.5920809635141895,2524.2380500607123,78.88243906439726,838,267,838,1,-830.1972589878724,-8301.972589878724,,0.0,0.0,,,0,0.2571686411674441,24.40311071555515,267.29687093555833,0.2272019128221995,0.0005029094412677392,0,0.0,False,ETH3L_USDT_drop_then_rise_90d_4440,REAL_GATE_ETF_WINDOW,True,0.0,15287,ok,qtb.costs.fees._SPOT_VIP_TABLE[7],1.0,56,2025-02-28 08:00:00+00:00,2025-06-11 14:00:00+00:00,drop_then_rise
ETH3L_USDT,conservative,fixed_quote,off,750.0,729.043844898067,-0.027941540135910548,-0.27620386707864275,,,24.40311071555515,-802.0062186776773,0.0,-777.6031079621222,2.0327552584498747,1.4229286809149129,0.6098265775349618,6.5920809635141895,2524.2380500607123,78.88243906439726,838,267,838,1,-830.1972589878724,-8301.972589878724,,0.0,0.0,,,0,0.2571686411674441,24.40311071555515,267.29687093555833,0.2272019128221995,0.0005029094412677392,0,0.0,False,ETH3L_USDT_drop_then_rise_90d_4440,REAL_GATE_ETF_WINDOW,True,0.7,15287,ok,qtb.costs.fees._SPOT_VIP_TABLE[7],1.0,56,2025-02-28 08:00:00+00:00,2025-06-11 14:00:00+00:00,drop_then_rise
ETH3L_USDT,base,fixed_quote,off,750.0,805.5433211027762,0.07405776147036836,1.2589623554267697,,,60.15950151763604,-3588.329986696372,0.0,-3528.1704851787363,6.561282423380894,0.0,6.561282423380894,11.691692220478597,8184.897006224383,255.77803144451198,808,355,808,1,678.6074529775641,6786.074529775641,,0.0,0.0,,,0,0.27728260995743836,60.15950151763604,267.2963680261171,0.2272019128221995,0.0,0,0.0,False,ETH3L_USDT_drop_then_rise_60d_6600,REAL_GATE_ETF_WINDOW,True,0.0,24683,ok,qtb.costs.fees._SPOT_VIP_TABLE[7],1.0,56,2025-06-11 15:00:00+00:00,2025-08-10 14:00:00+00:00,drop_then_rise
ETH3L_USDT,base,fixed_quote,off,750.0,805.5433211027762,0.07405776147036836,1.2589623554267697,,,60.15950151763604,-3588.329986696372,0.0,-3528.1704851787363,6.561282423380894,4.592897696366583,1.9683847270143113,11.691692220478597,8184.897006224383,255.77803144451198,808,355,808,1,678.6074529775641,6786.074529775641,,0.0,0.0,,,0,0.27728260995743836,60.15950151763604,267.2963680261171,0.2272019128221995,0.0,0,0.0,False,ETH3L_USDT_drop_then_rise_60d_6600,REAL_GATE_ETF_WINDOW,True,0.7,24683,ok,qtb.costs.fees._SPOT_VIP_TABLE[7],1.0,56,2025-06-11 15:00:00+00:00,2025-08-10 14:00:00+00:00,drop_then_rise
ETH3L_USDT,conservative,fixed_quote,off,750.0,792.1463511236733,0.05619513483156435,0.8656572293299569,,,44.64393873496924,-1844.6854730909477,0.0,-1800.0415343559785,4.815435791439604,0.0,4.815435791439604,10.19446864384611,6002.5887162978715,187.58089738430849,937,336,937,1,702.1362468036505,7021.362468036506,,0.0,0.0,,,0,0.26040937797150354,44.64393873496924,267.3169577941056,0.2272019128221995,0.02058976798845229,0,0.0,False,ETH3L_USDT_drop_then_rise_60d_6600,REAL_GATE_ETF_WINDOW,True,0.0,24683,ok,qtb.costs.fees._SPOT_VIP_TABLE[7],1.0,56,2025-06-11 15:00:00+00:00,2025-08-10 14:00:00+00:00,drop_then_rise
ETH3L_USDT,conservative,fixed_quote,off,750.0,792.1463511236733,0.05619513483156435,0.8656572293299569,,,44.64393873496924,-1844.6854730909477,0.0,-1800.0415343559785,4.815435791439604,3.370805054007721,1.4446307374318836,10.19446864384611,6002.5887162978715,187.58089738430849,937,336,937,1,702.1362468036505,7021.362468036506,,0.0,0.0,,,0,0.26040937797150354,44.64393873496924,267.3169577941056,0.2272019128221995,0.02058976798845229,0,0.0,False,ETH3L_USDT_drop_then_rise_60d_6600,REAL_GATE_ETF_WINDOW,True,0.7,24683,ok,qtb.costs.fees._SPOT_VIP_TABLE[7],1.0,56,2025-06-11 15:00:00+00:00,2025-08-10 14:00:00+00:00,drop_then_rise
SOL3L_USDT,base,fixed_quote,off,1050.0,1133.0107063391924,0.07905781556113567,1.3818602494937653,,,85.20966021637726,-3227.817558579645,0.0,-3142.6078983632674,7.4394526542821175,0.0,7.4394526542821175,12.343078634846854,9276.070362104296,289.87719881575924,1280,457,1280,1,894.8908654069469,8948.90865406947,,0.0,0.0,,,0,0.20850603240983312,85.20966021637726,371.9272919741714,0.31613819817804567,0.0,0,0.0,False,SOL3L_USDT_v_reversal_90d_5328,REAL_GATE_ETF_WINDOW,True,0.0,23149,ok,qtb.costs.fees._SPOT_VIP_TABLE[7],1.0,64,2025-02-12 15:00:00+00:00,2025-05-14 03:00:00+00:00,v_reversal
SOL3L_USDT,base,fixed_quote,off,1050.0,1133.0107063391924,0.07905781556113567,1.3818602494937653,,,85.20966021637726,-3227.817558579645,0.0,-3142.6078983632674,7.4394526542821175,5.207616857997487,2.2318357962846305,12.343078634846854,9276.070362104296,289.87719881575924,1280,457,1280,1,894.8908654069469,8948.90865406947,,0.0,0.0,,,0,0.20850603240983312,85.20966021637726,371.9272919741714,0.31613819817804567,0.0,0,0.0,False,SOL3L_USDT_v_reversal_90d_5328,REAL_GATE_ETF_WINDOW,True,0.7,23149,ok,qtb.costs.fees._SPOT_VIP_TABLE[7],1.0,64,2025-02-12 15:00:00+00:00,2025-05-14 03:00:00+00:00,v_reversal
SOL3L_USDT,conservative,fixed_quote,off,1050.0,1107.0111667232193,0.054296349260208876,0.8277564594635303,,,56.04204873204532,-1483.654236200145,0.0,-1427.6121874680998,4.340045779784979,0.0,4.340045779784979,10.514854202465358,5401.811768982822,168.8066177807132,1523,448,1523,1,1055.4082437780805,10554.082437780806,,0.0,0.0,,,0,0.1918649022674197,56.04204873204532,371.9333891428923,0.31613819817804567,0.006097168720873846,0,0.0,False,SOL3L_USDT_v_reversal_90d_5328,REAL_GATE_ETF_WINDOW,True,0.0,23149,ok,qtb.costs.fees._SPOT_VIP_TABLE[7],1.0,64,2025-02-12 15:00:00+00:00,2025-05-14 03:00:00+00:00,v_reversal
SOL3L_USDT,conservative,fixed_quote,off,1050.0,1107.0111667232193,0.054296349260208876,0.8277564594635303,,,56.04204873204532,-1483.654236200145,0.0,-1427.6121874680998,4.340045779784979,3.03803204584948,1.3020137339354987,10.514854202465358,5401.811768982822,168.8066177807132,1523,448,1523,1,1055.4082437780805,10554.082437780806,,0.0,0.0,,,0,0.1918649022674197,56.04204873204532,371.9333891428923,0.31613819817804567,0.006097168720873846,0,0.0,False,SOL3L_USDT_v_reversal_90d_5328,REAL_GATE_ETF_WINDOW,True,0.7,23149,ok,qtb.costs.fees._SPOT_VIP_TABLE[7],1.0,64,2025-02-12 15:00:00+00:00,2025-05-14 03:00:00+00:00,v_reversal
SOL3L_USDT,base,fixed_quote,off,1050.0,1139.9117719225387,0.08563025897384646,1.7172541769679341,,,83.82807335229477,-3138.6350564568143,0.0,-3054.8069831045195,7.26431024466057,0.0,7.26431024466057,11.879197607838977,9057.142350077358,301.9047450025786,1243,443,1243,1,992.7167802741973,9927.167802741973,,0.0,0.0,,,0,0.18818412453522337,83.82807335229477,371.9272919741714,0.31613819817804567,0.0,0,0.0,False,SOL3L_USDT_drop_then_rise_90d_4884,REAL_GATE_ETF_WINDOW,True,0.0,22591,ok,qtb.costs.fees._SPOT_VIP_TABLE[7],1.0,64,2025-01-25 03:00:00+00:00,2025-04-25 11:00:00+00:00,drop_then_rise
SOL3L_USDT,base,fixed_quote,off,1050.0,1139.9117719225387,0.08563025897384646,1.7172541769679341,,,83.82807335229477,-3138.6350564568143,0.0,-3054.8069831045195,7.26431024466057,5.085017171262402,2.179293073398168,11.879197607838977,9057.142350077358,301.9047450025786,1243,443,1243,1,992.7167802741973,9927.167802741973,,0.0,0.0,,,0,0.18818412453522337,83.82807335229477,371.9272919741714,0.31613819817804567,0.0,0,0.0,False,SOL3L_USDT_drop_then_rise_90d_4884,REAL_GATE_ETF_WINDOW,True,0.7,22591,ok,qtb.costs.fees._SPOT_VIP_TABLE[7],1.0,64,2025-01-25 03:00:00+00:00,2025-04-25 11:00:00+00:00,drop_then_rise
SOL3L_USDT,conservative,fixed_quote,off,1050.0,1114.0453007051383,0.06099552448108403,1.0551721941522638,,,55.15159822583286,-1433.0572271253277,0.0,-1377.9056288994948,4.226436581653609,0.0,4.226436581653609,10.067228321686425,5259.800271318609,175.3266757106203,1484,434,1484,1,1217.6375033549025,12176.375033549024,,0.0,0.0,,,0,0.17968072376765276,55.15159822583286,371.9333891428923,0.31613819817804567,0.006097168720873846,0,0.0,False,SOL3L_USDT_drop_then_rise_90d_4884,REAL_GATE_ETF_WINDOW,True,0.0,22591,ok,qtb.costs.fees._SPOT_VIP_TABLE[7],1.0,64,2025-01-25 03:00:00+00:00,2025-04-25 11:00:00+00:00,drop_then_rise
SOL3L_USDT,conservative,fixed_quote,off,1050.0,1114.0453007051383,0.06099552448108403,1.0551721941522638,,,55.15159822583286,-1433.0572271253277,0.0,-1377.9056288994948,4.226436581653609,2.9585056071575226,1.2679309744960867,10.067228321686425,5259.800271318609,175.3266757106203,1484,434,1484,1,1217.6375033549025,12176.375033549024,,0.0,0.0,,,0,0.17968072376765276,55.15159822583286,371.9333891428923,0.31613819817804567,0.006097168720873846,0,0.0,False,SOL3L_USDT_drop_then_rise_90d_4884,REAL_GATE_ETF_WINDOW,True,0.7,22591,ok,qtb.costs.fees._SPOT_VIP_TABLE[7],1.0,64,2025-01-25 03:00:00+00:00,2025-04-25 11:00:00+00:00,drop_then_rise
SOL3L_USDT,base,fixed_quote,off,1050.0,1056.7161929202225,0.006396374209735711,0.10182555272255245,,,51.86202163892068,-2505.9245903545275,0.0,-2454.0625687156066,6.090068276204962,0.0,6.090068276204962,10.062762861955948,7589.339889507832,316.2224953961597,962,342,962,1,88.49508676647312,884.9508676647312,,0.0,0.0,,,0,0.3897763686141925,51.86202163892068,371.9272919741714,0.31613819817804567,0.0,0,0.0,False,SOL3L_USDT_trend_down_90d_4752,REAL_GATE_ETF_WINDOW,True,0.0,18497,ok,qtb.costs.fees._SPOT_VIP_TABLE[7],1.0,64,2025-01-19 15:00:00+00:00,2025-04-19 23:00:00+00:00,trend_down
SOL3L_USDT,base,fixed_quote,off,1050.0,1056.7161929202225,0.006396374209735711,0.10182555272255245,,,51.86202163892068,-2505.9245903545275,0.0,-2454.0625687156066,6.090068276204962,4.26304779334347,1.8270204828614913,10.062762861955948,7589.339889507832,316.2224953961597,962,342,962,1,88.49508676647312,884.9508676647312,,0.0,0.0,,,0,0.3897763686141925,51.86202163892068,371.9272919741714,0.31613819817804567,0.0,0,0.0,False,SOL3L_USDT_trend_down_90d_4752,REAL_GATE_ETF_WINDOW,True,0.7,18497,ok,qtb.costs.fees._SPOT_VIP_TABLE[7],1.0,64,2025-01-19 15:00:00+00:00,2025-04-19 23:00:00+00:00,trend_down
SOL3L_USDT,conservative,fixed_quote,off,1050.0,1036.558810086377,-0.012801133251069574,-0.17793904007522532,,,28.474325065531687,-1100.807678030481,0.0,-1072.3333529649492,3.4982471402296875,0.0,3.4982471402296875,8.35954943659678,4349.563469538728,181.23181123078032,1128,335,1128,1,-309.02388268973715,-3090.238826897372,,0.0,0.0,,,0,0.3539242359576409,28.474325065531687,371.9333891428923,0.31613819817804567,0.006097168720873846,0,0.0,False,SOL3L_USDT_trend_down_90d_4752,REAL_GATE_ETF_WINDOW,True,0.0,18497,ok,qtb.costs.fees._SPOT_VIP_TABLE[7],1.0,64,2025-01-19 15:00:00+00:00,2025-04-19 23:00:00+00:00,trend_down
SOL3L_USDT,conservative,fixed_quote,off,1050.0,1036.558810086377,-0.012801133251069574,-0.17793904007522532,,,28.474325065531687,-1100.807678030481,0.0,-1072.3333529649492,3.4982471402296875,2.448772998160783,1.0494741420689047,8.35954943659678,4349.563469538728,181.23181123078032,1128,335,1128,1,-309.02388268973715,-3090.238826897372,,0.0,0.0,,,0,0.3539242359576409,28.474325065531687,371.9333891428923,0.31613819817804567,0.006097168720873846,0,0.0,False,SOL3L_USDT_trend_down_90d_4752,REAL_GATE_ETF_WINDOW,True,0.7,18497,ok,qtb.costs.fees._SPOT_VIP_TABLE[7],1.0,64,2025-01-19 15:00:00+00:00,2025-04-19 23:00:00+00:00,trend_down
SOL3L_USDT,base,fixed_quote,off,1050.0,1056.7161929202225,0.006396374209735711,0.10182555272255245,,,51.86202163892068,-2505.9245903545275,0.0,-2454.0625687156066,6.090068276204962,0.0,6.090068276204962,10.062762861955948,7589.339889507832,316.2224953961597,962,342,962,1,88.49508676647312,884.9508676647312,,0.0,0.0,,,0,0.3897763686141925,51.86202163892068,371.9272919741714,0.31613819817804567,0.0,0,0.0,False,SOL3L_USDT_rise_then_fall_90d_4740,REAL_GATE_ETF_WINDOW,True,0.0,18497,ok,qtb.costs.fees._SPOT_VIP_TABLE[7],1.0,64,2025-01-19 03:00:00+00:00,2025-04-19 11:00:00+00:00,rise_then_fall
SOL3L_USDT,base,fixed_quote,off,1050.0,1056.7161929202225,0.006396374209735711,0.10182555272255245,,,51.86202163892068,-2505.9245903545275,0.0,-2454.0625687156066,6.090068276204962,4.26304779334347,1.8270204828614913,10.062762861955948,7589.339889507832,316.2224953961597,962,342,962,1,88.49508676647312,884.9508676647312,,0.0,0.0,,,0,0.3897763686141925,51.86202163892068,371.9272919741714,0.31613819817804567,0.0,0,0.0,False,SOL3L_USDT_rise_then_fall_90d_4740,REAL_GATE_ETF_WINDOW,True,0.7,18497,ok,qtb.costs.fees._SPOT_VIP_TABLE[7],1.0,64,2025-01-19 03:00:00+00:00,2025-04-19 11:00:00+00:00,rise_then_fall
SOL3L_USDT,conservative,fixed_quote,off,1050.0,1036.558810086377,-0.012801133251069574,-0.17793904007522532,,,28.474325065531687,-1100.807678030481,0.0,-1072.3333529649492,3.4982471402296875,0.0,3.4982471402296875,8.35954943659678,4349.563469538728,181.23181123078032,1128,335,1128,1,-309.02388268973715,-3090.238826897372,,0.0,0.0,,,0,0.3539242359576409,28.474325065531687,371.9333891428923,0.31613819817804567,0.006097168720873846,0,0.0,False,SOL3L_USDT_rise_then_fall_90d_4740,REAL_GATE_ETF_WINDOW,True,0.0,18497,ok,qtb.costs.fees._SPOT_VIP_TABLE[7],1.0,64,2025-01-19 03:00:00+00:00,2025-04-19 11:00:00+00:00,rise_then_fall
SOL3L_USDT,conservative,fixed_quote,off,1050.0,1036.558810086377,-0.012801133251069574,-0.17793904007522532,,,28.474325065531687,-1100.807678030481,0.0,-1072.3333529649492,3.4982471402296875,2.448772998160783,1.0494741420689047,8.35954943659678,4349.563469538728,181.23181123078032,1128,335,1128,1,-309.02388268973715,-3090.238826897372,,0.0,0.0,,,0,0.3539242359576409,28.474325065531687,371.9333891428923,0.31613819817804567,0.006097168720873846,0,0.0,False,SOL3L_USDT_rise_then_fall_90d_4740,REAL_GATE_ETF_WINDOW,True,0.7,18497,ok,qtb.costs.fees._SPOT_VIP_TABLE[7],1.0,64,2025-01-19 03:00:00+00:00,2025-04-19 11:00:00+00:00,rise_then_fall
PENGU3L_USDT,base,fixed_quote,off,600.0,1565.974042070462,1.6099567367841034,117228.95168234193,,,105.29733813593933,-932.3167833451937,0.0,-827.0194452092544,4.757501562886412,0.0,4.757501562886412,78.04924927694186,5935.555491445183,197.85184971483943,38248,592,38249,1,16274.366290782797,162743.66290782797,,0.0,0.0,,,0,0.5999632649920568,105.29733813593933,181.14339460764756,0.15397188541650042,0.0,0,0.0,False,PENGU3L_USDT_drop_then_rise_90d_1980,REAL_GATE_ETF_WINDOW,True,0.0,62636,ok,qtb.costs.fees._SPOT_VIP_TABLE[7],1.0,80,2025-10-08 23:00:00+00:00,2026-01-06 23:00:00+00:00,drop_then_rise
PENGU3L_USDT,base,fixed_quote,off,600.0,1565.974042070462,1.6099567367841034,117228.95168234193,,,105.29733813593933,-932.3167833451937,0.0,-827.0194452092544,4.757501562886412,3.3302510940205616,1.42725046886585,78.04924927694186,5935.555491445183,197.85184971483943,38248,592,38249,1,16274.366290782797,162743.66290782797,,0.0,0.0,,,0,0.5999632649920568,105.29733813593933,181.14339460764756,0.15397188541650042,0.0,0,0.0,False,PENGU3L_USDT_drop_then_rise_90d_1980,REAL_GATE_ETF_WINDOW,True,0.7,62636,ok,qtb.costs.fees._SPOT_VIP_TABLE[7],1.0,80,2025-10-08 23:00:00+00:00,2026-01-06 23:00:00+00:00,drop_then_rise
PENGU3L_USDT,conservative,fixed_quote,off,600.0,674.4553612349719,0.12409226872495305,3.1504054386707345,,,79.75564156263792,-1058.3092344665122,0.0,-978.5535929038742,2.9069842314719763,0.0,2.9069842314719763,45.48193748534492,3622.4088271770042,120.74696090590014,35107,580,35108,1,2055.4102197513694,20554.102197513694,,0.0,0.0,,,0,0.05962728399901607,79.75564156263792,181.14419897440868,0.15397188541650042,0.0008043667611304252,0,0.0,False,PENGU3L_USDT_drop_then_rise_90d_1980,REAL_GATE_ETF_WINDOW,True,0.0,62636,ok,qtb.costs.fees._SPOT_VIP_TABLE[7],1.0,80,2025-10-08 23:00:00+00:00,2026-01-06 23:00:00+00:00,drop_then_rise
PENGU3L_USDT,conservative,fixed_quote,off,600.0,674.4553612349719,0.12409226872495305,3.1504054386707345,,,79.75564156263792,-1058.3092344665122,0.0,-978.5535929038742,2.9069842314719763,2.034888962030385,0.8720952694415911,45.48193748534492,3622.4088271770042,120.74696090590014,35107,580,35108,1,2055.4102197513694,20554.102197513694,,0.0,0.0,,,0,0.05962728399901607,79.75564156263792,181.14419897440868,0.15397188541650042,0.0008043667611304252,0,0.0,False,PENGU3L_USDT_drop_then_rise_90d_1980,REAL_GATE_ETF_WINDOW,True,0.7,62636,ok,qtb.costs.fees._SPOT_VIP_TABLE[7],1.0,80,2025-10-08 23:00:00+00:00,2026-01-06 23:00:00+00:00,drop_then_rise
PENGU3L_USDT,base,fixed_quote,off,600.0,1293.5152106566547,1.1558586844277579,6386.875287648215,,,105.29733813593933,-1203.3197387811688,0.0,-1098.0224006452295,4.757501562886412,0.0,4.757501562886412,79.50512525477396,5935.555491445183,185.48610910766197,38248,592,38249,1,11684.082671894932,116840.82671894932,,0.0,0.0,,,0,0.5168272767338009,105.29733813593933,181.14339460764756,0.15397188541650042,0.0,0,0.0,False,PENGU3L_USDT_v_reversal_60d_2868,REAL_GATE_ETF_WINDOW,True,0.0,65626,ok,qtb.costs.fees._SPOT_VIP_TABLE[7],1.0,80,2025-11-14 23:00:00+00:00,2026-01-13 23:00:00+00:00,v_reversal
PENGU3L_USDT,base,fixed_quote,off,600.0,1293.5152106566547,1.1558586844277579,6386.875287648215,,,105.29733813593933,-1203.3197387811688,0.0,-1098.0224006452295,4.757501562886412,3.3302510940205616,1.42725046886585,79.50512525477396,5935.555491445183,185.48610910766197,38248,592,38249,1,11684.082671894932,116840.82671894932,,0.0,0.0,,,0,0.5168272767338009,105.29733813593933,181.14339460764756,0.15397188541650042,0.0,0,0.0,False,PENGU3L_USDT_v_reversal_60d_2868,REAL_GATE_ETF_WINDOW,True,0.7,65626,ok,qtb.costs.fees._SPOT_VIP_TABLE[7],1.0,80,2025-11-14 23:00:00+00:00,2026-01-13 23:00:00+00:00,v_reversal
PENGU3L_USDT,conservative,fixed_quote,off,600.0,662.7929081436889,0.10465484690614812,2.112099216695375,,,79.75564156263792,-1069.9093695730558,0.0,-990.1537280104178,2.9069842314719763,0.0,2.9069842314719763,45.54425547008444,3622.4088271770042,113.20027584928138,35107,580,35108,1,1733.457241838281,17334.57241838281,,0.0,0.0,,,0,0.043174581246831045,79.75564156263792,181.14419897440868,0.15397188541650042,0.0008043667611304252,0,0.0,False,PENGU3L_USDT_v_reversal_60d_2868,REAL_GATE_ETF_WINDOW,True,0.0,65626,ok,qtb.costs.fees._SPOT_VIP_TABLE[7],1.0,80,2025-11-14 23:00:00+00:00,2026-01-13 23:00:00+00:00,v_reversal
PENGU3L_USDT,conservative,fixed_quote,off,600.0,662.7929081436889,0.10465484690614812,2.112099216695375,,,79.75564156263792,-1069.9093695730558,0.0,-990.1537280104178,2.9069842314719763,2.034888962030385,0.8720952694415911,45.54425547008444,3622.4088271770042,113.20027584928138,35107,580,35108,1,1733.457241838281,17334.57241838281,,0.0,0.0,,,0,0.043174581246831045,79.75564156263792,181.14419897440868,0.15397188541650042,0.0008043667611304252,0,0.0,False,PENGU3L_USDT_v_reversal_60d_2868,REAL_GATE_ETF_WINDOW,True,0.7,65626,ok,qtb.costs.fees._SPOT_VIP_TABLE[7],1.0,80,2025-11-14 23:00:00+00:00,2026-01-13 23:00:00+00:00,v_reversal
PENGU3L_USDT,base,fixed_quote,off,600.0,41925.73127814312,68.87621879690519,3.972842453925703e+30,,,80.34775926989708,39486.3636789263,0.0,39566.711438196195,4.637847585038065,0.0,4.637847585038065,73.5175100103053,5785.988019134722,262.99945541521464,32753,567,32753,1,714238.1066375464,7142381.066375464,,0.0,0.0,,,0,0.9884803347479085,80.34775926989708,181.14339460764756,0.15397188541650042,0.0,0,0.0,False,PENGU3L_USDT_high_vol_chop_90d_1776,REAL_GATE_ETF_WINDOW,True,0.0,39676,ok,qtb.costs.fees._SPOT_VIP_TABLE[7],1.0,80,2025-09-30 11:00:00+00:00,2025-12-29 11:00:00+00:00,high_vol_chop
PENGU3L_USDT,base,fixed_quote,off,600.0,41925.73127814312,68.87621879690519,3.972842453925703e+30,,,80.34775926989708,39486.3636789263,0.0,39566.711438196195,4.637847585038065,3.2464933095266946,1.3913542755113704,73.5175100103053,5785.988019134722,262.99945541521464,32753,567,32753,1,714238.1066375464,7142381.066375464,,0.0,0.0,,,0,0.9884803347479085,80.34775926989708,181.14339460764756,0.15397188541650042,0.0,0,0.0,False,PENGU3L_USDT_high_vol_chop_90d_1776,REAL_GATE_ETF_WINDOW,True,0.7,39676,ok,qtb.costs.fees._SPOT_VIP_TABLE[7],1.0,80,2025-09-30 11:00:00+00:00,2025-12-29 11:00:00+00:00,high_vol_chop
PENGU3L_USDT,conservative,fixed_quote,off,600.0,21001.324691244736,34.002207818741226,4.149034598367442e+25,,,66.85222268348971,19300.41496118465,0.0,19367.26718386814,2.8519831119751546,0.0,2.8519831119751546,45.28795883416733,3553.6574278059784,161.52988308208992,29192,552,29192,1,574093.7359806366,5740937.359806365,,0.0,0.0,,,0,0.9730589092376553,66.85222268348971,181.14419897440868,0.15397188541650042,0.0008043667611304252,0,0.0,False,PENGU3L_USDT_high_vol_chop_90d_1776,REAL_GATE_ETF_WINDOW,True,0.0,39676,ok,qtb.costs.fees._SPOT_VIP_TABLE[7],1.0,80,2025-09-30 11:00:00+00:00,2025-12-29 11:00:00+00:00,high_vol_chop
PENGU3L_USDT,conservative,fixed_quote,off,600.0,21001.324691244736,34.002207818741226,4.149034598367442e+25,,,66.85222268348971,19300.41496118465,0.0,19367.26718386814,2.8519831119751546,1.996388178382625,0.8555949335925297,45.28795883416733,3553.6574278059784,161.52988308208992,29192,552,29192,1,574093.7359806366,5740937.359806365,,0.0,0.0,,,0,0.9730589092376553,66.85222268348971,181.14419897440868,0.15397188541650042,0.0008043667611304252,0,0.0,False,PENGU3L_USDT_high_vol_chop_90d_1776,REAL_GATE_ETF_WINDOW,True,0.7,39676,ok,qtb.costs.fees._SPOT_VIP_TABLE[7],1.0,80,2025-09-30 11:00:00+00:00,2025-12-29 11:00:00+00:00,high_vol_chop
PENGU3L_USDT,base,fixed_quote,off,600.0,601.098550564295,0.0018309176071582556,0.021084000844008965,,,37.92502552719881,-1316.6504918423327,0.0,-1278.7254663151339,2.737052420164387,0.0,2.737052420164387,5.448279611202582,3409.9940630425085,106.56231447007839,623,259,623,1,32.215615159014305,322.15615159014305,,0.0,0.0,,,0,0.29832139048375483,37.92502552719881,181.1433946076476,0.15397188541650045,0.0,0,0.0,False,PENGU3L_USDT_drop_then_rise_90d_7476,REAL_GATE_ETF_WINDOW,True,0.0,10828,ok,qtb.costs.fees._SPOT_VIP_TABLE[7],1.0,80,2026-05-26 00:00:00+00:00,2026-08-23 23:00:00+00:00,drop_then_rise
PENGU3L_USDT,base,fixed_quote,off,600.0,601.098550564295,0.0018309176071582556,0.021084000844008965,,,37.92502552719881,-1316.6504918423327,0.0,-1278.7254663151339,2.737052420164387,1.915936694115073,0.821115726049314,5.448279611202582,3409.9940630425085,106.56231447007839,623,259,623,1,32.215615159014305,322.15615159014305,,0.0,0.0,,,0,0.29832139048375483,37.92502552719881,181.1433946076476,0.15397188541650045,0.0,0,0.0,False,PENGU3L_USDT_drop_then_rise_90d_7476,REAL_GATE_ETF_WINDOW,True,0.7,10828,ok,qtb.costs.fees._SPOT_VIP_TABLE[7],1.0,80,2026-05-26 00:00:00+00:00,2026-08-23 23:00:00+00:00,drop_then_rise
PENGU3L_USDT,conservative,fixed_quote,off,600.0,597.6724965921542,-0.003879172346409665,-0.04336451419763243,,,28.583299259636885,-714.2915105452769,0.0,-685.70821128564,1.838969612324071,0.0,1.838969612324071,5.034510696693585,2287.3905532421095,71.48095478881592,738,248,738,1,-101.75365131882967,-1017.5365131882967,,0.0,0.0,,,0,0.25177076595556436,28.583299259636885,181.14733507740195,0.15397188541650045,0.003940469754357815,0,0.0,False,PENGU3L_USDT_drop_then_rise_90d_7476,REAL_GATE_ETF_WINDOW,True,0.0,10828,ok,qtb.costs.fees._SPOT_VIP_TABLE[7],1.0,80,2026-05-26 00:00:00+00:00,2026-08-23 23:00:00+00:00,drop_then_rise
PENGU3L_USDT,conservative,fixed_quote,off,600.0,597.6724965921542,-0.003879172346409665,-0.04336451419763243,,,28.583299259636885,-714.2915105452769,0.0,-685.70821128564,1.838969612324071,1.2872787286268486,0.5516908836972225,5.034510696693585,2287.3905532421095,71.48095478881592,738,248,738,1,-101.75365131882967,-1017.5365131882967,,0.0,0.0,,,0,0.25177076595556436,28.583299259636885,181.14733507740195,0.15397188541650045,0.003940469754357815,0,0.0,False,PENGU3L_USDT_drop_then_rise_90d_7476,REAL_GATE_ETF_WINDOW,True,0.7,10828,ok,qtb.costs.fees._SPOT_VIP_TABLE[7],1.0,80,2026-05-26 00:00:00+00:00,2026-08-23 23:00:00+00:00,drop_then_rise
PUMP3L_USDT,base,fixed_quote,off,300.0,339.4696280624646,0.13156542687488204,3.0952812597563897,,,40.90823036468502,-379.44094752587,0.0,-338.53271716118496,1.0135285711809057,0.0,1.0135285711809057,1.4386023031388502,1261.5649094383116,39.42390341994724,12448,201,12448,1,3128.624438360269,31286.24438360269,,0.0,0.0,,,0,2.705946577918894e-12,40.90823036468502,85.53287260510358,0.07270294171433804,0.0,0,0.0,False,PUMP3L_USDT_v_reversal_90d_2484,REAL_GATE_ETF_WINDOW,True,0.0,75501,ok,qtb.costs.fees._SPOT_VIP_TABLE[7],1.0,80,2025-10-30 00:00:00+00:00,2026-01-28 01:00:00+00:00,v_reversal
PUMP3L_USDT,base,fixed_quote,off,300.0,339.4696280624646,0.13156542687488204,3.0952812597563897,,,40.90823036468502,-379.44094752587,0.0,-338.53271716118496,1.0135285711809057,0.7094699998266305,0.30405857135427516,1.4386023031388502,1261.5649094383116,39.42390341994724,12448,201,12448,1,3128.624438360269,31286.24438360269,,0.0,0.0,,,0,2.705946577918894e-12,40.90823036468502,85.53287260510358,0.07270294171433804,0.0,0,0.0,False,PUMP3L_USDT_v_reversal_90d_2484,REAL_GATE_ETF_WINDOW,True,0.7,75501,ok,qtb.costs.fees._SPOT_VIP_TABLE[7],1.0,80,2025-10-30 00:00:00+00:00,2026-01-28 01:00:00+00:00,v_reversal
PUMP3L_USDT,conservative,fixed_quote,off,300.0,355.38393857752305,0.1846131285917436,5.906093054246964,,,30.98686720086432,-194.41878457573026,0.0,-163.43191737486595,0.6317726529792691,0.0,0.6317726529792691,1.2915551935948644,784.3700116862672,24.51156286519585,8818,193,8819,1,7060.945440590806,70609.45440590807,,0.0,0.0,,,0,0.07240763484347279,30.98686720086432,85.53306815350916,0.07270294171433804,0.00019554840558892457,0,0.0,False,PUMP3L_USDT_v_reversal_90d_2484,REAL_GATE_ETF_WINDOW,True,0.0,75501,ok,qtb.costs.fees._SPOT_VIP_TABLE[7],1.0,80,2025-10-30 00:00:00+00:00,2026-01-28 01:00:00+00:00,v_reversal
PUMP3L_USDT,conservative,fixed_quote,off,300.0,355.38393857752305,0.1846131285917436,5.906093054246964,,,30.98686720086432,-194.41878457573026,0.0,-163.43191737486595,0.6317726529792691,0.4422408570854872,0.18953179589378188,1.2915551935948644,784.3700116862672,24.51156286519585,8818,193,8819,1,7060.945440590806,70609.45440590807,,0.0,0.0,,,0,0.07240763484347279,30.98686720086432,85.53306815350916,0.07270294171433804,0.00019554840558892457,0,0.0,False,PUMP3L_USDT_v_reversal_90d_2484,REAL_GATE_ETF_WINDOW,True,0.7,75501,ok,qtb.costs.fees._SPOT_VIP_TABLE[7],1.0,80,2025-10-30 00:00:00+00:00,2026-01-28 01:00:00+00:00,v_reversal
PUMP3L_USDT,base,fixed_quote,off,300.0,339.4696280624646,0.13156542687488204,3.0952812597563897,,,40.90823036468502,-379.44094752587,0.0,-338.53271716118496,1.0135285711809057,0.0,1.0135285711809057,1.4386023031388502,1261.5649094383116,39.42390341994724,12448,201,12448,1,3128.624438360269,31286.24438360269,,0.0,0.0,,,0,2.705946577918894e-12,40.90823036468502,85.53287260510358,0.07270294171433804,0.0,0,0.0,False,PUMP3L_USDT_drop_then_rise_90d_2184,REAL_GATE_ETF_WINDOW,True,0.0,75501,ok,qtb.costs.fees._SPOT_VIP_TABLE[7],1.0,80,2025-10-17 12:00:00+00:00,2026-01-15 13:00:00+00:00,drop_then_rise
PUMP3L_USDT,base,fixed_quote,off,300.0,339.4696280624646,0.13156542687488204,3.0952812597563897,,,40.90823036468502,-379.44094752587,0.0,-338.53271716118496,1.0135285711809057,0.7094699998266305,0.30405857135427516,1.4386023031388502,1261.5649094383116,39.42390341994724,12448,201,12448,1,3128.624438360269,31286.24438360269,,0.0,0.0,,,0,2.705946577918894e-12,40.90823036468502,85.53287260510358,0.07270294171433804,0.0,0,0.0,False,PUMP3L_USDT_drop_then_rise_90d_2184,REAL_GATE_ETF_WINDOW,True,0.7,75501,ok,qtb.costs.fees._SPOT_VIP_TABLE[7],1.0,80,2025-10-17 12:00:00+00:00,2026-01-15 13:00:00+00:00,drop_then_rise
PUMP3L_USDT,conservative,fixed_quote,off,300.0,355.38393857752305,0.1846131285917436,5.906093054246964,,,30.98686720086432,-194.41878457573026,0.0,-163.43191737486595,0.6317726529792691,0.0,0.6317726529792691,1.2915551935948644,784.3700116862672,24.51156286519585,8818,193,8819,1,7060.945440590806,70609.45440590807,,0.0,0.0,,,0,0.07240763484347279,30.98686720086432,85.53306815350916,0.07270294171433804,0.00019554840558892457,0,0.0,False,PUMP3L_USDT_drop_then_rise_90d_2184,REAL_GATE_ETF_WINDOW,True,0.0,75501,ok,qtb.costs.fees._SPOT_VIP_TABLE[7],1.0,80,2025-10-17 12:00:00+00:00,2026-01-15 13:00:00+00:00,drop_then_rise
PUMP3L_USDT,conservative,fixed_quote,off,300.0,355.38393857752305,0.1846131285917436,5.906093054246964,,,30.98686720086432,-194.41878457573026,0.0,-163.43191737486595,0.6317726529792691,0.4422408570854872,0.18953179589378188,1.2915551935948644,784.3700116862672,24.51156286519585,8818,193,8819,1,7060.945440590806,70609.45440590807,,0.0,0.0,,,0,0.07240763484347279,30.98686720086432,85.53306815350916,0.07270294171433804,0.00019554840558892457,0,0.0,False,PUMP3L_USDT_drop_then_rise_90d_2184,REAL_GATE_ETF_WINDOW,True,0.7,75501,ok,qtb.costs.fees._SPOT_VIP_TABLE[7],1.0,80,2025-10-17 12:00:00+00:00,2026-01-15 13:00:00+00:00,drop_then_rise
PUMP3L_USDT,base,fixed_quote,off,300.0,339.4696280625669,0.1315654268752231,5.077474979380253,,,40.90823036468502,-379.4409475257724,0.0,-338.53271716108736,1.0135285711809057,0.0,1.0135285711809057,1.4386023031340438,1261.5649094383116,50.46259637753246,12448,201,12448,1,3128.6244383683793,31286.244383683792,,0.0,0.0,,,0,2.9934943412968096e-12,40.90823036468502,85.53287260510358,0.07270294171433804,0.0,0,0.0,False,PUMP3L_USDT_high_vol_chop_90d_1968,REAL_GATE_ETF_WINDOW,True,0.0,51803,ok,qtb.costs.fees._SPOT_VIP_TABLE[7],1.0,80,2025-10-08 12:00:00+00:00,2026-01-06 13:00:00+00:00,high_vol_chop
PUMP3L_USDT,base,fixed_quote,off,300.0,339.4696280625669,0.1315654268752231,5.077474979380253,,,40.90823036468502,-379.4409475257724,0.0,-338.53271716108736,1.0135285711809057,0.7094699998266305,0.30405857135427516,1.4386023031340438,1261.5649094383116,50.46259637753246,12448,201,12448,1,3128.6244383683793,31286.244383683792,,0.0,0.0,,,0,2.9934943412968096e-12,40.90823036468502,85.53287260510358,0.07270294171433804,0.0,0,0.0,False,PUMP3L_USDT_high_vol_chop_90d_1968,REAL_GATE_ETF_WINDOW,True,0.7,51803,ok,qtb.costs.fees._SPOT_VIP_TABLE[7],1.0,80,2025-10-08 12:00:00+00:00,2026-01-06 13:00:00+00:00,high_vol_chop
PUMP3L_USDT,conservative,fixed_quote,off,300.0,358.25241148777724,0.19417470495925748,12.34107631600383,,,30.98686720086432,-191.68494341836816,0.0,-160.69807621750385,0.6317726529792691,0.0,0.6317726529792691,1.156923440702826,784.3700116862672,31.374800467450687,8818,193,8819,1,7426.649491933545,74266.49491933544,,0.0,0.0,,,0,0.07945892532279497,30.98686720086432,85.53306815350916,0.07270294171433804,0.00019554840558892457,0,0.0,False,PUMP3L_USDT_high_vol_chop_90d_1968,REAL_GATE_ETF_WINDOW,True,0.0,51803,ok,qtb.costs.fees._SPOT_VIP_TABLE[7],1.0,80,2025-10-08 12:00:00+00:00,2026-01-06 13:00:00+00:00,high_vol_chop
PUMP3L_USDT,conservative,fixed_quote,off,300.0,358.25241148777724,0.19417470495925748,12.34107631600383,,,30.98686720086432,-191.68494341836816,0.0,-160.69807621750385,0.6317726529792691,0.4422408570854872,0.18953179589378188,1.156923440702826,784.3700116862672,31.374800467450687,8818,193,8819,1,7426.649491933545,74266.49491933544,,0.0,0.0,,,0,0.07945892532279497,30.98686720086432,85.53306815350916,0.07270294171433804,0.00019554840558892457,0,0.0,False,PUMP3L_USDT_high_vol_chop_90d_1968,REAL_GATE_ETF_WINDOW,True,0.7,51803,ok,qtb.costs.fees._SPOT_VIP_TABLE[7],1.0,80,2025-10-08 12:00:00+00:00,2026-01-06 13:00:00+00:00,high_vol_chop
PUMP3L_USDT,base,fixed_quote,off,300.0,328.2154984497575,0.09405166149919153,1.7878875257069313,,,39.66427063931446,-1422.485363384726,0.0,-1382.8210927454115,3.253473794330676,0.0,3.253473794330676,3.071349290012832,4061.49643837553,126.92176369923531,1779,693,1779,1,694.7069603006422,6947.069603006422,,0.0,0.0,,,0,0.26121102146811914,39.66427063931446,85.53287260510359,0.07270294171433805,0.0,0,0.0,False,PUMP3L_USDT_v_reversal_90d_7452,REAL_GATE_ETF_WINDOW,True,0.0,17946,ok,qtb.costs.fees._SPOT_VIP_TABLE[7],1.0,80,2026-05-25 02:00:00+00:00,2026-08-23 01:00:00+00:00,v_reversal
PUMP3L_USDT,base,fixed_quote,off,300.0,328.2154984497575,0.09405166149919153,1.7878875257069313,,,39.66427063931446,-1422.485363384726,0.0,-1382.8210927454115,3.253473794330676,2.2774316560314816,0.9760421382991944,3.071349290012832,4061.49643837553,126.92176369923531,1779,693,1779,1,694.7069603006422,6947.069603006422,,0.0,0.0,,,0,0.26121102146811914,39.66427063931446,85.53287260510359,0.07270294171433805,0.0,0,0.0,False,PUMP3L_USDT_v_reversal_90d_7452,REAL_GATE_ETF_WINDOW,True,0.7,17946,ok,qtb.costs.fees._SPOT_VIP_TABLE[7],1.0,80,2026-05-25 02:00:00+00:00,2026-08-23 01:00:00+00:00,v_reversal
PUMP3L_USDT,conservative,fixed_quote,off,300.0,311.9884735792234,0.03996157859741145,0.5635202711039926,,,21.624432743746407,-588.6099953971186,0.0,-566.9855626533722,1.7853705883622328,0.0,1.7853705883622328,2.434518471076963,2226.3674309149665,69.5739822160927,2083,657,2083,1,538.4768665204793,5384.768665204794,,0.0,0.0,,,0,0.2467774538897901,21.624432743746407,85.53345792552106,0.07270294171433805,0.0005853204174720394,0,0.0,False,PUMP3L_USDT_v_reversal_90d_7452,REAL_GATE_ETF_WINDOW,True,0.0,17946,ok,qtb.costs.fees._SPOT_VIP_TABLE[7],1.0,80,2026-05-25 02:00:00+00:00,2026-08-23 01:00:00+00:00,v_reversal
PUMP3L_USDT,conservative,fixed_quote,off,300.0,311.9884735792234,0.03996157859741145,0.5635202711039926,,,21.624432743746407,-588.6099953971186,0.0,-566.9855626533722,1.7853705883622328,1.2497594118535613,0.5356111765086715,2.434518471076963,2226.3674309149665,69.5739822160927,2083,657,2083,1,538.4768665204793,5384.768665204794,,0.0,0.0,,,0,0.2467774538897901,21.624432743746407,85.53345792552106,0.07270294171433805,0.0005853204174720394,0,0.0,False,PUMP3L_USDT_v_reversal_90d_7452,REAL_GATE_ETF_WINDOW,True,0.7,17946,ok,qtb.costs.fees._SPOT_VIP_TABLE[7],1.0,80,2026-05-25 02:00:00+00:00,2026-08-23 01:00:00+00:00,v_reversal
